ISO-10303-21;
HEADER;
FILE_DESCRIPTION (( 'STEP AP214' ),
    '1' );
FILE_NAME ('NLSV8T244DTR2G.STEP',
    '2023-11-01T10:31:29',
    ( '' ),
    ( '' ),
    'SwSTEP 2.0',
    'SolidWorks 2021',
    '' );
FILE_SCHEMA (( 'AUTOMOTIVE_DESIGN' ));
ENDSEC;

DATA;
#1 = ORIENTED_EDGE ( 'NONE', *, *, #3681, .T. ) ;
#2 = PLANE ( 'NONE',  #4406 ) ;
#3 = EDGE_LOOP ( 'NONE', ( #6928, #2303, #1761, #3314, #3702, #6767, #7933, #196, #2594, #6153, #9167, #7608 ) ) ;
#4 = APPLICATION_CONTEXT ( 'automotive_design' ) ;
#5 = AXIS2_PLACEMENT_3D ( 'NONE', #711, #5116, #7987 ) ;
#6 = PLANE ( 'NONE',  #4840 ) ;
#7 = DIRECTION ( 'NONE',  ( -1.000000000000000000, 0.000000000000000000, 0.000000000000000000 ) ) ;
#8 = CIRCLE ( 'NONE', #311, 0.08121469089664243302 ) ;
#9 = AXIS2_PLACEMENT_3D ( 'NONE', #2212, #6588, #3630 ) ;
#10 = LINE ( 'NONE', #2119, #4236 ) ;
#11 = ORIENTED_EDGE ( 'NONE', *, *, #3706, .T. ) ;
#12 = AXIS2_PLACEMENT_3D ( 'NONE', #3832, #840, #84 ) ;
#13 = FILL_AREA_STYLE_COLOUR ( '', #5731 ) ;
#14 = VERTEX_POINT ( 'NONE', #589 ) ;
#15 = DIRECTION ( 'NONE',  ( 0.9975640502598241977, 0.06975647374412534407, -0.000000000000000000 ) ) ;
#16 = ORIENTED_EDGE ( 'NONE', *, *, #7810, .F. ) ;
#17 = AXIS2_PLACEMENT_3D ( 'NONE', #5706, #3581, #5758 ) ;
#18 = CARTESIAN_POINT ( 'NONE',  ( 2.199999999999999734, 0.7474999999999991651, -0.2024999999999999856 ) ) ;
#19 = AXIS2_PLACEMENT_3D ( 'NONE', #6425, #8444, #1997 ) ;
#20 = CARTESIAN_POINT ( 'NONE',  ( -2.715217872447410752, 0.5252332998309695578, 3.047499999999999432 ) ) ;
#21 = PRESENTATION_STYLE_ASSIGNMENT (( #4303 ) ) ;
#22 = CARTESIAN_POINT ( 'NONE',  ( 2.489037635143886984, 0.5212853091033570196, -2.152499999999999858 ) ) ;
#23 = DIRECTION ( 'NONE',  ( 1.000000000000000000, 0.000000000000000000, 0.000000000000000000 ) ) ;
#24 = CIRCLE ( 'NONE', #1226, 0.2262146908966421732 ) ;
#25 = ADVANCED_FACE ( 'NONE', ( #5615 ), #2590, .F. ) ;
#26 = FILL_AREA_STYLE ('',( #7970 ) ) ;
#27 = ORIENTED_EDGE ( 'NONE', *, *, #527, .T. ) ;
#28 = ORIENTED_EDGE ( 'NONE', *, *, #5878, .F. ) ;
#29 = CARTESIAN_POINT ( 'NONE',  ( -2.489037635143886984, 0.6024999999999990363, 0.4475000000000000089 ) ) ;
#30 = ORIENTED_EDGE ( 'NONE', *, *, #6634, .T. ) ;
#31 = ORIENTED_EDGE ( 'NONE', *, *, #5573, .T. ) ;
#32 = DIRECTION ( 'NONE',  ( -0.000000000000000000, -0.000000000000000000, -1.000000000000000000 ) ) ;
#33 = DIRECTION ( 'NONE',  ( 1.000000000000000000, 0.000000000000000000, 0.000000000000000000 ) ) ;
#34 = AXIS2_PLACEMENT_3D ( 'NONE', #58, #8704, #1423 ) ;
#35 = AXIS2_PLACEMENT_3D ( 'NONE', #3872, #2451, #5289 ) ;
#36 = DIRECTION ( 'NONE',  ( 1.000000000000000000, 0.000000000000000000, 0.000000000000000000 ) ) ;
#37 = LINE ( 'NONE', #2054, #1312 ) ;
#38 = EDGE_CURVE ( 'NONE', #7255, #4342, #8273, .T. ) ;
#39 = FACE_OUTER_BOUND ( 'NONE', #4201, .T. ) ;
#40 = VECTOR ( 'NONE', #4251, 1000.000000000000000 ) ;
#41 = CARTESIAN_POINT ( 'NONE',  ( -2.199999999999999734, 0.6024999999999991473, 1.747500000000000275 ) ) ;
#42 = ORIENTED_EDGE ( 'NONE', *, *, #1814, .F. ) ;
#43 = CARTESIAN_POINT ( 'NONE',  ( -2.489037635143886984, 0.5212853091033570196, 2.152499999999999858 ) ) ;
#44 = ORIENTED_EDGE ( 'NONE', *, *, #38, .T. ) ;
#45 = AXIS2_PLACEMENT_3D ( 'NONE', #8757, #1432, #2969 ) ;
#46 = DIRECTION ( 'NONE',  ( -0.000000000000000000, -0.000000000000000000, -1.000000000000000000 ) ) ;
#47 = CARTESIAN_POINT ( 'NONE',  ( 2.570239956649733593, 0.5227027008975635436, 1.747500000000000275 ) ) ;
#48 = EDGE_CURVE ( 'NONE', #3007, #3366, #1651, .T. ) ;
#49 = VERTEX_POINT ( 'NONE', #8430 ) ;
#50 = CARTESIAN_POINT ( 'NONE',  ( -2.795514986850355044, 0.1729311347361582596, -2.802499999999999769 ) ) ;
#51 = VECTOR ( 'NONE', #7468, 1000.000000000000227 ) ;
#52 = VERTEX_POINT ( 'NONE', #9094 ) ;
#53 = LINE ( 'NONE', #2915, #3725 ) ;
#54 = EDGE_CURVE ( 'NONE', #1458, #213, #4953, .T. ) ;
#55 = DIRECTION ( 'NONE',  ( -0.000000000000000000, -0.000000000000000000, -1.000000000000000000 ) ) ;
#56 = EDGE_CURVE ( 'NONE', #2068, #1146, #8478, .T. ) ;
#57 = AXIS2_PLACEMENT_3D ( 'NONE', #7691, #5572, #506 ) ;
#58 = CARTESIAN_POINT ( 'NONE',  ( -2.489037635143886984, 0.5212853091033570196, -1.502499999999999947 ) ) ;
#59 = ORIENTED_EDGE ( 'NONE', *, *, #5573, .F. ) ;
#60 = CARTESIAN_POINT ( 'NONE',  ( -2.489037635143886984, 0.5212853091033570196, 1.747500000000000275 ) ) ;
#61 = ORIENTED_EDGE ( 'NONE', *, *, #9086, .F. ) ;
#62 = ORIENTED_EDGE ( 'NONE', *, *, #8379, .T. ) ;
#63 = CIRCLE ( 'NONE', #4866, 0.08121469089664243302 ) ;
#64 = SURFACE_STYLE_USAGE ( .BOTH. , #5142 ) ;
#65 = EDGE_CURVE ( 'NONE', #6403, #1789, #7635, .T. ) ;
#66 = CARTESIAN_POINT ( 'NONE',  ( 2.719977915797677337, 0.2525305989334057921, 0.4475000000000000089 ) ) ;
#67 = MANIFOLD_SOLID_BREP ( 'LPattern1[7]', #5724 ) ;
#68 = CARTESIAN_POINT ( 'NONE',  ( -2.199999999999999734, 0.6024999999999991473, -2.152499999999999858 ) ) ;
#69 = DIRECTION ( 'NONE',  ( 0.06975647374412519142, 0.9975640502598243087, 0.000000000000000000 ) ) ;
#70 = FACE_OUTER_BOUND ( 'NONE', #3692, .T. ) ;
#71 = VECTOR ( 'NONE', #7631, 1000.000000000000000 ) ;
#72 = FACE_OUTER_BOUND ( 'NONE', #9282, .T. ) ;
#73 = DIRECTION ( 'NONE',  ( -0.01745240643728044813, -0.9998476951563912696, 0.000000000000000000 ) ) ;
#74 = ORIENTED_EDGE ( 'NONE', *, *, #2153, .T. ) ;
#75 = VERTEX_POINT ( 'NONE', #682 ) ;
#76 = LINE ( 'NONE', #8540, #2253 ) ;
#77 = VERTEX_POINT ( 'NONE', #3348 ) ;
#78 = VERTEX_POINT ( 'NONE', #1928 ) ;
#79 = CARTESIAN_POINT ( 'NONE',  ( -2.489037635143886984, 0.6024999999999990363, -0.4475000000000000089 ) ) ;
#80 = DIRECTION ( 'NONE',  ( 1.000000000000000000, 0.000000000000000000, -0.000000000000000000 ) ) ;
#81 = VECTOR ( 'NONE', #3334, 1000.000000000000000 ) ;
#82 = LINE ( 'NONE', #4453, #2595 ) ;
#83 = CARTESIAN_POINT ( 'NONE',  ( -2.489037635143886984, 0.5212853091033570196, -2.152499999999999858 ) ) ;
#84 = DIRECTION ( 'NONE',  ( 1.000000000000000000, -3.751076125244977118E-16, 0.000000000000000000 ) ) ;
#85 = VECTOR ( 'NONE', #8171, 1000.000000000000000 ) ;
#86 = LINE ( 'NONE', #5164, #1642 ) ;
#87 = EDGE_LOOP ( 'NONE', ( #9053, #8685, #2684, #8177 ) ) ;
#88 = DIRECTION ( 'NONE',  ( -0.01745240643728362268, 0.9998476951563911586, 0.000000000000000000 ) ) ;
#89 = VERTEX_POINT ( 'NONE', #4812 ) ;
#90 = EDGE_CURVE ( 'NONE', #8609, #2184, #634, .T. ) ;
#91 = PRESENTATION_LAYER_ASSIGNMENT (  '', '', ( #3229 ) ) ;
#92 = LINE ( 'NONE', #3616, #2018 ) ;
#93 = DIRECTION ( 'NONE',  ( -0.000000000000000000, -0.000000000000000000, -1.000000000000000000 ) ) ;
#94 = VERTEX_POINT ( 'NONE', #2731 ) ;
#95 = PLANE ( 'NONE',  #4410 ) ;
#96 = AXIS2_PLACEMENT_3D ( 'NONE', #4042, #2910, #5877 ) ;
#97 = CARTESIAN_POINT ( 'NONE',  ( -2.489037635143886984, 0.5212853091033570196, -1.747499999999999831 ) ) ;
#98 = EDGE_CURVE ( 'NONE', #94, #829, #7823, .T. ) ;
#99 = CARTESIAN_POINT ( 'NONE',  ( 2.489037635143886984, 0.5212853091033570196, -0.8524999999999999245 ) ) ;
#100 = VECTOR ( 'NONE', #6574, 1000.000000000000000 ) ;
#101 = CARTESIAN_POINT ( 'NONE',  ( -2.199999999999999734, 0.6024999999999991473, 2.397499999999999964 ) ) ;
#102 = CARTESIAN_POINT ( 'NONE',  ( -2.785400298157456600, 0.02828434744848385904, 1.747500000000000275 ) ) ;
#103 = ORIENTED_EDGE ( 'NONE', *, *, #2621, .F. ) ;
#104 = CARTESIAN_POINT ( 'NONE',  ( 2.795514986850355044, 0.1729311347361582596, -0.2024999999999999856 ) ) ;
#105 = ORIENTED_EDGE ( 'NONE', *, *, #2854, .F. ) ;
#106 = ORIENTED_EDGE ( 'NONE', *, *, #1684, .F. ) ;
#107 = VECTOR ( 'NONE', #870, 1000.000000000000114 ) ;
#108 = CARTESIAN_POINT ( 'NONE',  ( -3.200000000000000622, 0.1446467872876746885, -0.8524999999999999245 ) ) ;
#109 = EDGE_CURVE ( 'NONE', #6091, #8840, #9049, .T. ) ;
#110 = DIRECTION ( 'NONE',  ( -1.000000000000000000, 3.751076125244977118E-16, 0.000000000000000000 ) ) ;
#111 = LINE ( 'NONE', #5097, #8467 ) ;
#112 = DIRECTION ( 'NONE',  ( 1.000000000000000000, 0.000000000000000000, -0.000000000000000000 ) ) ;
#113 = DIRECTION ( 'NONE',  ( 0.000000000000000000, 0.000000000000000000, 1.000000000000000000 ) ) ;
#114 = DIRECTION ( 'NONE',  ( -1.000000000000000000, 0.000000000000000000, 0.000000000000000000 ) ) ;
#115 = EDGE_CURVE ( 'NONE', #2976, #5376, #4106, .T. ) ;
#116 = EDGE_CURVE ( 'NONE', #8010, #94, #1291, .T. ) ;
#117 = SURFACE_SIDE_STYLE ('',( #2890 ) ) ;
#118 = ORIENTED_EDGE ( 'NONE', *, *, #8324, .F. ) ;
#119 = ORIENTED_EDGE ( 'NONE', *, *, #2943, .T. ) ;
#120 = CARTESIAN_POINT ( 'NONE',  ( -2.715217872447410752, 0.5252332998309695578, -2.152499999999999858 ) ) ;
#121 = ORIENTED_EDGE ( 'NONE', *, *, #1365, .F. ) ;
#122 = ORIENTED_EDGE ( 'NONE', *, *, #2916, .T. ) ;
#123 = CARTESIAN_POINT ( 'NONE',  ( 2.489037635143886984, 0.5212853091033570196, 3.047499999999999432 ) ) ;
#124 = PLANE ( 'NONE',  #1092 ) ;
#125 = DIRECTION ( 'NONE',  ( -0.9975640502598241977, 0.06975647374412534407, 0.000000000000000000 ) ) ;
#126 = PLANE ( 'NONE',  #8665 ) ;
#127 = DIRECTION ( 'NONE',  ( -0.000000000000000000, 1.000000000000000000, -0.000000000000000000 ) ) ;
#128 = CARTESIAN_POINT ( 'NONE',  ( -2.715217872447410752, 0.5252332998309695578, 1.097499999999999920 ) ) ;
#129 = EDGE_LOOP ( 'NONE', ( #4468, #7766, #6338, #2287 ) ) ;
#130 = CARTESIAN_POINT ( 'NONE',  ( 2.489037635143886984, 0.5212853091033570196, 1.097499999999999920 ) ) ;
#131 = VERTEX_POINT ( 'NONE', #6506 ) ;
#132 = DIRECTION ( 'NONE',  ( 0.06975647374412535795, 0.9975640502598243087, 0.000000000000000000 ) ) ;
#133 = LINE ( 'NONE', #3526, #1736 ) ;
#134 = ORIENTED_EDGE ( 'NONE', *, *, #3307, .F. ) ;
#135 = CARTESIAN_POINT ( 'NONE',  ( -2.489037635143886984, 0.6024999999999990363, 2.397499999999999964 ) ) ;
#136 = EDGE_CURVE ( 'NONE', #7663, #7628, #7871, .T. ) ;
#137 = FACE_OUTER_BOUND ( 'NONE', #8409, .T. ) ;
#138 = CARTESIAN_POINT ( 'NONE',  ( -2.801180237303523946, 0.2539479907276123161, 0.4475000000000000089 ) ) ;
#139 = ORIENTED_EDGE ( 'NONE', *, *, #5099, .T. ) ;
#140 = AXIS2_PLACEMENT_3D ( 'NONE', #8128, #2375, #5309 ) ;
#141 = EDGE_CURVE ( 'NONE', #901, #1349, #1425, .T. ) ;
#142 = DIRECTION ( 'NONE',  ( 0.000000000000000000, 0.000000000000000000, 1.000000000000000000 ) ) ;
#143 = AXIS2_PLACEMENT_3D ( 'NONE', #8147, #3153, #1702 ) ;
#144 = ORIENTED_EDGE ( 'NONE', *, *, #2293, .T. ) ;
#145 = VERTEX_POINT ( 'NONE', #5136 ) ;
#146 = LINE ( 'NONE', #293, #6187 ) ;
#147 = CARTESIAN_POINT ( 'NONE',  ( -3.200000000000000622, 0.1446467872876746885, 0.2024999999999999856 ) ) ;
#148 = AXIS2_PLACEMENT_3D ( 'NONE', #1948, #4028, #460 ) ;
#149 = CARTESIAN_POINT ( 'NONE',  ( 2.785400298157456600, 0.02828434744848385904, -0.4475000000000000089 ) ) ;
#150 = VECTOR ( 'NONE', #8692, 1000.000000000000000 ) ;
#151 = FACE_OUTER_BOUND ( 'NONE', #4479, .T. ) ;
#152 = ADVANCED_FACE ( 'NONE', ( #2301 ), #1473, .T. ) ;
#153 = CARTESIAN_POINT ( 'NONE',  ( -2.489037635143886984, 0.7474999999999992761, -1.747499999999999831 ) ) ;
#154 = DIRECTION ( 'NONE',  ( -0.000000000000000000, -0.000000000000000000, -1.000000000000000000 ) ) ;
#155 = ADVANCED_FACE ( 'NONE', ( #3716 ), #4476, .F. ) ;
#156 = EDGE_CURVE ( 'NONE', #299, #5536, #7976, .T. ) ;
#157 = ORIENTED_EDGE ( 'NONE', *, *, #3562, .F. ) ;
#158 = EDGE_LOOP ( 'NONE', ( #3393, #7972, #6843, #7028 ) ) ;
#159 = AXIS2_PLACEMENT_3D ( 'NONE', #5453, #1127, #8933 ) ;
#160 = LINE ( 'NONE', #5197, #2262 ) ;
#161 = EDGE_LOOP ( 'NONE', ( #5545, #2472, #7067, #8421 ) ) ;
#162 = CLOSED_SHELL ( 'NONE', ( #3501, #2657, #7475, #3028, #7764, #5962, #6828, #4126, #1994, #3888, #3774, #4642, #8975, #1769 ) ) ;
#163 = ORIENTED_EDGE ( 'NONE', *, *, #4308, .F. ) ;
#164 = LINE ( 'NONE', #7180, #2280 ) ;
#165 = VECTOR ( 'NONE', #2975, 1000.000000000000000 ) ;
#166 = CARTESIAN_POINT ( 'NONE',  ( -1.653818155844315463, 1.200000000000000622, -2.903818155844308357 ) ) ;
#167 = EDGE_CURVE ( 'NONE', #6778, #8699, #2827, .T. ) ;
#168 = CARTESIAN_POINT ( 'NONE',  ( 2.801180237303523946, 0.2539479907276123161, 1.502500000000000391 ) ) ;
#169 = AXIS2_PLACEMENT_3D ( 'NONE', #43, #6442, #755 ) ;
#170 = DIRECTION ( 'NONE',  ( 0.06975647374412519142, 0.9975640502598243087, 0.000000000000000000 ) ) ;
#171 = PRESENTATION_STYLE_ASSIGNMENT (( #5865 ) ) ;
#172 = ORIENTED_EDGE ( 'NONE', *, *, #1234, .T. ) ;
#173 = LINE ( 'NONE', #4414, #1795 ) ;
#174 = ORIENTED_EDGE ( 'NONE', *, *, #8000, .F. ) ;
#175 = DIRECTION ( 'NONE',  ( 0.01745240643728044813, -0.9998476951563912696, 0.000000000000000000 ) ) ;
#176 = ORIENTED_EDGE ( 'NONE', *, *, #5563, .F. ) ;
#177 = VECTOR ( 'NONE', #88, 1000.000000000000227 ) ;
#178 = EDGE_CURVE ( 'NONE', #4342, #6731, #1560, .T. ) ;
#179 = SURFACE_STYLE_FILL_AREA ( #4558 ) ;
#180 = EDGE_CURVE ( 'NONE', #3061, #3983, #3006, .T. ) ;
#181 = CIRCLE ( 'NONE', #8439, 0.08121469089664200280 ) ;
#182 = AXIS2_PLACEMENT_3D ( 'NONE', #1466, #6541, #4287 ) ;
#183 = LINE ( 'NONE', #3886, #4750 ) ;
#184 = EDGE_CURVE ( 'NONE', #8461, #1793, #4294, .T. ) ;
#185 = CIRCLE ( 'NONE', #2725, 0.2262146908966421732 ) ;
#186 = ORIENTED_EDGE ( 'NONE', *, *, #109, .T. ) ;
#187 = LINE ( 'NONE', #135, #9058 ) ;
#188 = LINE ( 'NONE', #6415, #3310 ) ;
#190 = CARTESIAN_POINT ( 'NONE',  ( 2.570239956649733593, 0.5227027008975635436, -2.397499999999999964 ) ) ;
#189 = AXIS2_PLACEMENT_3D ( 'NONE', #6819, #6157, #4269 ) ;
#191 = CARTESIAN_POINT ( 'NONE',  ( 2.801180237303523946, 0.2539479907276123161, 0.2024999999999999856 ) ) ;
#192 = CARTESIAN_POINT ( 'NONE',  ( 3.189885311307102622, 1.626303258728256651E-16, -0.2024999999999999856 ) ) ;
#193 = VECTOR ( 'NONE', #5275, 1000.000000000000000 ) ;
#194 = ORIENTED_EDGE ( 'NONE', *, *, #5437, .F. ) ;
#195 =( LENGTH_UNIT ( ) NAMED_UNIT ( * ) SI_UNIT ( .MILLI., .METRE. ) );
#196 = ORIENTED_EDGE ( 'NONE', *, *, #576, .F. ) ;
#197 = DIRECTION ( 'NONE',  ( -0.000000000000000000, -0.000000000000000000, -1.000000000000000000 ) ) ;
#198 = DIRECTION ( 'NONE',  ( 0.000000000000000000, -1.000000000000000000, 0.000000000000000000 ) ) ;
#199 = VECTOR ( 'NONE', #1264, 1000.000000000000227 ) ;
#200 = MANIFOLD_SOLID_BREP ( 'LPattern1[11]', #162 ) ;
#201 = ADVANCED_FACE ( 'NONE', ( #728 ), #2876, .F. ) ;
#202 = CARTESIAN_POINT ( 'NONE',  ( 2.795514986850355044, 0.1729311347361582596, 0.8524999999999999245 ) ) ;
#203 = PLANE ( 'NONE',  #1869 ) ;
#204 = CARTESIAN_POINT ( 'NONE',  ( -2.199999999999999734, 0.7474999999999991651, 0.4475000000000000089 ) ) ;
#205 = EDGE_LOOP ( 'NONE', ( #3300, #2556, #2120, #639 ) ) ;
#206 = CARTESIAN_POINT ( 'NONE',  ( -2.715217872447410752, 0.5252332998309695578, 0.4475000000000000089 ) ) ;
#207 = EDGE_LOOP ( 'NONE', ( #8751, #2202, #6997, #6229, #3772, #3717, #7801, #2521, #1693, #2210, #8163, #7488 ) ) ;
#208 = AXIS2_PLACEMENT_3D ( 'NONE', #9008, #2548, #8300 ) ;
#209 = EDGE_LOOP ( 'NONE', ( #3920, #4965, #8754, #802 ) ) ;
#210 = CARTESIAN_POINT ( 'NONE',  ( 2.489037635143886984, 0.7474999999999992761, 1.097499999999999920 ) ) ;
#211 = ORIENTED_EDGE ( 'NONE', *, *, #7102, .F. ) ;
#212 = UNCERTAINTY_MEASURE_WITH_UNIT (LENGTH_MEASURE( 1.000000000000000082E-05 ), #8008, 'distance_accuracy_value', 'NONE');
#213 = VERTEX_POINT ( 'NONE', #5801 ) ;
#214 = FACE_OUTER_BOUND ( 'NONE', #8569, .T. ) ;
#215 = DIRECTION ( 'NONE',  ( -0.9975640502598241977, 0.06975647374412534407, 0.000000000000000000 ) ) ;
#216 = ADVANCED_FACE ( 'NONE', ( #8621 ), #2168, .T. ) ;
#217 = DIRECTION ( 'NONE',  ( -0.000000000000000000, 0.000000000000000000, 1.000000000000000000 ) ) ;
#218 = EDGE_CURVE ( 'NONE', #75, #6441, #5366, .T. ) ;
#219 = CIRCLE ( 'NONE', #6226, 0.08121469089664243302 ) ;
#220 = CYLINDRICAL_SURFACE ( 'NONE', #3088, 0.2262146908966421732 ) ;
#221 = MANIFOLD_SOLID_BREP ( 'Mirror1', #2392 ) ;
#222 = DIRECTION ( 'NONE',  ( -0.000000000000000000, -0.000000000000000000, -1.000000000000000000 ) ) ;
#223 = ORIENTED_EDGE ( 'NONE', *, *, #1548, .F. ) ;
#224 = LINE ( 'NONE', #3834, #8721 ) ;
#225 = ORIENTED_EDGE ( 'NONE', *, *, #3617, .T. ) ;
#226 = ORIENTED_EDGE ( 'NONE', *, *, #2499, .F. ) ;
#227 = AXIS2_PLACEMENT_3D ( 'NONE', #191, #5362, #8229 ) ;
#228 = LINE ( 'NONE', #3171, #6179 ) ;
#229 = EDGE_LOOP ( 'NONE', ( #8572, #4677, #8943, #7958, #4212, #462, #3582, #7997, #2413, #3260, #3158, #2770 ) ) ;
#230 = ADVANCED_FACE ( 'NONE', ( #3051 ), #7392, .F. ) ;
#231 = PRESENTATION_STYLE_ASSIGNMENT (( #8926 ) ) ;
#232 = AXIS2_PLACEMENT_3D ( 'NONE', #7469, #6580, #6673 ) ;
#233 = DIRECTION ( 'NONE',  ( 0.000000000000000000, -0.000000000000000000, -1.000000000000000000 ) ) ;
#234 = ORIENTED_EDGE ( 'NONE', *, *, #7243, .T. ) ;
#235 = EDGE_CURVE ( 'NONE', #1138, #5603, #3443, .T. ) ;
#236 = CARTESIAN_POINT ( 'NONE',  ( -2.715217872447410752, 0.5252332998309695578, -0.8524999999999999245 ) ) ;
#237 = EDGE_CURVE ( 'NONE', #5120, #2358, #1045, .T. ) ;
#238 = LINE ( 'NONE', #7163, #3010 ) ;
#239 = VECTOR ( 'NONE', #3673, 1000.000000000000000 ) ;
#240 = FILL_AREA_STYLE ('',( #3187 ) ) ;
#241 = PLANE ( 'NONE',  #6989 ) ;
#242 = LINE ( 'NONE', #6024, #9101 ) ;
#243 = AXIS2_PLACEMENT_3D ( 'NONE', #507, #1300, #1392 ) ;
#244 = VECTOR ( 'NONE', #3178, 1000.000000000000227 ) ;
#245 = ORIENTED_EDGE ( 'NONE', *, *, #8731, .T. ) ;
#246 = LINE ( 'NONE', #4711, #2866 ) ;
#247 = VERTEX_POINT ( 'NONE', #8839 ) ;
#248 = DIRECTION ( 'NONE',  ( -0.06975647374412519142, 0.9975640502598243087, 0.000000000000000000 ) ) ;
#249 = CARTESIAN_POINT ( 'NONE',  ( 2.575000000000001066, 0.2499999999999996669, -1.097499999999999920 ) ) ;
#250 = AXIS2_PLACEMENT_3D ( 'NONE', #8125, #8874, #8219 ) ;
#251 = DIRECTION ( 'NONE',  ( 0.9998476951563912696, -0.01745240643728044813, 0.000000000000000000 ) ) ;
#252 = SURFACE_SIDE_STYLE ('',( #8897 ) ) ;
#253 = CYLINDRICAL_SURFACE ( 'NONE', #3782, 0.2262146908966421732 ) ;
#254 = ORIENTED_EDGE ( 'NONE', *, *, #1870, .F. ) ;
#255 = DIRECTION ( 'NONE',  ( -1.000000000000000000, 0.000000000000000000, 0.000000000000000000 ) ) ;
#256 = ORIENTED_EDGE ( 'NONE', *, *, #3586, .T. ) ;
#257 = AXIS2_PLACEMENT_3D ( 'NONE', #2789, #5676, #8536 ) ;
#258 = ORIENTED_EDGE ( 'NONE', *, *, #7694, .T. ) ;
#259 = LINE ( 'NONE', #210, #4369 ) ;
#260 = ADVANCED_FACE ( 'NONE', ( #6636 ), #5936, .F. ) ;
#261 = EDGE_LOOP ( 'NONE', ( #2414, #666, #4166, #7541 ) ) ;
#262 = ORIENTED_EDGE ( 'NONE', *, *, #2014, .F. ) ;
#263 = LINE ( 'NONE', #7495, #335 ) ;
#264 = CARTESIAN_POINT ( 'NONE',  ( -2.715217872447410752, 0.5252332998309695578, 2.802499999999999325 ) ) ;
#265 = FACE_OUTER_BOUND ( 'NONE', #633, .T. ) ;
#266 = CIRCLE ( 'NONE', #5503, 0.2262146908966421732 ) ;
#267 = CARTESIAN_POINT ( 'NONE',  ( -3.200000000000000622, 0.1446467872876746885, 1.747500000000000275 ) ) ;
#268 = ORIENTED_EDGE ( 'NONE', *, *, #7629, .F. ) ;
#269 = LINE ( 'NONE', #7461, #1800 ) ;
#270 = EDGE_CURVE ( 'NONE', #6372, #4012, #8706, .T. ) ;
#271 = ORIENTED_EDGE ( 'NONE', *, *, #574, .T. ) ;
#272 = VERTEX_POINT ( 'NONE', #6684 ) ;
#273 = DIRECTION ( 'NONE',  ( -1.000000000000000000, 0.000000000000000000, 0.000000000000000000 ) ) ;
#274 = ORIENTED_EDGE ( 'NONE', *, *, #7583, .T. ) ;
#275 = CARTESIAN_POINT ( 'NONE',  ( 2.575000000000001066, 0.2499999999999996669, -2.397499999999999964 ) ) ;
#276 = CARTESIAN_POINT ( 'NONE',  ( 2.785400298157456600, 0.02828434744848385904, -2.152499999999999858 ) ) ;
#277 = DIRECTION ( 'NONE',  ( 0.000000000000000000, -0.000000000000000000, -1.000000000000000000 ) ) ;
#278 = CARTESIAN_POINT ( 'NONE',  ( -1.653818155844315463, 1.100000000000000533, -2.903818155844308357 ) ) ;
#279 = ADVANCED_FACE ( 'NONE', ( #3140 ), #3961, .T. ) ;
#280 = ORIENTED_EDGE ( 'NONE', *, *, #8550, .F. ) ;
#281 = ADVANCED_FACE ( 'NONE', ( #8136 ), #4523, .F. ) ;
#282 = DIRECTION ( 'NONE',  ( -0.000000000000000000, -0.000000000000000000, -1.000000000000000000 ) ) ;
#283 = ADVANCED_FACE ( 'NONE', ( #6730 ), #8941, .T. ) ;
#284 = FACE_OUTER_BOUND ( 'NONE', #5091, .T. ) ;
#285 = DIRECTION ( 'NONE',  ( 0.000000000000000000, 0.000000000000000000, 1.000000000000000000 ) ) ;
#286 = ADVANCED_FACE ( 'NONE', ( #8232 ), #1779, .F. ) ;
#287 = EDGE_CURVE ( 'NONE', #1084, #52, #246, .T. ) ;
#288 = DIRECTION ( 'NONE',  ( -0.9975640502598241977, 0.06975647374412526081, 0.000000000000000000 ) ) ;
#289 = LINE ( 'NONE', #339, #2480 ) ;
#290 = ORIENTED_EDGE ( 'NONE', *, *, #7006, .F. ) ;
#291 = DIRECTION ( 'NONE',  ( 3.751076125244977118E-16, 1.000000000000000000, 0.000000000000000000 ) ) ;
#292 = VERTEX_POINT ( 'NONE', #9170 ) ;
#293 = CARTESIAN_POINT ( 'NONE',  ( -2.200000000000000622, 0.1500000000000007161, -3.153818155844307025 ) ) ;
#294 = EDGE_CURVE ( 'NONE', #1662, #5464, #8404, .T. ) ;
#295 = CARTESIAN_POINT ( 'NONE',  ( -3.189885311307102622, 1.626303258728256651E-16, 1.747500000000000275 ) ) ;
#296 = CARTESIAN_POINT ( 'NONE',  ( -2.489037635143886984, 0.5212853091033570196, 0.4475000000000000089 ) ) ;
#297 = AXIS2_PLACEMENT_3D ( 'NONE', #5654, #2769, #6217 ) ;
#298 = CARTESIAN_POINT ( 'NONE',  ( -2.575000000000001066, 0.2499999999999996669, 1.097499999999999920 ) ) ;
#299 = VERTEX_POINT ( 'NONE', #4046 ) ;
#300 = EDGE_CURVE ( 'NONE', #3880, #6370, #7057, .T. ) ;
#301 = DIRECTION ( 'NONE',  ( 0.000000000000000000, 0.000000000000000000, 1.000000000000000000 ) ) ;
#302 = ORIENTED_EDGE ( 'NONE', *, *, #8690, .F. ) ;
#303 = ORIENTED_EDGE ( 'NONE', *, *, #6382, .T. ) ;
#304 = CARTESIAN_POINT ( 'NONE',  ( 2.199999999999999734, 0.6024999999999991473, -2.397499999999999964 ) ) ;
#305 = VERTEX_POINT ( 'NONE', #436 ) ;
#306 = ORIENTED_EDGE ( 'NONE', *, *, #1548, .T. ) ;
#307 = DIRECTION ( 'NONE',  ( 0.000000000000000000, -0.000000000000000000, -1.000000000000000000 ) ) ;
#308 = LINE ( 'NONE', #9005, #1981 ) ;
#309 = CARTESIAN_POINT ( 'NONE',  ( 2.570239956649733593, 0.5227027008975635436, 1.502500000000000391 ) ) ;
#310 = FACE_OUTER_BOUND ( 'NONE', #1362, .T. ) ;
#311 = AXIS2_PLACEMENT_3D ( 'NONE', #6852, #978, #3120 ) ;
#312 = CARTESIAN_POINT ( 'NONE',  ( -2.199999999999999734, 0.6024999999999991473, -0.4475000000000000089 ) ) ;
#313 = CIRCLE ( 'NONE', #9009, 0.08121469089664243302 ) ;
#314 = ORIENTED_EDGE ( 'NONE', *, *, #1429, .F. ) ;
#315 = DIRECTION ( 'NONE',  ( 0.000000000000000000, -0.000000000000000000, -1.000000000000000000 ) ) ;
#316 = ORIENTED_EDGE ( 'NONE', *, *, #3438, .F. ) ;
#317 = ORIENTED_EDGE ( 'NONE', *, *, #1993, .T. ) ;
#318 = DIRECTION ( 'NONE',  ( 2.668805347656631609E-16, -0.000000000000000000, 1.000000000000000000 ) ) ;
#319 = ORIENTED_EDGE ( 'NONE', *, *, #4936, .T. ) ;
#320 = CIRCLE ( 'NONE', #4228, 0.2262146908966421732 ) ;
#321 = DIRECTION ( 'NONE',  ( -1.000000000000000000, 0.000000000000000000, 0.000000000000000000 ) ) ;
#322 = ADVANCED_FACE ( 'NONE', ( #7627 ), #4852, .F. ) ;
#323 = CARTESIAN_POINT ( 'NONE',  ( -2.199999999999999734, 0.6024999999999991473, 1.747500000000000275 ) ) ;
#324 = DIRECTION ( 'NONE',  ( -0.06975647374412519142, -0.9975640502598243087, 0.000000000000000000 ) ) ;
#325 = CARTESIAN_POINT ( 'NONE',  ( 2.199999999999999734, 0.7474999999999991651, 1.097499999999999920 ) ) ;
#326 = EDGE_LOOP ( 'NONE', ( #863, #4368, #118, #7108, #7344, #8009, #8989, #1768, #6882, #4327, #1444, #1385 ) ) ;
#327 = CIRCLE ( 'NONE', #3472, 0.2262146908966421732 ) ;
#328 = DIRECTION ( 'NONE',  ( -0.000000000000000000, -0.000000000000000000, -1.000000000000000000 ) ) ;
#329 = ORIENTED_EDGE ( 'NONE', *, *, #1756, .F. ) ;
#330 = DIRECTION ( 'NONE',  ( 0.9975640502598241977, -0.06975647374412527468, 0.000000000000000000 ) ) ;
#331 = VERTEX_POINT ( 'NONE', #6166 ) ;
#332 = CARTESIAN_POINT ( 'NONE',  ( 2.715217872447410752, 0.5252332998309695578, 1.502500000000000391 ) ) ;
#333 = ADVANCED_FACE ( 'NONE', ( #4144 ), #6873, .F. ) ;
#334 = VECTOR ( 'NONE', #2727, 1000.000000000000227 ) ;
#335 = VECTOR ( 'NONE', #8770, 1000.000000000000227 ) ;
#336 = EDGE_CURVE ( 'NONE', #4909, #3061, #6456, .T. ) ;
#337 = DIRECTION ( 'NONE',  ( -0.9975640502598241977, -0.06975647374412534407, 0.000000000000000000 ) ) ;
#338 = EDGE_CURVE ( 'NONE', #6520, #3019, #9039, .T. ) ;
#339 = CARTESIAN_POINT ( 'NONE',  ( 2.570239956649733593, 0.5227027008975635436, -0.8524999999999999245 ) ) ;
#340 = CYLINDRICAL_SURFACE ( 'NONE', #4463, 0.08121469089664243302 ) ;
#341 = VERTEX_POINT ( 'NONE', #8419 ) ;
#342 =( NAMED_UNIT ( * ) PLANE_ANGLE_UNIT ( ) SI_UNIT ( $, .RADIAN. ) );
#343 = VERTEX_POINT ( 'NONE', #6306 ) ;
#344 = EDGE_CURVE ( 'NONE', #2292, #8292, #9154, .T. ) ;
#345 = CARTESIAN_POINT ( 'NONE',  ( -3.200000000000000622, 0.1446467872876746885, -2.802499999999999769 ) ) ;
#346 = CARTESIAN_POINT ( 'NONE',  ( 2.199999999999999734, 0.7474999999999991651, -2.802499999999999769 ) ) ;
#347 = VECTOR ( 'NONE', #779, 1000.000000000000000 ) ;
#348 = PLANE ( 'NONE',  #7748 ) ;
#349 = LINE ( 'NONE', #398, #5590 ) ;
#350 = ORIENTED_EDGE ( 'NONE', *, *, #6899, .T. ) ;
#351 = APPLICATION_PROTOCOL_DEFINITION ( 'draft international standard', 'automotive_design', 1998, #4 ) ;
#352 = ORIENTED_EDGE ( 'NONE', *, *, #109, .F. ) ;
#353 = ORIENTED_EDGE ( 'NONE', *, *, #5370, .F. ) ;
#354 = EDGE_CURVE ( 'NONE', #7285, #1616, #3426, .T. ) ;
#355 = DIRECTION ( 'NONE',  ( 0.000000000000000000, -0.000000000000000000, -1.000000000000000000 ) ) ;
#356 = ADVANCED_FACE ( 'NONE', ( #5463 ), #1136, .F. ) ;
#357 = ORIENTED_EDGE ( 'NONE', *, *, #3421, .F. ) ;
#358 = EDGE_LOOP ( 'NONE', ( #5209, #534, #4862, #9204 ) ) ;
#359 = CIRCLE ( 'NONE', #7867, 0.08121469089664243302 ) ;
#360 = CARTESIAN_POINT ( 'NONE',  ( 3.200000000000000622, 0.1446467872876746885, 1.097499999999999920 ) ) ;
#361 = CARTESIAN_POINT ( 'NONE',  ( -2.199999999999999734, 0.7474999999999991651, -1.097499999999999920 ) ) ;
#362 = CARTESIAN_POINT ( 'NONE',  ( 2.715217872447410752, 0.5252332998309695578, -1.097499999999999920 ) ) ;
#363 = VECTOR ( 'NONE', #6595, 1000.000000000000000 ) ;
#364 = FACE_OUTER_BOUND ( 'NONE', #129, .T. ) ;
#365 =( NAMED_UNIT ( * ) SI_UNIT ( $, .STERADIAN. ) SOLID_ANGLE_UNIT ( ) );
#366 = EDGE_LOOP ( 'NONE', ( #9201, #7161, #775, #1644 ) ) ;
#367 = CARTESIAN_POINT ( 'NONE',  ( 2.489037635143886984, 0.5212853091033570196, -2.802499999999999769 ) ) ;
#368 = ORIENTED_EDGE ( 'NONE', *, *, #6543, .T. ) ;
#369 = ORIENTED_EDGE ( 'NONE', *, *, #4432, .T. ) ;
#370 = DIRECTION ( 'NONE',  ( 0.000000000000000000, 0.000000000000000000, 1.000000000000000000 ) ) ;
#371 = VECTOR ( 'NONE', #7726, 1000.000000000000000 ) ;
#372 = CARTESIAN_POINT ( 'NONE',  ( -2.719977915797677337, 0.2525305989334057921, 3.047499999999999432 ) ) ;
#373 = FACE_OUTER_BOUND ( 'NONE', #7049, .T. ) ;
#374 = CARTESIAN_POINT ( 'NONE',  ( 2.715217872447410752, 0.5252332998309695578, -1.502499999999999947 ) ) ;
#375 = DIRECTION ( 'NONE',  ( 0.06975647374412519142, -0.9975640502598243087, 0.000000000000000000 ) ) ;
#376 = COLOUR_RGB ( '',0.8000000000000000444, 0.8196078431372548767, 0.9333333333333333481 ) ;
#377 = ORIENTED_EDGE ( 'NONE', *, *, #5008, .T. ) ;
#378 = DIRECTION ( 'NONE',  ( -0.000000000000000000, -0.000000000000000000, -1.000000000000000000 ) ) ;
#379 = ORIENTED_EDGE ( 'NONE', *, *, #7279, .F. ) ;
#380 = LINE ( 'NONE', #6114, #3621 ) ;
#381 = ORIENTED_EDGE ( 'NONE', *, *, #1331, .T. ) ;
#382 = ADVANCED_FACE ( 'NONE', ( #1327 ), #1876, .F. ) ;
#383 = DIRECTION ( 'NONE',  ( 0.000000000000000000, -0.000000000000000000, -1.000000000000000000 ) ) ;
#384 = AXIS2_PLACEMENT_3D ( 'NONE', #8834, #6020, #3046 ) ;
#385 = VECTOR ( 'NONE', #5232, 1000.000000000000000 ) ;
#386 = CARTESIAN_POINT ( 'NONE',  ( 2.795514986850355044, 0.1729311347361582596, 2.397499999999999964 ) ) ;
#387 = CARTESIAN_POINT ( 'NONE',  ( 2.103818155844313420, 1.200000000000000622, -3.153818155844307469 ) ) ;
#388 = CARTESIAN_POINT ( 'NONE',  ( -1.653818155844315463, 1.200000000000000622, -2.503818155844308002 ) ) ;
#389 = ORIENTED_EDGE ( 'NONE', *, *, #3055, .F. ) ;
#390 = DIRECTION ( 'NONE',  ( 0.06975647374412527468, -0.9975640502598243087, 0.000000000000000000 ) ) ;
#391 = STYLED_ITEM ( 'NONE', ( #2381 ), #6428 ) ;
#392 = ORIENTED_EDGE ( 'NONE', *, *, #3830, .T. ) ;
#393 = EDGE_CURVE ( 'NONE', #3495, #7670, #4071, .T. ) ;
#394 = CARTESIAN_POINT ( 'NONE',  ( -2.570239956649733593, 0.5227027008975635436, 1.747500000000000275 ) ) ;
#395 = DIRECTION ( 'NONE',  ( 3.751076125244977118E-16, 1.000000000000000000, 0.000000000000000000 ) ) ;
#396 = AXIS2_PLACEMENT_3D ( 'NONE', #8744, #1502, #5696 ) ;
#397 = CARTESIAN_POINT ( 'NONE',  ( 2.199999999999999734, 0.7474999999999991651, 0.4475000000000000089 ) ) ;
#398 = CARTESIAN_POINT ( 'NONE',  ( -2.489037635143886984, 0.7474999999999992761, 2.397499999999999964 ) ) ;
#399 = ORIENTED_EDGE ( 'NONE', *, *, #4113, .T. ) ;
#400 = PLANE ( 'NONE',  #143 ) ;
#401 = EDGE_LOOP ( 'NONE', ( #832, #4603, #4702, #6993 ) ) ;
#402 = EDGE_LOOP ( 'NONE', ( #357, #6587, #5093, #742, #2483, #8198, #4782, #2046, #2449, #4401, #7205, #5429 ) ) ;
#403 = DIRECTION ( 'NONE',  ( -0.000000000000000000, -0.000000000000000000, -1.000000000000000000 ) ) ;
#404 = EDGE_CURVE ( 'NONE', #2721, #3297, #535, .T. ) ;
#405 = VERTEX_POINT ( 'NONE', #4186 ) ;
#406 = ORIENTED_EDGE ( 'NONE', *, *, #5762, .T. ) ;
#407 = VECTOR ( 'NONE', #8113, 1000.000000000000000 ) ;
#408 = PLANE ( 'NONE',  #2418 ) ;
#409 = DIRECTION ( 'NONE',  ( 0.06975647374412519142, -0.9975640502598243087, 0.000000000000000000 ) ) ;
#410 = CARTESIAN_POINT ( 'NONE',  ( 2.785400298157456600, 0.02828434744848385904, -0.8524999999999999245 ) ) ;
#411 = EDGE_CURVE ( 'NONE', #7041, #513, #1972, .T. ) ;
#412 = EDGE_CURVE ( 'NONE', #4267, #4625, #2627, .T. ) ;
#413 = VECTOR ( 'NONE', #1178, 1000.000000000000000 ) ;
#414 = FACE_OUTER_BOUND ( 'NONE', #87, .T. ) ;
#415 = CARTESIAN_POINT ( 'NONE',  ( -2.719977915797677337, 0.2525305989334057921, -1.502499999999999947 ) ) ;
#416 = ADVANCED_FACE ( 'NONE', ( #1229 ), #4097, .T. ) ;
#417 = ORIENTED_EDGE ( 'NONE', *, *, #7514, .T. ) ;
#418 = DIRECTION ( 'NONE',  ( -0.9975640502598241977, 0.06975647374412526081, 0.000000000000000000 ) ) ;
#419 = VERTEX_POINT ( 'NONE', #1281 ) ;
#420 = VERTEX_POINT ( 'NONE', #7107 ) ;
#421 = CARTESIAN_POINT ( 'NONE',  ( 2.575000000000001066, 0.2499999999999996669, -2.152499999999999858 ) ) ;
#422 = VECTOR ( 'NONE', #1437, 1000.000000000000000 ) ;
#423 = CARTESIAN_POINT ( 'NONE',  ( -2.489037635143886984, 0.7474999999999992761, -2.397499999999999964 ) ) ;
#424 = DIRECTION ( 'NONE',  ( -0.000000000000000000, -1.000000000000000000, -0.000000000000000000 ) ) ;
#425 = DIRECTION ( 'NONE',  ( -1.000000000000000000, 0.000000000000000000, 0.000000000000000000 ) ) ;
#426 = DIRECTION ( 'NONE',  ( 0.000000000000000000, 1.000000000000000000, 0.000000000000000000 ) ) ;
#427 = DIRECTION ( 'NONE',  ( 1.000000000000000000, 0.000000000000000000, 0.000000000000000000 ) ) ;
#428 = ORIENTED_EDGE ( 'NONE', *, *, #5697, .T. ) ;
#429 = CARTESIAN_POINT ( 'NONE',  ( 2.489037635143886984, 0.5212853091033570196, -1.747499999999999831 ) ) ;
#430 = VERTEX_POINT ( 'NONE', #2817 ) ;
#431 = CARTESIAN_POINT ( 'NONE',  ( -2.785400298157456600, 0.02828434744848385904, 1.097499999999999920 ) ) ;
#432 = LINE ( 'NONE', #6869, #4905 ) ;
#433 = ADVANCED_FACE ( 'NONE', ( #673 ), #9275, .F. ) ;
#434 = CARTESIAN_POINT ( 'NONE',  ( 2.801180237303523946, 0.2539479907276123161, -1.502499999999999947 ) ) ;
#435 = ORIENTED_EDGE ( 'NONE', *, *, #3752, .T. ) ;
#436 = CARTESIAN_POINT ( 'NONE',  ( -2.715217872447410752, 0.5252332998309695578, 0.4475000000000000089 ) ) ;
#437 = ORIENTED_EDGE ( 'NONE', *, *, #4778, .T. ) ;
#438 = CARTESIAN_POINT ( 'NONE',  ( 2.715217872447410752, 0.5252332998309695578, -2.802499999999999769 ) ) ;
#439 = CARTESIAN_POINT ( 'NONE',  ( 2.199999999999999734, 0.7474999999999991651, -0.8524999999999999245 ) ) ;
#440 = CARTESIAN_POINT ( 'NONE',  ( 2.199999999999999734, 0.6024999999999991473, -3.047499999999999876 ) ) ;
#441 = ADVANCED_FACE ( 'NONE', ( #4944 ), #7812, .T. ) ;
#442 = CARTESIAN_POINT ( 'NONE',  ( 2.801180237303523946, 0.2539479907276123161, -2.152499999999999858 ) ) ;
#443 = ORIENTED_EDGE ( 'NONE', *, *, #2448, .F. ) ;
#444 = FACE_OUTER_BOUND ( 'NONE', #3904, .T. ) ;
#445 = ORIENTED_EDGE ( 'NONE', *, *, #6029, .T. ) ;
#446 = ORIENTED_EDGE ( 'NONE', *, *, #6634, .F. ) ;
#447 = LINE ( 'NONE', #4058, #7828 ) ;
#448 = ORIENTED_EDGE ( 'NONE', *, *, #412, .T. ) ;
#449 = ORIENTED_EDGE ( 'NONE', *, *, #7808, .T. ) ;
#450 = LINE ( 'NONE', #5621, #3785 ) ;
#451 = DIRECTION ( 'NONE',  ( 1.000000000000000000, 0.000000000000000000, 0.000000000000000000 ) ) ;
#452 = AXIS2_PLACEMENT_3D ( 'NONE', #6027, #3906, #1692 ) ;
#453 = EDGE_CURVE ( 'NONE', #1750, #5120, #943, .T. ) ;
#454 = DIRECTION ( 'NONE',  ( -0.000000000000000000, 0.000000000000000000, 1.000000000000000000 ) ) ;
#455 = EDGE_CURVE ( 'NONE', #5603, #7947, #6016, .T. ) ;
#456 = CARTESIAN_POINT ( 'NONE',  ( 3.189885311307102622, 1.626303258728256651E-16, -3.047499999999999876 ) ) ;
#457 = DIRECTION ( 'NONE',  ( -0.000000000000000000, -0.000000000000000000, -1.000000000000000000 ) ) ;
#458 = EDGE_LOOP ( 'NONE', ( #3154, #9311, #4477, #613 ) ) ;
#459 = VECTOR ( 'NONE', #7755, 1000.000000000000227 ) ;
#460 = DIRECTION ( 'NONE',  ( 1.000000000000000000, 0.000000000000000000, 0.000000000000000000 ) ) ;
#461 = ORIENTED_EDGE ( 'NONE', *, *, #2509, .F. ) ;
#462 = ORIENTED_EDGE ( 'NONE', *, *, #6951, .T. ) ;
#463 = DIRECTION ( 'NONE',  ( 0.000000000000000000, 0.000000000000000000, 1.000000000000000000 ) ) ;
#464 = EDGE_CURVE ( 'NONE', #3298, #8243, #7804, .T. ) ;
#465 = LINE ( 'NONE', #4693, #51 ) ;
#466 = AXIS2_PLACEMENT_3D ( 'NONE', #875, #4584, #6697 ) ;
#467 = DIRECTION ( 'NONE',  ( -0.9975640502598241977, -0.06975647374412527468, 0.000000000000000000 ) ) ;
#468 = VECTOR ( 'NONE', #2009, 1000.000000000000000 ) ;
#469 = CARTESIAN_POINT ( 'NONE',  ( 2.715217872447410752, 0.5252332998309695578, 3.047499999999999432 ) ) ;
#470 = LINE ( 'NONE', #3324, #2547 ) ;
#471 = CARTESIAN_POINT ( 'NONE',  ( -1.653818155844315463, 1.200000000000000622, -2.703818155844308180 ) ) ;
#472 = ORIENTED_EDGE ( 'NONE', *, *, #4998, .F. ) ;
#473 = DIRECTION ( 'NONE',  ( -0.000000000000000000, -0.000000000000000000, -1.000000000000000000 ) ) ;
#474 = EDGE_CURVE ( 'NONE', #5391, #7465, #5356, .T. ) ;
#475 = ORIENTED_EDGE ( 'NONE', *, *, #9061, .F. ) ;
#476 = VECTOR ( 'NONE', #4016, 1000.000000000000000 ) ;
#477 = AXIS2_PLACEMENT_3D ( 'NONE', #6404, #5699, #8560 ) ;
#478 = DIRECTION ( 'NONE',  ( 0.9998476951563912696, 0.01745240643728362614, 0.000000000000000000 ) ) ;
#479 = AXIS2_PLACEMENT_3D ( 'NONE', #4921, #7084, #1394 ) ;
#480 = EDGE_CURVE ( 'NONE', #1105, #513, #6316, .T. ) ;
#481 = LINE ( 'NONE', #1224, #81 ) ;
#482 = LINE ( 'NONE', #4140, #2945 ) ;
#483 = CIRCLE ( 'NONE', #4382, 0.2000000000000000944 ) ;
#484 = CARTESIAN_POINT ( 'NONE',  ( 2.489037635143886984, 0.5212853091033570196, 1.747500000000000275 ) ) ;
#485 = ORIENTED_EDGE ( 'NONE', *, *, #7810, .T. ) ;
#486 = DIRECTION ( 'NONE',  ( 1.000000000000000000, 0.000000000000000000, 0.000000000000000000 ) ) ;
#487 = ORIENTED_EDGE ( 'NONE', *, *, #4017, .F. ) ;
#488 = DIRECTION ( 'NONE',  ( 0.000000000000000000, -0.000000000000000000, -1.000000000000000000 ) ) ;
#489 = VECTOR ( 'NONE', #982, 1000.000000000000000 ) ;
#490 = LINE ( 'NONE', #9087, #5321 ) ;
#491 = DIRECTION ( 'NONE',  ( 0.000000000000000000, 0.000000000000000000, 1.000000000000000000 ) ) ;
#492 = CARTESIAN_POINT ( 'NONE',  ( -2.489037635143886984, 0.6024999999999990363, 0.2024999999999999856 ) ) ;
#493 = AXIS2_PLACEMENT_3D ( 'NONE', #2982, #8772, #3600 ) ;
#494 = VECTOR ( 'NONE', #7484, 1000.000000000000000 ) ;
#495 = ORIENTED_EDGE ( 'NONE', *, *, #3255, .F. ) ;
#496 = COLOUR_RGB ( '',0.8000000000000000444, 0.8196078431372548767, 0.9333333333333333481 ) ;
#497 =( LENGTH_UNIT ( ) NAMED_UNIT ( * ) SI_UNIT ( .MILLI., .METRE. ) );
#498 = ORIENTED_EDGE ( 'NONE', *, *, #5928, .T. ) ;
#499 = DIRECTION ( 'NONE',  ( 1.928199552231046834E-16, 0.2079116908177597867, 0.9781476007338055778 ) ) ;
#500 = ORIENTED_EDGE ( 'NONE', *, *, #4714, .F. ) ;
#501 = ORIENTED_EDGE ( 'NONE', *, *, #574, .F. ) ;
#502 = DIRECTION ( 'NONE',  ( 1.000000000000000000, 0.000000000000000000, 0.000000000000000000 ) ) ;
#503 = ADVANCED_FACE ( 'NONE', ( #7474 ), #1035, .F. ) ;
#504 = DIRECTION ( 'NONE',  ( -1.000000000000000000, 0.000000000000000000, 0.000000000000000000 ) ) ;
#505 = MECHANICAL_DESIGN_GEOMETRIC_PRESENTATION_REPRESENTATION (  '', ( #1678 ), #946 ) ;
#506 = DIRECTION ( 'NONE',  ( -1.000000000000000000, 0.000000000000000000, 0.000000000000000000 ) ) ;
#507 = CARTESIAN_POINT ( 'NONE',  ( -2.570239956649733593, 0.5227027008975635436, 1.747500000000000275 ) ) ;
#508 = DIRECTION ( 'NONE',  ( 0.000000000000000000, 0.000000000000000000, 1.000000000000000000 ) ) ;
#509 = FACE_OUTER_BOUND ( 'NONE', #8997, .T. ) ;
#510 = AXIS2_PLACEMENT_3D ( 'NONE', #7690, #1248, #2686 ) ;
#511 = EDGE_LOOP ( 'NONE', ( #3646, #7086, #8357, #7570 ) ) ;
#512 = PLANE ( 'NONE',  #770 ) ;
#513 = VERTEX_POINT ( 'NONE', #1081 ) ;
#514 = ORIENTED_EDGE ( 'NONE', *, *, #7045, .F. ) ;
#515 = DIRECTION ( 'NONE',  ( -1.000000000000000000, 0.000000000000000000, 0.000000000000000000 ) ) ;
#516 = ADVANCED_FACE ( 'NONE', ( #4649 ), #3847, .F. ) ;
#517 = ADVANCED_FACE ( 'NONE', ( #5400 ), #4561, .F. ) ;
#518 = DIRECTION ( 'NONE',  ( -0.000000000000000000, -0.000000000000000000, -1.000000000000000000 ) ) ;
#519 = VECTOR ( 'NONE', #3939, 1000.000000000000000 ) ;
#520 = DIRECTION ( 'NONE',  ( 0.01745240643728362268, 0.9998476951563911586, -0.000000000000000000 ) ) ;
#521 = DIRECTION ( 'NONE',  ( -0.06975647374412519142, -0.9975640502598243087, 0.000000000000000000 ) ) ;
#522 = CARTESIAN_POINT ( 'NONE',  ( -2.785400298157456600, 0.02828434744848380353, 0.4475000000000000089 ) ) ;
#523 = ORIENTED_EDGE ( 'NONE', *, *, #8940, .T. ) ;
#524 = VECTOR ( 'NONE', #2970, 1000.000000000000000 ) ;
#525 = CYLINDRICAL_SURFACE ( 'NONE', #5740, 0.08121469089664243302 ) ;
#526 = ORIENTED_EDGE ( 'NONE', *, *, #7986, .T. ) ;
#527 = EDGE_CURVE ( 'NONE', #5333, #3948, #3801, .T. ) ;
#528 = DIRECTION ( 'NONE',  ( 0.9975640502598241977, -0.06975647374412527468, 0.000000000000000000 ) ) ;
#529 = VECTOR ( 'NONE', #1184, 1000.000000000000000 ) ;
#530 = EDGE_CURVE ( 'NONE', #5582, #2184, #7059, .T. ) ;
#531 = DIRECTION ( 'NONE',  ( -0.000000000000000000, -0.000000000000000000, -1.000000000000000000 ) ) ;
#532 = EDGE_CURVE ( 'NONE', #542, #2541, #6152, .T. ) ;
#533 = DIRECTION ( 'NONE',  ( -0.000000000000000000, -0.000000000000000000, -1.000000000000000000 ) ) ;
#534 = ORIENTED_EDGE ( 'NONE', *, *, #2340, .F. ) ;
#535 = LINE ( 'NONE', #3339, #2687 ) ;
#536 = ORIENTED_EDGE ( 'NONE', *, *, #1263, .T. ) ;
#537 = VECTOR ( 'NONE', #4179, 1000.000000000000114 ) ;
#538 = FACE_OUTER_BOUND ( 'NONE', #1326, .T. ) ;
#539 = DIRECTION ( 'NONE',  ( 0.9975640502598241977, 0.06975647374412534407, -0.000000000000000000 ) ) ;
#540 = CARTESIAN_POINT ( 'NONE',  ( 2.199999999999999734, 0.7474999999999991651, -2.802499999999999769 ) ) ;
#541 = AXIS2_PLACEMENT_3D ( 'NONE', #5714, #1121, #5015 ) ;
#542 = VERTEX_POINT ( 'NONE', #4510 ) ;
#543 = DIRECTION ( 'NONE',  ( -0.000000000000000000, 0.000000000000000000, 1.000000000000000000 ) ) ;
#544 = ORIENTED_EDGE ( 'NONE', *, *, #6280, .T. ) ;
#545 = DIRECTION ( 'NONE',  ( -0.01745240643728362268, 0.9998476951563911586, 0.000000000000000000 ) ) ;
#546 = ORIENTED_EDGE ( 'NONE', *, *, #7798, .T. ) ;
#547 = VERTEX_POINT ( 'NONE', #7384 ) ;
#548 = LINE ( 'NONE', #9004, #3944 ) ;
#549 = CARTESIAN_POINT ( 'NONE',  ( -2.489037635143886984, 0.5212853091033570196, -0.4475000000000000089 ) ) ;
#550 = AXIS2_PLACEMENT_3D ( 'NONE', #8277, #8134, #5981 ) ;
#551 = FACE_OUTER_BOUND ( 'NONE', #6696, .T. ) ;
#552 = CARTESIAN_POINT ( 'NONE',  ( -3.189885311307102622, 1.626303258728256651E-16, 1.097499999999999920 ) ) ;
#553 = CARTESIAN_POINT ( 'NONE',  ( -2.795514986850355044, 0.1729311347361582596, 2.397499999999999964 ) ) ;
#554 = EDGE_CURVE ( 'NONE', #1163, #5464, #8931, .T. ) ;
#555 = CARTESIAN_POINT ( 'NONE',  ( -2.489037635143886984, 0.7474999999999992761, -0.8524999999999999245 ) ) ;
#556 = ORIENTED_EDGE ( 'NONE', *, *, #1691, .T. ) ;
#557 = CIRCLE ( 'NONE', #846, 0.08121469089664243302 ) ;
#558 = ORIENTED_EDGE ( 'NONE', *, *, #5591, .F. ) ;
#559 = DIRECTION ( 'NONE',  ( -0.9975640502598243087, 0.06975647374412519142, 0.000000000000000000 ) ) ;
#560 = EDGE_LOOP ( 'NONE', ( #11, #1, #5083, #2032 ) ) ;
#561 = ORIENTED_EDGE ( 'NONE', *, *, #1166, .T. ) ;
#562 = DIRECTION ( 'NONE',  ( -0.000000000000000000, -0.000000000000000000, -1.000000000000000000 ) ) ;
#563 = FACE_BOUND ( 'NONE', #7826, .T. ) ;
#564 = VECTOR ( 'NONE', #6956, 1000.000000000000000 ) ;
#565 = FACE_OUTER_BOUND ( 'NONE', #2034, .T. ) ;
#566 = ADVANCED_FACE ( 'NONE', ( #3087 ), #5974, .F. ) ;
#567 = LINE ( 'NONE', #5641, #1215 ) ;
#568 = DIRECTION ( 'NONE',  ( 0.01745240643728044813, 0.9998476951563912696, 0.000000000000000000 ) ) ;
#569 = ORIENTED_EDGE ( 'NONE', *, *, #3204, .F. ) ;
#570 = VECTOR ( 'NONE', #1090, 1000.000000000000000 ) ;
#571 = CARTESIAN_POINT ( 'NONE',  ( 2.199999999999999734, 0.6024999999999991473, -0.2024999999999999856 ) ) ;
#572 = VERTEX_POINT ( 'NONE', #1729 ) ;
#573 = LINE ( 'NONE', #7666, #1124 ) ;
#574 = EDGE_CURVE ( 'NONE', #1786, #3597, #5257, .T. ) ;
#575 = DIRECTION ( 'NONE',  ( 1.000000000000000000, 0.000000000000000000, 0.000000000000000000 ) ) ;
#576 = EDGE_CURVE ( 'NONE', #3510, #6086, #3131, .T. ) ;
#577 = CARTESIAN_POINT ( 'NONE',  ( -2.489037635143886984, 0.5212853091033570196, -2.152499999999999858 ) ) ;
#578 = VERTEX_POINT ( 'NONE', #8222 ) ;
#579 = DIRECTION ( 'NONE',  ( 1.000000000000000000, 0.000000000000000000, 0.000000000000000000 ) ) ;
#580 = ORIENTED_EDGE ( 'NONE', *, *, #6761, .F. ) ;
#581 = DIRECTION ( 'NONE',  ( 1.000000000000000000, 0.000000000000000000, 0.000000000000000000 ) ) ;
#582 = ADVANCED_FACE ( 'NONE', ( #1770 ), #3947, .F. ) ;
#583 = EDGE_CURVE ( 'NONE', #7952, #8922, #2517, .T. ) ;
#584 = LINE ( 'NONE', #2072, #6675 ) ;
#585 = EDGE_CURVE ( 'NONE', #7202, #3112, #1171, .T. ) ;
#586 = FACE_OUTER_BOUND ( 'NONE', #6412, .T. ) ;
#587 = LINE ( 'NONE', #6927, #9046 ) ;
#588 = ORIENTED_EDGE ( 'NONE', *, *, #627, .T. ) ;
#589 = CARTESIAN_POINT ( 'NONE',  ( -3.200000000000000622, 0.1446467872876746885, 2.397499999999999964 ) ) ;
#590 = VERTEX_POINT ( 'NONE', #6397 ) ;
#591 = FACE_OUTER_BOUND ( 'NONE', #8435, .T. ) ;
#592 = ORIENTED_EDGE ( 'NONE', *, *, #9128, .F. ) ;
#593 = ORIENTED_EDGE ( 'NONE', *, *, #6211, .F. ) ;
#594 = ADVANCED_FACE ( 'NONE', ( #1359 ), #4224, .T. ) ;
#595 = DIRECTION ( 'NONE',  ( 1.000000000000000000, 0.000000000000000000, -0.000000000000000000 ) ) ;
#596 = LINE ( 'NONE', #6330, #1851 ) ;
#597 = EDGE_CURVE ( 'NONE', #8493, #6685, #8507, .T. ) ;
#598 = DIRECTION ( 'NONE',  ( 1.000000000000000000, 0.000000000000000000, 0.000000000000000000 ) ) ;
#599 = CARTESIAN_POINT ( 'NONE',  ( 2.199999999999999734, 0.7474999999999991651, 0.4475000000000000089 ) ) ;
#600 = CARTESIAN_POINT ( 'NONE',  ( -3.189885311307102622, 1.626303258728256651E-16, -2.802499999999999769 ) ) ;
#601 = ORIENTED_EDGE ( 'NONE', *, *, #6883, .T. ) ;
#602 = ORIENTED_EDGE ( 'NONE', *, *, #2162, .T. ) ;
#603 = LINE ( 'NONE', #8447, #3304 ) ;
#604 = ORIENTED_EDGE ( 'NONE', *, *, #8953, .T. ) ;
#605 = ORIENTED_EDGE ( 'NONE', *, *, #6584, .T. ) ;
#606 = DIRECTION ( 'NONE',  ( -0.9975640502598241977, -0.06975647374412534407, 0.000000000000000000 ) ) ;
#607 = DIRECTION ( 'NONE',  ( -0.06975647374412535795, 0.9975640502598243087, 0.000000000000000000 ) ) ;
#608 = CARTESIAN_POINT ( 'NONE',  ( 2.719977915797677337, 0.2525305989334057921, -2.802499999999999769 ) ) ;
#609 = CARTESIAN_POINT ( 'NONE',  ( -2.570239956649733593, 0.5227027008975635436, -0.2024999999999999856 ) ) ;
#610 = LINE ( 'NONE', #9070, #6910 ) ;
#611 = ORIENTED_EDGE ( 'NONE', *, *, #6605, .F. ) ;
#612 = CARTESIAN_POINT ( 'NONE',  ( -2.801180237303523946, 0.2539479907276123161, -0.2024999999999999856 ) ) ;
#613 = ORIENTED_EDGE ( 'NONE', *, *, #7737, .T. ) ;
#614 = VECTOR ( 'NONE', #2195, 1000.000000000000000 ) ;
#615 = ADVANCED_FACE ( 'NONE', ( #3373 ), #1911, .F. ) ;
#616 = VECTOR ( 'NONE', #7004, 1000.000000000000227 ) ;
#617 = CARTESIAN_POINT ( 'NONE',  ( -2.795514986850355044, 0.1729311347361582596, -0.4475000000000000089 ) ) ;
#618 = CARTESIAN_POINT ( 'NONE',  ( 2.570239956649733593, 0.5227027008975635436, -2.802499999999999769 ) ) ;
#619 = DIRECTION ( 'NONE',  ( -1.000000000000000000, 0.000000000000000000, 0.000000000000000000 ) ) ;
#620 = EDGE_LOOP ( 'NONE', ( #461, #1572, #2768, #526 ) ) ;
#621 = AXIS2_PLACEMENT_3D ( 'NONE', #367, #7373, #8969 ) ;
#622 = AXIS2_PLACEMENT_3D ( 'NONE', #1887, #9235, #5520 ) ;
#623 = CARTESIAN_POINT ( 'NONE',  ( -2.199999999999999734, 0.6024999999999991473, 3.047499999999999432 ) ) ;
#624 = MECHANICAL_DESIGN_GEOMETRIC_PRESENTATION_REPRESENTATION (  '', ( #5124 ), #2243 ) ;
#625 = VERTEX_POINT ( 'NONE', #2010 ) ;
#626 = DIRECTION ( 'NONE',  ( -0.000000000000000000, 0.000000000000000000, -1.000000000000000000 ) ) ;
#627 = EDGE_CURVE ( 'NONE', #5536, #430, #610, .T. ) ;
#628 = EDGE_CURVE ( 'NONE', #4571, #4670, #4036, .T. ) ;
#629 = AXIS2_PLACEMENT_3D ( 'NONE', #3974, #9184, #6323 ) ;
#630 = DIRECTION ( 'NONE',  ( -0.9975640502598241977, 0.06975647374412534407, 0.000000000000000000 ) ) ;
#631 = DIRECTION ( 'NONE',  ( 0.000000000000000000, 0.000000000000000000, 1.000000000000000000 ) ) ;
#632 = DIRECTION ( 'NONE',  ( -1.000000000000000000, 0.000000000000000000, 0.000000000000000000 ) ) ;
#633 = EDGE_LOOP ( 'NONE', ( #4446, #4942, #2809, #664 ) ) ;
#634 = LINE ( 'NONE', #1242, #6768 ) ;
#635 = ORIENTED_EDGE ( 'NONE', *, *, #4810, .T. ) ;
#636 = VECTOR ( 'NONE', #8121, 1000.000000000000000 ) ;
#637 = CARTESIAN_POINT ( 'NONE',  ( 2.489037635143886984, 0.7474999999999992761, -2.397499999999999964 ) ) ;
#638 = VERTEX_POINT ( 'NONE', #7615 ) ;
#639 = ORIENTED_EDGE ( 'NONE', *, *, #3770, .T. ) ;
#640 = CARTESIAN_POINT ( 'NONE',  ( -2.795514986850355044, 0.1729311347361582596, 1.097499999999999920 ) ) ;
#641 = CARTESIAN_POINT ( 'NONE',  ( 2.199999999999999734, 0.7474999999999991651, 2.152499999999999858 ) ) ;
#642 = DIRECTION ( 'NONE',  ( -0.000000000000000000, -0.000000000000000000, -1.000000000000000000 ) ) ;
#643 = AXIS2_PLACEMENT_3D ( 'NONE', #7773, #4195, #632 ) ;
#644 = AXIS2_PLACEMENT_3D ( 'NONE', #1974, #1139, #581 ) ;
#645 = CARTESIAN_POINT ( 'NONE',  ( 3.189885311307102622, 1.626303258728256651E-16, 2.802499999999999325 ) ) ;
#646 = VECTOR ( 'NONE', #6898, 1000.000000000000000 ) ;
#647 = DIRECTION ( 'NONE',  ( 0.000000000000000000, 0.000000000000000000, 1.000000000000000000 ) ) ;
#648 = DIRECTION ( 'NONE',  ( 0.000000000000000000, -0.9781476007338055778, -0.2079116908177597867 ) ) ;
#649 = EDGE_CURVE ( 'NONE', #3352, #4185, #2759, .T. ) ;
#650 = EDGE_CURVE ( 'NONE', #4612, #2967, #7005, .T. ) ;
#651 = CYLINDRICAL_SURFACE ( 'NONE', #5268, 0.2262146908966421732 ) ;
#652 = ORIENTED_EDGE ( 'NONE', *, *, #6718, .F. ) ;
#653 = VERTEX_POINT ( 'NONE', #4933 ) ;
#654 = CARTESIAN_POINT ( 'NONE',  ( -2.785400298157456600, 0.02828434744848385904, -0.4475000000000000089 ) ) ;
#655 = ORIENTED_EDGE ( 'NONE', *, *, #5525, .T. ) ;
#656 = VERTEX_POINT ( 'NONE', #4085 ) ;
#657 =( GEOMETRIC_REPRESENTATION_CONTEXT ( 3 ) GLOBAL_UNCERTAINTY_ASSIGNED_CONTEXT ( ( #9227 ) ) GLOBAL_UNIT_ASSIGNED_CONTEXT ( ( #4973, #3559, #7521 ) ) REPRESENTATION_CONTEXT ( 'NONE', 'WORKASPACE' ) );
#658 = LINE ( 'NONE', #3455, #8745 ) ;
#659 = DIRECTION ( 'NONE',  ( 1.000000000000000000, 0.000000000000000000, 0.000000000000000000 ) ) ;
#660 = VECTOR ( 'NONE', #5084, 1000.000000000000227 ) ;
#661 = DIRECTION ( 'NONE',  ( 0.000000000000000000, 0.000000000000000000, 1.000000000000000000 ) ) ;
#662 = LINE ( 'NONE', #9306, #468 ) ;
#663 = DIRECTION ( 'NONE',  ( 0.9998476951563912696, -0.01745240643728044813, 0.000000000000000000 ) ) ;
#664 = ORIENTED_EDGE ( 'NONE', *, *, #1834, .T. ) ;
#665 = CARTESIAN_POINT ( 'NONE',  ( 2.489037635143886984, 0.5212853091033570196, -1.747499999999999831 ) ) ;
#666 = ORIENTED_EDGE ( 'NONE', *, *, #4760, .F. ) ;
#667 = CIRCLE ( 'NONE', #1999, 0.2262146908966421732 ) ;
#668 = DIRECTION ( 'NONE',  ( -0.9975640502598241977, 0.06975647374412534407, 0.000000000000000000 ) ) ;
#669 = CARTESIAN_POINT ( 'NONE',  ( -2.570239956649733593, 0.5227027008975635436, -0.8524999999999999245 ) ) ;
#670 = CIRCLE ( 'NONE', #8912, 0.08121469089664200280 ) ;
#671 = ORIENTED_EDGE ( 'NONE', *, *, #7139, .T. ) ;
#672 = EDGE_CURVE ( 'NONE', #8574, #638, #9156, .T. ) ;
#673 = FACE_OUTER_BOUND ( 'NONE', #7900, .T. ) ;
#674 = ORIENTED_EDGE ( 'NONE', *, *, #628, .F. ) ;
#675 = FACE_OUTER_BOUND ( 'NONE', #4178, .T. ) ;
#676 = AXIS2_PLACEMENT_3D ( 'NONE', #2207, #8003, #5264 ) ;
#677 = CARTESIAN_POINT ( 'NONE',  ( 2.795514986850355044, 0.1729311347361582596, 1.097499999999999920 ) ) ;
#678 = CARTESIAN_POINT ( 'NONE',  ( -2.200000000000000622, 0.6024999999999991473, -3.249999999999992006 ) ) ;
#679 = LINE ( 'NONE', #6720, #3479 ) ;
#680 = ORIENTED_EDGE ( 'NONE', *, *, #7223, .T. ) ;
#681 = ADVANCED_FACE ( 'NONE', ( #4888 ), #4175, .T. ) ;
#682 = CARTESIAN_POINT ( 'NONE',  ( 2.199999999999999734, 0.7474999999999991651, -0.8524999999999999245 ) ) ;
#683 = VECTOR ( 'NONE', #7858, 1000.000000000000000 ) ;
#684 = ORIENTED_EDGE ( 'NONE', *, *, #8784, .F. ) ;
#685 = CARTESIAN_POINT ( 'NONE',  ( -2.715217872447410752, 0.5252332998309695578, 2.397499999999999964 ) ) ;
#686 = EDGE_LOOP ( 'NONE', ( #3496, #7698, #8681, #5747 ) ) ;
#687 = DIRECTION ( 'NONE',  ( -0.06975647374412519142, 0.9975640502598243087, 0.000000000000000000 ) ) ;
#688 = CARTESIAN_POINT ( 'NONE',  ( 2.570239956649733593, 0.5227027008975635436, 3.047499999999999432 ) ) ;
#689 = CARTESIAN_POINT ( 'NONE',  ( -2.489037635143886984, 0.5212853091033570196, 0.4475000000000000089 ) ) ;
#690 = AXIS2_PLACEMENT_3D ( 'NONE', #5305, #132, #1724 ) ;
#691 = DIRECTION ( 'NONE',  ( -0.9998476951563912696, 0.01745240643728362614, 0.000000000000000000 ) ) ;
#692 = DIRECTION ( 'NONE',  ( -1.000000000000000000, 0.000000000000000000, 0.000000000000000000 ) ) ;
#693 = DIRECTION ( 'NONE',  ( -0.000000000000000000, -0.000000000000000000, -1.000000000000000000 ) ) ;
#694 = ADVANCED_FACE ( 'NONE', ( #3464 ), #7800, .F. ) ;
#695 = LINE ( 'NONE', #3406, #6625 ) ;
#696 = ORIENTED_EDGE ( 'NONE', *, *, #4751, .T. ) ;
#697 = ORIENTED_EDGE ( 'NONE', *, *, #5393, .F. ) ;
#698 = CARTESIAN_POINT ( 'NONE',  ( 2.715217872447410752, 0.5252332998309695578, 2.397499999999999964 ) ) ;
#699 = ORIENTED_EDGE ( 'NONE', *, *, #3610, .T. ) ;
#700 = ORIENTED_EDGE ( 'NONE', *, *, #3205, .T. ) ;
#701 = DIRECTION ( 'NONE',  ( -1.000000000000000000, 0.000000000000000000, 0.000000000000000000 ) ) ;
#702 = SURFACE_STYLE_USAGE ( .BOTH. , #5685 ) ;
#703 = EDGE_CURVE ( 'NONE', #1878, #4133, #6297, .T. ) ;
#704 = ADVANCED_FACE ( 'NONE', ( #3327 ), #6348, .T. ) ;
#705 = DIRECTION ( 'NONE',  ( -3.751076125244977118E-16, 1.000000000000000000, 0.000000000000000000 ) ) ;
#706 = EDGE_CURVE ( 'NONE', #1084, #542, #8458, .T. ) ;
#707 = VECTOR ( 'NONE', #3642, 1000.000000000000000 ) ;
#708 = VECTOR ( 'NONE', #3085, 1000.000000000000000 ) ;
#709 = CARTESIAN_POINT ( 'NONE',  ( -2.575000000000001066, 0.2499999999999996669, -0.8524999999999999245 ) ) ;
#710 = LINE ( 'NONE', #9263, #7371 ) ;
#711 = CARTESIAN_POINT ( 'NONE',  ( -2.801180237303523946, 0.2539479907276123161, 3.047499999999999432 ) ) ;
#712 = ORIENTED_EDGE ( 'NONE', *, *, #5280, .T. ) ;
#713 = DIRECTION ( 'NONE',  ( -0.06975647374412519142, -0.9975640502598243087, 0.000000000000000000 ) ) ;
#714 = VERTEX_POINT ( 'NONE', #9215 ) ;
#715 = CARTESIAN_POINT ( 'NONE',  ( -2.199999999999999734, 0.6024999999999991473, -2.802499999999999769 ) ) ;
#716 = CARTESIAN_POINT ( 'NONE',  ( 2.570239956649733593, 0.5227027008975635436, 2.152499999999999858 ) ) ;
#717 = VECTOR ( 'NONE', #3643, 1000.000000000000000 ) ;
#718 = ORIENTED_EDGE ( 'NONE', *, *, #814, .F. ) ;
#719 = CARTESIAN_POINT ( 'NONE',  ( -3.200000000000000622, 0.1446467872876746885, 2.152499999999999858 ) ) ;
#720 = ORIENTED_EDGE ( 'NONE', *, *, #9199, .T. ) ;
#721 = SURFACE_SIDE_STYLE ('',( #5701 ) ) ;
#722 = VECTOR ( 'NONE', #6331, 1000.000000000000000 ) ;
#723 = EDGE_CURVE ( 'NONE', #3386, #8305, #3293, .T. ) ;
#724 = DIRECTION ( 'NONE',  ( -0.06975647374412519142, -0.9975640502598243087, 0.000000000000000000 ) ) ;
#725 = LINE ( 'NONE', #3578, #1877 ) ;
#726 = DIRECTION ( 'NONE',  ( 0.000000000000000000, -0.000000000000000000, -1.000000000000000000 ) ) ;
#727 = ORIENTED_EDGE ( 'NONE', *, *, #5565, .T. ) ;
#728 = FACE_OUTER_BOUND ( 'NONE', #1116, .T. ) ;
#729 = ORIENTED_EDGE ( 'NONE', *, *, #5349, .T. ) ;
#730 = CARTESIAN_POINT ( 'NONE',  ( 2.795514986850355044, 0.1729311347361582596, 1.502500000000000391 ) ) ;
#731 = ORIENTED_EDGE ( 'NONE', *, *, #6433, .F. ) ;
#732 = SURFACE_STYLE_FILL_AREA ( #7304 ) ;
#733 = DIRECTION ( 'NONE',  ( 0.000000000000000000, 0.000000000000000000, 1.000000000000000000 ) ) ;
#734 = EDGE_CURVE ( 'NONE', #3366, #3715, #2808, .T. ) ;
#735 = LINE ( 'NONE', #68, #3048 ) ;
#736 =( LENGTH_UNIT ( ) NAMED_UNIT ( * ) SI_UNIT ( .MILLI., .METRE. ) );
#737 = CARTESIAN_POINT ( 'NONE',  ( -2.795514986850355044, 0.1729311347361582596, -2.397499999999999964 ) ) ;
#738 = PRESENTATION_LAYER_ASSIGNMENT (  '', '', ( #4786 ) ) ;
#739 = DIRECTION ( 'NONE',  ( 0.000000000000000000, 0.000000000000000000, 1.000000000000000000 ) ) ;
#740 = PLANE ( 'NONE',  #2530 ) ;
#741 = ORIENTED_EDGE ( 'NONE', *, *, #2545, .F. ) ;
#742 = ORIENTED_EDGE ( 'NONE', *, *, #6714, .F. ) ;
#743 = LINE ( 'NONE', #2938, #3754 ) ;
#744 = ORIENTED_EDGE ( 'NONE', *, *, #2559, .F. ) ;
#745 = ORIENTED_EDGE ( 'NONE', *, *, #9210, .F. ) ;
#746 = DIRECTION ( 'NONE',  ( 0.9975640502598241977, -0.06975647374412527468, 0.000000000000000000 ) ) ;
#747 = CARTESIAN_POINT ( 'NONE',  ( 2.199999999999999734, 0.7474999999999991651, -1.502499999999999947 ) ) ;
#748 = ADVANCED_FACE ( 'NONE', ( #753 ), #2948, .F. ) ;
#749 = CARTESIAN_POINT ( 'NONE',  ( 2.489037635143886984, 0.6024999999999990363, -3.047499999999999876 ) ) ;
#750 = LINE ( 'NONE', #6437, #4455 ) ;
#751 = LINE ( 'NONE', #3604, #8263 ) ;
#752 = EDGE_CURVE ( 'NONE', #343, #1690, #2286, .T. ) ;
#753 = FACE_OUTER_BOUND ( 'NONE', #3236, .T. ) ;
#754 = ORIENTED_EDGE ( 'NONE', *, *, #7170, .T. ) ;
#755 = DIRECTION ( 'NONE',  ( 1.000000000000000000, 0.000000000000000000, 0.000000000000000000 ) ) ;
#756 = EDGE_LOOP ( 'NONE', ( #6385, #932, #7452, #8735 ) ) ;
#757 = VECTOR ( 'NONE', #5319, 1000.000000000000000 ) ;
#758 = CARTESIAN_POINT ( 'NONE',  ( -2.719977915797677337, 0.2525305989334057921, -3.047499999999999876 ) ) ;
#759 = CARTESIAN_POINT ( 'NONE',  ( 2.801180237303523946, 0.2539479907276123161, 1.502500000000000391 ) ) ;
#760 = EDGE_LOOP ( 'NONE', ( #1456, #6589, #3032, #9254 ) ) ;
#761 = EDGE_CURVE ( 'NONE', #7039, #1673, #7852, .T. ) ;
#762 = DIRECTION ( 'NONE',  ( 0.06975647374412535795, 0.9975640502598243087, 0.000000000000000000 ) ) ;
#763 = ORIENTED_EDGE ( 'NONE', *, *, #336, .F. ) ;
#764 = VECTOR ( 'NONE', #5076, 1000.000000000000000 ) ;
#765 = FACE_OUTER_BOUND ( 'NONE', #8496, .T. ) ;
#766 = CIRCLE ( 'NONE', #3456, 0.2262146908966421732 ) ;
#767 = ADVANCED_FACE ( 'NONE', ( #5868 ), #3742, .F. ) ;
#768 = DIRECTION ( 'NONE',  ( 0.000000000000000000, 0.000000000000000000, 1.000000000000000000 ) ) ;
#769 = CARTESIAN_POINT ( 'NONE',  ( 2.719977915797677337, 0.2525305989334057921, -1.502499999999999947 ) ) ;
#770 = AXIS2_PLACEMENT_3D ( 'NONE', #3363, #559, #6995 ) ;
#771 = DIRECTION ( 'NONE',  ( -1.000000000000000000, 0.000000000000000000, 0.000000000000000000 ) ) ;
#772 = ORIENTED_EDGE ( 'NONE', *, *, #8565, .F. ) ;
#773 = AXIS2_PLACEMENT_3D ( 'NONE', #3687, #914, #3729 ) ;
#774 =( NAMED_UNIT ( * ) PLANE_ANGLE_UNIT ( ) SI_UNIT ( $, .RADIAN. ) );
#775 = ORIENTED_EDGE ( 'NONE', *, *, #4454, .T. ) ;
#776 = ORIENTED_EDGE ( 'NONE', *, *, #8771, .T. ) ;
#777 = LINE ( 'NONE', #4957, #6950 ) ;
#778 = VECTOR ( 'NONE', #9029, 1000.000000000000000 ) ;
#779 = DIRECTION ( 'NONE',  ( 1.000000000000000000, 3.751076125244977118E-16, -0.000000000000000000 ) ) ;
#780 = CARTESIAN_POINT ( 'NONE',  ( -2.570239956649733593, 0.5227027008975635436, 2.397499999999999964 ) ) ;
#781 = DIRECTION ( 'NONE',  ( -0.000000000000000000, -0.000000000000000000, -1.000000000000000000 ) ) ;
#782 = LINE ( 'NONE', #6513, #707 ) ;
#783 = PLANE ( 'NONE',  #3709 ) ;
#784 = AXIS2_PLACEMENT_3D ( 'NONE', #5965, #3225, #2558 ) ;
#785 = LINE ( 'NONE', #7214, #7522 ) ;
#786 = ORIENTED_EDGE ( 'NONE', *, *, #5437, .T. ) ;
#787 = VERTEX_POINT ( 'NONE', #885 ) ;
#788 = FACE_OUTER_BOUND ( 'NONE', #7058, .T. ) ;
#789 = EDGE_CURVE ( 'NONE', #5704, #4168, #86, .T. ) ;
#790 = ORIENTED_EDGE ( 'NONE', *, *, #6612, .T. ) ;
#791 = ORIENTED_EDGE ( 'NONE', *, *, #6592, .T. ) ;
#792 = DIRECTION ( 'NONE',  ( 0.000000000000000000, 0.000000000000000000, 1.000000000000000000 ) ) ;
#793 = CARTESIAN_POINT ( 'NONE',  ( 2.199999999999999734, 0.7474999999999991651, -0.8524999999999999245 ) ) ;
#794 = AXIS2_PLACEMENT_3D ( 'NONE', #7914, #8875, #5307 ) ;
#795 = AXIS2_PLACEMENT_3D ( 'NONE', #3735, #9301, #2844 ) ;
#796 = CARTESIAN_POINT ( 'NONE',  ( 2.199999999999999734, 0.7474999999999991651, 1.747500000000000275 ) ) ;
#797 = PLANE ( 'NONE',  #2337 ) ;
#798 =( LENGTH_UNIT ( ) NAMED_UNIT ( * ) SI_UNIT ( .MILLI., .METRE. ) );
#799 = VECTOR ( 'NONE', #6496, 1000.000000000000000 ) ;
#800 = DIRECTION ( 'NONE',  ( -0.000000000000000000, -0.000000000000000000, -1.000000000000000000 ) ) ;
#801 = EDGE_CURVE ( 'NONE', #8292, #4460, #8600, .T. ) ;
#802 = ORIENTED_EDGE ( 'NONE', *, *, #7467, .T. ) ;
#803 = DIRECTION ( 'NONE',  ( 0.000000000000000000, 1.000000000000000000, 0.000000000000000000 ) ) ;
#804 = VERTEX_POINT ( 'NONE', #8032 ) ;
#805 = AXIS2_PLACEMENT_3D ( 'NONE', #1060, #3926, #6795 ) ;
#806 = CARTESIAN_POINT ( 'NONE',  ( -2.489037635143886984, 0.5212853091033570196, -1.747499999999999831 ) ) ;
#807 = CARTESIAN_POINT ( 'NONE',  ( -2.719977915797677337, 0.2525305989334057921, 3.047499999999999432 ) ) ;
#808 = ORIENTED_EDGE ( 'NONE', *, *, #8756, .T. ) ;
#809 = LINE ( 'NONE', #1550, #6654 ) ;
#810 = EDGE_CURVE ( 'NONE', #6102, #1146, #8650, .T. ) ;
#811 = AXIS2_PLACEMENT_3D ( 'NONE', #2944, #6657, #6572 ) ;
#812 = CARTESIAN_POINT ( 'NONE',  ( -2.715217872447410752, 0.5252332998309695578, 0.2024999999999999856 ) ) ;
#813 = ADVANCED_FACE ( 'NONE', ( #1538 ), #5689, .F. ) ;
#814 = EDGE_CURVE ( 'NONE', #4437, #4571, #5863, .T. ) ;
#815 = DIRECTION ( 'NONE',  ( -0.000000000000000000, 0.000000000000000000, 1.000000000000000000 ) ) ;
#816 = DIRECTION ( 'NONE',  ( -0.000000000000000000, -0.000000000000000000, -1.000000000000000000 ) ) ;
#817 = VERTEX_POINT ( 'NONE', #7281 ) ;
#818 = CARTESIAN_POINT ( 'NONE',  ( 2.795514986850355044, 0.1729311347361582596, 3.047499999999999432 ) ) ;
#819 = EDGE_LOOP ( 'NONE', ( #7400, #6886, #8620, #6851 ) ) ;
#820 = EDGE_LOOP ( 'NONE', ( #4860, #5094, #6224, #8991 ) ) ;
#821 = AXIS2_PLACEMENT_3D ( 'NONE', #6876, #2586, #3482 ) ;
#822 = CARTESIAN_POINT ( 'NONE',  ( 2.795514986850355044, 0.1729311347361582596, -0.2024999999999999856 ) ) ;
#823 = PLANE ( 'NONE',  #4254 ) ;
#824 = LINE ( 'NONE', #8675, #2756 ) ;
#825 = CARTESIAN_POINT ( 'NONE',  ( -3.200000000000000622, 0.1446467872876746885, 0.4475000000000000089 ) ) ;
#826 = CIRCLE ( 'NONE', #227, 0.2262146908966421732 ) ;
#827 = LINE ( 'NONE', #4708, #7165 ) ;
#828 =( NAMED_UNIT ( * ) SI_UNIT ( $, .STERADIAN. ) SOLID_ANGLE_UNIT ( ) );
#829 = VERTEX_POINT ( 'NONE', #1585 ) ;
#830 = VERTEX_POINT ( 'NONE', #2148 ) ;
#831 = DIRECTION ( 'NONE',  ( -0.000000000000000000, -0.000000000000000000, -1.000000000000000000 ) ) ;
#832 = ORIENTED_EDGE ( 'NONE', *, *, #6714, .T. ) ;
#833 = VERTEX_POINT ( 'NONE', #1495 ) ;
#834 = CARTESIAN_POINT ( 'NONE',  ( 2.489037635143886984, 0.5212853091033570196, -0.4475000000000000089 ) ) ;
#835 = DIRECTION ( 'NONE',  ( 0.000000000000000000, -1.000000000000000000, -0.000000000000000000 ) ) ;
#836 = AXIS2_PLACEMENT_3D ( 'NONE', #6464, #5897, #112 ) ;
#837 = CARTESIAN_POINT ( 'NONE',  ( -2.199999999999999734, 0.7474999999999991651, -0.8524999999999999245 ) ) ;
#838 = EDGE_CURVE ( 'NONE', #2694, #1458, #6529, .T. ) ;
#839 = LINE ( 'NONE', #3698, #100 ) ;
#840 = DIRECTION ( 'NONE',  ( 3.751076125244977118E-16, 1.000000000000000000, 0.000000000000000000 ) ) ;
#841 = CIRCLE ( 'NONE', #2028, 0.2262146908966421732 ) ;
#842 = DIRECTION ( 'NONE',  ( 3.751076125244977118E-16, 1.000000000000000000, 0.000000000000000000 ) ) ;
#843 = ORIENTED_EDGE ( 'NONE', *, *, #1202, .F. ) ;
#844 = DIRECTION ( 'NONE',  ( 1.000000000000000000, 0.000000000000000000, 0.000000000000000000 ) ) ;
#845 = ORIENTED_EDGE ( 'NONE', *, *, #9086, .T. ) ;
#846 = AXIS2_PLACEMENT_3D ( 'NONE', #7194, #4421, #7288 ) ;
#847 = EDGE_CURVE ( 'NONE', #4458, #4278, #2236, .T. ) ;
#848 = FACE_OUTER_BOUND ( 'NONE', #3, .T. ) ;
#849 = DIRECTION ( 'NONE',  ( -0.01745240643728362268, -0.9998476951563911586, 0.000000000000000000 ) ) ;
#850 = EDGE_LOOP ( 'NONE', ( #3529, #6518, #406, #1730 ) ) ;
#851 = LINE ( 'NONE', #2294, #7861 ) ;
#852 = VECTOR ( 'NONE', #9079, 1000.000000000000114 ) ;
#853 = EDGE_CURVE ( 'NONE', #899, #6443, #173, .T. ) ;
#854 = EDGE_CURVE ( 'NONE', #3050, #3740, #3701, .T. ) ;
#855 = EDGE_CURVE ( 'NONE', #8023, #5692, #6576, .T. ) ;
#856 = CARTESIAN_POINT ( 'NONE',  ( 3.200000000000000622, 0.1446467872876746885, -1.502499999999999947 ) ) ;
#857 = CIRCLE ( 'NONE', #7458, 0.2262146908966421732 ) ;
#858 = FACE_OUTER_BOUND ( 'NONE', #6711, .T. ) ;
#859 = ORIENTED_EDGE ( 'NONE', *, *, #5099, .F. ) ;
#860 =( NAMED_UNIT ( * ) SI_UNIT ( $, .STERADIAN. ) SOLID_ANGLE_UNIT ( ) );
#861 = ORIENTED_EDGE ( 'NONE', *, *, #1551, .T. ) ;
#862 = EDGE_CURVE ( 'NONE', #2653, #5566, #4274, .T. ) ;
#863 = ORIENTED_EDGE ( 'NONE', *, *, #98, .F. ) ;
#864 = CIRCLE ( 'NONE', #5514, 0.08121469089664200280 ) ;
#865 = CARTESIAN_POINT ( 'NONE',  ( -2.715217872447410752, 0.5252332998309695578, -1.502499999999999947 ) ) ;
#866 = DIRECTION ( 'NONE',  ( -0.000000000000000000, -0.000000000000000000, -1.000000000000000000 ) ) ;
#867 = CARTESIAN_POINT ( 'NONE',  ( 2.570239956649733593, 0.5227027008975635436, 1.097499999999999920 ) ) ;
#868 = CARTESIAN_POINT ( 'NONE',  ( -2.199999999999999734, 0.6024999999999991473, 1.502500000000000391 ) ) ;
#869 = CARTESIAN_POINT ( 'NONE',  ( 2.719977915797677337, 0.2525305989334057921, 2.802499999999999325 ) ) ;
#870 = DIRECTION ( 'NONE',  ( 0.9975640502598241977, 0.06975647374412534407, -0.000000000000000000 ) ) ;
#871 = DIRECTION ( 'NONE',  ( -0.9975640502598241977, 0.06975647374412526081, 0.000000000000000000 ) ) ;
#872 = EDGE_LOOP ( 'NONE', ( #4086, #3022, #1804, #6803, #4418, #4533, #8587, #2710, #1808, #4539, #8918, #7792 ) ) ;
#873 = ORIENTED_EDGE ( 'NONE', *, *, #4697, .F. ) ;
#874 = ADVANCED_FACE ( 'NONE', ( #6440 ), #9307, .F. ) ;
#875 = CARTESIAN_POINT ( 'NONE',  ( -2.795514986850355044, 0.1729311347361582596, -1.502499999999999947 ) ) ;
#876 = VERTEX_POINT ( 'NONE', #6802 ) ;
#877 = ORIENTED_EDGE ( 'NONE', *, *, #4091, .T. ) ;
#878 = DIRECTION ( 'NONE',  ( -1.000000000000000000, 0.000000000000000000, 0.000000000000000000 ) ) ;
#879 = DIRECTION ( 'NONE',  ( 0.9975640502598241977, 0.06975647374412526081, 0.000000000000000000 ) ) ;
#880 = EDGE_CURVE ( 'NONE', #5831, #8221, #6751, .T. ) ;
#881 = DIRECTION ( 'NONE',  ( 0.01745240643728362268, -0.9998476951563911586, 0.000000000000000000 ) ) ;
#882 = DIRECTION ( 'NONE',  ( -0.000000000000000000, -0.000000000000000000, -1.000000000000000000 ) ) ;
#883 = DIRECTION ( 'NONE',  ( 0.9998476951563912696, -0.01745240643728044813, 0.000000000000000000 ) ) ;
#884 = ORIENTED_EDGE ( 'NONE', *, *, #5591, .T. ) ;
#885 = CARTESIAN_POINT ( 'NONE',  ( -2.795514986850355044, 0.1729311347361582596, 0.4475000000000000089 ) ) ;
#886 = VERTEX_POINT ( 'NONE', #1626 ) ;
#887 = CARTESIAN_POINT ( 'NONE',  ( -2.199999999999999734, 0.6024999999999991473, 0.4475000000000000089 ) ) ;
#888 = VERTEX_POINT ( 'NONE', #1716 ) ;
#889 = CARTESIAN_POINT ( 'NONE',  ( -2.795514986850355044, 0.1729311347361582596, -1.097499999999999920 ) ) ;
#890 = CARTESIAN_POINT ( 'NONE',  ( 2.795514986850355044, 0.1729311347361582596, -1.747499999999999831 ) ) ;
#891 = EDGE_LOOP ( 'NONE', ( #3353, #5966, #7195, #7316 ) ) ;
#892 = FACE_OUTER_BOUND ( 'NONE', #7427, .T. ) ;
#893 = LINE ( 'NONE', #7386, #6773 ) ;
#894 = ADVANCED_FACE ( 'NONE', ( #4686 ), #7416, .F. ) ;
#895 = CYLINDRICAL_SURFACE ( 'NONE', #6201, 0.08121469089664243302 ) ;
#896 = AXIS2_PLACEMENT_3D ( 'NONE', #8090, #4570, #7436 ) ;
#897 = CARTESIAN_POINT ( 'NONE',  ( 2.489037635143886984, 0.5212853091033570196, -3.047499999999999876 ) ) ;
#898 = CARTESIAN_POINT ( 'NONE',  ( -2.715217872447410752, 0.5252332998309695578, 1.502500000000000391 ) ) ;
#899 = VERTEX_POINT ( 'NONE', #7556 ) ;
#900 = DIRECTION ( 'NONE',  ( 0.000000000000000000, -0.000000000000000000, -1.000000000000000000 ) ) ;
#901 = VERTEX_POINT ( 'NONE', #6101 ) ;
#902 = EDGE_CURVE ( 'NONE', #7273, #2606, #2325, .T. ) ;
#903 = ORIENTED_EDGE ( 'NONE', *, *, #1814, .T. ) ;
#904 = ADVANCED_FACE ( 'NONE', ( #1114 ), #4637, .F. ) ;
#905 = CARTESIAN_POINT ( 'NONE',  ( -2.489037635143886984, 0.5212853091033570196, -0.2024999999999999856 ) ) ;
#906 = LINE ( 'NONE', #8054, #4853 ) ;
#907 = VECTOR ( 'NONE', #1528, 1000.000000000000000 ) ;
#908 =( GEOMETRIC_REPRESENTATION_CONTEXT ( 3 ) GLOBAL_UNCERTAINTY_ASSIGNED_CONTEXT ( ( #2819 ) ) GLOBAL_UNIT_ASSIGNED_CONTEXT ( ( #995, #2431, #1733 ) ) REPRESENTATION_CONTEXT ( 'NONE', 'WORKASPACE' ) );
#909 = LINE ( 'NONE', #6511, #9073 ) ;
#910 = AXIS2_PLACEMENT_3D ( 'NONE', #7185, #2708, #7754 ) ;
#911 = DIRECTION ( 'NONE',  ( -0.9975640502598243087, 0.06975647374412519142, 0.000000000000000000 ) ) ;
#912 = LINE ( 'NONE', #1524, #422 ) ;
#913 = ORIENTED_EDGE ( 'NONE', *, *, #4471, .F. ) ;
#914 = DIRECTION ( 'NONE',  ( -1.000000000000000000, 0.000000000000000000, 0.000000000000000000 ) ) ;
#915 = VERTEX_POINT ( 'NONE', #5297 ) ;
#916 = ORIENTED_EDGE ( 'NONE', *, *, #8606, .T. ) ;
#917 = DIRECTION ( 'NONE',  ( -0.000000000000000000, -0.000000000000000000, -1.000000000000000000 ) ) ;
#918 = EDGE_CURVE ( 'NONE', #817, #1164, #1070, .T. ) ;
#919 = VERTEX_POINT ( 'NONE', #8254 ) ;
#920 = EDGE_LOOP ( 'NONE', ( #7244, #5360, #4018, #6505 ) ) ;
#921 = DIRECTION ( 'NONE',  ( -1.000000000000000000, 0.000000000000000000, 0.000000000000000000 ) ) ;
#922 = CIRCLE ( 'NONE', #6770, 0.2262146908966421732 ) ;
#923 = DIRECTION ( 'NONE',  ( -0.000000000000000000, 1.000000000000000000, -0.000000000000000000 ) ) ;
#924 = CARTESIAN_POINT ( 'NONE',  ( -2.795514986850355044, 0.1729311347361582596, 0.2024999999999999856 ) ) ;
#925 = EDGE_CURVE ( 'NONE', #2302, #6778, #3905, .T. ) ;
#926 = AXIS2_PLACEMENT_3D ( 'NONE', #8214, #3123, #6805 ) ;
#927 = EDGE_CURVE ( 'NONE', #2436, #1885, #7520, .T. ) ;
#928 = CARTESIAN_POINT ( 'NONE',  ( -2.489037635143886984, 0.5212853091033570196, 1.502500000000000391 ) ) ;
#929 = LINE ( 'NONE', #8073, #150 ) ;
#930 = ORIENTED_EDGE ( 'NONE', *, *, #3038, .T. ) ;
#931 = CARTESIAN_POINT ( 'NONE',  ( 2.199999999999999734, 0.6024999999999991473, -3.047499999999999876 ) ) ;
#932 = ORIENTED_EDGE ( 'NONE', *, *, #8159, .F. ) ;
#933 = ORIENTED_EDGE ( 'NONE', *, *, #6439, .T. ) ;
#934 = CARTESIAN_POINT ( 'NONE',  ( -2.801180237303523946, 0.2539479907276123161, -1.747499999999999831 ) ) ;
#935 = ORIENTED_EDGE ( 'NONE', *, *, #1840, .F. ) ;
#936 = VECTOR ( 'NONE', #6655, 1000.000000000000227 ) ;
#937 = FACE_OUTER_BOUND ( 'NONE', #3259, .T. ) ;
#938 = VECTOR ( 'NONE', #6271, 1000.000000000000000 ) ;
#939 = AXIS2_PLACEMENT_3D ( 'NONE', #1507, #2071, #3480 ) ;
#940 = DIRECTION ( 'NONE',  ( -0.000000000000000000, -0.000000000000000000, -1.000000000000000000 ) ) ;
#941 = VECTOR ( 'NONE', #2736, 1000.000000000000000 ) ;
#942 = ORIENTED_EDGE ( 'NONE', *, *, #8360, .F. ) ;
#943 = LINE ( 'NONE', #8878, #4520 ) ;
#944 = DIRECTION ( 'NONE',  ( 1.000000000000000000, 0.000000000000000000, -0.000000000000000000 ) ) ;
#945 = UNCERTAINTY_MEASURE_WITH_UNIT (LENGTH_MEASURE( 1.000000000000000082E-05 ), #6364, 'distance_accuracy_value', 'NONE');
#946 =( GEOMETRIC_REPRESENTATION_CONTEXT ( 3 ) GLOBAL_UNCERTAINTY_ASSIGNED_CONTEXT ( ( #5748 ) ) GLOBAL_UNIT_ASSIGNED_CONTEXT ( ( #7294, #6585, #5882 ) ) REPRESENTATION_CONTEXT ( 'NONE', 'WORKASPACE' ) );
#947 = CARTESIAN_POINT ( 'NONE',  ( -2.785400298157456600, 0.02828434744848380353, 2.397499999999999964 ) ) ;
#948 = DIRECTION ( 'NONE',  ( -0.000000000000000000, 0.000000000000000000, 1.000000000000000000 ) ) ;
#949 = ADVANCED_FACE ( 'NONE', ( #5246 ), #6054, .F. ) ;
#950 = VECTOR ( 'NONE', #1018, 1000.000000000000000 ) ;
#951 = EDGE_LOOP ( 'NONE', ( #5559, #3506, #3793, #4610 ) ) ;
#952 = PRESENTATION_STYLE_ASSIGNMENT (( #3808 ) ) ;
#953 = ORIENTED_EDGE ( 'NONE', *, *, #854, .T. ) ;
#954 = DIRECTION ( 'NONE',  ( -0.000000000000000000, -0.000000000000000000, -1.000000000000000000 ) ) ;
#955 = DIRECTION ( 'NONE',  ( 0.000000000000000000, 0.000000000000000000, 1.000000000000000000 ) ) ;
#956 = CIRCLE ( 'NONE', #3959, 0.08121469089664243302 ) ;
#957 = DIRECTION ( 'NONE',  ( -3.751076125244977118E-16, 1.000000000000000000, 0.000000000000000000 ) ) ;
#958 = EDGE_CURVE ( 'NONE', #272, #2664, #8, .T. ) ;
#959 = CARTESIAN_POINT ( 'NONE',  ( -2.199999999999999734, 0.6024999999999991473, 1.097499999999999920 ) ) ;
#960 = ORIENTED_EDGE ( 'NONE', *, *, #2719, .T. ) ;
#961 = CARTESIAN_POINT ( 'NONE',  ( -2.199999999999999734, 0.7474999999999991651, -0.8524999999999999245 ) ) ;
#962 = ORIENTED_EDGE ( 'NONE', *, *, #8333, .T. ) ;
#963 = CIRCLE ( 'NONE', #5920, 0.08121469089664200280 ) ;
#964 = ORIENTED_EDGE ( 'NONE', *, *, #7531, .T. ) ;
#965 = CARTESIAN_POINT ( 'NONE',  ( 2.575000000000001066, 0.2499999999999996669, 3.047499999999999432 ) ) ;
#966 = VERTEX_POINT ( 'NONE', #931 ) ;
#967 = VERTEX_POINT ( 'NONE', #3791 ) ;
#968 = DIRECTION ( 'NONE',  ( 0.000000000000000000, 1.000000000000000000, 0.000000000000000000 ) ) ;
#969 = CARTESIAN_POINT ( 'NONE',  ( -2.199999999999999734, 0.6024999999999991473, -1.502499999999999947 ) ) ;
#970 = EDGE_CURVE ( 'NONE', #2044, #331, #8164, .T. ) ;
#971 = DIRECTION ( 'NONE',  ( 0.9975640502598241977, -0.06975647374412527468, 0.000000000000000000 ) ) ;
#972 = AXIS2_PLACEMENT_3D ( 'NONE', #2342, #3047, #7479 ) ;
#973 = EDGE_CURVE ( 'NONE', #8031, #2843, #224, .T. ) ;
#974 = EDGE_CURVE ( 'NONE', #4133, #3181, #5389, .T. ) ;
#975 = LINE ( 'NONE', #4594, #8965 ) ;
#976 = LINE ( 'NONE', #5206, #4065 ) ;
#977 = ORIENTED_EDGE ( 'NONE', *, *, #5006, .F. ) ;
#978 = DIRECTION ( 'NONE',  ( -0.000000000000000000, 0.000000000000000000, 1.000000000000000000 ) ) ;
#979 = ORIENTED_EDGE ( 'NONE', *, *, #5751, .T. ) ;
#980 = ORIENTED_EDGE ( 'NONE', *, *, #2016, .F. ) ;
#981 = AXIS2_PLACEMENT_3D ( 'NONE', #4987, #5829, #7148 ) ;
#982 = DIRECTION ( 'NONE',  ( 1.000000000000000000, 3.751076125244977118E-16, -0.000000000000000000 ) ) ;
#983 = EDGE_CURVE ( 'NONE', #9003, #4923, #2459, .T. ) ;
#984 = ORIENTED_EDGE ( 'NONE', *, *, #5168, .F. ) ;
#985 = EDGE_CURVE ( 'NONE', #3298, #1138, #5961, .T. ) ;
#986 = FACE_OUTER_BOUND ( 'NONE', #1440, .T. ) ;
#987 = DIRECTION ( 'NONE',  ( 1.000000000000000000, 0.000000000000000000, 0.000000000000000000 ) ) ;
#988 = STYLED_ITEM ( 'NONE', ( #4719 ), #6209 ) ;
#989 = DIRECTION ( 'NONE',  ( -0.9998476951563912696, -0.01745240643728044813, 0.000000000000000000 ) ) ;
#990 = CARTESIAN_POINT ( 'NONE',  ( 2.715217872447410752, 0.5252332998309695578, 1.747500000000000275 ) ) ;
#991 = ORIENTED_EDGE ( 'NONE', *, *, #1498, .F. ) ;
#992 = DIRECTION ( 'NONE',  ( -0.000000000000000000, -0.000000000000000000, -1.000000000000000000 ) ) ;
#993 = CARTESIAN_POINT ( 'NONE',  ( 2.801180237303523946, 0.2539479907276123161, -1.747499999999999831 ) ) ;
#994 = EDGE_CURVE ( 'NONE', #3750, #5004, #1671, .T. ) ;
#995 =( LENGTH_UNIT ( ) NAMED_UNIT ( * ) SI_UNIT ( .MILLI., .METRE. ) );
#996 = EDGE_CURVE ( 'NONE', #8146, #7463, #269, .T. ) ;
#997 = CARTESIAN_POINT ( 'NONE',  ( -2.785400298157456600, 0.02828434744848380353, 1.097499999999999920 ) ) ;
#998 = PLANE ( 'NONE',  #8348 ) ;
#999 = VECTOR ( 'NONE', #2513, 1000.000000000000000 ) ;
#1000 = VERTEX_POINT ( 'NONE', #8917 ) ;
#1001 = VERTEX_POINT ( 'NONE', #6143 ) ;
#1002 = DIRECTION ( 'NONE',  ( 0.06975647374412519142, -0.9975640502598243087, 0.000000000000000000 ) ) ;
#1003 = EDGE_CURVE ( 'NONE', #8766, #5490, #6339, .T. ) ;
#1004 = CARTESIAN_POINT ( 'NONE',  ( -2.489037635143886984, 0.5212853091033570196, -1.097499999999999920 ) ) ;
#1005 = AXIS2_PLACEMENT_3D ( 'NONE', #3602, #7093, #4979 ) ;
#1006 = CARTESIAN_POINT ( 'NONE',  ( 2.795514986850355044, 0.1729311347361582596, -3.047499999999999876 ) ) ;
#1007 = DIRECTION ( 'NONE',  ( 3.751076125244977118E-16, 1.000000000000000000, 0.000000000000000000 ) ) ;
#1008 = CARTESIAN_POINT ( 'NONE',  ( 2.801180237303523946, 0.2539479907276123161, 3.047499999999999432 ) ) ;
#1009 = ORIENTED_EDGE ( 'NONE', *, *, #4568, .T. ) ;
#1010 = ORIENTED_EDGE ( 'NONE', *, *, #532, .F. ) ;
#1011 = VECTOR ( 'NONE', #5576, 1000.000000000000000 ) ;
#1012 = ORIENTED_EDGE ( 'NONE', *, *, #6543, .F. ) ;
#1013 = LINE ( 'NONE', #965, #3613 ) ;
#1014 = ORIENTED_EDGE ( 'NONE', *, *, #5525, .F. ) ;
#1015 = ORIENTED_EDGE ( 'NONE', *, *, #5812, .F. ) ;
#1016 = CARTESIAN_POINT ( 'NONE',  ( -2.570239956649733593, 0.5227027008975635436, 3.047499999999999432 ) ) ;
#1017 = ADVANCED_FACE ( 'NONE', ( #2555 ), #5581, .F. ) ;
#1018 = DIRECTION ( 'NONE',  ( -0.000000000000000000, -0.000000000000000000, -1.000000000000000000 ) ) ;
#1019 = DIRECTION ( 'NONE',  ( 0.000000000000000000, -1.000000000000000000, 0.000000000000000000 ) ) ;
#1020 = VECTOR ( 'NONE', #598, 1000.000000000000000 ) ;
#1021 = CARTESIAN_POINT ( 'NONE',  ( 2.199999999999999734, 0.7474999999999991651, -2.397499999999999964 ) ) ;
#1022 = ORIENTED_EDGE ( 'NONE', *, *, #4718, .F. ) ;
#1023 = DIRECTION ( 'NONE',  ( 1.000000000000000000, 0.000000000000000000, 0.000000000000000000 ) ) ;
#1024 = ORIENTED_EDGE ( 'NONE', *, *, #6806, .F. ) ;
#1025 = ORIENTED_EDGE ( 'NONE', *, *, #2971, .F. ) ;
#1026 = PLANE ( 'NONE',  #8432 ) ;
#1027 = ORIENTED_EDGE ( 'NONE', *, *, #1940, .T. ) ;
#1028 = EDGE_CURVE ( 'NONE', #6337, #8574, #6915, .T. ) ;
#1029 = DIRECTION ( 'NONE',  ( -0.000000000000000000, -0.000000000000000000, -1.000000000000000000 ) ) ;
#1030 = FACE_OUTER_BOUND ( 'NONE', #6414, .T. ) ;
#1031 = EDGE_CURVE ( 'NONE', #8031, #4437, #7040, .T. ) ;
#1032 = CARTESIAN_POINT ( 'NONE',  ( -2.570239956649733593, 0.5227027008975635436, -2.152499999999999858 ) ) ;
#1033 = CARTESIAN_POINT ( 'NONE',  ( 2.199999999999999734, 0.7474999999999991651, 1.747500000000000275 ) ) ;
#1034 = VERTEX_POINT ( 'NONE', #4829 ) ;
#1035 = PLANE ( 'NONE',  #4362 ) ;
#1036 = VERTEX_POINT ( 'NONE', #5632 ) ;
#1037 = CARTESIAN_POINT ( 'NONE',  ( -2.199999999999999734, 0.7474999999999991651, 1.747500000000000275 ) ) ;
#1038 = CARTESIAN_POINT ( 'NONE',  ( 2.785400298157456600, 0.02828434744848385904, -1.502499999999999947 ) ) ;
#1039 = DIRECTION ( 'NONE',  ( 1.000000000000000000, 0.000000000000000000, 0.000000000000000000 ) ) ;
#1040 = EDGE_CURVE ( 'NONE', #876, #7711, #8306, .T. ) ;
#1041 = DIRECTION ( 'NONE',  ( -0.9975640502598241977, 0.06975647374412534407, 0.000000000000000000 ) ) ;
#1042 = EDGE_CURVE ( 'NONE', #4297, #7291, #603, .T. ) ;
#1043 = LINE ( 'NONE', #3686, #4162 ) ;
#1044 = ORIENTED_EDGE ( 'NONE', *, *, #8079, .F. ) ;
#1045 = LINE ( 'NONE', #8184, #757 ) ;
#1046 = ORIENTED_EDGE ( 'NONE', *, *, #54, .F. ) ;
#1047 = DIRECTION ( 'NONE',  ( 1.000000000000000000, 0.000000000000000000, 0.000000000000000000 ) ) ;
#1048 = DIRECTION ( 'NONE',  ( 0.000000000000000000, -0.000000000000000000, -1.000000000000000000 ) ) ;
#1049 = FACE_OUTER_BOUND ( 'NONE', #1772, .T. ) ;
#1050 = AXIS2_PLACEMENT_3D ( 'NONE', #6826, #390, #5412 ) ;
#1051 = CARTESIAN_POINT ( 'NONE',  ( -2.575000000000001066, 0.2499999999999996669, 2.397499999999999964 ) ) ;
#1052 = EDGE_LOOP ( 'NONE', ( #2352, #611, #314, #8939 ) ) ;
#1053 = ORIENTED_EDGE ( 'NONE', *, *, #2807, .F. ) ;
#1054 = ORIENTED_EDGE ( 'NONE', *, *, #7929, .T. ) ;
#1055 = DIRECTION ( 'NONE',  ( -0.06975647374412519142, 0.9975640502598243087, 0.000000000000000000 ) ) ;
#1056 = ORIENTED_EDGE ( 'NONE', *, *, #4590, .T. ) ;
#1057 = EDGE_LOOP ( 'NONE', ( #3733, #194, #495, #4878, #4723, #8186, #1753, #3946, #5522, #3795, #8383, #3052 ) ) ;
#1058 = FACE_OUTER_BOUND ( 'NONE', #1282, .T. ) ;
#1059 = AXIS2_PLACEMENT_3D ( 'NONE', #471, #7048, #6959 ) ;
#1060 = CARTESIAN_POINT ( 'NONE',  ( 2.801180237303523946, 0.2539479907276123161, 1.747500000000000275 ) ) ;
#1061 = VECTOR ( 'NONE', #127, 1000.000000000000000 ) ;
#1062 = DIRECTION ( 'NONE',  ( 0.9998476951563912696, 0.01745240643728362614, 0.000000000000000000 ) ) ;
#1063 = CARTESIAN_POINT ( 'NONE',  ( 2.801180237303523946, 0.2539479907276123161, 1.097499999999999920 ) ) ;
#1064 = AXIS2_PLACEMENT_3D ( 'NONE', #1903, #4781, #7651 ) ;
#1065 = EDGE_CURVE ( 'NONE', #9181, #4089, #9060, .T. ) ;
#1066 = LINE ( 'NONE', #2551, #3311 ) ;
#1067 = AXIS2_PLACEMENT_3D ( 'NONE', #60, #142, #4387 ) ;
#1068 = PRESENTATION_LAYER_ASSIGNMENT (  '', '', ( #4372 ) ) ;
#1069 = ORIENTED_EDGE ( 'NONE', *, *, #8893, .T. ) ;
#1070 = LINE ( 'NONE', #7502, #6757 ) ;
#1071 = ORIENTED_EDGE ( 'NONE', *, *, #6659, .F. ) ;
#1072 = ORIENTED_EDGE ( 'NONE', *, *, #4053, .T. ) ;
#1073 = DIRECTION ( 'NONE',  ( 0.2079116908177597867, -0.9781476007338055778, 0.000000000000000000 ) ) ;
#1074 = VECTOR ( 'NONE', #5929, 1000.000000000000000 ) ;
#1075 = CARTESIAN_POINT ( 'NONE',  ( -3.200000000000000622, 0.1446467872876746885, -1.097499999999999920 ) ) ;
#1076 = LINE ( 'NONE', #4646, #3998 ) ;
#1077 = EDGE_CURVE ( 'NONE', #5479, #876, #3268, .T. ) ;
#1078 = LINE ( 'NONE', #3945, #5866 ) ;
#1079 = EDGE_LOOP ( 'NONE', ( #7789, #7134, #2136, #4793 ) ) ;
#1080 = CIRCLE ( 'NONE', #926, 0.2262146908966421732 ) ;
#1081 = CARTESIAN_POINT ( 'NONE',  ( 2.715217872447410752, 0.5252332998309695578, 2.152499999999999858 ) ) ;
#1082 = ORIENTED_EDGE ( 'NONE', *, *, #5872, .T. ) ;
#1083 = DIRECTION ( 'NONE',  ( 0.000000000000000000, 0.000000000000000000, 1.000000000000000000 ) ) ;
#1084 = VERTEX_POINT ( 'NONE', #6945 ) ;
#1085 = VECTOR ( 'NONE', #7253, 1000.000000000000000 ) ;
#1086 = AXIS2_PLACEMENT_3D ( 'NONE', #4268, #2981, #878 ) ;
#1087 = DIRECTION ( 'NONE',  ( -0.000000000000000000, -0.000000000000000000, -1.000000000000000000 ) ) ;
#1088 = CARTESIAN_POINT ( 'NONE',  ( 2.489037635143886984, 0.5212853091033570196, -0.8524999999999999245 ) ) ;
#1089 = EDGE_CURVE ( 'NONE', #590, #4769, #3452, .T. ) ;
#1090 = DIRECTION ( 'NONE',  ( -0.000000000000000000, 1.000000000000000000, -0.000000000000000000 ) ) ;
#1091 = VERTEX_POINT ( 'NONE', #1855 ) ;
#1092 = AXIS2_PLACEMENT_3D ( 'NONE', #5821, #8687, #2229 ) ;
#1093 = ORIENTED_EDGE ( 'NONE', *, *, #5864, .F. ) ;
#1094 = STYLED_ITEM ( 'NONE', ( #3585 ), #2798 ) ;
#1095 = DIRECTION ( 'NONE',  ( 1.000000000000000000, 0.000000000000000000, 0.000000000000000000 ) ) ;
#1096 = EDGE_CURVE ( 'NONE', #7326, #2923, #2001, .T. ) ;
#1097 = ADVANCED_FACE ( 'NONE', ( #4736 ), #2652, .T. ) ;
#1098 = CARTESIAN_POINT ( 'NONE',  ( -2.103818155844314752, 0.1500000000000007161, 3.153818155844311022 ) ) ;
#1099 = DIRECTION ( 'NONE',  ( 0.9998476951563912696, 0.01745240643728362614, 0.000000000000000000 ) ) ;
#1100 = CARTESIAN_POINT ( 'NONE',  ( -2.795514986850355044, 0.1729311347361582596, 2.802499999999999325 ) ) ;
#1101 = EDGE_LOOP ( 'NONE', ( #3077, #7178, #2728, #4314 ) ) ;
#1102 = ORIENTED_EDGE ( 'NONE', *, *, #3222, .F. ) ;
#1103 = ORIENTED_EDGE ( 'NONE', *, *, #3197, .F. ) ;
#1104 = DIRECTION ( 'NONE',  ( -1.000000000000000000, 0.000000000000000000, 0.000000000000000000 ) ) ;
#1105 = VERTEX_POINT ( 'NONE', #4122 ) ;
#1106 = ORIENTED_EDGE ( 'NONE', *, *, #3599, .T. ) ;
#1107 = VECTOR ( 'NONE', #8310, 1000.000000000000000 ) ;
#1108 = CARTESIAN_POINT ( 'NONE',  ( -2.575000000000001066, 0.2499999999999996669, 0.2024999999999999856 ) ) ;
#1109 = CARTESIAN_POINT ( 'NONE',  ( -2.719977915797677337, 0.2525305989334057921, -2.802499999999999769 ) ) ;
#1110 = FACE_OUTER_BOUND ( 'NONE', #5267, .T. ) ;
#1111 = CARTESIAN_POINT ( 'NONE',  ( -2.715217872447410752, 0.5252332998309695578, 2.152499999999999858 ) ) ;
#1112 = DIRECTION ( 'NONE',  ( -1.000000000000000000, 0.000000000000000000, 0.000000000000000000 ) ) ;
#1113 = EDGE_LOOP ( 'NONE', ( #4485, #1854, #3008, #8812 ) ) ;
#1114 = FACE_OUTER_BOUND ( 'NONE', #1918, .T. ) ;
#1115 = ORIENTED_EDGE ( 'NONE', *, *, #1330, .T. ) ;
#1116 = EDGE_LOOP ( 'NONE', ( #6695, #7328, #4014, #8295 ) ) ;
#1117 = LINE ( 'NONE', #3988, #489 ) ;
#1118 = AXIS2_PLACEMENT_3D ( 'NONE', #4857, #1142, #2774 ) ;
#1119 = EDGE_CURVE ( 'NONE', #1334, #3838, #8416, .T. ) ;
#1120 = CARTESIAN_POINT ( 'NONE',  ( 2.199999999999999734, 0.7474999999999991651, 1.502500000000000391 ) ) ;
#1121 = DIRECTION ( 'NONE',  ( 0.000000000000000000, -1.000000000000000000, 0.000000000000000000 ) ) ;
#1122 = FACE_OUTER_BOUND ( 'NONE', #5103, .T. ) ;
#1123 = DIRECTION ( 'NONE',  ( 0.000000000000000000, -0.000000000000000000, -1.000000000000000000 ) ) ;
#1124 = VECTOR ( 'NONE', #3422, 1000.000000000000000 ) ;
#1125 = CARTESIAN_POINT ( 'NONE',  ( 2.199999999999999734, 0.6024999999999991473, 0.4475000000000000089 ) ) ;
#1126 = ORIENTED_EDGE ( 'NONE', *, *, #3956, .F. ) ;
#1127 = DIRECTION ( 'NONE',  ( 0.06975647374412527468, -0.9975640502598243087, 0.000000000000000000 ) ) ;
#1128 = EDGE_LOOP ( 'NONE', ( #3433, #9200, #2539, #2368, #2589, #7557, #3792, #62, #5388, #7042, #8468, #1230 ) ) ;
#1129 = DIRECTION ( 'NONE',  ( 0.000000000000000000, -0.000000000000000000, -1.000000000000000000 ) ) ;
#1130 = ADVANCED_FACE ( 'NONE', ( #6240 ), #8356, .F. ) ;
#1131 = AXIS2_PLACEMENT_3D ( 'NONE', #7444, #1007, #3863 ) ;
#1132 = CARTESIAN_POINT ( 'NONE',  ( 2.199999999999999734, 0.6024999999999991473, -1.747499999999999831 ) ) ;
#1133 = DIRECTION ( 'NONE',  ( 0.000000000000000000, 1.000000000000000000, 0.000000000000000000 ) ) ;
#1134 = CARTESIAN_POINT ( 'NONE',  ( 2.199999999999999734, 0.7474999999999991651, 0.4475000000000000089 ) ) ;
#1135 = ORIENTED_EDGE ( 'NONE', *, *, #404, .T. ) ;
#1136 = CYLINDRICAL_SURFACE ( 'NONE', #4952, 0.08121469089664243302 ) ;
#1137 =( GEOMETRIC_REPRESENTATION_CONTEXT ( 3 ) GLOBAL_UNCERTAINTY_ASSIGNED_CONTEXT ( ( #1418 ) ) GLOBAL_UNIT_ASSIGNED_CONTEXT ( ( #1978, #4051, #3345 ) ) REPRESENTATION_CONTEXT ( 'NONE', 'WORKASPACE' ) );
#1138 = VERTEX_POINT ( 'NONE', #1206 ) ;
#1139 = DIRECTION ( 'NONE',  ( -0.000000000000000000, 0.000000000000000000, 1.000000000000000000 ) ) ;
#1140 = ADVANCED_FACE ( 'NONE', ( #4074 ), #512, .F. ) ;
#1141 = ADVANCED_FACE ( 'NONE', ( #9108 ), #5535, .F. ) ;
#1142 = DIRECTION ( 'NONE',  ( -0.000000000000000000, 0.000000000000000000, 1.000000000000000000 ) ) ;
#1143 = VECTOR ( 'NONE', #1916, 1000.000000000000000 ) ;
#1144 = LINE ( 'NONE', #3104, #3071 ) ;
#1145 = CARTESIAN_POINT ( 'NONE',  ( -2.199999999999999734, 0.7474999999999991651, 0.4475000000000000089 ) ) ;
#1146 = VERTEX_POINT ( 'NONE', #6290 ) ;
#1147 = EDGE_CURVE ( 'NONE', #6731, #1558, #9148, .T. ) ;
#1148 = ORIENTED_EDGE ( 'NONE', *, *, #3069, .F. ) ;
#1149 = ORIENTED_EDGE ( 'NONE', *, *, #8517, .T. ) ;
#1150 = DIRECTION ( 'NONE',  ( 0.06975647374412519142, -0.9975640502598243087, 0.000000000000000000 ) ) ;
#1151 = EDGE_LOOP ( 'NONE', ( #4843, #6015, #754, #6387 ) ) ;
#1152 = ORIENTED_EDGE ( 'NONE', *, *, #2126, .F. ) ;
#1153 = AXIS2_PLACEMENT_3D ( 'NONE', #5540, #9023, #8364 ) ;
#1154 = CARTESIAN_POINT ( 'NONE',  ( -2.570239956649733593, 0.5227027008975635436, 3.047499999999999432 ) ) ;
#1155 = CARTESIAN_POINT ( 'NONE',  ( 2.795514986850355044, 0.1729311347361582596, 0.4475000000000000089 ) ) ;
#1156 = DIRECTION ( 'NONE',  ( -0.9975640502598241977, -0.06975647374412527468, 0.000000000000000000 ) ) ;
#1157 = AXIS2_PLACEMENT_3D ( 'NONE', #1917, #5549, #4095 ) ;
#1158 = DIRECTION ( 'NONE',  ( -1.000000000000000000, 0.000000000000000000, 0.000000000000000000 ) ) ;
#1159 = EDGE_CURVE ( 'NONE', #4267, #9139, #8683, .T. ) ;
#1160 = CARTESIAN_POINT ( 'NONE',  ( -1.653818155844315463, 1.200000000000000622, -2.903818155844308357 ) ) ;
#1161 = ORIENTED_EDGE ( 'NONE', *, *, #8716, .F. ) ;
#1162 = DIRECTION ( 'NONE',  ( 0.000000000000000000, 0.000000000000000000, 1.000000000000000000 ) ) ;
#1163 = VERTEX_POINT ( 'NONE', #5022 ) ;
#1164 = VERTEX_POINT ( 'NONE', #2225 ) ;
#1165 = PLANE ( 'NONE',  #3773 ) ;
#1166 = EDGE_CURVE ( 'NONE', #625, #2518, #6470, .T. ) ;
#1167 = DIRECTION ( 'NONE',  ( 0.06975647374412519142, 0.9975640502598243087, 0.000000000000000000 ) ) ;
#1168 = LINE ( 'NONE', #1390, #3224 ) ;
#1169 = DIRECTION ( 'NONE',  ( 0.000000000000000000, -0.000000000000000000, -1.000000000000000000 ) ) ;
#1170 = LINE ( 'NONE', #3180, #1652 ) ;
#1171 = LINE ( 'NONE', #6250, #4806 ) ;
#1172 = ORIENTED_EDGE ( 'NONE', *, *, #1520, .T. ) ;
#1173 = CARTESIAN_POINT ( 'NONE',  ( 2.795514986850355044, 0.1729311347361582596, 2.397499999999999964 ) ) ;
#1174 = ORIENTED_EDGE ( 'NONE', *, *, #9195, .F. ) ;
#1175 = CARTESIAN_POINT ( 'NONE',  ( -2.199999999999999734, 0.7474999999999991651, -2.152499999999999858 ) ) ;
#1176 = DIRECTION ( 'NONE',  ( 0.000000000000000000, -0.000000000000000000, -1.000000000000000000 ) ) ;
#1177 = DIRECTION ( 'NONE',  ( -0.01745240643728044813, 0.9998476951563912696, 0.000000000000000000 ) ) ;
#1178 = DIRECTION ( 'NONE',  ( 0.000000000000000000, 1.000000000000000000, 0.000000000000000000 ) ) ;
#1179 = VERTEX_POINT ( 'NONE', #29 ) ;
#1180 = EDGE_CURVE ( 'NONE', #3824, #6897, #6386, .T. ) ;
#1181 = DIRECTION ( 'NONE',  ( 0.000000000000000000, 0.000000000000000000, 1.000000000000000000 ) ) ;
#1182 = VERTEX_POINT ( 'NONE', #5153 ) ;
#1183 = DIRECTION ( 'NONE',  ( -0.9998476951563912696, 0.01745240643728362614, 0.000000000000000000 ) ) ;
#1184 = DIRECTION ( 'NONE',  ( -0.06975647374412519142, -0.9975640502598243087, 0.000000000000000000 ) ) ;
#1185 = DIRECTION ( 'NONE',  ( -1.000000000000000000, 0.000000000000000000, 0.000000000000000000 ) ) ;
#1186 = FACE_OUTER_BOUND ( 'NONE', #5345, .T. ) ;
#1187 = ORIENTED_EDGE ( 'NONE', *, *, #2841, .T. ) ;
#1188 = EDGE_CURVE ( 'NONE', #9075, #5667, #743, .T. ) ;
#1190 = EDGE_CURVE ( 'NONE', #7041, #4815, #5067, .T. ) ;
#1189 = CARTESIAN_POINT ( 'NONE',  ( -2.489037635143886984, 0.5212853091033570196, 1.747500000000000275 ) ) ;
#1191 = ORIENTED_EDGE ( 'NONE', *, *, #8974, .T. ) ;
#1192 = CARTESIAN_POINT ( 'NONE',  ( -2.199999999999999734, 0.7474999999999991651, 3.249999999999996003 ) ) ;
#1193 = ORIENTED_EDGE ( 'NONE', *, *, #5612, .T. ) ;
#1194 = ORIENTED_EDGE ( 'NONE', *, *, #4478, .T. ) ;
#1195 = CARTESIAN_POINT ( 'NONE',  ( -2.715217872447410752, 0.5252332998309695578, -2.152499999999999858 ) ) ;
#1196 = FACE_OUTER_BOUND ( 'NONE', #3349, .T. ) ;
#1197 = VECTOR ( 'NONE', #2581, 1000.000000000000000 ) ;
#1198 = DIRECTION ( 'NONE',  ( -0.000000000000000000, -0.000000000000000000, -1.000000000000000000 ) ) ;
#1199 = STYLED_ITEM ( 'NONE', ( #8429 ), #5369 ) ;
#1200 = CARTESIAN_POINT ( 'NONE',  ( 2.801180237303523946, 0.2539479907276123161, 0.8524999999999999245 ) ) ;
#1201 = DIRECTION ( 'NONE',  ( 1.000000000000000000, 0.000000000000000000, 0.000000000000000000 ) ) ;
#1202 = EDGE_CURVE ( 'NONE', #7463, #4089, #2390, .T. ) ;
#1203 = PRESENTATION_STYLE_ASSIGNMENT (( #7649 ) ) ;
#1204 = ORIENTED_EDGE ( 'NONE', *, *, #2673, .F. ) ;
#1205 = VECTOR ( 'NONE', #1455, 1000.000000000000114 ) ;
#1206 = CARTESIAN_POINT ( 'NONE',  ( 2.785400298157456600, 0.02828434744848385904, -1.747499999999999831 ) ) ;
#1207 = ORIENTED_EDGE ( 'NONE', *, *, #3997, .T. ) ;
#1208 = VERTEX_POINT ( 'NONE', #5852 ) ;
#1209 = CARTESIAN_POINT ( 'NONE',  ( 2.489037635143886984, 0.5212853091033570196, 0.4475000000000000089 ) ) ;
#1210 = EDGE_CURVE ( 'NONE', #7051, #7813, #5104, .T. ) ;
#1211 = EDGE_CURVE ( 'NONE', #9109, #6713, #2138, .T. ) ;
#1212 = DIRECTION ( 'NONE',  ( -1.000000000000000000, 3.751076125244977118E-16, 0.000000000000000000 ) ) ;
#1213 = AXIS2_PLACEMENT_3D ( 'NONE', #7745, #1306, #3409 ) ;
#1214 = VECTOR ( 'NONE', #9283, 1000.000000000000000 ) ;
#1215 = VECTOR ( 'NONE', #1314, 1000.000000000000000 ) ;
#1216 = LINE ( 'NONE', #3462, #2053 ) ;
#1217 = DIRECTION ( 'NONE',  ( -0.01745240643728044813, -0.9998476951563912696, 0.000000000000000000 ) ) ;
#1218 = DIRECTION ( 'NONE',  ( -0.000000000000000000, -0.000000000000000000, -1.000000000000000000 ) ) ;
#1219 = ORIENTED_EDGE ( 'NONE', *, *, #3910, .T. ) ;
#1220 = CARTESIAN_POINT ( 'NONE',  ( 2.801180237303523946, 0.2539479907276123161, 1.097499999999999920 ) ) ;
#1221 = VERTEX_POINT ( 'NONE', #9298 ) ;
#1222 = AXIS2_PLACEMENT_3D ( 'NONE', #6678, #3089, #2171 ) ;
#1223 = VECTOR ( 'NONE', #2222, 1000.000000000000000 ) ;
#1224 = CARTESIAN_POINT ( 'NONE',  ( -2.795514986850355044, 0.1729311347361582596, 1.097499999999999920 ) ) ;
#1225 = CARTESIAN_POINT ( 'NONE',  ( -3.200000000000000622, 0.1446467872876746885, 0.4475000000000000089 ) ) ;
#1226 = AXIS2_PLACEMENT_3D ( 'NONE', #8257, #7419, #1809 ) ;
#1227 = PLANE ( 'NONE',  #2656 ) ;
#1228 = ORIENTED_EDGE ( 'NONE', *, *, #6718, .T. ) ;
#1229 = FACE_OUTER_BOUND ( 'NONE', #2904, .T. ) ;
#1230 = ORIENTED_EDGE ( 'NONE', *, *, #1262, .T. ) ;
#1232 = CYLINDRICAL_SURFACE ( 'NONE', #8889, 0.2262146908966421732 ) ;
#1231 = VECTOR ( 'NONE', #8287, 1000.000000000000000 ) ;
#1233 = AXIS2_PLACEMENT_3D ( 'NONE', #3316, #7793, #2797 ) ;
#1234 = EDGE_CURVE ( 'NONE', #2505, #3019, #2840, .T. ) ;
#1235 = LINE ( 'NONE', #1332, #529 ) ;
#1236 = DIRECTION ( 'NONE',  ( -1.000000000000000000, 0.000000000000000000, 0.000000000000000000 ) ) ;
#1237 = LINE ( 'NONE', #6174, #7993 ) ;
#1238 = MECHANICAL_DESIGN_GEOMETRIC_PRESENTATION_REPRESENTATION (  '', ( #3942 ), #657 ) ;
#1239 = CIRCLE ( 'NONE', #2279, 0.08121469089664243302 ) ;
#1240 = ORIENTED_EDGE ( 'NONE', *, *, #5179, .T. ) ;
#1241 = VECTOR ( 'NONE', #1296, 1000.000000000000000 ) ;
#1242 = CARTESIAN_POINT ( 'NONE',  ( 2.715217872447410752, 0.5252332998309695578, 1.097499999999999920 ) ) ;
#1243 = ORIENTED_EDGE ( 'NONE', *, *, #8923, .F. ) ;
#1244 = CARTESIAN_POINT ( 'NONE',  ( -2.199999999999999734, 0.7474999999999991651, -2.802499999999999769 ) ) ;
#1245 = ORIENTED_EDGE ( 'NONE', *, *, #6089, .T. ) ;
#1246 = ORIENTED_EDGE ( 'NONE', *, *, #9203, .F. ) ;
#1247 = LINE ( 'NONE', #9099, #8132 ) ;
#1248 = DIRECTION ( 'NONE',  ( 0.000000000000000000, -0.000000000000000000, -1.000000000000000000 ) ) ;
#1249 = AXIS2_PLACEMENT_3D ( 'NONE', #688, #3543, #2832 ) ;
#1250 = EDGE_CURVE ( 'NONE', #1163, #5960, #3690, .T. ) ;
#1251 = DIRECTION ( 'NONE',  ( 1.000000000000000000, 0.000000000000000000, 0.000000000000000000 ) ) ;
#1252 = CARTESIAN_POINT ( 'NONE',  ( -2.199999999999999734, 0.6024999999999991473, -3.047499999999999876 ) ) ;
#1253 = FACE_OUTER_BOUND ( 'NONE', #1101, .T. ) ;
#1254 = CARTESIAN_POINT ( 'NONE',  ( -3.200000000000000622, 0.1446467872876746885, 3.047499999999999432 ) ) ;
#1255 = VERTEX_POINT ( 'NONE', #654 ) ;
#1256 = AXIS2_PLACEMENT_3D ( 'NONE', #3413, #2847, #2052 ) ;
#1257 = ORIENTED_EDGE ( 'NONE', *, *, #6832, .F. ) ;
#1258 = CARTESIAN_POINT ( 'NONE',  ( -2.785400298157456600, 0.02828434744848380353, 3.047499999999999432 ) ) ;
#1259 = EDGE_LOOP ( 'NONE', ( #7382, #7853, #2061, #3607 ) ) ;
#1260 = VERTEX_POINT ( 'NONE', #8722 ) ;
#1261 = LINE ( 'NONE', #4031, #5592 ) ;
#1262 = EDGE_CURVE ( 'NONE', #578, #4560, #7974, .T. ) ;
#1263 = EDGE_CURVE ( 'NONE', #6685, #4324, #8639, .T. ) ;
#1264 = DIRECTION ( 'NONE',  ( -0.01745240643728362268, 0.9998476951563911586, 0.000000000000000000 ) ) ;
#1265 = VECTOR ( 'NONE', #5530, 1000.000000000000000 ) ;
#1266 = CARTESIAN_POINT ( 'NONE',  ( 2.801180237303523946, 0.2539479907276123161, -1.502499999999999947 ) ) ;
#1267 = DIRECTION ( 'NONE',  ( 0.000000000000000000, -0.000000000000000000, -1.000000000000000000 ) ) ;
#1268 = ADVANCED_FACE ( 'NONE', ( #5773 ), #5680, .F. ) ;
#1269 = DIRECTION ( 'NONE',  ( -1.000000000000000000, 0.000000000000000000, 0.000000000000000000 ) ) ;
#1270 = EDGE_CURVE ( 'NONE', #5374, #9181, #1955, .T. ) ;
#1271 = VERTEX_POINT ( 'NONE', #1486 ) ;
#1272 = AXIS2_PLACEMENT_3D ( 'NONE', #8994, #957, #3814 ) ;
#1273 = CARTESIAN_POINT ( 'NONE',  ( 2.715217872447410752, 0.5252332998309695578, 2.397499999999999964 ) ) ;
#1274 = VERTEX_POINT ( 'NONE', #2794 ) ;
#1275 = CARTESIAN_POINT ( 'NONE',  ( 2.715217872447410752, 0.5252332998309695578, 2.802499999999999325 ) ) ;
#1276 = CIRCLE ( 'NONE', #5315, 0.2262146908966421732 ) ;
#1277 = CARTESIAN_POINT ( 'NONE',  ( 2.199999999999999734, 0.7474999999999991651, 0.4475000000000000089 ) ) ;
#1278 = DIRECTION ( 'NONE',  ( -0.000000000000000000, -0.000000000000000000, -1.000000000000000000 ) ) ;
#1279 = VERTEX_POINT ( 'NONE', #4353 ) ;
#1280 = EDGE_CURVE ( 'NONE', #4391, #5995, #76, .T. ) ;
#1281 = CARTESIAN_POINT ( 'NONE',  ( -2.575000000000001066, 0.2499999999999996669, 0.4475000000000000089 ) ) ;
#1282 = EDGE_LOOP ( 'NONE', ( #5169, #2089, #4135, #6322 ) ) ;
#1283 = VECTOR ( 'NONE', #2860, 1000.000000000000000 ) ;
#1284 = DIRECTION ( 'NONE',  ( -3.751076125244977118E-16, 1.000000000000000000, 0.000000000000000000 ) ) ;
#1285 = EDGE_CURVE ( 'NONE', #8922, #2426, #4512, .T. ) ;
#1286 = CARTESIAN_POINT ( 'NONE',  ( -2.575000000000001066, 0.2499999999999996669, -0.4475000000000000089 ) ) ;
#1287 = CARTESIAN_POINT ( 'NONE',  ( 2.801180237303523946, 0.2539479907276123161, -2.152499999999999858 ) ) ;
#1288 = CYLINDRICAL_SURFACE ( 'NONE', #4689, 0.2262146908966421732 ) ;
#1289 = ORIENTED_EDGE ( 'NONE', *, *, #8614, .F. ) ;
#1290 = CARTESIAN_POINT ( 'NONE',  ( 0.000000000000000000, 0.000000000000000000, 0.000000000000000000 ) ) ;
#1291 = LINE ( 'NONE', #1602, #6624 ) ;
#1292 = ORIENTED_EDGE ( 'NONE', *, *, #9061, .T. ) ;
#1293 = FACE_OUTER_BOUND ( 'NONE', #8293, .T. ) ;
#1294 = EDGE_LOOP ( 'NONE', ( #8407, #601, #6055, #1415 ) ) ;
#1295 = ORIENTED_EDGE ( 'NONE', *, *, #1825, .T. ) ;
#1296 = DIRECTION ( 'NONE',  ( 0.000000000000000000, 1.000000000000000000, 0.000000000000000000 ) ) ;
#1297 = LINE ( 'NONE', #1340, #5455 ) ;
#1298 = MECHANICAL_DESIGN_GEOMETRIC_PRESENTATION_REPRESENTATION (  '', ( #4145 ), #4894 ) ;
#1299 = LINE ( 'NONE', #5623, #4566 ) ;
#1300 = DIRECTION ( 'NONE',  ( -0.9998476951563912696, 0.01745240643728362614, 0.000000000000000000 ) ) ;
#1301 = LINE ( 'NONE', #2549, #5073 ) ;
#1302 = LINE ( 'NONE', #6286, #7379 ) ;
#1303 = ORIENTED_EDGE ( 'NONE', *, *, #6207, .T. ) ;
#1304 = CIRCLE ( 'NONE', #96, 0.2262146908966421732 ) ;
#1305 = ORIENTED_EDGE ( 'NONE', *, *, #6856, .F. ) ;
#1306 = DIRECTION ( 'NONE',  ( -0.9998476951563912696, 0.01745240643728362614, 0.000000000000000000 ) ) ;
#1307 = ADVANCED_FACE ( 'NONE', ( #788 ), #8811, .F. ) ;
#1308 = ORIENTED_EDGE ( 'NONE', *, *, #5554, .T. ) ;
#1309 = ORIENTED_EDGE ( 'NONE', *, *, #2754, .T. ) ;
#1310 = FACE_OUTER_BOUND ( 'NONE', #5102, .T. ) ;
#1311 = DIRECTION ( 'NONE',  ( -0.000000000000000000, -0.000000000000000000, -1.000000000000000000 ) ) ;
#1312 = VECTOR ( 'NONE', #1537, 1000.000000000000000 ) ;
#1313 = CARTESIAN_POINT ( 'NONE',  ( -2.570239956649733593, 0.5227027008975635436, -2.152499999999999858 ) ) ;
#1314 = DIRECTION ( 'NONE',  ( 0.000000000000000000, -0.000000000000000000, -1.000000000000000000 ) ) ;
#1315 = DIRECTION ( 'NONE',  ( -0.000000000000000000, -0.000000000000000000, -1.000000000000000000 ) ) ;
#1316 = EDGE_CURVE ( 'NONE', #7489, #5582, #259, .T. ) ;
#1317 = VERTEX_POINT ( 'NONE', #7450 ) ;
#1318 = ADVANCED_FACE ( 'NONE', ( #8150 ), #7317, .F. ) ;
#1319 = VECTOR ( 'NONE', #533, 1000.000000000000000 ) ;
#1320 = CARTESIAN_POINT ( 'NONE',  ( -2.795514986850355044, 0.1729311347361582596, 2.397499999999999964 ) ) ;
#1321 = ORIENTED_EDGE ( 'NONE', *, *, #2037, .T. ) ;
#1322 = EDGE_CURVE ( 'NONE', #6142, #5069, #2401, .T. ) ;
#1323 = LINE ( 'NONE', #5505, #9084 ) ;
#1324 = DIRECTION ( 'NONE',  ( -0.9975640502598241977, -0.06975647374412527468, 0.000000000000000000 ) ) ;
#1325 = DIRECTION ( 'NONE',  ( 1.000000000000000000, 0.000000000000000000, 0.000000000000000000 ) ) ;
#1326 = EDGE_LOOP ( 'NONE', ( #4096, #2214, #1305, #4076 ) ) ;
#1327 = FACE_OUTER_BOUND ( 'NONE', #4489, .T. ) ;
#1328 = ORIENTED_EDGE ( 'NONE', *, *, #5523, .T. ) ;
#1329 = CARTESIAN_POINT ( 'NONE',  ( 2.575000000000001066, 0.2499999999999996669, -0.8524999999999999245 ) ) ;
#1330 = EDGE_CURVE ( 'NONE', #2694, #3331, #1013, .T. ) ;
#1331 = EDGE_CURVE ( 'NONE', #1034, #5543, #4536, .T. ) ;
#1332 = CARTESIAN_POINT ( 'NONE',  ( 3.200000000000000622, 0.1446467872876746885, -3.047499999999999876 ) ) ;
#1333 = CARTESIAN_POINT ( 'NONE',  ( 2.489037635143886984, 0.5212853091033570196, 2.397499999999999964 ) ) ;
#1334 = VERTEX_POINT ( 'NONE', #8767 ) ;
#1335 = EDGE_LOOP ( 'NONE', ( #4865, #9110, #8670, #9081, #7702, #4687, #5502, #7616, #8739, #6508, #2402, #8970 ) ) ;
#1336 = CARTESIAN_POINT ( 'NONE',  ( -3.200000000000000622, 0.1446467872876746885, -2.802499999999999769 ) ) ;
#1337 = ORIENTED_EDGE ( 'NONE', *, *, #1880, .T. ) ;
#1338 = VERTEX_POINT ( 'NONE', #5903 ) ;
#1339 = PRESENTATION_STYLE_ASSIGNMENT (( #8346 ) ) ;
#1340 = CARTESIAN_POINT ( 'NONE',  ( 2.103818155844315196, 1.200000000000000622, 3.249999999999995115 ) ) ;
#1341 = DIRECTION ( 'NONE',  ( 0.000000000000000000, -0.000000000000000000, -1.000000000000000000 ) ) ;
#1342 = DIRECTION ( 'NONE',  ( -0.000000000000000000, -0.000000000000000000, -1.000000000000000000 ) ) ;
#1343 = DIRECTION ( 'NONE',  ( 1.000000000000000000, 0.000000000000000000, 0.000000000000000000 ) ) ;
#1344 = CARTESIAN_POINT ( 'NONE',  ( 2.795514986850355044, 0.1729311347361582596, -0.2024999999999999856 ) ) ;
#1345 = LINE ( 'NONE', #5629, #2257 ) ;
#1346 = ORIENTED_EDGE ( 'NONE', *, *, #6900, .F. ) ;
#1347 = VERTEX_POINT ( 'NONE', #2494 ) ;
#1348 = DIRECTION ( 'NONE',  ( 0.9975640502598241977, -0.06975647374412527468, 0.000000000000000000 ) ) ;
#1349 = VERTEX_POINT ( 'NONE', #3110 ) ;
#1350 = ORIENTED_EDGE ( 'NONE', *, *, #6269, .T. ) ;
#1351 = CARTESIAN_POINT ( 'NONE',  ( -2.785400298157456600, 0.02828434744848380353, 3.047499999999999432 ) ) ;
#1352 = AXIS2_PLACEMENT_3D ( 'NONE', #1371, #4234, #3528 ) ;
#1353 = PRESENTATION_STYLE_ASSIGNMENT (( #702 ) ) ;
#1354 = CARTESIAN_POINT ( 'NONE',  ( 2.199999999999999734, 0.6024999999999991473, 2.802499999999999325 ) ) ;
#1355 = EDGE_CURVE ( 'NONE', #6443, #5800, #2447, .T. ) ;
#1356 = DIRECTION ( 'NONE',  ( 0.06975647374412527468, -0.9975640502598243087, 0.000000000000000000 ) ) ;
#1357 = AXIS2_PLACEMENT_3D ( 'NONE', #1406, #842, #7228 ) ;
#1358 = CARTESIAN_POINT ( 'NONE',  ( 2.489037635143886984, 0.5212853091033570196, 1.097499999999999920 ) ) ;
#1359 = FACE_OUTER_BOUND ( 'NONE', #1259, .T. ) ;
#1360 = ORIENTED_EDGE ( 'NONE', *, *, #5401, .F. ) ;
#1361 = LINE ( 'NONE', #3466, #6486 ) ;
#1362 = EDGE_LOOP ( 'NONE', ( #6318, #8119, #6994, #4059 ) ) ;
#1363 = VECTOR ( 'NONE', #6709, 1000.000000000000000 ) ;
#1364 = COLOUR_RGB ( '',0.8000000000000000444, 0.8196078431372548767, 0.9333333333333333481 ) ;
#1365 = EDGE_CURVE ( 'NONE', #8636, #9091, #5378, .T. ) ;
#1366 = CARTESIAN_POINT ( 'NONE',  ( -2.199999999999999734, 0.7474999999999991651, -1.097499999999999920 ) ) ;
#1367 = CARTESIAN_POINT ( 'NONE',  ( -2.199999999999999734, 0.6024999999999991473, -2.397499999999999964 ) ) ;
#1368 = VERTEX_POINT ( 'NONE', #3922 ) ;
#1369 = AXIS2_PLACEMENT_3D ( 'NONE', #8294, #403, #4863 ) ;
#1370 = VECTOR ( 'NONE', #4861, 1000.000000000000114 ) ;
#1371 = CARTESIAN_POINT ( 'NONE',  ( -2.801180237303523946, 0.2539479907276123161, 0.4475000000000000089 ) ) ;
#1372 = COLOUR_RGB ( '',0.8000000000000000444, 0.8196078431372548767, 0.9333333333333333481 ) ;
#1373 = ORIENTED_EDGE ( 'NONE', *, *, #184, .F. ) ;
#1374 = CARTESIAN_POINT ( 'NONE',  ( 2.801180237303523946, 0.2539479907276123161, -3.047499999999999876 ) ) ;
#1375 = CIRCLE ( 'NONE', #5883, 0.2262146908966421732 ) ;
#1376 = EDGE_CURVE ( 'NONE', #3800, #833, #7404, .T. ) ;
#1377 = DIRECTION ( 'NONE',  ( -0.9975640502598241977, 0.06975647374412534407, 0.000000000000000000 ) ) ;
#1378 = LINE ( 'NONE', #3294, #8743 ) ;
#1379 = ORIENTED_EDGE ( 'NONE', *, *, #2719, .F. ) ;
#1380 = ORIENTED_EDGE ( 'NONE', *, *, #3954, .F. ) ;
#1381 = ADVANCED_FACE ( 'NONE', ( #3157 ), #2315, .F. ) ;
#1382 = VECTOR ( 'NONE', #2189, 1000.000000000000227 ) ;
#1383 = DIRECTION ( 'NONE',  ( 1.000000000000000000, 0.000000000000000000, 0.000000000000000000 ) ) ;
#1384 = EDGE_CURVE ( 'NONE', #3223, #6647, #2704, .T. ) ;
#1385 = ORIENTED_EDGE ( 'NONE', *, *, #9310, .F. ) ;
#1386 = LINE ( 'NONE', #822, #40 ) ;
#1387 = PLANE ( 'NONE',  #1249 ) ;
#1388 = FACE_OUTER_BOUND ( 'NONE', #3365, .T. ) ;
#1389 = VECTOR ( 'NONE', #6014, 1000.000000000000000 ) ;
#1390 = CARTESIAN_POINT ( 'NONE',  ( -2.570239956649733593, 0.5227027008975635436, 1.747500000000000275 ) ) ;
#1391 = AXIS2_PLACEMENT_3D ( 'NONE', #3694, #7274, #6608 ) ;
#1392 = DIRECTION ( 'NONE',  ( -0.01745240643728362268, -0.9998476951563911586, 0.000000000000000000 ) ) ;
#1393 = CARTESIAN_POINT ( 'NONE',  ( -2.489037635143886984, 0.7474999999999992761, 1.747500000000000275 ) ) ;
#1394 = DIRECTION ( 'NONE',  ( -1.000000000000000000, 0.000000000000000000, 0.000000000000000000 ) ) ;
#1395 = VERTEX_POINT ( 'NONE', #4447 ) ;
#1396 = ORIENTED_EDGE ( 'NONE', *, *, #8565, .T. ) ;
#1397 = DIRECTION ( 'NONE',  ( -0.000000000000000000, -0.000000000000000000, -1.000000000000000000 ) ) ;
#1398 = VERTEX_POINT ( 'NONE', #3822 ) ;
#1399 = ORIENTED_EDGE ( 'NONE', *, *, #2429, .T. ) ;
#1400 = VECTOR ( 'NONE', #409, 1000.000000000000000 ) ;
#1401 = DIRECTION ( 'NONE',  ( 0.01745240643728362268, 0.9998476951563911586, -0.000000000000000000 ) ) ;
#1402 = CARTESIAN_POINT ( 'NONE',  ( 2.199999999999999734, 0.7474999999999991651, -2.152499999999999858 ) ) ;
#1403 = AXIS2_PLACEMENT_3D ( 'NONE', #8141, #7440, #3861 ) ;
#1404 = FACE_OUTER_BOUND ( 'NONE', #4984, .T. ) ;
#1405 = DIRECTION ( 'NONE',  ( -0.000000000000000000, -0.000000000000000000, -1.000000000000000000 ) ) ;
#1406 = CARTESIAN_POINT ( 'NONE',  ( 2.199999999999999734, 0.6024999999999991473, -0.2024999999999999856 ) ) ;
#1407 = ORIENTED_EDGE ( 'NONE', *, *, #927, .F. ) ;
#1408 = LINE ( 'NONE', #5596, #3163 ) ;
#1409 = ORIENTED_EDGE ( 'NONE', *, *, #8829, .T. ) ;
#1410 = ADVANCED_FACE ( 'NONE', ( #8905 ), #5332, .F. ) ;
#1411 = AXIS2_PLACEMENT_3D ( 'NONE', #6394, #4883, #8546 ) ;
#1412 = CARTESIAN_POINT ( 'NONE',  ( -1.653818155844315463, 1.200000000000000622, -2.703818155844308180 ) ) ;
#1413 = CARTESIAN_POINT ( 'NONE',  ( -2.199999999999999734, 0.7474999999999991651, -1.097499999999999920 ) ) ;
#1414 = CIRCLE ( 'NONE', #57, 0.2262146908966421732 ) ;
#1415 = ORIENTED_EDGE ( 'NONE', *, *, #2702, .F. ) ;
#1416 = VERTEX_POINT ( 'NONE', #7491 ) ;
#1417 = EDGE_CURVE ( 'NONE', #4938, #3298, #3209, .T. ) ;
#1418 = UNCERTAINTY_MEASURE_WITH_UNIT (LENGTH_MEASURE( 1.000000000000000082E-05 ), #1978, 'distance_accuracy_value', 'NONE');
#1419 = CARTESIAN_POINT ( 'NONE',  ( 2.719977915797677337, 0.2525305989334057921, 0.4475000000000000089 ) ) ;
#1420 = CIRCLE ( 'NONE', #1118, 0.08121469089664243302 ) ;
#1421 = LINE ( 'NONE', #4430, #7882 ) ;
#1422 = CARTESIAN_POINT ( 'NONE',  ( 2.489037635143886984, 0.5212853091033570196, -0.8524999999999999245 ) ) ;
#1423 = DIRECTION ( 'NONE',  ( 1.000000000000000000, 0.000000000000000000, 0.000000000000000000 ) ) ;
#1424 = ORIENTED_EDGE ( 'NONE', *, *, #4206, .F. ) ;
#1425 = LINE ( 'NONE', #7342, #2705 ) ;
#1426 = VECTOR ( 'NONE', #7012, 1000.000000000000000 ) ;
#1427 = ORIENTED_EDGE ( 'NONE', *, *, #7192, .F. ) ;
#1428 = CARTESIAN_POINT ( 'NONE',  ( 2.489037635143886984, 0.5212853091033570196, -2.152499999999999858 ) ) ;
#1429 = EDGE_CURVE ( 'NONE', #5704, #3594, #160, .T. ) ;
#1430 = ORIENTED_EDGE ( 'NONE', *, *, #8379, .F. ) ;
#1431 = LINE ( 'NONE', #6779, #4847 ) ;
#1432 = DIRECTION ( 'NONE',  ( 1.000000000000000000, 0.000000000000000000, -1.334402673828315558E-16 ) ) ;
#1433 = LINE ( 'NONE', #7924, #4271 ) ;
#1434 = AXIS2_PLACEMENT_3D ( 'NONE', #8785, #3040, #8038 ) ;
#1435 = EDGE_CURVE ( 'NONE', #8766, #1034, #1617, .T. ) ;
#1436 = PLANE ( 'NONE',  #836 ) ;
#1437 = DIRECTION ( 'NONE',  ( -0.000000000000000000, -0.000000000000000000, -1.000000000000000000 ) ) ;
#1438 = DIRECTION ( 'NONE',  ( 0.000000000000000000, 0.000000000000000000, 1.000000000000000000 ) ) ;
#1439 = DIRECTION ( 'NONE',  ( -0.000000000000000000, -1.000000000000000000, -0.000000000000000000 ) ) ;
#1440 = EDGE_LOOP ( 'NONE', ( #4196, #3778, #8709, #1115 ) ) ;
#1441 = VERTEX_POINT ( 'NONE', #3777 ) ;
#1442 = CARTESIAN_POINT ( 'NONE',  ( -2.489037635143886984, 0.5212853091033570196, 0.8524999999999999245 ) ) ;
#1443 = ORIENTED_EDGE ( 'NONE', *, *, #1280, .F. ) ;
#1444 = ORIENTED_EDGE ( 'NONE', *, *, #4259, .F. ) ;
#1445 = COLOUR_RGB ( '',0.8000000000000000444, 0.8196078431372548767, 0.9333333333333333481 ) ;
#1446 = CARTESIAN_POINT ( 'NONE',  ( -2.489037635143886984, 0.5212853091033570196, 1.097499999999999920 ) ) ;
#1447 = DIRECTION ( 'NONE',  ( -1.000000000000000000, 3.751076125244977118E-16, 0.000000000000000000 ) ) ;
#1448 = CARTESIAN_POINT ( 'NONE',  ( 2.199999999999999734, 0.6024999999999991473, -2.802499999999999769 ) ) ;
#1449 = EDGE_CURVE ( 'NONE', #3067, #3337, #3065, .T. ) ;
#1450 = AXIS2_PLACEMENT_3D ( 'NONE', #7835, #6990, #3549 ) ;
#1451 = VECTOR ( 'NONE', #4849, 1000.000000000000000 ) ;
#1452 = CARTESIAN_POINT ( 'NONE',  ( 2.715217872447410752, 0.5252332998309695578, -0.8524999999999999245 ) ) ;
#1453 = LINE ( 'NONE', #3416, #7065 ) ;
#1454 = EDGE_CURVE ( 'NONE', #6086, #3064, #9096, .T. ) ;
#1455 = DIRECTION ( 'NONE',  ( 0.9975640502598241977, 0.06975647374412534407, -0.000000000000000000 ) ) ;
#1456 = ORIENTED_EDGE ( 'NONE', *, *, #5795, .F. ) ;
#1457 = CARTESIAN_POINT ( 'NONE',  ( 2.199999999999999734, 0.7474999999999991651, 2.802499999999999325 ) ) ;
#1458 = VERTEX_POINT ( 'NONE', #2640 ) ;
#1459 = VECTOR ( 'NONE', #7708, 1000.000000000000000 ) ;
#1460 = DIRECTION ( 'NONE',  ( 0.000000000000000000, 0.000000000000000000, 1.000000000000000000 ) ) ;
#1461 = CARTESIAN_POINT ( 'NONE',  ( 3.200000000000000622, 0.1446467872876746885, -1.502499999999999947 ) ) ;
#1462 = AXIS2_PLACEMENT_3D ( 'NONE', #3726, #9037, #114 ) ;
#1463 = ORIENTED_EDGE ( 'NONE', *, *, #1559, .T. ) ;
#1464 = FACE_OUTER_BOUND ( 'NONE', #6460, .T. ) ;
#1465 = EDGE_LOOP ( 'NONE', ( #1868, #6005, #9236, #6112, #930, #4248, #1514, #1106, #6292, #3976, #377, #5679 ) ) ;
#1466 = CARTESIAN_POINT ( 'NONE',  ( -2.199999999999999734, 0.6024999999999991473, 3.047499999999999432 ) ) ;
#1467 = AXIS2_PLACEMENT_3D ( 'NONE', #484, #5652, #1325 ) ;
#1468 = CARTESIAN_POINT ( 'NONE',  ( -2.489037635143886984, 0.5212853091033570196, 0.8524999999999999245 ) ) ;
#1469 = FILL_AREA_STYLE ('',( #7913 ) ) ;
#1470 = EDGE_CURVE ( 'NONE', #7273, #3108, #3468, .T. ) ;
#1471 = CARTESIAN_POINT ( 'NONE',  ( -3.200000000000000622, 0.1446467872876746885, 2.802499999999999325 ) ) ;
#1472 = ORIENTED_EDGE ( 'NONE', *, *, #6500, .F. ) ;
#1473 = CYLINDRICAL_SURFACE ( 'NONE', #5123, 0.2262146908966421732 ) ;
#1474 = ORIENTED_EDGE ( 'NONE', *, *, #2865, .F. ) ;
#1475 = FACE_OUTER_BOUND ( 'NONE', #3649, .T. ) ;
#1476 = ORIENTED_EDGE ( 'NONE', *, *, #1270, .T. ) ;
#1477 = FACE_OUTER_BOUND ( 'NONE', #5155, .T. ) ;
#1478 = LINE ( 'NONE', #780, #8765 ) ;
#1479 = CARTESIAN_POINT ( 'NONE',  ( 2.785400298157456600, 0.02828434744848385904, 1.502500000000000391 ) ) ;
#1480 = EDGE_CURVE ( 'NONE', #3880, #6909, #7527, .T. ) ;
#1481 = FACE_OUTER_BOUND ( 'NONE', #2227, .T. ) ;
#1482 = CARTESIAN_POINT ( 'NONE',  ( -2.489037635143886984, 0.5212853091033570196, -2.152499999999999858 ) ) ;
#1483 = CARTESIAN_POINT ( 'NONE',  ( 2.801180237303523946, 0.2539479907276123161, 2.802499999999999325 ) ) ;
#1484 = ORIENTED_EDGE ( 'NONE', *, *, #218, .F. ) ;
#1485 = ORIENTED_EDGE ( 'NONE', *, *, #6951, .F. ) ;
#1486 = CARTESIAN_POINT ( 'NONE',  ( 2.719977915797677337, 0.2525305989334057921, -1.097499999999999920 ) ) ;
#1487 = ORIENTED_EDGE ( 'NONE', *, *, #7930, .T. ) ;
#1488 = VERTEX_POINT ( 'NONE', #6228 ) ;
#1489 = CARTESIAN_POINT ( 'NONE',  ( 2.489037635143886984, 0.6024999999999990363, 1.747500000000000275 ) ) ;
#1490 = CARTESIAN_POINT ( 'NONE',  ( -2.785400298157456600, 0.02828434744848380353, 0.4475000000000000089 ) ) ;
#1491 = DIRECTION ( 'NONE',  ( 1.000000000000000000, 0.000000000000000000, -0.000000000000000000 ) ) ;
#1492 = EDGE_CURVE ( 'NONE', #78, #2606, #9001, .T. ) ;
#1493 = CARTESIAN_POINT ( 'NONE',  ( -2.801180237303523946, 0.2539479907276123161, 0.8524999999999999245 ) ) ;
#1494 = DIRECTION ( 'NONE',  ( -0.000000000000000000, -0.000000000000000000, -1.000000000000000000 ) ) ;
#1495 = CARTESIAN_POINT ( 'NONE',  ( -3.189885311307102622, 1.626303258728256651E-16, -1.502499999999999947 ) ) ;
#1496 = EDGE_LOOP ( 'NONE', ( #8308, #2793, #5947, #960 ) ) ;
#1497 = CARTESIAN_POINT ( 'NONE',  ( 2.570239956649733593, 0.5227027008975635436, 1.747500000000000275 ) ) ;
#1498 = EDGE_CURVE ( 'NONE', #3908, #5946, #3350, .T. ) ;
#1499 = ORIENTED_EDGE ( 'NONE', *, *, #8228, .T. ) ;
#1500 = ADVANCED_FACE ( 'NONE', ( #3258 ), #6132, .T. ) ;
#1501 = CARTESIAN_POINT ( 'NONE',  ( -2.199999999999999734, 0.7474999999999991651, 3.249999999999996003 ) ) ;
#1502 = DIRECTION ( 'NONE',  ( 0.9998476951563912696, -0.01745240643728044813, 0.000000000000000000 ) ) ;
#1503 = ORIENTED_EDGE ( 'NONE', *, *, #5053, .T. ) ;
#1504 = LINE ( 'NONE', #6448, #4858 ) ;
#1505 = ORIENTED_EDGE ( 'NONE', *, *, #4889, .F. ) ;
#1506 = VECTOR ( 'NONE', #8211, 1000.000000000000000 ) ;
#1507 = CARTESIAN_POINT ( 'NONE',  ( 2.199999999999999734, 0.6024999999999991473, 3.047499999999999432 ) ) ;
#1508 = VECTOR ( 'NONE', #8405, 1000.000000000000000 ) ;
#1509 = DIRECTION ( 'NONE',  ( 1.000000000000000000, 0.000000000000000000, 0.000000000000000000 ) ) ;
#1510 = DIRECTION ( 'NONE',  ( 1.000000000000000000, 0.000000000000000000, 0.000000000000000000 ) ) ;
#1511 = AXIS2_PLACEMENT_3D ( 'NONE', #1574, #7087, #7218 ) ;
#1512 =( GEOMETRIC_REPRESENTATION_CONTEXT ( 3 ) GLOBAL_UNCERTAINTY_ASSIGNED_CONTEXT ( ( #7362 ) ) GLOBAL_UNIT_ASSIGNED_CONTEXT ( ( #497, #6369, #2638 ) ) REPRESENTATION_CONTEXT ( 'NONE', 'WORKASPACE' ) );
#1513 = CARTESIAN_POINT ( 'NONE',  ( -2.489037635143886984, 0.5212853091033570196, -2.397499999999999964 ) ) ;
#1514 = ORIENTED_EDGE ( 'NONE', *, *, #5370, .T. ) ;
#1515 = VECTOR ( 'NONE', #6383, 1000.000000000000227 ) ;
#1516 = DIRECTION ( 'NONE',  ( -0.000000000000000000, -0.000000000000000000, -1.000000000000000000 ) ) ;
#1517 = EDGE_LOOP ( 'NONE', ( #962, #1563, #1542, #8682 ) ) ;
#1518 = ORIENTED_EDGE ( 'NONE', *, *, #2545, .T. ) ;
#1519 = AXIS2_PLACEMENT_3D ( 'NONE', #6885, #7733, #6180 ) ;
#1520 = EDGE_CURVE ( 'NONE', #8244, #919, #5524, .T. ) ;
#1521 = DIRECTION ( 'NONE',  ( 0.000000000000000000, 0.000000000000000000, 1.000000000000000000 ) ) ;
#1522 = DIRECTION ( 'NONE',  ( -0.000000000000000000, -0.000000000000000000, -1.000000000000000000 ) ) ;
#1523 =( NAMED_UNIT ( * ) SI_UNIT ( $, .STERADIAN. ) SOLID_ANGLE_UNIT ( ) );
#1524 = CARTESIAN_POINT ( 'NONE',  ( -2.489037635143886984, 0.7474999999999992761, -0.2024999999999999856 ) ) ;
#1525 = DIRECTION ( 'NONE',  ( -0.9975640502598241977, 0.06975647374412526081, 0.000000000000000000 ) ) ;
#1526 = ORIENTED_EDGE ( 'NONE', *, *, #8258, .T. ) ;
#1527 = ORIENTED_EDGE ( 'NONE', *, *, #1331, .F. ) ;
#1528 = DIRECTION ( 'NONE',  ( -1.000000000000000000, 0.000000000000000000, 0.000000000000000000 ) ) ;
#1529 = ORIENTED_EDGE ( 'NONE', *, *, #3003, .F. ) ;
#1530 = ORIENTED_EDGE ( 'NONE', *, *, #4470, .T. ) ;
#1531 = DIRECTION ( 'NONE',  ( -1.000000000000000000, 0.000000000000000000, 0.000000000000000000 ) ) ;
#1532 = ADVANCED_FACE ( 'NONE', ( #591 ), #4108, .F. ) ;
#1533 = LINE ( 'NONE', #3161, #6047 ) ;
#1534 = CIRCLE ( 'NONE', #643, 0.08121469089664200280 ) ;
#1535 = VECTOR ( 'NONE', #7135, 1000.000000000000000 ) ;
#1536 = DIRECTION ( 'NONE',  ( 0.000000000000000000, 1.000000000000000000, 0.000000000000000000 ) ) ;
#1537 = DIRECTION ( 'NONE',  ( 0.000000000000000000, -0.000000000000000000, -1.000000000000000000 ) ) ;
#1538 = FACE_OUTER_BOUND ( 'NONE', #3527, .T. ) ;
#1539 = ORIENTED_EDGE ( 'NONE', *, *, #237, .F. ) ;
#1540 = DIRECTION ( 'NONE',  ( -0.000000000000000000, -0.000000000000000000, -1.000000000000000000 ) ) ;
#1541 = ADVANCED_FACE ( 'NONE', ( #7545 ), #4770, .F. ) ;
#1542 = ORIENTED_EDGE ( 'NONE', *, *, #2601, .F. ) ;
#1543 = ADVANCED_FACE ( 'NONE', ( #1293 ), #4675, .T. ) ;
#1544 = AXIS2_PLACEMENT_3D ( 'NONE', #7033, #3442, #9100 ) ;
#1545 = DIRECTION ( 'NONE',  ( -0.000000000000000000, 1.000000000000000000, -0.000000000000000000 ) ) ;
#1546 = EDGE_CURVE ( 'NONE', #5040, #4143, #4674, .T. ) ;
#1547 = DIRECTION ( 'NONE',  ( 0.000000000000000000, 0.000000000000000000, 1.000000000000000000 ) ) ;
#1548 = EDGE_CURVE ( 'NONE', #2237, #3288, #8433, .T. ) ;
#1549 = VERTEX_POINT ( 'NONE', #6983 ) ;
#1550 = CARTESIAN_POINT ( 'NONE',  ( 3.200000000000000622, 0.1446467872876746885, 1.747500000000000275 ) ) ;
#1551 = EDGE_CURVE ( 'NONE', #3575, #5288, #2733, .T. ) ;
#1552 = DIRECTION ( 'NONE',  ( -0.000000000000000000, -0.000000000000000000, -1.000000000000000000 ) ) ;
#1553 = CARTESIAN_POINT ( 'NONE',  ( -2.489037635143886984, 0.5212853091033570196, -1.502499999999999947 ) ) ;
#1554 = AXIS2_PLACEMENT_3D ( 'NONE', #8095, #395, #3200 ) ;
#1555 = EDGE_CURVE ( 'NONE', #1001, #4911, #7593, .T. ) ;
#1556 = DIRECTION ( 'NONE',  ( -0.01745240643728044813, -0.9998476951563912696, 0.000000000000000000 ) ) ;
#1557 = LINE ( 'NONE', #2166, #6347 ) ;
#1558 = VERTEX_POINT ( 'NONE', #3396 ) ;
#1559 = EDGE_CURVE ( 'NONE', #1279, #1676, #447, .T. ) ;
#1560 = LINE ( 'NONE', #818, #4977 ) ;
#1561 = EDGE_LOOP ( 'NONE', ( #652, #2626, #2856, #5355 ) ) ;
#1562 = ADVANCED_FACE ( 'NONE', ( #2592 ), #2682, .F. ) ;
#1563 = ORIENTED_EDGE ( 'NONE', *, *, #6493, .F. ) ;
#1564 = VECTOR ( 'NONE', #7296, 1000.000000000000000 ) ;
#1565 = LINE ( 'NONE', #4439, #347 ) ;
#1566 = CARTESIAN_POINT ( 'NONE',  ( -2.719977915797677337, 0.2525305989334057921, -0.2024999999999999856 ) ) ;
#1567 = CARTESIAN_POINT ( 'NONE',  ( 2.489037635143886984, 0.6024999999999990363, -2.152499999999999858 ) ) ;
#1568 = CARTESIAN_POINT ( 'NONE',  ( -2.489037635143886984, 0.5212853091033570196, -2.397499999999999964 ) ) ;
#1569 = VECTOR ( 'NONE', #6487, 1000.000000000000000 ) ;
#1570 = CYLINDRICAL_SURFACE ( 'NONE', #5967, 0.08121469089664200280 ) ;
#1571 = PLANE ( 'NONE',  #6021 ) ;
#1572 = ORIENTED_EDGE ( 'NONE', *, *, #1691, .F. ) ;
#1573 = VERTEX_POINT ( 'NONE', #6932 ) ;
#1574 = CARTESIAN_POINT ( 'NONE',  ( -2.801180237303523946, 0.2539479907276123161, 2.152499999999999858 ) ) ;
#1575 = VERTEX_POINT ( 'NONE', #6631 ) ;
#1576 = ORIENTED_EDGE ( 'NONE', *, *, #5318, .T. ) ;
#1577 = DIRECTION ( 'NONE',  ( -1.000000000000000000, 0.000000000000000000, 0.000000000000000000 ) ) ;
#1578 = FACE_OUTER_BOUND ( 'NONE', #5186, .T. ) ;
#1579 = CARTESIAN_POINT ( 'NONE',  ( -2.785400298157456600, 0.02828434744848385904, -3.047499999999999876 ) ) ;
#1580 = DIRECTION ( 'NONE',  ( -0.000000000000000000, -0.000000000000000000, -1.000000000000000000 ) ) ;
#1581 = EDGE_CURVE ( 'NONE', #3411, #1398, #5266, .T. ) ;
#1582 = CARTESIAN_POINT ( 'NONE',  ( -3.200000000000000622, 0.1446467872876746885, 3.047499999999999432 ) ) ;
#1583 = AXIS2_PLACEMENT_3D ( 'NONE', #8425, #7024, #5557 ) ;
#1584 = ORIENTED_EDGE ( 'NONE', *, *, #8501, .T. ) ;
#1585 = CARTESIAN_POINT ( 'NONE',  ( 2.199999999999999734, 0.7474999999999991651, 2.397499999999999964 ) ) ;
#1586 = ORIENTED_EDGE ( 'NONE', *, *, #5011, .F. ) ;
#1587 = DIRECTION ( 'NONE',  ( 0.01745240643728044813, -0.9998476951563912696, 0.000000000000000000 ) ) ;
#1588 = ORIENTED_EDGE ( 'NONE', *, *, #7767, .T. ) ;
#1589 = AXIS2_PLACEMENT_3D ( 'NONE', #2155, #7995, #1547 ) ;
#1590 = PLANE ( 'NONE',  #8488 ) ;
#1591 = LINE ( 'NONE', #890, #8797 ) ;
#1592 = EDGE_CURVE ( 'NONE', #1750, #3632, #893, .T. ) ;
#1593 = ADVANCED_FACE ( 'NONE', ( #2078 ), #3583, .F. ) ;
#1594 = VERTEX_POINT ( 'NONE', #730 ) ;
#1595 = CARTESIAN_POINT ( 'NONE',  ( -2.785400298157456600, 0.02828434744848385904, -1.502499999999999947 ) ) ;
#1596 = AXIS2_PLACEMENT_3D ( 'NONE', #267, #3116, #3164 ) ;
#1597 = DIRECTION ( 'NONE',  ( 0.06975647374412519142, -0.9975640502598243087, 0.000000000000000000 ) ) ;
#1598 = DIRECTION ( 'NONE',  ( -0.000000000000000000, 0.000000000000000000, 1.000000000000000000 ) ) ;
#1599 = CARTESIAN_POINT ( 'NONE',  ( -2.199999999999999734, 0.7474999999999991651, -2.802499999999999769 ) ) ;
#1600 = ADVANCED_FACE ( 'NONE', ( #8573 ), #3803, .F. ) ;
#1601 = ORIENTED_EDGE ( 'NONE', *, *, #7865, .F. ) ;
#1602 = CARTESIAN_POINT ( 'NONE',  ( 2.199999999999999734, 0.6024999999999991473, 2.397499999999999964 ) ) ;
#1603 = ORIENTED_EDGE ( 'NONE', *, *, #3272, .T. ) ;
#1604 = EDGE_LOOP ( 'NONE', ( #5379, #7115, #5428, #2140 ) ) ;
#1605 = AXIS2_PLACEMENT_3D ( 'NONE', #2067, #8414, #7719 ) ;
#1606 = CARTESIAN_POINT ( 'NONE',  ( 2.715217872447410752, 0.5252332998309695578, -1.502499999999999947 ) ) ;
#1607 = EDGE_CURVE ( 'NONE', #6909, #4898, #238, .T. ) ;
#1608 = EDGE_CURVE ( 'NONE', #9181, #7009, #188, .T. ) ;
#1609 = DIRECTION ( 'NONE',  ( 0.000000000000000000, -0.000000000000000000, -1.000000000000000000 ) ) ;
#1610 = CARTESIAN_POINT ( 'NONE',  ( 3.200000000000000622, 0.1446467872876746885, -1.747499999999999831 ) ) ;
#1611 = SURFACE_SIDE_STYLE ('',( #8057 ) ) ;
#1612 = CARTESIAN_POINT ( 'NONE',  ( -2.715217872447410752, 0.5252332998309695578, 1.502500000000000391 ) ) ;
#1613 = DIRECTION ( 'NONE',  ( -0.000000000000000000, 1.000000000000000000, -0.000000000000000000 ) ) ;
#1614 = DIRECTION ( 'NONE',  ( -1.000000000000000000, 0.000000000000000000, 0.000000000000000000 ) ) ;
#1615 = ORIENTED_EDGE ( 'NONE', *, *, #9182, .F. ) ;
#1616 = VERTEX_POINT ( 'NONE', #637 ) ;
#1617 = LINE ( 'NONE', #4491, #4377 ) ;
#1618 = ORIENTED_EDGE ( 'NONE', *, *, #3762, .T. ) ;
#1619 = ORIENTED_EDGE ( 'NONE', *, *, #4656, .F. ) ;
#1620 = LINE ( 'NONE', #5996, #3326 ) ;
#1621 = DIRECTION ( 'NONE',  ( 0.06975647374412527468, -0.9975640502598243087, 0.000000000000000000 ) ) ;
#1622 = PLANE ( 'NONE',  #811 ) ;
#1623 = PLANE ( 'NONE',  #8511 ) ;
#1624 = CARTESIAN_POINT ( 'NONE',  ( -2.795514986850355044, 0.1729311347361582596, -0.8524999999999999245 ) ) ;
#1625 = EDGE_LOOP ( 'NONE', ( #8120, #4630, #9107, #8903 ) ) ;
#1626 = CARTESIAN_POINT ( 'NONE',  ( 2.489037635143886984, 0.7474999999999992761, -0.4475000000000000089 ) ) ;
#1627 = ORIENTED_EDGE ( 'NONE', *, *, #4766, .F. ) ;
#1628 = CARTESIAN_POINT ( 'NONE',  ( -1.653818155844315463, 1.200000000000000622, -2.703818155844308180 ) ) ;
#1629 = ORIENTED_EDGE ( 'NONE', *, *, #3494, .F. ) ;
#1630 = EDGE_CURVE ( 'NONE', #8342, #1255, #7919, .T. ) ;
#1631 = DIRECTION ( 'NONE',  ( -0.9975640502598243087, 0.06975647374412519142, 0.000000000000000000 ) ) ;
#1632 = DIRECTION ( 'NONE',  ( -1.000000000000000000, 0.000000000000000000, 0.000000000000000000 ) ) ;
#1633 = ORIENTED_EDGE ( 'NONE', *, *, #5282, .F. ) ;
#1634 = CARTESIAN_POINT ( 'NONE',  ( 2.489037635143886984, 0.5212853091033570196, 2.397499999999999964 ) ) ;
#1635 = CARTESIAN_POINT ( 'NONE',  ( 2.489037635143886984, 0.6024999999999990363, -2.802499999999999769 ) ) ;
#1636 = CARTESIAN_POINT ( 'NONE',  ( -2.489037635143886984, 0.5212853091033570196, -0.4475000000000000089 ) ) ;
#1637 = COLOUR_RGB ( '',0.8000000000000000444, 0.8196078431372548767, 0.9333333333333333481 ) ;
#1638 = ADVANCED_FACE ( 'NONE', ( #6459 ), #4910, .F. ) ;
#1639 = LINE ( 'NONE', #5178, #4880 ) ;
#1640 = LINE ( 'NONE', #2525, #3385 ) ;
#1641 = EDGE_LOOP ( 'NONE', ( #8296, #6406, #1014, #7162 ) ) ;
#1642 = VECTOR ( 'NONE', #6481, 1000.000000000000000 ) ;
#1643 = DIRECTION ( 'NONE',  ( -1.000000000000000000, 0.000000000000000000, 0.000000000000000000 ) ) ;
#1644 = ORIENTED_EDGE ( 'NONE', *, *, #5624, .T. ) ;
#1645 = DIRECTION ( 'NONE',  ( -1.000000000000000000, -0.000000000000000000, 1.971276677246372012E-16 ) ) ;
#1646 = ADVANCED_FACE ( 'NONE', ( #1475 ), #8084, .F. ) ;
#1647 = EDGE_CURVE ( 'NONE', #2002, #1416, #2123, .T. ) ;
#1648 = DIRECTION ( 'NONE',  ( 0.9975640502598241977, -0.06975647374412527468, 0.000000000000000000 ) ) ;
#1649 = AXIS2_PLACEMENT_3D ( 'NONE', #4167, #3313, #418 ) ;
#1650 = LINE ( 'NONE', #4531, #3207 ) ;
#1651 = CIRCLE ( 'NONE', #6019, 0.08121469089664200280 ) ;
#1652 = VECTOR ( 'NONE', #1217, 1000.000000000000000 ) ;
#1653 = FACE_OUTER_BOUND ( 'NONE', #4445, .T. ) ;
#1654 = EDGE_LOOP ( 'NONE', ( #6276, #4099, #5950, #2029 ) ) ;
#1655 = EDGE_CURVE ( 'NONE', #1843, #5342, #3493, .T. ) ;
#1656 = ADVANCED_FACE ( 'NONE', ( #2781 ), #3753, .F. ) ;
#1657 = DIRECTION ( 'NONE',  ( 0.000000000000000000, 0.000000000000000000, 1.000000000000000000 ) ) ;
#1658 = ORIENTED_EDGE ( 'NONE', *, *, #1607, .T. ) ;
#1659 = EDGE_LOOP ( 'NONE', ( #9172, #5284, #1054, #5690 ) ) ;
#1660 = AXIS2_PLACEMENT_3D ( 'NONE', #993, #5403, #1820 ) ;
#1661 = DIRECTION ( 'NONE',  ( -1.000000000000000000, 3.751076125244977118E-16, 0.000000000000000000 ) ) ;
#1662 = VERTEX_POINT ( 'NONE', #4249 ) ;
#1663 = ORIENTED_EDGE ( 'NONE', *, *, #9310, .T. ) ;
#1664 = CARTESIAN_POINT ( 'NONE',  ( 2.199999999999999734, 0.7474999999999991651, -1.502499999999999947 ) ) ;
#1665 = LINE ( 'NONE', #4541, #8304 ) ;
#1666 = CARTESIAN_POINT ( 'NONE',  ( -2.575000000000001066, 0.2499999999999996669, 3.047499999999999432 ) ) ;
#1667 = VECTOR ( 'NONE', #8781, 1000.000000000000000 ) ;
#1668 = CARTESIAN_POINT ( 'NONE',  ( 3.200000000000000622, 0.1446467872876746885, 1.747500000000000275 ) ) ;
#1669 = CARTESIAN_POINT ( 'NONE',  ( -2.801180237303523946, 0.2539479907276123161, -3.047499999999999876 ) ) ;
#1670 = EDGE_LOOP ( 'NONE', ( #4246, #9062, #7721, #5853 ) ) ;
#1671 = LINE ( 'NONE', #4552, #1363 ) ;
#1672 = ORIENTED_EDGE ( 'NONE', *, *, #4882, .F. ) ;
#1673 = VERTEX_POINT ( 'NONE', #8624 ) ;
#1674 = AXIS2_PLACEMENT_3D ( 'NONE', #1513, #8619, #5047 ) ;
#1675 = CARTESIAN_POINT ( 'NONE',  ( 2.199999999999999734, 0.7474999999999991651, -0.2024999999999999856 ) ) ;
#1676 = VERTEX_POINT ( 'NONE', #4341 ) ;
#1677 = LINE ( 'NONE', #2420, #1725 ) ;
#1678 = STYLED_ITEM ( 'NONE', ( #4515 ), #3303 ) ;
#1679 = CIRCLE ( 'NONE', #644, 0.08121469089664243302 ) ;
#1680 = LINE ( 'NONE', #7333, #3083 ) ;
#1681 = VECTOR ( 'NONE', #5710, 1000.000000000000000 ) ;
#1682 = EDGE_LOOP ( 'NONE', ( #392, #4352, #9233, #7016 ) ) ;
#1683 = DIRECTION ( 'NONE',  ( 1.000000000000000000, 3.751076125244977118E-16, -0.000000000000000000 ) ) ;
#1684 = EDGE_CURVE ( 'NONE', #5357, #2446, #7204, .T. ) ;
#1685 = DIRECTION ( 'NONE',  ( -0.000000000000000000, -0.000000000000000000, -1.000000000000000000 ) ) ;
#1686 = UNCERTAINTY_MEASURE_WITH_UNIT (LENGTH_MEASURE( 1.000000000000000082E-05 ), #8937, 'distance_accuracy_value', 'NONE');
#1687 = AXIS2_PLACEMENT_3D ( 'NONE', #6509, #8711, #6555 ) ;
#1688 = CARTESIAN_POINT ( 'NONE',  ( -2.570239956649733593, 0.5227027008975635436, -3.047499999999999876 ) ) ;
#1689 = CARTESIAN_POINT ( 'NONE',  ( 2.801180237303523946, 0.2539479907276123161, 0.2024999999999999856 ) ) ;
#1690 = VERTEX_POINT ( 'NONE', #8529 ) ;
#1691 = EDGE_CURVE ( 'NONE', #638, #7064, #4296, .T. ) ;
#1692 = DIRECTION ( 'NONE',  ( -1.000000000000000000, 0.000000000000000000, 0.000000000000000000 ) ) ;
#1693 = ORIENTED_EDGE ( 'NONE', *, *, #7116, .F. ) ;
#1694 = DIRECTION ( 'NONE',  ( -0.01745240643728044813, -0.9998476951563912696, 0.000000000000000000 ) ) ;
#1695 = DIRECTION ( 'NONE',  ( -0.000000000000000000, -0.000000000000000000, -1.000000000000000000 ) ) ;
#1696 = AXIS2_PLACEMENT_3D ( 'NONE', #6245, #2803, #6436 ) ;
#1697 = CARTESIAN_POINT ( 'NONE',  ( -2.489037635143886984, 0.7474999999999992761, -1.502499999999999947 ) ) ;
#1698 = PLANE ( 'NONE',  #7437 ) ;
#1699 = CARTESIAN_POINT ( 'NONE',  ( -2.795514986850355044, 0.1729311347361582596, 1.747500000000000275 ) ) ;
#1700 = EDGE_LOOP ( 'NONE', ( #3667, #6963, #7018, #4006 ) ) ;
#1701 = EDGE_CURVE ( 'NONE', #1885, #4434, #7825, .T. ) ;
#1702 = DIRECTION ( 'NONE',  ( 0.000000000000000000, -0.000000000000000000, -1.000000000000000000 ) ) ;
#1703 = ORIENTED_EDGE ( 'NONE', *, *, #8452, .T. ) ;
#1704 = CIRCLE ( 'NONE', #7720, 0.08121469089664200280 ) ;
#1705 = ORIENTED_EDGE ( 'NONE', *, *, #3222, .T. ) ;
#1706 = DIRECTION ( 'NONE',  ( 0.000000000000000000, -0.000000000000000000, -1.000000000000000000 ) ) ;
#1707 = VERTEX_POINT ( 'NONE', #685 ) ;
#1708 = ORIENTED_EDGE ( 'NONE', *, *, #2264, .T. ) ;
#1709 = DIRECTION ( 'NONE',  ( 0.01745240643728044813, -0.9998476951563912696, 0.000000000000000000 ) ) ;
#1710 = CARTESIAN_POINT ( 'NONE',  ( 2.719977915797677337, 0.2525305989334057921, 0.8524999999999999245 ) ) ;
#1711 = ADVANCED_FACE ( 'NONE', ( #3539 ), #6817, .F. ) ;
#1712 = PLANE ( 'NONE',  #6374 ) ;
#1713 = VECTOR ( 'NONE', #2486, 1000.000000000000000 ) ;
#1714 = CARTESIAN_POINT ( 'NONE',  ( 2.795514986850355044, 0.1729311347361582596, -0.8524999999999999245 ) ) ;
#1715 = ORIENTED_EDGE ( 'NONE', *, *, #2520, .F. ) ;
#1716 = CARTESIAN_POINT ( 'NONE',  ( 2.570239956649733593, 0.5227027008975635436, 0.4475000000000000089 ) ) ;
#1717 = ORIENTED_EDGE ( 'NONE', *, *, #7646, .F. ) ;
#1718 = VERTEX_POINT ( 'NONE', #6068 ) ;
#1719 = CIRCLE ( 'NONE', #8179, 0.2262146908966421732 ) ;
#1720 = PLANE ( 'NONE',  #5425 ) ;
#1721 = ORIENTED_EDGE ( 'NONE', *, *, #2429, .F. ) ;
#1722 = EDGE_CURVE ( 'NONE', #1946, #2694, #320, .T. ) ;
#1723 = DIRECTION ( 'NONE',  ( 0.000000000000000000, 0.000000000000000000, 1.000000000000000000 ) ) ;
#1724 = DIRECTION ( 'NONE',  ( 0.9975640502598241977, -0.06975647374412534407, 0.000000000000000000 ) ) ;
#1725 = VECTOR ( 'NONE', #987, 1000.000000000000000 ) ;
#1726 = DIRECTION ( 'NONE',  ( -0.01745240643728044813, 0.9998476951563912696, 0.000000000000000000 ) ) ;
#1727 = PLANE ( 'NONE',  #8859 ) ;
#1728 = ORIENTED_EDGE ( 'NONE', *, *, #7467, .F. ) ;
#1729 = CARTESIAN_POINT ( 'NONE',  ( -3.200000000000000622, 0.1446467872876746885, 3.047499999999999432 ) ) ;
#1730 = ORIENTED_EDGE ( 'NONE', *, *, #3144, .T. ) ;
#1731 = CARTESIAN_POINT ( 'NONE',  ( 2.199999999999999734, 0.7474999999999991651, -2.802499999999999769 ) ) ;
#1732 = VECTOR ( 'NONE', #3855, 1000.000000000000000 ) ;
#1733 =( NAMED_UNIT ( * ) SI_UNIT ( $, .STERADIAN. ) SOLID_ANGLE_UNIT ( ) );
#1734 = CARTESIAN_POINT ( 'NONE',  ( 2.715217872447410752, 0.5252332998309695578, 2.802499999999999325 ) ) ;
#1735 = DIRECTION ( 'NONE',  ( -1.000000000000000000, 0.000000000000000000, 0.000000000000000000 ) ) ;
#1736 = VECTOR ( 'NONE', #2995, 1000.000000000000227 ) ;
#1737 = ORIENTED_EDGE ( 'NONE', *, *, #7827, .F. ) ;
#1738 = FILL_AREA_STYLE ('',( #7532 ) ) ;
#1739 = ORIENTED_EDGE ( 'NONE', *, *, #9302, .F. ) ;
#1740 = LINE ( 'NONE', #4573, #4800 ) ;
#1741 = AXIS2_PLACEMENT_3D ( 'NONE', #7140, #4456, #8208 ) ;
#1742 = EDGE_CURVE ( 'NONE', #6520, #4366, #6865, .T. ) ;
#1743 = CARTESIAN_POINT ( 'NONE',  ( 2.795514986850355044, 0.1729311347361582596, 1.097499999999999920 ) ) ;
#1744 = DIRECTION ( 'NONE',  ( -0.9975640502598243087, 0.06975647374412519142, 0.000000000000000000 ) ) ;
#1745 = DIRECTION ( 'NONE',  ( 0.000000000000000000, 1.000000000000000000, 0.000000000000000000 ) ) ;
#1746 = ORIENTED_EDGE ( 'NONE', *, *, #5546, .F. ) ;
#1747 = PRESENTATION_STYLE_ASSIGNMENT (( #8340 ) ) ;
#1748 = EDGE_LOOP ( 'NONE', ( #4583, #3408, #3677, #4436, #1987, #1962, #5552, #9265, #7215, #399, #4500, #9216 ) ) ;
#1749 = AXIS2_PLACEMENT_3D ( 'NONE', #3217, #8966, #8301 ) ;
#1750 = VERTEX_POINT ( 'NONE', #8983 ) ;
#1751 = DIRECTION ( 'NONE',  ( -0.06975647374412535795, 0.9975640502598243087, 0.000000000000000000 ) ) ;
#1752 = EDGE_LOOP ( 'NONE', ( #8904, #8082, #1337, #9300, #2481, #3098, #7481, #4627, #5207, #3923, #1526, #544 ) ) ;
#1753 = ORIENTED_EDGE ( 'NONE', *, *, #6089, .F. ) ;
#1754 = PLANE ( 'NONE',  #7242 ) ;
#1755 = LINE ( 'NONE', #264, #7247 ) ;
#1756 = EDGE_CURVE ( 'NONE', #1441, #1395, #8271, .T. ) ;
#1757 = DIRECTION ( 'NONE',  ( 0.000000000000000000, -0.000000000000000000, -1.000000000000000000 ) ) ;
#1758 = LINE ( 'NONE', #3738, #8803 ) ;
#1759 = ORIENTED_EDGE ( 'NONE', *, *, #9312, .T. ) ;
#1760 = DIRECTION ( 'NONE',  ( -1.000000000000000000, 0.000000000000000000, 0.000000000000000000 ) ) ;
#1761 = ORIENTED_EDGE ( 'NONE', *, *, #5172, .F. ) ;
#1762 = ORIENTED_EDGE ( 'NONE', *, *, #8302, .F. ) ;
#1763 = CARTESIAN_POINT ( 'NONE',  ( 2.199999999999999734, 0.7474999999999991651, 0.4475000000000000089 ) ) ;
#1764 = EDGE_CURVE ( 'NONE', #8783, #247, #4701, .T. ) ;
#1765 = CARTESIAN_POINT ( 'NONE',  ( -2.570239956649733593, 0.5227027008975635436, 0.8524999999999999245 ) ) ;
#1766 = CARTESIAN_POINT ( 'NONE',  ( 2.575000000000001066, 0.2499999999999996669, 1.097499999999999920 ) ) ;
#1767 = DIRECTION ( 'NONE',  ( -0.06975647374412519142, -0.9975640502598243087, 0.000000000000000000 ) ) ;
#1768 = ORIENTED_EDGE ( 'NONE', *, *, #1764, .F. ) ;
#1769 = ADVANCED_FACE ( 'NONE', ( #4038 ), #3850, .F. ) ;
#1770 = FACE_OUTER_BOUND ( 'NONE', #7179, .T. ) ;
#1771 = ADVANCED_FACE ( 'NONE', ( #4747 ), #7569, .F. ) ;
#1772 = EDGE_LOOP ( 'NONE', ( #2289, #7314, #6622, #2862 ) ) ;
#1773 = DIRECTION ( 'NONE',  ( -0.000000000000000000, -0.000000000000000000, -1.000000000000000000 ) ) ;
#1774 = ORIENTED_EDGE ( 'NONE', *, *, #723, .T. ) ;
#1775 = CARTESIAN_POINT ( 'NONE',  ( 2.575000000000001066, 0.2499999999999996669, 2.802499999999999325 ) ) ;
#1776 = LINE ( 'NONE', #8133, #2454 ) ;
#1777 = CARTESIAN_POINT ( 'NONE',  ( -2.489037635143886984, 0.5212853091033570196, 0.2024999999999999856 ) ) ;
#1778 = ORIENTED_EDGE ( 'NONE', *, *, #4024, .F. ) ;
#1779 = PLANE ( 'NONE',  #1050 ) ;
#1780 = ORIENTED_EDGE ( 'NONE', *, *, #5223, .T. ) ;
#1781 = DIRECTION ( 'NONE',  ( -0.000000000000000000, -0.000000000000000000, -1.000000000000000000 ) ) ;
#1782 = EDGE_CURVE ( 'NONE', #4898, #5995, #5976, .T. ) ;
#1783 = CARTESIAN_POINT ( 'NONE',  ( 2.199999999999998845, 1.200000000000000622, -3.153818155844307469 ) ) ;
#1784 = CARTESIAN_POINT ( 'NONE',  ( 2.489037635143886984, 0.7474999999999992761, 1.747500000000000275 ) ) ;
#1785 = CARTESIAN_POINT ( 'NONE',  ( 2.719977915797677337, 0.2525305989334057921, -0.4475000000000000089 ) ) ;
#1786 = VERTEX_POINT ( 'NONE', #6724 ) ;
#1787 = FILL_AREA_STYLE_COLOUR ( '', #3149 ) ;
#1788 = ORIENTED_EDGE ( 'NONE', *, *, #8819, .F. ) ;
#1789 = VERTEX_POINT ( 'NONE', #2376 ) ;
#1790 = CARTESIAN_POINT ( 'NONE',  ( 2.570239956649733593, 0.5227027008975635436, -0.2024999999999999856 ) ) ;
#1791 = EDGE_LOOP ( 'NONE', ( #2313, #1484, #5299, #861 ) ) ;
#1792 = UNCERTAINTY_MEASURE_WITH_UNIT (LENGTH_MEASURE( 1.000000000000000082E-05 ), #4298, 'distance_accuracy_value', 'NONE');
#1793 = VERTEX_POINT ( 'NONE', #2569 ) ;
#1794 = PLANE ( 'NONE',  #35 ) ;
#1795 = VECTOR ( 'NONE', #7144, 1000.000000000000000 ) ;
#1796 = LINE ( 'NONE', #2498, #4695 ) ;
#1797 = AXIS2_PLACEMENT_3D ( 'NONE', #1669, #222, #4549 ) ;
#1798 = DIRECTION ( 'NONE',  ( 0.000000000000000000, 0.000000000000000000, 1.000000000000000000 ) ) ;
#1799 = LINE ( 'NONE', #1111, #7466 ) ;
#1800 = VECTOR ( 'NONE', #1023, 1000.000000000000000 ) ;
#1801 = DIRECTION ( 'NONE',  ( -0.9975640502598241977, -0.06975647374412527468, 0.000000000000000000 ) ) ;
#1802 = CLOSED_SHELL ( 'NONE', ( #4490, #3226, #681, #1541 ) ) ;
#1803 = AXIS2_PLACEMENT_3D ( 'NONE', #8395, #2043, #5718 ) ;
#1804 = ORIENTED_EDGE ( 'NONE', *, *, #2245, .T. ) ;
#1805 = CARTESIAN_POINT ( 'NONE',  ( -2.489037635143886984, 0.5212853091033570196, 2.397499999999999964 ) ) ;
#1806 = EDGE_CURVE ( 'NONE', #8589, #2367, #4070, .T. ) ;
#1807 = ORIENTED_EDGE ( 'NONE', *, *, #8104, .F. ) ;
#1808 = ORIENTED_EDGE ( 'NONE', *, *, #2437, .T. ) ;
#1809 = DIRECTION ( 'NONE',  ( 1.000000000000000000, 0.000000000000000000, 0.000000000000000000 ) ) ;
#1810 = LINE ( 'NONE', #1120, #4709 ) ;
#1811 = DIRECTION ( 'NONE',  ( 1.000000000000000000, 0.000000000000000000, 0.000000000000000000 ) ) ;
#1812 = CARTESIAN_POINT ( 'NONE',  ( -2.570239956649733593, 0.5227027008975635436, -1.747499999999999831 ) ) ;
#1813 = PLANE ( 'NONE',  #6918 ) ;
#1814 = EDGE_CURVE ( 'NONE', #833, #6577, #8879, .T. ) ;
#1815 = ADVANCED_FACE ( 'NONE', ( #4563 ), #5359, .F. ) ;
#1816 = AXIS2_PLACEMENT_3D ( 'NONE', #130, #2905, #3703 ) ;
#1817 = DIRECTION ( 'NONE',  ( 1.000000000000000000, 0.000000000000000000, 0.000000000000000000 ) ) ;
#1818 = ADVANCED_FACE ( 'NONE', ( #284 ), #3132, .T. ) ;
#1819 = VERTEX_POINT ( 'NONE', #2428 ) ;
#1820 = DIRECTION ( 'NONE',  ( 1.000000000000000000, 0.000000000000000000, 0.000000000000000000 ) ) ;
#1821 = ORIENTED_EDGE ( 'NONE', *, *, #7143, .F. ) ;
#1822 = LINE ( 'NONE', #7571, #6495 ) ;
#1823 = VECTOR ( 'NONE', #4764, 1000.000000000000000 ) ;
#1824 = VECTOR ( 'NONE', #5415, 1000.000000000000000 ) ;
#1825 = EDGE_CURVE ( 'NONE', #2780, #8427, #8178, .T. ) ;
#1826 = CIRCLE ( 'NONE', #8291, 0.2262146908966421732 ) ;
#1827 = CARTESIAN_POINT ( 'NONE',  ( -2.199999999999999734, 0.7474999999999991651, -1.502499999999999947 ) ) ;
#1828 = CARTESIAN_POINT ( 'NONE',  ( -2.795514986850355044, 0.1729311347361582596, -1.502499999999999947 ) ) ;
#1829 = CARTESIAN_POINT ( 'NONE',  ( 2.489037635143886984, 0.7474999999999992761, 2.397499999999999964 ) ) ;
#1830 = ORIENTED_EDGE ( 'NONE', *, *, #3898, .F. ) ;
#1831 = CARTESIAN_POINT ( 'NONE',  ( -2.489037635143886984, 0.5212853091033570196, -1.502499999999999947 ) ) ;
#1832 = ORIENTED_EDGE ( 'NONE', *, *, #6419, .T. ) ;
#1833 = DIRECTION ( 'NONE',  ( -0.000000000000000000, 0.000000000000000000, 1.000000000000000000 ) ) ;
#1834 = EDGE_CURVE ( 'NONE', #7394, #8840, #7477, .T. ) ;
#1835 = CARTESIAN_POINT ( 'NONE',  ( -2.715217872447410752, 0.5252332998309695578, 1.747500000000000275 ) ) ;
#1836 = AXIS2_PLACEMENT_3D ( 'NONE', #6185, #5481, #9055 ) ;
#1837 = LINE ( 'NONE', #440, #7142 ) ;
#1838 = CARTESIAN_POINT ( 'NONE',  ( -2.785400298157456600, 0.02828434744848385904, -2.152499999999999858 ) ) ;
#1839 = ORIENTED_EDGE ( 'NONE', *, *, #3656, .F. ) ;
#1840 = EDGE_CURVE ( 'NONE', #4366, #4121, #4651, .T. ) ;
#1841 = DIRECTION ( 'NONE',  ( 1.000000000000000000, 0.000000000000000000, 0.000000000000000000 ) ) ;
#1842 = ORIENTED_EDGE ( 'NONE', *, *, #1581, .T. ) ;
#1843 = VERTEX_POINT ( 'NONE', #3949 ) ;
#1844 = DIRECTION ( 'NONE',  ( -0.000000000000000000, -0.000000000000000000, -1.000000000000000000 ) ) ;
#1845 = EDGE_LOOP ( 'NONE', ( #5032, #1933, #7343, #4225 ) ) ;
#1846 = ORIENTED_EDGE ( 'NONE', *, *, #2204, .T. ) ;
#1847 = AXIS2_PLACEMENT_3D ( 'NONE', #9019, #6105, #321 ) ;
#1848 = DIRECTION ( 'NONE',  ( 1.000000000000000000, 0.000000000000000000, 0.000000000000000000 ) ) ;
#1849 = PLANE ( 'NONE',  #5896 ) ;
#1850 = DIRECTION ( 'NONE',  ( 0.01745240643728362268, -0.9998476951563911586, 0.000000000000000000 ) ) ;
#1851 = VECTOR ( 'NONE', #2688, 1000.000000000000000 ) ;
#1852 = CYLINDRICAL_SURFACE ( 'NONE', #8062, 0.2262146908966421732 ) ;
#1853 = DIRECTION ( 'NONE',  ( -1.000000000000000000, 0.000000000000000000, 0.000000000000000000 ) ) ;
#1854 = ORIENTED_EDGE ( 'NONE', *, *, #5909, .F. ) ;
#1855 = CARTESIAN_POINT ( 'NONE',  ( 2.575000000000001066, 0.2499999999999996669, 1.502500000000000391 ) ) ;
#1856 = ORIENTED_EDGE ( 'NONE', *, *, #6335, .F. ) ;
#1857 = ORIENTED_EDGE ( 'NONE', *, *, #4240, .F. ) ;
#1858 = DIRECTION ( 'NONE',  ( -0.01745240643728044813, -0.9998476951563912696, 0.000000000000000000 ) ) ;
#1859 = VECTOR ( 'NONE', #2117, 1000.000000000000000 ) ;
#1860 = DIRECTION ( 'NONE',  ( -0.000000000000000000, -0.000000000000000000, -1.000000000000000000 ) ) ;
#1861 = EDGE_CURVE ( 'NONE', #7591, #1819, #380, .T. ) ;
#1862 = CYLINDRICAL_SURFACE ( 'NONE', #5793, 0.2262146908966421732 ) ;
#1863 = CARTESIAN_POINT ( 'NONE',  ( 3.189885311307102622, 1.626303258728256651E-16, -0.8524999999999999245 ) ) ;
#1864 = DIRECTION ( 'NONE',  ( 0.9975640502598241977, -0.06975647374412527468, 0.000000000000000000 ) ) ;
#1865 = VECTOR ( 'NONE', #1176, 1000.000000000000000 ) ;
#1866 = CARTESIAN_POINT ( 'NONE',  ( -2.489037635143886984, 0.7474999999999992761, -2.152499999999999858 ) ) ;
#1867 = CARTESIAN_POINT ( 'NONE',  ( 2.199999999999999734, 0.6024999999999991473, 2.397499999999999964 ) ) ;
#1868 = ORIENTED_EDGE ( 'NONE', *, *, #5979, .T. ) ;
#1869 = AXIS2_PLACEMENT_3D ( 'NONE', #4441, #911, #69 ) ;
#1870 = EDGE_CURVE ( 'NONE', #3019, #4121, #5645, .T. ) ;
#1871 = CARTESIAN_POINT ( 'NONE',  ( 2.489037635143886984, 0.7474999999999992761, 0.8524999999999999245 ) ) ;
#1872 = EDGE_CURVE ( 'NONE', #6242, #2518, #2663, .T. ) ;
#1873 = PLANE ( 'NONE',  #4450 ) ;
#1874 = CARTESIAN_POINT ( 'NONE',  ( -2.200000000000000622, 0.6024999999999991473, -3.249999999999992006 ) ) ;
#1875 = ORIENTED_EDGE ( 'NONE', *, *, #5734, .T. ) ;
#1876 = CYLINDRICAL_SURFACE ( 'NONE', #6750, 0.08121469089664243302 ) ;
#1877 = VECTOR ( 'NONE', #2165, 1000.000000000000000 ) ;
#1878 = VERTEX_POINT ( 'NONE', #8553 ) ;
#1879 = DIRECTION ( 'NONE',  ( -0.9975640502598241977, 0.06975647374412534407, 0.000000000000000000 ) ) ;
#1880 = EDGE_CURVE ( 'NONE', #5342, #5707, #1375, .T. ) ;
#1881 = LINE ( 'NONE', #4762, #2917 ) ;
#1882 = VECTOR ( 'NONE', #2084, 1000.000000000000000 ) ;
#1883 = VECTOR ( 'NONE', #5353, 1000.000000000000000 ) ;
#1884 = CARTESIAN_POINT ( 'NONE',  ( -2.489037635143886984, 0.5212853091033570196, -2.802499999999999769 ) ) ;
#1885 = VERTEX_POINT ( 'NONE', #7757 ) ;
#1886 =( NAMED_UNIT ( * ) PLANE_ANGLE_UNIT ( ) SI_UNIT ( $, .RADIAN. ) );
#1887 = CARTESIAN_POINT ( 'NONE',  ( 2.489037635143886984, 0.5212853091033570196, 0.4475000000000000089 ) ) ;
#1888 = ORIENTED_EDGE ( 'NONE', *, *, #4259, .T. ) ;
#1889 = EDGE_CURVE ( 'NONE', #3740, #4198, #3766, .T. ) ;
#1890 = DIRECTION ( 'NONE',  ( 0.000000000000000000, 1.000000000000000000, 0.000000000000000000 ) ) ;
#1891 = ADVANCED_FACE ( 'NONE', ( #7712 ), #525, .F. ) ;
#1892 = EDGE_LOOP ( 'NONE', ( #5438, #2570, #2654, #4945 ) ) ;
#1893 = ORIENTED_EDGE ( 'NONE', *, *, #8217, .T. ) ;
#1894 = AXIS2_PLACEMENT_3D ( 'NONE', #4743, #4129, #8456 ) ;
#1895 = CARTESIAN_POINT ( 'NONE',  ( 2.795514986850355044, 0.1729311347361582596, 1.502500000000000391 ) ) ;
#1896 = CYLINDRICAL_SURFACE ( 'NONE', #510, 0.08121469089664200280 ) ;
#1897 = CARTESIAN_POINT ( 'NONE',  ( -2.575000000000001066, 0.2499999999999996669, 2.802499999999999325 ) ) ;
#1898 = DIRECTION ( 'NONE',  ( 0.000000000000000000, -0.000000000000000000, -1.000000000000000000 ) ) ;
#1899 = VECTOR ( 'NONE', #2974, 1000.000000000000000 ) ;
#1900 = CARTESIAN_POINT ( 'NONE',  ( 2.489037635143886984, 0.7474999999999992761, -3.047499999999999876 ) ) ;
#1901 = SURFACE_SIDE_STYLE ('',( #8967 ) ) ;
#1902 = ORIENTED_EDGE ( 'NONE', *, *, #6493, .T. ) ;
#1903 = CARTESIAN_POINT ( 'NONE',  ( -2.795514986850355044, 0.1729311347361582596, 1.097499999999999920 ) ) ;
#1904 = EDGE_LOOP ( 'NONE', ( #5019, #3779, #6069, #8604 ) ) ;
#1905 = EDGE_LOOP ( 'NONE', ( #4901, #6961, #5066, #7197, #7493, #6934, #3538, #4954, #763, #6356, #5828, #8330 ) ) ;
#1906 = DIRECTION ( 'NONE',  ( 0.000000000000000000, -0.000000000000000000, -1.000000000000000000 ) ) ;
#1907 = LINE ( 'NONE', #372, #7412 ) ;
#1908 = FACE_OUTER_BOUND ( 'NONE', #7258, .T. ) ;
#1909 = CARTESIAN_POINT ( 'NONE',  ( 2.199999999999999734, 0.7474999999999991651, 1.097499999999999920 ) ) ;
#1910 = CARTESIAN_POINT ( 'NONE',  ( -3.200000000000000622, 0.1446467872876746885, -0.2024999999999999856 ) ) ;
#1911 = CYLINDRICAL_SURFACE ( 'NONE', #2098, 0.08121469089664243302 ) ;
#1912 = DIRECTION ( 'NONE',  ( -0.000000000000000000, -0.000000000000000000, -1.000000000000000000 ) ) ;
#1913 = ORIENTED_EDGE ( 'NONE', *, *, #1159, .F. ) ;
#1914 = EDGE_CURVE ( 'NONE', #2591, #1786, #3318, .T. ) ;
#1915 = PLANE ( 'NONE',  #5038 ) ;
#1916 = DIRECTION ( 'NONE',  ( 0.000000000000000000, -0.000000000000000000, -1.000000000000000000 ) ) ;
#1917 = CARTESIAN_POINT ( 'NONE',  ( -2.489037635143886984, 0.5212853091033570196, -2.152499999999999858 ) ) ;
#1918 = EDGE_LOOP ( 'NONE', ( #2070, #5051, #8358, #8612 ) ) ;
#1919 = DIRECTION ( 'NONE',  ( 0.000000000000000000, -0.000000000000000000, -1.000000000000000000 ) ) ;
#1920 = EDGE_LOOP ( 'NONE', ( #7415, #4045, #2256, #4728 ) ) ;
#1921 = ADVANCED_FACE ( 'NONE', ( #4937 ), #5691, .F. ) ;
#1922 = DIRECTION ( 'NONE',  ( -0.01745240643728044813, 0.9998476951563912696, 0.000000000000000000 ) ) ;
#1923 = FACE_OUTER_BOUND ( 'NONE', #5631, .T. ) ;
#1924 = LINE ( 'NONE', #678, #6094 ) ;
#1925 = DIRECTION ( 'NONE',  ( -0.000000000000000000, -0.000000000000000000, -1.000000000000000000 ) ) ;
#1926 = EDGE_LOOP ( 'NONE', ( #5127, #6058, #5606, #1780 ) ) ;
#1927 = ADVANCED_FACE ( 'NONE', ( #2762 ), #7008, .F. ) ;
#1928 = CARTESIAN_POINT ( 'NONE',  ( 2.199999999999999734, 0.7474999999999991651, 0.2024999999999999856 ) ) ;
#1929 = ORIENTED_EDGE ( 'NONE', *, *, #1376, .F. ) ;
#1930 = EDGE_CURVE ( 'NONE', #6458, #8719, #3523, .T. ) ;
#1931 = DIRECTION ( 'NONE',  ( -0.000000000000000000, -0.000000000000000000, -1.000000000000000000 ) ) ;
#1932 = ADVANCED_FACE ( 'NONE', ( #2811 ), #4844, .F. ) ;
#1933 = ORIENTED_EDGE ( 'NONE', *, *, #5043, .F. ) ;
#1934 = ORIENTED_EDGE ( 'NONE', *, *, #4513, .T. ) ;
#1935 = LINE ( 'NONE', #1895, #3179 ) ;
#1936 = CARTESIAN_POINT ( 'NONE',  ( -2.199999999999999734, 1.200000000000000622, 3.153818155844310578 ) ) ;
#1937 = PRESENTATION_LAYER_ASSIGNMENT (  '', '', ( #3741 ) ) ;
#1938 = CARTESIAN_POINT ( 'NONE',  ( 2.715217872447410752, 0.5252332998309695578, -0.2024999999999999856 ) ) ;
#1939 = ADVANCED_FACE ( 'NONE', ( #9159 ), #9217, .F. ) ;
#1940 = EDGE_CURVE ( 'NONE', #3337, #5064, #3376, .T. ) ;
#1941 = LINE ( 'NONE', #9293, #2330 ) ;
#1942 = DIRECTION ( 'NONE',  ( 0.000000000000000000, -0.000000000000000000, -1.000000000000000000 ) ) ;
#1943 = DIRECTION ( 'NONE',  ( -1.000000000000000000, 3.751076125244977118E-16, 0.000000000000000000 ) ) ;
#1944 = EDGE_CURVE ( 'NONE', #3972, #1349, #4177, .T. ) ;
#1945 = VERTEX_POINT ( 'NONE', #2711 ) ;
#1946 = VERTEX_POINT ( 'NONE', #4983 ) ;
#1947 = VECTOR ( 'NONE', #2903, 1000.000000000000000 ) ;
#1948 = CARTESIAN_POINT ( 'NONE',  ( -2.489037635143886984, 0.5212853091033570196, 1.502500000000000391 ) ) ;
#1949 = EDGE_LOOP ( 'NONE', ( #1463, #2223, #176, #6206 ) ) ;
#1950 = ORIENTED_EDGE ( 'NONE', *, *, #583, .T. ) ;
#1951 = CARTESIAN_POINT ( 'NONE',  ( 2.199999999999999734, 0.7474999999999991651, 3.047499999999999432 ) ) ;
#1952 = CIRCLE ( 'NONE', #1797, 0.08121469089664243302 ) ;
#1953 = PLANE ( 'NONE',  #1411 ) ;
#1954 = EDGE_CURVE ( 'NONE', #3820, #4553, #1361, .T. ) ;
#1955 = CIRCLE ( 'NONE', #6018, 0.2262146908966421732 ) ;
#1956 = PRESENTATION_LAYER_ASSIGNMENT (  '', '', ( #7829 ) ) ;
#1957 = AXIS2_PLACEMENT_3D ( 'NONE', #6648, #1657, #7931 ) ;
#1958 = DIRECTION ( 'NONE',  ( 1.000000000000000000, 0.000000000000000000, 0.000000000000000000 ) ) ;
#1959 = PLANE ( 'NONE',  #4662 ) ;
#1960 = EDGE_CURVE ( 'NONE', #3895, #6216, #1408, .T. ) ;
#1961 = CARTESIAN_POINT ( 'NONE',  ( 2.801180237303523946, 0.2539479907276123161, 2.397499999999999964 ) ) ;
#1962 = ORIENTED_EDGE ( 'NONE', *, *, #7629, .T. ) ;
#1963 = DIRECTION ( 'NONE',  ( 0.2035585949527792815, -0.9576678948579725459, -0.2035585949527793648 ) ) ;
#1964 = EDGE_LOOP ( 'NONE', ( #8051, #2894, #5141, #8431 ) ) ;
#1965 = AXIS2_PLACEMENT_3D ( 'NONE', #5477, #8343, #4154 ) ;
#1966 = CARTESIAN_POINT ( 'NONE',  ( 2.199999999999999734, 0.6024999999999991473, -2.802499999999999769 ) ) ;
#1967 = AXIS2_PLACEMENT_3D ( 'NONE', #3719, #954, #6732 ) ;
#1968 = PLANE ( 'NONE',  #4301 ) ;
#1969 = VECTOR ( 'NONE', #7946, 1000.000000000000000 ) ;
#1970 = FACE_OUTER_BOUND ( 'NONE', #8999, .T. ) ;
#1971 = ORIENTED_EDGE ( 'NONE', *, *, #4718, .T. ) ;
#1972 = LINE ( 'NONE', #7722, #4802 ) ;
#1973 = EDGE_LOOP ( 'NONE', ( #580, #8175, #3420, #350 ) ) ;
#1974 = CARTESIAN_POINT ( 'NONE',  ( 2.801180237303523946, 0.2539479907276123161, 0.4475000000000000089 ) ) ;
#1975 = AXIS2_PLACEMENT_3D ( 'NONE', #4902, #3576, #3669 ) ;
#1976 = AXIS2_PLACEMENT_3D ( 'NONE', #123, #8726, #701 ) ;
#1977 = LINE ( 'NONE', #439, #5475 ) ;
#1978 =( LENGTH_UNIT ( ) NAMED_UNIT ( * ) SI_UNIT ( .MILLI., .METRE. ) );
#1979 = EDGE_CURVE ( 'NONE', #3715, #6091, #2013, .T. ) ;
#1980 = DIRECTION ( 'NONE',  ( 0.06975647374412519142, 0.9975640502598243087, 0.000000000000000000 ) ) ;
#1981 = VECTOR ( 'NONE', #5383, 1000.000000000000000 ) ;
#1982 = ORIENTED_EDGE ( 'NONE', *, *, #393, .T. ) ;
#1983 = VECTOR ( 'NONE', #1002, 1000.000000000000000 ) ;
#1984 = DIRECTION ( 'NONE',  ( -0.01745240643728044813, -0.9998476951563912696, 0.000000000000000000 ) ) ;
#1985 = ORIENTED_EDGE ( 'NONE', *, *, #8819, .T. ) ;
#1986 = CARTESIAN_POINT ( 'NONE',  ( 2.199999999999999734, 0.6024999999999991473, 1.097499999999999920 ) ) ;
#1987 = ORIENTED_EDGE ( 'NONE', *, *, #7011, .T. ) ;
#1988 = ORIENTED_EDGE ( 'NONE', *, *, #706, .F. ) ;
#1989 = DIRECTION ( 'NONE',  ( 0.000000000000000000, 1.000000000000000000, 0.000000000000000000 ) ) ;
#1990 = LINE ( 'NONE', #3356, #6052 ) ;
#1991 = VECTOR ( 'NONE', #4469, 1000.000000000000000 ) ;
#1992 = CARTESIAN_POINT ( 'NONE',  ( -2.575000000000001066, 0.2499999999999996669, 1.502500000000000391 ) ) ;
#1993 = EDGE_CURVE ( 'NONE', #7359, #6441, #4226, .T. ) ;
#1994 = ADVANCED_FACE ( 'NONE', ( #4461 ), #8736, .T. ) ;
#1995 = CARTESIAN_POINT ( 'NONE',  ( -2.785400298157456600, 0.02828434744848385904, -0.8524999999999999245 ) ) ;
#1996 = DIRECTION ( 'NONE',  ( 0.9975640502598241977, -0.06975647374412534407, 0.000000000000000000 ) ) ;
#1997 = DIRECTION ( 'NONE',  ( 0.000000000000000000, -0.000000000000000000, -1.000000000000000000 ) ) ;
#1998 = ORIENTED_EDGE ( 'NONE', *, *, #7068, .T. ) ;
#1999 = AXIS2_PLACEMENT_3D ( 'NONE', #6716, #4032, #5350 ) ;
#2000 = ORIENTED_EDGE ( 'NONE', *, *, #7183, .F. ) ;
#2001 = LINE ( 'NONE', #7790, #2857 ) ;
#2002 = VERTEX_POINT ( 'NONE', #5034 ) ;
#2003 = ORIENTED_EDGE ( 'NONE', *, *, #2601, .T. ) ;
#2004 = FACE_OUTER_BOUND ( 'NONE', #161, .T. ) ;
#2005 = EDGE_CURVE ( 'NONE', #2606, #7634, #327, .T. ) ;
#2006 = LINE ( 'NONE', #5539, #5461 ) ;
#2007 = VECTOR ( 'NONE', #1198, 1000.000000000000000 ) ;
#2008 = LINE ( 'NONE', #4837, #7912 ) ;
#2009 = DIRECTION ( 'NONE',  ( -0.06975647374412519142, -0.9975640502598243087, 0.000000000000000000 ) ) ;
#2010 = CARTESIAN_POINT ( 'NONE',  ( -2.570239956649733593, 0.5227027008975635436, 0.8524999999999999245 ) ) ;
#2011 = VERTEX_POINT ( 'NONE', #7901 ) ;
#2012 = CIRCLE ( 'NONE', #7575, 0.08121469089664200280 ) ;
#2013 = LINE ( 'NONE', #4277, #7991 ) ;
#2014 = EDGE_CURVE ( 'NONE', #830, #3067, #6484, .T. ) ;
#2015 = ORIENTED_EDGE ( 'NONE', *, *, #8731, .F. ) ;
#2016 = EDGE_CURVE ( 'NONE', #8720, #6738, #6532, .T. ) ;
#2017 = DIRECTION ( 'NONE',  ( -0.9998476951563912696, 0.01745240643728362614, 0.000000000000000000 ) ) ;
#2018 = VECTOR ( 'NONE', #6401, 1000.000000000000000 ) ;
#2019 = CARTESIAN_POINT ( 'NONE',  ( 2.199999999999999734, 0.6024999999999991473, 3.047499999999999432 ) ) ;
#2020 = DIRECTION ( 'NONE',  ( -1.928199552231047327E-16, -0.2079116908177597867, -0.9781476007338055778 ) ) ;
#2021 = ORIENTED_EDGE ( 'NONE', *, *, #8501, .F. ) ;
#2022 = CARTESIAN_POINT ( 'NONE',  ( -2.489037635143886984, 0.5212853091033570196, -1.097499999999999920 ) ) ;
#2023 = EDGE_LOOP ( 'NONE', ( #5163, #5814, #4155, #144 ) ) ;
#2024 = COLOUR_RGB ( '',0.8000000000000000444, 0.8196078431372548767, 0.9333333333333333481 ) ;
#2025 = PLANE ( 'NONE',  #5442 ) ;
#2026 = CARTESIAN_POINT ( 'NONE',  ( 2.489037635143886984, 0.5212853091033570196, -2.397499999999999964 ) ) ;
#2027 = CARTESIAN_POINT ( 'NONE',  ( 2.575000000000001066, 0.2499999999999996669, 2.397499999999999964 ) ) ;
#2028 = AXIS2_PLACEMENT_3D ( 'NONE', #7727, #491, #1236 ) ;
#2029 = ORIENTED_EDGE ( 'NONE', *, *, #918, .T. ) ;
#2030 = DIRECTION ( 'NONE',  ( 0.000000000000000000, 0.000000000000000000, 1.000000000000000000 ) ) ;
#2031 = SURFACE_STYLE_FILL_AREA ( #5474 ) ;
#2032 = ORIENTED_EDGE ( 'NONE', *, *, #2966, .T. ) ;
#2033 = DIRECTION ( 'NONE',  ( 0.01745240643728362268, -0.9998476951563911586, 0.000000000000000000 ) ) ;
#2034 = EDGE_LOOP ( 'NONE', ( #4600, #5218, #7472, #2327 ) ) ;
#2035 = VERTEX_POINT ( 'NONE', #5827 ) ;
#2036 = DIRECTION ( 'NONE',  ( 0.2035585949527793648, 0.9576678948579724349, 0.2035585949527792815 ) ) ;
#2037 = EDGE_CURVE ( 'NONE', #8037, #5439, #5079, .T. ) ;
#2038 = CARTESIAN_POINT ( 'NONE',  ( -2.785400298157456600, 0.02828434744848385904, -0.2024999999999999856 ) ) ;
#2039 = AXIS2_PLACEMENT_3D ( 'NONE', #759, #2201, #7241 ) ;
#2040 = CARTESIAN_POINT ( 'NONE',  ( 2.199999999999999734, 0.7474999999999991651, -2.152499999999999858 ) ) ;
#2041 = DIRECTION ( 'NONE',  ( 1.000000000000000000, 0.000000000000000000, 0.000000000000000000 ) ) ;
#2042 = FACE_OUTER_BOUND ( 'NONE', #7220, .T. ) ;
#2043 = DIRECTION ( 'NONE',  ( 0.000000000000000000, -1.000000000000000000, 0.000000000000000000 ) ) ;
#2044 = VERTEX_POINT ( 'NONE', #8603 ) ;
#2045 = AXIS2_PLACEMENT_3D ( 'NONE', #1668, #7498, #170 ) ;
#2046 = ORIENTED_EDGE ( 'NONE', *, *, #3975, .F. ) ;
#2047 = DIRECTION ( 'NONE',  ( 0.01745240643728362268, 0.9998476951563911586, -0.000000000000000000 ) ) ;
#2048 = EDGE_LOOP ( 'NONE', ( #5561, #6533, #4685, #8958 ) ) ;
#2049 = EDGE_LOOP ( 'NONE', ( #254, #7188, #5782, #9299, #2470, #3776, #7605, #3566, #3611, #4405, #8018, #7246 ) ) ;
#2050 = DIRECTION ( 'NONE',  ( -0.000000000000000000, -0.000000000000000000, -1.000000000000000000 ) ) ;
#2051 = ADVANCED_FACE ( 'NONE', ( #5918 ), #7329, .F. ) ;
#2052 = DIRECTION ( 'NONE',  ( 0.000000000000000000, -0.000000000000000000, 1.000000000000000000 ) ) ;
#2053 = VECTOR ( 'NONE', #1169, 1000.000000000000000 ) ;
#2054 = CARTESIAN_POINT ( 'NONE',  ( 3.200000000000000622, 0.1446467872876746885, -2.802499999999999769 ) ) ;
#2055 = CARTESIAN_POINT ( 'NONE',  ( 2.103818155844313864, 0.1500000000000007161, -3.153818155844307913 ) ) ;
#2056 = CARTESIAN_POINT ( 'NONE',  ( -2.719977915797677337, 0.2525305989334057921, 2.397499999999999964 ) ) ;
#2057 = EDGE_LOOP ( 'NONE', ( #369, #446, #3254, #8034 ) ) ;
#2058 = VECTOR ( 'NONE', #6725, 1000.000000000000000 ) ;
#2059 = VECTOR ( 'NONE', #7128, 1000.000000000000000 ) ;
#2060 = DIRECTION ( 'NONE',  ( 0.000000000000000000, -0.000000000000000000, -1.000000000000000000 ) ) ;
#2061 = ORIENTED_EDGE ( 'NONE', *, *, #1889, .F. ) ;
#2062 = EDGE_CURVE ( 'NONE', #1208, #9050, #483, .T. ) ;
#2063 = DIRECTION ( 'NONE',  ( 0.000000000000000000, 0.000000000000000000, 1.000000000000000000 ) ) ;
#2064 = EDGE_CURVE ( 'NONE', #8609, #2035, #5210, .T. ) ;
#2065 = CARTESIAN_POINT ( 'NONE',  ( -2.785400298157456600, 0.02828434744848380353, 1.502500000000000391 ) ) ;
#2066 = ADVANCED_FACE ( 'NONE', ( #5118 ), #5738, .F. ) ;
#2067 = CARTESIAN_POINT ( 'NONE',  ( -2.570239956649733593, 0.5227027008975635436, 1.097499999999999920 ) ) ;
#2068 = VERTEX_POINT ( 'NONE', #1457 ) ;
#2069 = DIRECTION ( 'NONE',  ( -0.000000000000000000, -0.000000000000000000, -1.000000000000000000 ) ) ;
#2070 = ORIENTED_EDGE ( 'NONE', *, *, #2110, .T. ) ;
#2071 = DIRECTION ( 'NONE',  ( 3.751076125244977118E-16, 1.000000000000000000, 0.000000000000000000 ) ) ;
#2072 = CARTESIAN_POINT ( 'NONE',  ( -2.785400298157456600, 0.02828434744848380353, 2.152499999999999858 ) ) ;
#2073 = SURFACE_STYLE_FILL_AREA ( #9177 ) ;
#2074 = DIRECTION ( 'NONE',  ( -0.000000000000000000, -0.000000000000000000, -1.000000000000000000 ) ) ;
#2075 = ORIENTED_EDGE ( 'NONE', *, *, #4592, .T. ) ;
#2076 = ORIENTED_EDGE ( 'NONE', *, *, #8662, .F. ) ;
#2077 = ORIENTED_EDGE ( 'NONE', *, *, #5274, .T. ) ;
#2078 = FACE_OUTER_BOUND ( 'NONE', #5085, .T. ) ;
#2079 = ORIENTED_EDGE ( 'NONE', *, *, #4364, .T. ) ;
#2080 = CARTESIAN_POINT ( 'NONE',  ( -1.653818155844315463, 1.100000000000000533, -2.903818155844308357 ) ) ;
#2081 = DIRECTION ( 'NONE',  ( 0.000000000000000000, 0.000000000000000000, 1.000000000000000000 ) ) ;
#2082 = LINE ( 'NONE', #1938, #9223 ) ;
#2083 = CARTESIAN_POINT ( 'NONE',  ( 2.199999999999999734, 0.7474999999999991651, 2.397499999999999964 ) ) ;
#2084 = DIRECTION ( 'NONE',  ( 1.000000000000000000, 3.751076125244977118E-16, -0.000000000000000000 ) ) ;
#2085 = DIRECTION ( 'NONE',  ( 0.000000000000000000, -0.000000000000000000, -1.000000000000000000 ) ) ;
#2086 = EDGE_CURVE ( 'NONE', #2721, #5279, #3035, .T. ) ;
#2087 = FACE_OUTER_BOUND ( 'NONE', #3593, .T. ) ;
#2088 = ORIENTED_EDGE ( 'NONE', *, *, #6433, .T. ) ;
#2089 = ORIENTED_EDGE ( 'NONE', *, *, #6592, .F. ) ;
#2090 = CARTESIAN_POINT ( 'NONE',  ( 2.795514986850355044, 0.1729311347361582596, 2.802499999999999325 ) ) ;
#2091 = VERTEX_POINT ( 'NONE', #7189 ) ;
#2092 = ORIENTED_EDGE ( 'NONE', *, *, #8756, .F. ) ;
#2093 = CARTESIAN_POINT ( 'NONE',  ( 2.719977915797677337, 0.2525305989334057921, -1.502499999999999947 ) ) ;
#2094 =( GEOMETRIC_REPRESENTATION_CONTEXT ( 3 ) GLOBAL_UNCERTAINTY_ASSIGNED_CONTEXT ( ( #212 ) ) GLOBAL_UNIT_ASSIGNED_CONTEXT ( ( #8008, #774, #860 ) ) REPRESENTATION_CONTEXT ( 'NONE', 'WORKASPACE' ) );
#2095 = DIRECTION ( 'NONE',  ( -0.000000000000000000, -0.000000000000000000, -1.000000000000000000 ) ) ;
#2096 = PLANE ( 'NONE',  #2900 ) ;
#2097 = FACE_OUTER_BOUND ( 'NONE', #2049, .T. ) ;
#2098 = AXIS2_PLACEMENT_3D ( 'NONE', #6204, #1315, #8316 ) ;
#2099 = EDGE_CURVE ( 'NONE', #6665, #6307, #2991, .T. ) ;
#2100 = CARTESIAN_POINT ( 'NONE',  ( -2.200000000000000622, 0.7474999999999991651, -3.249999999999992006 ) ) ;
#2101 = DIRECTION ( 'NONE',  ( -1.000000000000000000, 0.000000000000000000, 0.000000000000000000 ) ) ;
#2102 = VERTEX_POINT ( 'NONE', #5870 ) ;
#2103 = CARTESIAN_POINT ( 'NONE',  ( -2.199999999999999734, 0.7474999999999991651, -2.152499999999999858 ) ) ;
#2104 = ORIENTED_EDGE ( 'NONE', *, *, #5926, .F. ) ;
#2105 = VECTOR ( 'NONE', #1397, 1000.000000000000000 ) ;
#2106 = VECTOR ( 'NONE', #1494, 1000.000000000000000 ) ;
#2107 = CARTESIAN_POINT ( 'NONE',  ( 2.795514986850355044, 0.1729311347361582596, 2.397499999999999964 ) ) ;
#2108 = EDGE_CURVE ( 'NONE', #7489, #8609, #9183, .T. ) ;
#2109 = LINE ( 'NONE', #2954, #6405 ) ;
#2110 = EDGE_CURVE ( 'NONE', #6144, #3824, #6931, .T. ) ;
#2111 = EDGE_LOOP ( 'NONE', ( #4312, #4285, #1407, #4233, #1126, #7936, #1022, #741, #3183, #6602, #5902, #4854 ) ) ;
#2112 = VECTOR ( 'NONE', #3437, 1000.000000000000000 ) ;
#2113 = VECTOR ( 'NONE', #2680, 1000.000000000000000 ) ;
#2114 = ORIENTED_EDGE ( 'NONE', *, *, #3830, .F. ) ;
#2115 = CARTESIAN_POINT ( 'NONE',  ( 2.489037635143886984, 0.6024999999999990363, 0.4475000000000000089 ) ) ;
#2116 = EDGE_CURVE ( 'NONE', #714, #9179, #5784, .T. ) ;
#2117 = DIRECTION ( 'NONE',  ( 0.000000000000000000, -0.000000000000000000, -1.000000000000000000 ) ) ;
#2118 = LINE ( 'NONE', #101, #7443 ) ;
#2119 = CARTESIAN_POINT ( 'NONE',  ( 2.719977915797677337, 0.2525305989334057921, 1.747500000000000275 ) ) ;
#2120 = ORIENTED_EDGE ( 'NONE', *, *, #8901, .F. ) ;
#2121 = VERTEX_POINT ( 'NONE', #3567 ) ;
#2122 = VECTOR ( 'NONE', #6045, 1000.000000000000000 ) ;
#2123 = LINE ( 'NONE', #5007, #4824 ) ;
#2124 = ORIENTED_EDGE ( 'NONE', *, *, #3038, .F. ) ;
#2125 = CARTESIAN_POINT ( 'NONE',  ( 2.575000000000001066, 0.2499999999999996669, 2.397499999999999964 ) ) ;
#2126 = EDGE_CURVE ( 'NONE', #2184, #3623, #8652, .T. ) ;
#2127 = DIRECTION ( 'NONE',  ( -0.000000000000000000, -0.000000000000000000, -1.000000000000000000 ) ) ;
#2128 = DIRECTION ( 'NONE',  ( -0.000000000000000000, -0.000000000000000000, -1.000000000000000000 ) ) ;
#2129 = VECTOR ( 'NONE', #5470, 1000.000000000000000 ) ;
#2130 = EDGE_CURVE ( 'NONE', #6216, #4297, #8127, .T. ) ;
#2131 = PLANE ( 'NONE',  #4886 ) ;
#2132 = CIRCLE ( 'NONE', #7249, 0.2262146908966421732 ) ;
#2133 = DIRECTION ( 'NONE',  ( 0.000000000000000000, -0.000000000000000000, -1.000000000000000000 ) ) ;
#2134 = PLANE ( 'NONE',  #3561 ) ;
#2135 = CARTESIAN_POINT ( 'NONE',  ( -2.570239956649733593, 0.5227027008975635436, -2.397499999999999964 ) ) ;
#2136 = ORIENTED_EDGE ( 'NONE', *, *, #464, .T. ) ;
#2137 = ORIENTED_EDGE ( 'NONE', *, *, #7705, .F. ) ;
#2138 = LINE ( 'NONE', #2186, #6165 ) ;
#2139 = EDGE_LOOP ( 'NONE', ( #5964, #2748, #8810, #5023 ) ) ;
#2140 = ORIENTED_EDGE ( 'NONE', *, *, #3619, .T. ) ;
#2141 = VECTOR ( 'NONE', #1552, 1000.000000000000000 ) ;
#2142 = CARTESIAN_POINT ( 'NONE',  ( 3.200000000000000622, 0.1446467872876746885, -1.097499999999999920 ) ) ;
#2143 = CARTESIAN_POINT ( 'NONE',  ( 2.199999999999999734, 0.6024999999999991473, 1.097499999999999920 ) ) ;
#2144 = DIRECTION ( 'NONE',  ( -0.000000000000000000, 0.000000000000000000, -1.000000000000000000 ) ) ;
#2145 = VECTOR ( 'NONE', #8347, 1000.000000000000000 ) ;
#2146 = DIRECTION ( 'NONE',  ( -0.06975647374412527468, -0.9975640502598243087, 0.000000000000000000 ) ) ;
#2147 = CARTESIAN_POINT ( 'NONE',  ( -2.785400298157456600, 0.02828434744848385904, -1.097499999999999920 ) ) ;
#2148 = CARTESIAN_POINT ( 'NONE',  ( -2.489037635143886984, 0.6024999999999990363, -2.152499999999999858 ) ) ;
#2149 = ORIENTED_EDGE ( 'NONE', *, *, #597, .T. ) ;
#2150 = CARTESIAN_POINT ( 'NONE',  ( 2.489037635143886984, 0.5212853091033570196, -2.802499999999999769 ) ) ;
#2151 = VERTEX_POINT ( 'NONE', #6578 ) ;
#2152 = VECTOR ( 'NONE', #6148, 1000.000000000000000 ) ;
#2153 = EDGE_CURVE ( 'NONE', #8807, #6142, #2463, .T. ) ;
#2154 = LINE ( 'NONE', #4373, #8479 ) ;
#2155 = CARTESIAN_POINT ( 'NONE',  ( -2.199999999999999734, 0.7474999999999991651, 1.747500000000000275 ) ) ;
#2156 = AXIS2_PLACEMENT_3D ( 'NONE', #4115, #6988, #5482 ) ;
#2157 = ORIENTED_EDGE ( 'NONE', *, *, #9076, .T. ) ;
#2158 = CARTESIAN_POINT ( 'NONE',  ( -2.489037635143886984, 0.5212853091033570196, 0.2024999999999999856 ) ) ;
#2159 = ORIENTED_EDGE ( 'NONE', *, *, #3364, .T. ) ;
#2160 = LINE ( 'NONE', #5086, #799 ) ;
#2161 = EDGE_CURVE ( 'NONE', #8590, #1036, #3882, .T. ) ;
#2162 = EDGE_CURVE ( 'NONE', #4966, #1164, #5300, .T. ) ;
#2163 = VECTOR ( 'NONE', #8180, 1000.000000000000000 ) ;
#2164 = CARTESIAN_POINT ( 'NONE',  ( -3.200000000000000622, 0.1446467872876746885, 1.097499999999999920 ) ) ;
#2165 = DIRECTION ( 'NONE',  ( -1.000000000000000000, 0.000000000000000000, 0.000000000000000000 ) ) ;
#2166 = CARTESIAN_POINT ( 'NONE',  ( 3.200000000000000622, 0.1446467872876746885, 3.047499999999999432 ) ) ;
#2167 = EDGE_LOOP ( 'NONE', ( #1472, #569, #8916, #7779 ) ) ;
#2168 = CYLINDRICAL_SURFACE ( 'NONE', #2241, 0.2262146908966421732 ) ;
#2169 = AXIS2_PLACEMENT_3D ( 'NONE', #1412, #7903, #1460 ) ;
#2170 = ORIENTED_EDGE ( 'NONE', *, *, #2692, .T. ) ;
#2171 = DIRECTION ( 'NONE',  ( 0.01745240643728044813, 0.9998476951563912696, 0.000000000000000000 ) ) ;
#2172 = EDGE_LOOP ( 'NONE', ( #5526, #3934, #2318, #7026 ) ) ;
#2173 = CARTESIAN_POINT ( 'NONE',  ( 2.199999999999999734, 0.6024999999999991473, -2.802499999999999769 ) ) ;
#2174 = ADVANCED_FACE ( 'NONE', ( #6146 ), #1720, .T. ) ;
#2175 = CARTESIAN_POINT ( 'NONE',  ( -2.199999999999999734, 0.6024999999999991473, -3.047499999999999876 ) ) ;
#2176 = DIRECTION ( 'NONE',  ( -1.000000000000000000, 0.000000000000000000, 0.000000000000000000 ) ) ;
#2177 = VECTOR ( 'NONE', #4623, 1000.000000000000000 ) ;
#2178 =( NAMED_UNIT ( * ) PLANE_ANGLE_UNIT ( ) SI_UNIT ( $, .RADIAN. ) );
#2179 = CYLINDRICAL_SURFACE ( 'NONE', #4768, 0.2262146908966421732 ) ;
#2180 = CARTESIAN_POINT ( 'NONE',  ( 2.785400298157456600, 0.02828434744848385904, 2.152499999999999858 ) ) ;
#2181 = ADVANCED_FACE ( 'NONE', ( #6057 ), #1026, .F. ) ;
#2182 = EDGE_CURVE ( 'NONE', #4493, #1034, #1080, .T. ) ;
#2183 =( LENGTH_UNIT ( ) NAMED_UNIT ( * ) SI_UNIT ( .MILLI., .METRE. ) );
#2184 = VERTEX_POINT ( 'NONE', #9017 ) ;
#2185 = ORIENTED_EDGE ( 'NONE', *, *, #4525, .T. ) ;
#2186 = CARTESIAN_POINT ( 'NONE',  ( -2.785400298157456600, 0.02828434744848380353, -2.802499999999999769 ) ) ;
#2187 = VERTEX_POINT ( 'NONE', #3271 ) ;
#2188 = EDGE_LOOP ( 'NONE', ( #2906, #8705, #3453, #1303 ) ) ;
#2189 = DIRECTION ( 'NONE',  ( 0.01745240643728362268, 0.9998476951563911586, -0.000000000000000000 ) ) ;
#2190 = DIRECTION ( 'NONE',  ( -0.000000000000000000, 0.000000000000000000, -1.000000000000000000 ) ) ;
#2191 = DIRECTION ( 'NONE',  ( -0.000000000000000000, -0.000000000000000000, -1.000000000000000000 ) ) ;
#2192 = VECTOR ( 'NONE', #3049, 1000.000000000000000 ) ;
#2193 = CARTESIAN_POINT ( 'NONE',  ( -2.575000000000001066, 0.2499999999999996669, -1.502499999999999947 ) ) ;
#2194 = DIRECTION ( 'NONE',  ( -0.000000000000000000, 0.000000000000000000, 1.000000000000000000 ) ) ;
#2195 = DIRECTION ( 'NONE',  ( 0.06975647374412519142, -0.9975640502598243087, 0.000000000000000000 ) ) ;
#2196 = ORIENTED_EDGE ( 'NONE', *, *, #2211, .F. ) ;
#2197 = CARTESIAN_POINT ( 'NONE',  ( 2.715217872447410752, 0.5252332998309695578, 0.8524999999999999245 ) ) ;
#2198 = ORIENTED_EDGE ( 'NONE', *, *, #853, .T. ) ;
#2199 = AXIS2_PLACEMENT_3D ( 'NONE', #1493, #661, #7847 ) ;
#2200 = FACE_OUTER_BOUND ( 'NONE', #7099, .T. ) ;
#2201 = DIRECTION ( 'NONE',  ( -0.000000000000000000, -0.000000000000000000, -1.000000000000000000 ) ) ;
#2202 = ORIENTED_EDGE ( 'NONE', *, *, #3784, .F. ) ;
#2203 = LINE ( 'NONE', #1595, #8896 ) ;
#2204 = EDGE_CURVE ( 'NONE', #8823, #3112, #7535, .T. ) ;
#2205 = ORIENTED_EDGE ( 'NONE', *, *, #6996, .T. ) ;
#2206 = CARTESIAN_POINT ( 'NONE',  ( 2.199999999999999734, 0.7474999999999991651, -2.802499999999999769 ) ) ;
#2207 = CARTESIAN_POINT ( 'NONE',  ( 2.801180237303523946, 0.2539479907276123161, -0.8524999999999999245 ) ) ;
#2208 = DIRECTION ( 'NONE',  ( 0.000000000000000000, -0.000000000000000000, -1.000000000000000000 ) ) ;
#2209 = DIRECTION ( 'NONE',  ( 0.000000000000000000, 1.000000000000000000, 0.000000000000000000 ) ) ;
#2210 = ORIENTED_EDGE ( 'NONE', *, *, #6892, .F. ) ;
#2211 = EDGE_CURVE ( 'NONE', #6650, #3427, #228, .T. ) ;
#2212 = CARTESIAN_POINT ( 'NONE',  ( -2.715217872447410752, 0.5252332998309695578, -0.8524999999999999245 ) ) ;
#2213 = ORIENTED_EDGE ( 'NONE', *, *, #1065, .T. ) ;
#2214 = ORIENTED_EDGE ( 'NONE', *, *, #2086, .F. ) ;
#2215 = DIRECTION ( 'NONE',  ( 1.000000000000000000, 0.000000000000000000, 0.000000000000000000 ) ) ;
#2216 = DIRECTION ( 'NONE',  ( -1.000000000000000000, 0.000000000000000000, 0.000000000000000000 ) ) ;
#2217 = CARTESIAN_POINT ( 'NONE',  ( 3.200000000000000622, 0.1446467872876746885, -0.4475000000000000089 ) ) ;
#2218 = DIRECTION ( 'NONE',  ( 0.000000000000000000, 0.000000000000000000, 1.000000000000000000 ) ) ;
#2219 = FACE_OUTER_BOUND ( 'NONE', #8193, .T. ) ;
#2220 = ADVANCED_FACE ( 'NONE', ( #7375 ), #8921, .F. ) ;
#2221 = ADVANCED_FACE ( 'NONE', ( #3936 ), #2369, .F. ) ;
#2222 = DIRECTION ( 'NONE',  ( 0.06975647374412519142, -0.9975640502598243087, 0.000000000000000000 ) ) ;
#2223 = ORIENTED_EDGE ( 'NONE', *, *, #5670, .F. ) ;
#2224 = ORIENTED_EDGE ( 'NONE', *, *, #7986, .F. ) ;
#2225 = CARTESIAN_POINT ( 'NONE',  ( 2.199999999999999734, 0.6024999999999991473, 1.502500000000000391 ) ) ;
#2226 = EDGE_LOOP ( 'NONE', ( #6115, #6324, #8865, #2996 ) ) ;
#2227 = EDGE_LOOP ( 'NONE', ( #8149, #6947, #2818, #5700 ) ) ;
#2228 = CARTESIAN_POINT ( 'NONE',  ( 3.189885311307102622, 1.626303258728256651E-16, 0.8524999999999999245 ) ) ;
#2229 = DIRECTION ( 'NONE',  ( 0.06975647374412519142, 0.9975640502598243087, 0.000000000000000000 ) ) ;
#2230 = EDGE_CURVE ( 'NONE', #6909, #4391, #6104, .T. ) ;
#2231 = EDGE_CURVE ( 'NONE', #899, #9274, #5441, .T. ) ;
#2232 = DIRECTION ( 'NONE',  ( -0.9975640502598241977, -0.06975647374412527468, 0.000000000000000000 ) ) ;
#2233 = EDGE_CURVE ( 'NONE', #5374, #7463, #5250, .T. ) ;
#2234 = LINE ( 'NONE', #709, #6113 ) ;
#2235 = CARTESIAN_POINT ( 'NONE',  ( -2.715217872447410752, 0.5252332998309695578, 1.097499999999999920 ) ) ;
#2236 = LINE ( 'NONE', #4459, #2534 ) ;
#2237 = VERTEX_POINT ( 'NONE', #6855 ) ;
#2238 = CARTESIAN_POINT ( 'NONE',  ( -2.199999999999999734, 0.7474999999999991651, 0.2024999999999999856 ) ) ;
#2239 = ORIENTED_EDGE ( 'NONE', *, *, #1592, .T. ) ;
#2240 = EDGE_CURVE ( 'NONE', #3895, #6944, #5392, .T. ) ;
#2241 = AXIS2_PLACEMENT_3D ( 'NONE', #5050, #7917, #8669 ) ;
#2242 = LINE ( 'NONE', #1501, #3216 ) ;
#2243 =( GEOMETRIC_REPRESENTATION_CONTEXT ( 3 ) GLOBAL_UNCERTAINTY_ASSIGNED_CONTEXT ( ( #8317 ) ) GLOBAL_UNIT_ASSIGNED_CONTEXT ( ( #4013, #4581, #6176 ) ) REPRESENTATION_CONTEXT ( 'NONE', 'WORKASPACE' ) );
#2244 = FACE_OUTER_BOUND ( 'NONE', #6026, .T. ) ;
#2245 = EDGE_CURVE ( 'NONE', #5381, #899, #24, .T. ) ;
#2246 = ORIENTED_EDGE ( 'NONE', *, *, #1188, .T. ) ;
#2247 = LINE ( 'NONE', #5129, #660 ) ;
#2248 = AXIS2_PLACEMENT_3D ( 'NONE', #6862, #282, #7428 ) ;
#2249 = DIRECTION ( 'NONE',  ( -1.000000000000000000, 0.000000000000000000, 0.000000000000000000 ) ) ;
#2250 = AXIS2_PLACEMENT_3D ( 'NONE', #1358, #3518, #9213 ) ;
#2251 = CARTESIAN_POINT ( 'NONE',  ( 2.715217872447410752, 0.5252332998309695578, 3.047499999999999432 ) ) ;
#2252 = CARTESIAN_POINT ( 'NONE',  ( -2.489037635143886984, 0.7474999999999992761, 2.802499999999999325 ) ) ;
#2253 = VECTOR ( 'NONE', #2273, 1000.000000000000227 ) ;
#2254 = CLOSED_SHELL ( 'NONE', ( #9315, #4379, #8182, #9260, #2919, #7207, #1140, #6782, #6311, #6160, #1638, #3664, #7983, #5272 ) ) ;
#2255 = CARTESIAN_POINT ( 'NONE',  ( 2.575000000000001066, 0.2499999999999996669, -0.2024999999999999856 ) ) ;
#2256 = ORIENTED_EDGE ( 'NONE', *, *, #4180, .F. ) ;
#2257 = VECTOR ( 'NONE', #9250, 1000.000000000000000 ) ;
#2258 = DIRECTION ( 'NONE',  ( -1.000000000000000000, 0.000000000000000000, 0.000000000000000000 ) ) ;
#2259 = ORIENTED_EDGE ( 'NONE', *, *, #1065, .F. ) ;
#2260 = ORIENTED_EDGE ( 'NONE', *, *, #7832, .T. ) ;
#2261 = DIRECTION ( 'NONE',  ( 0.000000000000000000, 0.000000000000000000, 1.000000000000000000 ) ) ;
#2262 = VECTOR ( 'NONE', #8064, 1000.000000000000000 ) ;
#2263 = DIRECTION ( 'NONE',  ( -0.06975647374412519142, -0.9975640502598243087, 0.000000000000000000 ) ) ;
#2264 = EDGE_CURVE ( 'NONE', #3838, #6091, #1117, .T. ) ;
#2265 = DIRECTION ( 'NONE',  ( 0.000000000000000000, -0.000000000000000000, -1.000000000000000000 ) ) ;
#2266 = LINE ( 'NONE', #6644, #4435 ) ;
#2267 = FACE_OUTER_BOUND ( 'NONE', #1791, .T. ) ;
#2268 = CARTESIAN_POINT ( 'NONE',  ( 2.489037635143886984, 0.5212853091033570196, -0.2024999999999999856 ) ) ;
#2269 = AXIS2_PLACEMENT_3D ( 'NONE', #8077, #4504, #4326 ) ;
#2270 = LINE ( 'NONE', #8763, #3615 ) ;
#2271 = ORIENTED_EDGE ( 'NONE', *, *, #1930, .T. ) ;
#2272 = ORIENTED_EDGE ( 'NONE', *, *, #7492, .F. ) ;
#2273 = DIRECTION ( 'NONE',  ( -0.01745240643728362268, 0.9998476951563911586, 0.000000000000000000 ) ) ;
#2274 = VERTEX_POINT ( 'NONE', #421 ) ;
#2275 = ORIENTED_EDGE ( 'NONE', *, *, #141, .F. ) ;
#2276 = DIRECTION ( 'NONE',  ( -1.000000000000000000, 0.000000000000000000, 0.000000000000000000 ) ) ;
#2277 = CARTESIAN_POINT ( 'NONE',  ( -2.575000000000001066, 0.2499999999999996669, -2.397499999999999964 ) ) ;
#2278 = AXIS2_PLACEMENT_3D ( 'NONE', #1008, #5421, #7445 ) ;
#2279 = AXIS2_PLACEMENT_3D ( 'NONE', #2585, #1833, #8332 ) ;
#2280 = VECTOR ( 'NONE', #746, 1000.000000000000227 ) ;
#2281 = ADVANCED_FACE ( 'NONE', ( #3837 ), #6712, .T. ) ;
#2282 = DIRECTION ( 'NONE',  ( 0.9998476951563912696, 0.01745240643728362614, 0.000000000000000000 ) ) ;
#2283 = ADVANCED_FACE ( 'NONE', ( #4170 ), #1165, .F. ) ;
#2284 = CARTESIAN_POINT ( 'NONE',  ( -2.719977915797677337, 0.2525305989334057921, 1.097499999999999920 ) ) ;
#2285 = CIRCLE ( 'NONE', #493, 0.2262146908966421732 ) ;
#2286 = LINE ( 'NONE', #5031, #614 ) ;
#2287 = ORIENTED_EDGE ( 'NONE', *, *, #2086, .T. ) ;
#2288 = DIRECTION ( 'NONE',  ( -0.000000000000000000, -0.000000000000000000, -1.000000000000000000 ) ) ;
#2289 = ORIENTED_EDGE ( 'NONE', *, *, #6139, .F. ) ;
#2290 = VECTOR ( 'NONE', #4774, 1000.000000000000000 ) ;
#2291 = CARTESIAN_POINT ( 'NONE',  ( 2.785400298157456600, 0.02828434744848385904, 0.4475000000000000089 ) ) ;
#2292 = VERTEX_POINT ( 'NONE', #8400 ) ;
#2293 = EDGE_CURVE ( 'NONE', #7663, #4560, #1261, .T. ) ;
#2294 = CARTESIAN_POINT ( 'NONE',  ( -2.715217872447410752, 0.5252332998309695578, -1.747499999999999831 ) ) ;
#2295 = ADVANCED_FACE ( 'NONE', ( #2700 ), #4832, .F. ) ;
#2296 = VECTOR ( 'NONE', #6798, 1000.000000000000000 ) ;
#2297 = LINE ( 'NONE', #4564, #7672 ) ;
#2298 = CARTESIAN_POINT ( 'NONE',  ( -2.489037635143886984, 0.7474999999999992761, -2.802499999999999769 ) ) ;
#2299 = DIRECTION ( 'NONE',  ( -0.06975647374412519142, -0.9975640502598243087, 0.000000000000000000 ) ) ;
#2300 = ORIENTED_EDGE ( 'NONE', *, *, #8499, .T. ) ;
#2301 = FACE_OUTER_BOUND ( 'NONE', #8554, .T. ) ;
#2302 = VERTEX_POINT ( 'NONE', #9207 ) ;
#2303 = ORIENTED_EDGE ( 'NONE', *, *, #3081, .F. ) ;
#2304 = AXIS2_PLACEMENT_3D ( 'NONE', #6031, #8895, #3057 ) ;
#2305 = CARTESIAN_POINT ( 'NONE',  ( 2.801180237303523946, 0.2539479907276123161, -2.152499999999999858 ) ) ;
#2306 = CARTESIAN_POINT ( 'NONE',  ( -2.795514986850355044, 0.1729311347361582596, -0.8524999999999999245 ) ) ;
#2307 = DIRECTION ( 'NONE',  ( -1.000000000000000000, 0.000000000000000000, 0.000000000000000000 ) ) ;
#2308 = CARTESIAN_POINT ( 'NONE',  ( 2.715217872447410752, 0.5252332998309695578, -1.747499999999999831 ) ) ;
#2309 = LINE ( 'NONE', #4484, #4749 ) ;
#2310 = AXIS2_PLACEMENT_3D ( 'NONE', #5980, #8835, #4565 ) ;
#2311 = CARTESIAN_POINT ( 'NONE',  ( -2.199999999999999734, 0.7474999999999991651, 0.2024999999999999856 ) ) ;
#2312 = FACE_OUTER_BOUND ( 'NONE', #820, .T. ) ;
#2313 = ORIENTED_EDGE ( 'NONE', *, *, #5612, .F. ) ;
#2314 = EDGE_LOOP ( 'NONE', ( #4123, #1672, #5236, #744, #7685, #8256, #2104, #1044, #3410, #5226, #2782, #7446 ) ) ;
#2315 = CYLINDRICAL_SURFACE ( 'NONE', #7973, 0.08121469089664243302 ) ;
#2316 = EDGE_CURVE ( 'NONE', #1347, #3790, #6194, .T. ) ;
#2317 = VERTEX_POINT ( 'NONE', #5584 ) ;
#2318 = ORIENTED_EDGE ( 'NONE', *, *, #2753, .T. ) ;
#2319 = CARTESIAN_POINT ( 'NONE',  ( 2.199999999999999734, 0.7474999999999991651, -1.502499999999999947 ) ) ;
#2320 = CARTESIAN_POINT ( 'NONE',  ( -1.653818155844315463, 1.100000000000000533, -2.503818155844308002 ) ) ;
#2321 = CARTESIAN_POINT ( 'NONE',  ( -2.489037635143886984, 0.5212853091033570196, 2.152499999999999858 ) ) ;
#2322 = DIRECTION ( 'NONE',  ( 0.9781476007338055778, 0.2079116908177597867, -2.610485547635883319E-16 ) ) ;
#2323 = LINE ( 'NONE', #1582, #2106 ) ;
#2324 = ORIENTED_EDGE ( 'NONE', *, *, #8780, .F. ) ;
#2325 = LINE ( 'NONE', #8075, #1506 ) ;
#2326 = EDGE_CURVE ( 'NONE', #3688, #6804, #8593, .T. ) ;
#2327 = ORIENTED_EDGE ( 'NONE', *, *, #5384, .T. ) ;
#2328 = DIRECTION ( 'NONE',  ( 1.000000000000000000, 0.000000000000000000, 0.000000000000000000 ) ) ;
#2329 = ORIENTED_EDGE ( 'NONE', *, *, #8623, .T. ) ;
#2330 = VECTOR ( 'NONE', #8350, 1000.000000000000000 ) ;
#2331 = AXIS2_PLACEMENT_3D ( 'NONE', #1461, #4329, #6062 ) ;
#2332 = CARTESIAN_POINT ( 'NONE',  ( -2.795514986850355044, 0.1729311347361582596, 1.747500000000000275 ) ) ;
#2333 = CARTESIAN_POINT ( 'NONE',  ( 2.199999999999999734, 0.7474999999999991651, -0.4475000000000000089 ) ) ;
#2334 = ORIENTED_EDGE ( 'NONE', *, *, #9128, .T. ) ;
#2335 = FACE_OUTER_BOUND ( 'NONE', #4462, .T. ) ;
#2336 = ADVANCED_FACE ( 'NONE', ( #2004 ), #9064, .F. ) ;
#2337 = AXIS2_PLACEMENT_3D ( 'NONE', #5640, #1356, #3655 ) ;
#2338 = DIRECTION ( 'NONE',  ( -0.01745240643728362268, 0.9998476951563911586, 0.000000000000000000 ) ) ;
#2339 = CARTESIAN_POINT ( 'NONE',  ( -2.489037635143886984, 0.6024999999999990363, -2.802499999999999769 ) ) ;
#2340 = EDGE_CURVE ( 'NONE', #3007, #1334, #9151, .T. ) ;
#2341 = ADVANCED_FACE ( 'NONE', ( #4077 ), #7609, .F. ) ;
#2342 = CARTESIAN_POINT ( 'NONE',  ( 2.715217872447410752, 0.5252332998309695578, -0.2024999999999999856 ) ) ;
#2343 = VECTOR ( 'NONE', #9104, 1000.000000000000000 ) ;
#2344 = EDGE_LOOP ( 'NONE', ( #5614, #2878, #4813, #3066 ) ) ;
#2345 = EDGE_LOOP ( 'NONE', ( #1072, #7843, #5424, #1618 ) ) ;
#2346 = AXIS2_PLACEMENT_3D ( 'NONE', #5809, #5715, #5898 ) ;
#2347 = LINE ( 'NONE', #8755, #4988 ) ;
#2348 = DIRECTION ( 'NONE',  ( 0.000000000000000000, -0.000000000000000000, -1.000000000000000000 ) ) ;
#2349 = DIRECTION ( 'NONE',  ( -1.000000000000000000, 0.000000000000000000, 0.000000000000000000 ) ) ;
#2350 = FILL_AREA_STYLE ('',( #5191 ) ) ;
#2351 = LINE ( 'NONE', #5233, #4083 ) ;
#2352 = ORIENTED_EDGE ( 'NONE', *, *, #3489, .T. ) ;
#2353 = SURFACE_STYLE_USAGE ( .BOTH. , #117 ) ;
#2354 = EDGE_LOOP ( 'NONE', ( #5527, #1427, #5454, #1172 ) ) ;
#2355 = ORIENTED_EDGE ( 'NONE', *, *, #4464, .T. ) ;
#2356 = CARTESIAN_POINT ( 'NONE',  ( -2.570239956649733593, 0.5227027008975635436, -3.047499999999999876 ) ) ;
#2357 = EDGE_LOOP ( 'NONE', ( #5327, #5024, #2963, #7714 ) ) ;
#2358 = VERTEX_POINT ( 'NONE', #1951 ) ;
#2359 = LINE ( 'NONE', #5335, #4390 ) ;
#2360 = DIRECTION ( 'NONE',  ( -0.000000000000000000, -0.000000000000000000, -1.000000000000000000 ) ) ;
#2361 = DIRECTION ( 'NONE',  ( 0.9975640502598243087, 0.06975647374412519142, -0.000000000000000000 ) ) ;
#2362 = EDGE_CURVE ( 'NONE', #2091, #89, #3512, .T. ) ;
#2363 = LINE ( 'NONE', #5243, #407 ) ;
#2364 = LINE ( 'NONE', #5244, #1061 ) ;
#2365 = ORIENTED_EDGE ( 'NONE', *, *, #2437, .F. ) ;
#2366 = CARTESIAN_POINT ( 'NONE',  ( 2.785400298157456600, 0.02828434744848385904, -1.502499999999999947 ) ) ;
#2367 = VERTEX_POINT ( 'NONE', #5492 ) ;
#2368 = ORIENTED_EDGE ( 'NONE', *, *, #8654, .T. ) ;
#2369 = CYLINDRICAL_SURFACE ( 'NONE', #784, 0.08121469089664243302 ) ;
#2370 = ORIENTED_EDGE ( 'NONE', *, *, #156, .T. ) ;
#2371 = ADVANCED_FACE ( 'NONE', ( #8450 ), #8359, .T. ) ;
#2372 = CARTESIAN_POINT ( 'NONE',  ( -2.199999999999999734, 0.6024999999999991473, -0.2024999999999999856 ) ) ;
#2373 = CARTESIAN_POINT ( 'NONE',  ( 2.715217872447410752, 0.5252332998309695578, 3.047499999999999432 ) ) ;
#2374 = ORIENTED_EDGE ( 'NONE', *, *, #3728, .T. ) ;
#2375 = DIRECTION ( 'NONE',  ( 0.9998476951563912696, -0.01745240643728044813, 0.000000000000000000 ) ) ;
#2376 = CARTESIAN_POINT ( 'NONE',  ( -2.785400298157456600, 0.02828434744848385904, -2.397499999999999964 ) ) ;
#2377 = DIRECTION ( 'NONE',  ( -0.000000000000000000, -0.000000000000000000, -1.000000000000000000 ) ) ;
#2378 = AXIS2_PLACEMENT_3D ( 'NONE', #4005, #4900, #486 ) ;
#2379 = EDGE_CURVE ( 'NONE', #6647, #8538, #658, .T. ) ;
#2380 = LINE ( 'NONE', #1734, #2163 ) ;
#2381 = PRESENTATION_STYLE_ASSIGNMENT (( #5265 ) ) ;
#2382 = ORIENTED_EDGE ( 'NONE', *, *, #2245, .F. ) ;
#2383 = AXIS2_PLACEMENT_3D ( 'NONE', #2851, #4323, #7186 ) ;
#2384 = CARTESIAN_POINT ( 'NONE',  ( -2.489037635143886984, 0.5212853091033570196, 2.802499999999999325 ) ) ;
#2385 = PRESENTATION_LAYER_ASSIGNMENT (  '', '', ( #8570 ) ) ;
#2386 = ORIENTED_EDGE ( 'NONE', *, *, #6974, .F. ) ;
#2387 = ADVANCED_FACE ( 'NONE', ( #6293 ), #7654, .T. ) ;
#2388 = CARTESIAN_POINT ( 'NONE',  ( -2.199999999999999734, 0.6024999999999991473, -0.8524999999999999245 ) ) ;
#2389 = PLANE ( 'NONE',  #7707 ) ;
#2390 = CIRCLE ( 'NONE', #4967, 0.2262146908966421732 ) ;
#2391 = FACE_OUTER_BOUND ( 'NONE', #8020, .T. ) ;
#2392 = CLOSED_SHELL ( 'NONE', ( #1562, #3218, #1818, #3084, #382, #9214, #5894, #4284, #7637, #4537, #2051, #6256, #4429, #3813 ) ) ;
#2393 =( GEOMETRIC_REPRESENTATION_CONTEXT ( 3 ) GLOBAL_UNCERTAINTY_ASSIGNED_CONTEXT ( ( #7430 ) ) GLOBAL_UNIT_ASSIGNED_CONTEXT ( ( #798, #7325, #6528 ) ) REPRESENTATION_CONTEXT ( 'NONE', 'WORKASPACE' ) );
#2394 = DIRECTION ( 'NONE',  ( -0.9975640502598241977, 0.06975647374412534407, 0.000000000000000000 ) ) ;
#2395 = ORIENTED_EDGE ( 'NONE', *, *, #2916, .F. ) ;
#2396 = LINE ( 'NONE', #961, #8098 ) ;
#2397 = VERTEX_POINT ( 'NONE', #3412 ) ;
#2398 = ORIENTED_EDGE ( 'NONE', *, *, #3956, .T. ) ;
#2399 = ADVANCED_FACE ( 'NONE', ( #1310 ), #6342, .F. ) ;
#2400 = VECTOR ( 'NONE', #1773, 1000.000000000000000 ) ;
#2401 = LINE ( 'NONE', #5286, #8862 ) ;
#2402 = ORIENTED_EDGE ( 'NONE', *, *, #2509, .T. ) ;
#2403 = ORIENTED_EDGE ( 'NONE', *, *, #5111, .F. ) ;
#2404 = DIRECTION ( 'NONE',  ( 0.000000000000000000, 0.9781476007338055778, 0.2079116908177597867 ) ) ;
#2405 = LINE ( 'NONE', #1109, #4245 ) ;
#2406 = EDGE_CURVE ( 'NONE', #3297, #8037, #8498, .T. ) ;
#2407 = CARTESIAN_POINT ( 'NONE',  ( 2.199999999999999734, 0.7474999999999991651, -1.502499999999999947 ) ) ;
#2408 = VECTOR ( 'NONE', #7284, 1000.000000000000000 ) ;
#2409 = DIRECTION ( 'NONE',  ( 1.000000000000000000, 0.000000000000000000, 0.000000000000000000 ) ) ;
#2410 = SURFACE_STYLE_USAGE ( .BOTH. , #1901 ) ;
#2411 = ORIENTED_EDGE ( 'NONE', *, *, #3627, .T. ) ;
#2412 = CARTESIAN_POINT ( 'NONE',  ( -2.785400298157456600, 0.02828434744848380353, -2.152499999999999858 ) ) ;
#2413 = ORIENTED_EDGE ( 'NONE', *, *, #1546, .T. ) ;
#2414 = ORIENTED_EDGE ( 'NONE', *, *, #4513, .F. ) ;
#2415 = AXIS2_PLACEMENT_3D ( 'NONE', #5002, #4433, #771 ) ;
#2416 = CARTESIAN_POINT ( 'NONE',  ( 2.199999999999999734, 0.6024999999999991473, 1.502500000000000391 ) ) ;
#2417 = ORIENTED_EDGE ( 'NONE', *, *, #5494, .T. ) ;
#2418 = AXIS2_PLACEMENT_3D ( 'NONE', #7548, #8814, #6701 ) ;
#2419 = DIRECTION ( 'NONE',  ( -1.000000000000000000, 0.000000000000000000, 0.000000000000000000 ) ) ;
#2420 = CARTESIAN_POINT ( 'NONE',  ( 2.199999999999999734, 0.7474999999999991651, 0.8524999999999999245 ) ) ;
#2421 = VECTOR ( 'NONE', #3262, 1000.000000000000000 ) ;
#2422 = VECTOR ( 'NONE', #488, 1000.000000000000000 ) ;
#2423 = CARTESIAN_POINT ( 'NONE',  ( 2.489037635143886984, 0.5212853091033570196, 1.502500000000000391 ) ) ;
#2424 = VECTOR ( 'NONE', #4158, 1000.000000000000114 ) ;
#2425 = DIRECTION ( 'NONE',  ( 0.000000000000000000, -0.000000000000000000, -1.000000000000000000 ) ) ;
#2426 = VERTEX_POINT ( 'NONE', #4739 ) ;
#2427 = DIRECTION ( 'NONE',  ( -0.000000000000000000, -0.000000000000000000, -1.000000000000000000 ) ) ;
#2428 = CARTESIAN_POINT ( 'NONE',  ( 2.199999999999999734, 0.6024999999999991473, -0.8524999999999999245 ) ) ;
#2429 = EDGE_CURVE ( 'NONE', #3450, #1793, #5140, .T. ) ;
#2431 =( NAMED_UNIT ( * ) PLANE_ANGLE_UNIT ( ) SI_UNIT ( $, .RADIAN. ) );
#2430 = AXIS2_PLACEMENT_3D ( 'NONE', #1004, #955, #6688 ) ;
#2432 = CARTESIAN_POINT ( 'NONE',  ( -2.715217872447410752, 0.5252332998309695578, -1.097499999999999920 ) ) ;
#2433 = LINE ( 'NONE', #5316, #7453 ) ;
#2434 = AXIS2_PLACEMENT_3D ( 'NONE', #2562, #5444, #6059 ) ;
#2435 = VERTEX_POINT ( 'NONE', #79 ) ;
#2436 = VERTEX_POINT ( 'NONE', #4451 ) ;
#2437 = EDGE_CURVE ( 'NONE', #6713, #8766, #5890, .T. ) ;
#2438 = LINE ( 'NONE', #5271, #3487 ) ;
#2439 = AXIS2_PLACEMENT_3D ( 'NONE', #7782, #8349, #8533 ) ;
#2440 = DIRECTION ( 'NONE',  ( -0.000000000000000000, -0.000000000000000000, -1.000000000000000000 ) ) ;
#2441 = CARTESIAN_POINT ( 'NONE',  ( 2.575000000000001066, 0.2499999999999996669, 0.4475000000000000089 ) ) ;
#2442 = ORIENTED_EDGE ( 'NONE', *, *, #927, .T. ) ;
#2443 = FACE_OUTER_BOUND ( 'NONE', #2172, .T. ) ;
#2444 = VERTEX_POINT ( 'NONE', #6522 ) ;
#2445 = CIRCLE ( 'NONE', #7725, 0.2262146908966421732 ) ;
#2446 = VERTEX_POINT ( 'NONE', #2228 ) ;
#2447 = LINE ( 'NONE', #8105, #7217 ) ;
#2448 = EDGE_CURVE ( 'NONE', #1458, #1750, #4841, .T. ) ;
#2449 = ORIENTED_EDGE ( 'NONE', *, *, #1285, .F. ) ;
#2450 = ORIENTED_EDGE ( 'NONE', *, *, #7190, .T. ) ;
#2451 = DIRECTION ( 'NONE',  ( 0.000000000000000000, -1.000000000000000000, 0.000000000000000000 ) ) ;
#2452 = PLANE ( 'NONE',  #2582 ) ;
#2453 = CARTESIAN_POINT ( 'NONE',  ( 2.795514986850355044, 0.1729311347361582596, -3.047499999999999876 ) ) ;
#2454 = VECTOR ( 'NONE', #5221, 1000.000000000000000 ) ;
#2455 = EDGE_CURVE ( 'NONE', #1255, #5224, #185, .T. ) ;
#2456 = EDGE_CURVE ( 'NONE', #4670, #2826, #7844, .T. ) ;
#2457 = DIRECTION ( 'NONE',  ( -0.2079116908177597867, -0.9781476007338055778, 0.000000000000000000 ) ) ;
#2458 = EDGE_LOOP ( 'NONE', ( #4922, #2185, #6043, #3870, #139, #1056, #3398, #2618, #3629, #2246, #2170, #2875 ) ) ;
#2459 = LINE ( 'NONE', #5916, #5873 ) ;
#2460 = ORIENTED_EDGE ( 'NONE', *, *, #6382, .F. ) ;
#2461 = ORIENTED_EDGE ( 'NONE', *, *, #1454, .T. ) ;
#2462 = VECTOR ( 'NONE', #1545, 1000.000000000000000 ) ;
#2463 = LINE ( 'NONE', #8167, #7837 ) ;
#2464 = ORIENTED_EDGE ( 'NONE', *, *, #1930, .F. ) ;
#2465 = CARTESIAN_POINT ( 'NONE',  ( -2.719977915797677337, 0.2525305989334057921, -0.4475000000000000089 ) ) ;
#2466 = FACE_OUTER_BOUND ( 'NONE', #1128, .T. ) ;
#2467 = AXIS2_PLACEMENT_3D ( 'NONE', #4694, #4207, #9067 ) ;
#2468 = DIRECTION ( 'NONE',  ( 1.000000000000000000, 0.000000000000000000, 0.000000000000000000 ) ) ;
#2469 = CARTESIAN_POINT ( 'NONE',  ( -2.199999999999999734, 0.7474999999999991651, -0.2024999999999999856 ) ) ;
#2470 = ORIENTED_EDGE ( 'NONE', *, *, #2821, .F. ) ;
#2471 = DIRECTION ( 'NONE',  ( -0.9975640502598241977, -0.06975647374412527468, 0.000000000000000000 ) ) ;
#2472 = ORIENTED_EDGE ( 'NONE', *, *, #4478, .F. ) ;
#2473 = DIRECTION ( 'NONE',  ( 1.000000000000000000, 0.000000000000000000, 0.000000000000000000 ) ) ;
#2474 = ORIENTED_EDGE ( 'NONE', *, *, #8228, .F. ) ;
#2475 = MECHANICAL_DESIGN_GEOMETRIC_PRESENTATION_REPRESENTATION (  '', ( #3229 ), #1137 ) ;
#2476 = DIRECTION ( 'NONE',  ( 1.000000000000000000, 0.000000000000000000, 0.000000000000000000 ) ) ;
#2477 = SURFACE_SIDE_STYLE ('',( #4336 ) ) ;
#2478 = EDGE_CURVE ( 'NONE', #1317, #4966, #5107, .T. ) ;
#2480 = VECTOR ( 'NONE', #3136, 1000.000000000000227 ) ;
#2479 = DIRECTION ( 'NONE',  ( -0.000000000000000000, -0.000000000000000000, -1.000000000000000000 ) ) ;
#2481 = ORIENTED_EDGE ( 'NONE', *, *, #1756, .T. ) ;
#2482 = CARTESIAN_POINT ( 'NONE',  ( 2.489037635143886984, 0.5212853091033570196, 1.747500000000000275 ) ) ;
#2483 = ORIENTED_EDGE ( 'NONE', *, *, #3879, .F. ) ;
#2484 = CARTESIAN_POINT ( 'NONE',  ( -2.200000000000000622, 0.7474999999999991651, -3.249999999999992006 ) ) ;
#2485 = CIRCLE ( 'NONE', #5358, 0.08121469089664243302 ) ;
#2486 = DIRECTION ( 'NONE',  ( 0.06975647374412519142, -0.9975640502598243087, 0.000000000000000000 ) ) ;
#2487 = FACE_OUTER_BOUND ( 'NONE', #1641, .T. ) ;
#2488 = EDGE_CURVE ( 'NONE', #7051, #4816, #3558, .T. ) ;
#2489 = DIRECTION ( 'NONE',  ( -0.000000000000000000, 0.000000000000000000, -1.000000000000000000 ) ) ;
#2490 = ORIENTED_EDGE ( 'NONE', *, *, #218, .T. ) ;
#2491 = ORIENTED_EDGE ( 'NONE', *, *, #4882, .T. ) ;
#2492 = AXIS2_PLACEMENT_3D ( 'NONE', #6236, #8351, #1996 ) ;
#2493 = VERTEX_POINT ( 'NONE', #5907 ) ;
#2494 = CARTESIAN_POINT ( 'NONE',  ( -2.199999999999999734, 0.6024999999999991473, -2.802499999999999769 ) ) ;
#2495 = ORIENTED_EDGE ( 'NONE', *, *, #6551, .T. ) ;
#2496 = VERTEX_POINT ( 'NONE', #2093 ) ;
#2497 = CARTESIAN_POINT ( 'NONE',  ( 2.199999999999999734, 0.7474999999999991651, -1.747499999999999831 ) ) ;
#2498 = CARTESIAN_POINT ( 'NONE',  ( 2.785400298157456600, 0.02828434744848380353, 0.8524999999999999245 ) ) ;
#2499 = EDGE_CURVE ( 'NONE', #2121, #7591, #8883, .T. ) ;
#2500 = CARTESIAN_POINT ( 'NONE',  ( 2.489037635143886984, 0.6024999999999990363, 1.097499999999999920 ) ) ;
#2501 = EDGE_CURVE ( 'NONE', #1036, #4769, #1826, .T. ) ;
#2502 = LINE ( 'NONE', #553, #2343 ) ;
#2503 = EDGE_LOOP ( 'NONE', ( #6812, #942, #4250, #3856 ) ) ;
#2504 = DIRECTION ( 'NONE',  ( -0.000000000000000000, -0.000000000000000000, -1.000000000000000000 ) ) ;
#2505 = VERTEX_POINT ( 'NONE', #8025 ) ;
#2506 = VERTEX_POINT ( 'NONE', #5726 ) ;
#2507 = CARTESIAN_POINT ( 'NONE',  ( 2.489037635143886984, 0.7474999999999992761, -2.802499999999999769 ) ) ;
#2508 = EDGE_CURVE ( 'NONE', #886, #7291, #5443, .T. ) ;
#2509 = EDGE_CURVE ( 'NONE', #7064, #901, #7996, .T. ) ;
#2510 = CARTESIAN_POINT ( 'NONE',  ( -2.199999999999999734, 0.7474999999999991651, 3.047499999999999432 ) ) ;
#2511 = ADVANCED_FACE ( 'NONE', ( #8591 ), #4407, .F. ) ;
#2512 = FACE_OUTER_BOUND ( 'NONE', #6131, .T. ) ;
#2513 = DIRECTION ( 'NONE',  ( 0.000000000000000000, -0.000000000000000000, -1.000000000000000000 ) ) ;
#2514 = FACE_OUTER_BOUND ( 'NONE', #8769, .T. ) ;
#2515 = VERTEX_POINT ( 'NONE', #2142 ) ;
#2516 = AXIS2_PLACEMENT_3D ( 'NONE', #1374, #8701, #7910 ) ;
#2517 = LINE ( 'NONE', #2056, #4204 ) ;
#2518 = VERTEX_POINT ( 'NONE', #7892 ) ;
#2519 = DIRECTION ( 'NONE',  ( -1.000000000000000000, 3.751076125244977118E-16, 0.000000000000000000 ) ) ;
#2520 = EDGE_CURVE ( 'NONE', #5069, #3181, #8686, .T. ) ;
#2521 = ORIENTED_EDGE ( 'NONE', *, *, #527, .F. ) ;
#2522 = FACE_OUTER_BOUND ( 'NONE', #5790, .T. ) ;
#2523 = ADVANCED_FACE ( 'NONE', ( #3651 ), #5855, .F. ) ;
#2524 = CARTESIAN_POINT ( 'NONE',  ( -2.570239956649733593, 0.5227027008975635436, 0.2024999999999999856 ) ) ;
#2525 = CARTESIAN_POINT ( 'NONE',  ( 2.199999999999999734, 0.7474999999999991651, -2.397499999999999964 ) ) ;
#2526 = LINE ( 'NONE', #2311, #1899 ) ;
#2527 = ORIENTED_EDGE ( 'NONE', *, *, #6880, .F. ) ;
#2528 = DIRECTION ( 'NONE',  ( 1.000000000000000000, 0.000000000000000000, 0.000000000000000000 ) ) ;
#2529 = ORIENTED_EDGE ( 'NONE', *, *, #98, .T. ) ;
#2530 = AXIS2_PLACEMENT_3D ( 'NONE', #4350, #6881, #255 ) ;
#2531 = CARTESIAN_POINT ( 'NONE',  ( -2.199999999999999734, 0.6024999999999991473, 0.4475000000000000089 ) ) ;
#2532 = LINE ( 'NONE', #8945, #1713 ) ;
#2533 = DIRECTION ( 'NONE',  ( -1.000000000000000000, 0.000000000000000000, 0.000000000000000000 ) ) ;
#2534 = VECTOR ( 'NONE', #7899, 1000.000000000000000 ) ;
#2535 = PLANE ( 'NONE',  #5887 ) ;
#2536 = ORIENTED_EDGE ( 'NONE', *, *, #5928, .F. ) ;
#2537 = FACE_OUTER_BOUND ( 'NONE', #511, .T. ) ;
#2538 = EDGE_LOOP ( 'NONE', ( #5077, #6894, #2669, #5211 ) ) ;
#2539 = ORIENTED_EDGE ( 'NONE', *, *, #2005, .T. ) ;
#2540 = CARTESIAN_POINT ( 'NONE',  ( 2.489037635143886984, 0.7474999999999992761, -0.8524999999999999245 ) ) ;
#2541 = VERTEX_POINT ( 'NONE', #7221 ) ;
#2542 = ORIENTED_EDGE ( 'NONE', *, *, #393, .F. ) ;
#2543 = FILL_AREA_STYLE_COLOUR ( '', #8002 ) ;
#2544 = VECTOR ( 'NONE', #6566, 1000.000000000000000 ) ;
#2545 = EDGE_CURVE ( 'NONE', #1945, #9126, #164, .T. ) ;
#2546 = CARTESIAN_POINT ( 'NONE',  ( -3.200000000000000622, 0.1446467872876746885, -1.097499999999999920 ) ) ;
#2547 = VECTOR ( 'NONE', #5397, 1000.000000000000227 ) ;
#2548 = DIRECTION ( 'NONE',  ( -0.000000000000000000, -0.000000000000000000, -1.000000000000000000 ) ) ;
#2549 = CARTESIAN_POINT ( 'NONE',  ( 2.489037635143886984, 0.6024999999999990363, -0.8524999999999999245 ) ) ;
#2550 = VECTOR ( 'NONE', #1844, 1000.000000000000000 ) ;
#2551 = CARTESIAN_POINT ( 'NONE',  ( -2.199999999999999734, 0.7474999999999991651, 1.502500000000000391 ) ) ;
#2552 = CLOSED_SHELL ( 'NONE', ( #8111, #3195, #6952, #5449, #7998, #7594, #6184, #5911, #8625, #1532, #7639, #813, #9267, #767 ) ) ;
#2553 = CIRCLE ( 'NONE', #8727, 0.2262146908966421732 ) ;
#2554 = VERTEX_POINT ( 'NONE', #3598 ) ;
#2555 = FACE_OUTER_BOUND ( 'NONE', #1670, .T. ) ;
#2556 = ORIENTED_EDGE ( 'NONE', *, *, #2488, .F. ) ;
#2557 = ORIENTED_EDGE ( 'NONE', *, *, #5166, .F. ) ;
#2558 = DIRECTION ( 'NONE',  ( -1.000000000000000000, 0.000000000000000000, 0.000000000000000000 ) ) ;
#2559 = EDGE_CURVE ( 'NONE', #3427, #9054, #3024, .T. ) ;
#2560 = ADVANCED_FACE ( 'NONE', ( #4540 ), #1754, .T. ) ;
#2561 = VECTOR ( 'NONE', #7802, 1000.000000000000000 ) ;
#2562 = CARTESIAN_POINT ( 'NONE',  ( 2.801180237303523946, 0.2539479907276123161, 3.047499999999999432 ) ) ;
#2563 = DIRECTION ( 'NONE',  ( 0.9975640502598241977, -0.06975647374412527468, 0.000000000000000000 ) ) ;
#2564 = LINE ( 'NONE', #1909, #3849 ) ;
#2565 = CARTESIAN_POINT ( 'NONE',  ( 2.795514986850355044, 0.1729311347361582596, 1.747500000000000275 ) ) ;
#2566 = AXIS2_PLACEMENT_3D ( 'NONE', #8909, #968, #8155 ) ;
#2567 = DIRECTION ( 'NONE',  ( 0.9975640502598241977, -0.06975647374412527468, 0.000000000000000000 ) ) ;
#2568 = ORIENTED_EDGE ( 'NONE', *, *, #90, .F. ) ;
#2569 = CARTESIAN_POINT ( 'NONE',  ( 2.715217872447410752, 0.5252332998309695578, 1.502500000000000391 ) ) ;
#2570 = ORIENTED_EDGE ( 'NONE', *, *, #8950, .F. ) ;
#2571 = EDGE_CURVE ( 'NONE', #4815, #1182, #4494, .T. ) ;
#2572 = AXIS2_PLACEMENT_3D ( 'NONE', #442, #9178, #9089 ) ;
#2573 = AXIS2_PLACEMENT_3D ( 'NONE', #2388, #1284, #6973 ) ;
#2574 = STYLED_ITEM ( 'NONE', ( #4817 ), #2778 ) ;
#2575 = CARTESIAN_POINT ( 'NONE',  ( -2.199999999999999734, 0.6024999999999991473, -0.8524999999999999245 ) ) ;
#2576 = ADVANCED_FACE ( 'NONE', ( #1058 ), #1794, .F. ) ;
#2577 = CARTESIAN_POINT ( 'NONE',  ( -2.575000000000001066, 0.2499999999999996669, -2.152499999999999858 ) ) ;
#2578 = EDGE_CURVE ( 'NONE', #5719, #2796, #6037, .T. ) ;
#2579 = LINE ( 'NONE', #5460, #8515 ) ;
#2580 = ORIENTED_EDGE ( 'NONE', *, *, #3117, .F. ) ;
#2581 = DIRECTION ( 'NONE',  ( 0.000000000000000000, -0.000000000000000000, -1.000000000000000000 ) ) ;
#2582 = AXIS2_PLACEMENT_3D ( 'NONE', #5431, #3826, #4730 ) ;
#2583 = ORIENTED_EDGE ( 'NONE', *, *, #9193, .F. ) ;
#2584 = EDGE_CURVE ( 'NONE', #4089, #6792, #2359, .T. ) ;
#2585 = CARTESIAN_POINT ( 'NONE',  ( 2.801180237303523946, 0.2539479907276123161, 0.8524999999999999245 ) ) ;
#2586 = DIRECTION ( 'NONE',  ( -0.000000000000000000, -0.000000000000000000, -1.000000000000000000 ) ) ;
#2587 =( LENGTH_UNIT ( ) NAMED_UNIT ( * ) SI_UNIT ( .MILLI., .METRE. ) );
#2588 = DIRECTION ( 'NONE',  ( -0.9975640502598241977, 0.06975647374412534407, 0.000000000000000000 ) ) ;
#2589 = ORIENTED_EDGE ( 'NONE', *, *, #6500, .T. ) ;
#2590 = CYLINDRICAL_SURFACE ( 'NONE', #622, 0.08121469089664200280 ) ;
#2591 = VERTEX_POINT ( 'NONE', #5240 ) ;
#2592 = FACE_OUTER_BOUND ( 'NONE', #8483, .T. ) ;
#2593 = ORIENTED_EDGE ( 'NONE', *, *, #2958, .F. ) ;
#2594 = ORIENTED_EDGE ( 'NONE', *, *, #8333, .F. ) ;
#2595 = VECTOR ( 'NONE', #125, 1000.000000000000114 ) ;
#2596 = LINE ( 'NONE', #7073, #2424 ) ;
#2597 = CARTESIAN_POINT ( 'NONE',  ( -2.199999999999999734, 0.6024999999999991473, 1.097499999999999920 ) ) ;
#2598 = CARTESIAN_POINT ( 'NONE',  ( 2.199999999999999734, 0.7474999999999991651, -2.152499999999999858 ) ) ;
#2599 = VECTOR ( 'NONE', #1251, 1000.000000000000000 ) ;
#2600 = CARTESIAN_POINT ( 'NONE',  ( 2.489037635143886984, 0.5212853091033570196, -1.502499999999999947 ) ) ;
#2601 = EDGE_CURVE ( 'NONE', #5376, #9047, #8440, .T. ) ;
#2602 =( LENGTH_UNIT ( ) NAMED_UNIT ( * ) SI_UNIT ( .MILLI., .METRE. ) );
#2603 = ORIENTED_EDGE ( 'NONE', *, *, #4778, .F. ) ;
#2604 = DIRECTION ( 'NONE',  ( -0.000000000000000000, -0.000000000000000000, -1.000000000000000000 ) ) ;
#2605 = ORIENTED_EDGE ( 'NONE', *, *, #5157, .T. ) ;
#2606 = VERTEX_POINT ( 'NONE', #3780 ) ;
#2607 = CARTESIAN_POINT ( 'NONE',  ( -2.199999999999999734, 0.6024999999999991473, -2.802499999999999769 ) ) ;
#2608 = AXIS2_PLACEMENT_3D ( 'NONE', #2026, #7772, #7 ) ;
#2609 = CARTESIAN_POINT ( 'NONE',  ( 3.200000000000000622, 0.1446467872876746885, -2.397499999999999964 ) ) ;
#2610 = CARTESIAN_POINT ( 'NONE',  ( 2.795514986850355044, 0.1729311347361582596, -1.502499999999999947 ) ) ;
#2611 = CARTESIAN_POINT ( 'NONE',  ( -2.801180237303523946, 0.2539479907276123161, 1.747500000000000275 ) ) ;
#2612 = ADVANCED_FACE ( 'NONE', ( #7364 ), #7454, .T. ) ;
#2613 = CARTESIAN_POINT ( 'NONE',  ( 2.801180237303523946, 0.2539479907276123161, -0.4475000000000000089 ) ) ;
#2614 = CIRCLE ( 'NONE', #2310, 0.08121469089664200280 ) ;
#2615 = CARTESIAN_POINT ( 'NONE',  ( -2.489037635143886984, 0.6024999999999990363, -1.502499999999999947 ) ) ;
#2616 = ORIENTED_EDGE ( 'NONE', *, *, #9161, .T. ) ;
#2617 = CARTESIAN_POINT ( 'NONE',  ( 2.199999999999998845, 0.7474999999999991651, -3.249999999999992895 ) ) ;
#2618 = ORIENTED_EDGE ( 'NONE', *, *, #2927, .T. ) ;
#2619 = AXIS2_PLACEMENT_3D ( 'NONE', #3589, #3058, #8805 ) ;
#2620 = CARTESIAN_POINT ( 'NONE',  ( 2.199999999999999734, 0.7474999999999991651, -1.502499999999999947 ) ) ;
#2621 = EDGE_CURVE ( 'NONE', #4571, #3465, #6844, .T. ) ;
#2622 = EDGE_CURVE ( 'NONE', #6077, #4582, #8245, .T. ) ;
#2623 = LINE ( 'NONE', #5459, #7299 ) ;
#2624 = EDGE_CURVE ( 'NONE', #4553, #1843, #3160, .T. ) ;
#2625 = CARTESIAN_POINT ( 'NONE',  ( 2.795514986850355044, 0.1729311347361582596, -0.4475000000000000089 ) ) ;
#2626 = ORIENTED_EDGE ( 'NONE', *, *, #5119, .F. ) ;
#2627 = LINE ( 'NONE', #4799, #6308 ) ;
#2628 = PRESENTATION_LAYER_ASSIGNMENT (  '', '', ( #7002 ) ) ;
#2629 = ORIENTED_EDGE ( 'NONE', *, *, #5949, .T. ) ;
#2630 = CARTESIAN_POINT ( 'NONE',  ( -2.199999999999999734, 0.7474999999999991651, 2.397499999999999964 ) ) ;
#2631 = EDGE_CURVE ( 'NONE', #8183, #4639, #263, .T. ) ;
#2632 = ADVANCED_FACE ( 'NONE', ( #214 ), #7408, .F. ) ;
#2633 = DIRECTION ( 'NONE',  ( -0.000000000000000000, -0.000000000000000000, -1.000000000000000000 ) ) ;
#2634 = VECTOR ( 'NONE', #5548, 1000.000000000000000 ) ;
#2635 = SURFACE_STYLE_USAGE ( .BOTH. , #7632 ) ;
#2636 = CARTESIAN_POINT ( 'NONE',  ( 2.795514986850355044, 0.1729311347361582596, -2.152499999999999858 ) ) ;
#2637 = ORIENTED_EDGE ( 'NONE', *, *, #752, .F. ) ;
#2638 =( NAMED_UNIT ( * ) SI_UNIT ( $, .STERADIAN. ) SOLID_ANGLE_UNIT ( ) );
#2639 = VERTEX_POINT ( 'NONE', #8960 ) ;
#2640 = CARTESIAN_POINT ( 'NONE',  ( 2.570239956649733593, 0.5227027008975635436, 3.047499999999999432 ) ) ;
#2641 = VERTEX_POINT ( 'NONE', #2497 ) ;
#2642 = VERTEX_POINT ( 'NONE', #5954 ) ;
#2643 = AXIS2_PLACEMENT_3D ( 'NONE', #6295, #5588, #425 ) ;
#2644 = DIRECTION ( 'NONE',  ( -2.668805347656631116E-16, -0.000000000000000000, -1.000000000000000000 ) ) ;
#2645 = ADVANCED_FACE ( 'NONE', ( #4678 ), #408, .F. ) ;
#2646 = CARTESIAN_POINT ( 'NONE',  ( -3.200000000000000622, 0.1446467872876746885, 1.747500000000000275 ) ) ;
#2647 = LINE ( 'NONE', #7644, #1265 ) ;
#2648 = DIRECTION ( 'NONE',  ( -0.01745240643728362268, 0.9998476951563911586, 0.000000000000000000 ) ) ;
#2649 = LINE ( 'NONE', #4163, #7921 ) ;
#2650 = DIRECTION ( 'NONE',  ( 1.000000000000000000, 0.000000000000000000, 0.000000000000000000 ) ) ;
#2651 = ORIENTED_EDGE ( 'NONE', *, *, #7492, .T. ) ;
#2652 = PLANE ( 'NONE',  #4062 ) ;
#2653 = VERTEX_POINT ( 'NONE', #1108 ) ;
#2654 = ORIENTED_EDGE ( 'NONE', *, *, #4856, .F. ) ;
#2655 = DIRECTION ( 'NONE',  ( -0.000000000000000000, -0.000000000000000000, -1.000000000000000000 ) ) ;
#2656 = AXIS2_PLACEMENT_3D ( 'NONE', #4850, #4941, #4754 ) ;
#2657 = ADVANCED_FACE ( 'NONE', ( #3978 ), #3261, .F. ) ;
#2658 = CARTESIAN_POINT ( 'NONE',  ( -2.795514986850355044, 0.1729311347361582596, 0.4475000000000000089 ) ) ;
#2659 = CARTESIAN_POINT ( 'NONE',  ( 2.795514986850355044, 0.1729311347361582596, -2.802499999999999769 ) ) ;
#2660 = DIRECTION ( 'NONE',  ( -1.000000000000000000, 3.751076125244977118E-16, 0.000000000000000000 ) ) ;
#2661 = CARTESIAN_POINT ( 'NONE',  ( -2.715217872447410752, 0.5252332998309695578, 1.747500000000000275 ) ) ;
#2662 = EDGE_LOOP ( 'NONE', ( #1746, #7334, #2334, #5423 ) ) ;
#2663 = LINE ( 'NONE', #7662, #6781 ) ;
#2664 = VERTEX_POINT ( 'NONE', #3113 ) ;
#2665 = EDGE_CURVE ( 'NONE', #4073, #8821, #1620, .T. ) ;
#2666 = DIRECTION ( 'NONE',  ( 0.000000000000000000, 0.000000000000000000, 1.000000000000000000 ) ) ;
#2667 = LINE ( 'NONE', #4094, #2634 ) ;
#2668 = CARTESIAN_POINT ( 'NONE',  ( 2.795514986850355044, 0.1729311347361582596, -2.152499999999999858 ) ) ;
#2669 = ORIENTED_EDGE ( 'NONE', *, *, #7052, .F. ) ;
#2670 = CARTESIAN_POINT ( 'NONE',  ( -1.653818155844315463, 1.200000000000000622, -2.703818155844308180 ) ) ;
#2671 = VERTEX_POINT ( 'NONE', #2685 ) ;
#2672 = PLANE ( 'NONE',  #7096 ) ;
#2673 = EDGE_CURVE ( 'NONE', #1549, #8719, #1247, .T. ) ;
#2674 = DIRECTION ( 'NONE',  ( -1.000000000000000000, 0.000000000000000000, 0.000000000000000000 ) ) ;
#2675 = CARTESIAN_POINT ( 'NONE',  ( 2.199999999999999734, 0.6024999999999991473, -1.747499999999999831 ) ) ;
#2676 = CARTESIAN_POINT ( 'NONE',  ( 2.103818155844314752, 1.200000000000000622, 3.153818155844309690 ) ) ;
#2677 = ORIENTED_EDGE ( 'NONE', *, *, #1470, .T. ) ;
#2678 = EDGE_CURVE ( 'NONE', #6142, #405, #548, .T. ) ;
#2679 = SHAPE_DEFINITION_REPRESENTATION ( #3699, #5369 ) ;
#2680 = DIRECTION ( 'NONE',  ( -0.000000000000000000, 1.000000000000000000, -0.000000000000000000 ) ) ;
#2681 = ORIENTED_EDGE ( 'NONE', *, *, #4785, .T. ) ;
#2682 = PLANE ( 'NONE',  #1965 ) ;
#2683 = ORIENTED_EDGE ( 'NONE', *, *, #9199, .F. ) ;
#2684 = ORIENTED_EDGE ( 'NONE', *, *, #4141, .T. ) ;
#2685 = CARTESIAN_POINT ( 'NONE',  ( -2.795514986850355044, 0.1729311347361582596, -1.097499999999999920 ) ) ;
#2686 = DIRECTION ( 'NONE',  ( 1.000000000000000000, 0.000000000000000000, 0.000000000000000000 ) ) ;
#2687 = VECTOR ( 'NONE', #9082, 1000.000000000000000 ) ;
#2688 = DIRECTION ( 'NONE',  ( 0.000000000000000000, -0.000000000000000000, -1.000000000000000000 ) ) ;
#2689 = CARTESIAN_POINT ( 'NONE',  ( -3.189885311307102622, 1.626303258728256651E-16, 3.047499999999999432 ) ) ;
#2690 = CARTESIAN_POINT ( 'NONE',  ( 2.199999999999998845, 0.6024999999999991473, -3.249999999999992895 ) ) ;
#2691 = EDGE_CURVE ( 'NONE', #7813, #8023, #2132, .T. ) ;
#2692 = EDGE_CURVE ( 'NONE', #5667, #6710, #9048, .T. ) ;
#2693 = CARTESIAN_POINT ( 'NONE',  ( 2.801180237303523946, 0.2539479907276123161, 0.4475000000000000089 ) ) ;
#2694 = VERTEX_POINT ( 'NONE', #4914 ) ;
#2695 = ORIENTED_EDGE ( 'NONE', *, *, #6393, .F. ) ;
#2696 = AXIS2_PLACEMENT_3D ( 'NONE', #3233, #4611, #4699 ) ;
#2697 = DIRECTION ( 'NONE',  ( 0.000000000000000000, -0.000000000000000000, -1.000000000000000000 ) ) ;
#2698 = EDGE_LOOP ( 'NONE', ( #2746, #3508, #3301, #776 ) ) ;
#2699 = ORIENTED_EDGE ( 'NONE', *, *, #4192, .T. ) ;
#2700 = FACE_OUTER_BOUND ( 'NONE', #1845, .T. ) ;
#2701 = PRESENTATION_LAYER_ASSIGNMENT (  '', '', ( #7510 ) ) ;
#2702 = EDGE_CURVE ( 'NONE', #3411, #1208, #5528, .T. ) ;
#2703 = LINE ( 'NONE', #2755, #199 ) ;
#2704 = CIRCLE ( 'NONE', #5416, 0.08121469089664200280 ) ;
#2705 = VECTOR ( 'NONE', #8050, 1000.000000000000000 ) ;
#2706 = COLOUR_RGB ( '',0.8000000000000000444, 0.8196078431372548767, 0.9333333333333333481 ) ;
#2707 = DIRECTION ( 'NONE',  ( 0.06975647374412519142, -0.9975640502598243087, 0.000000000000000000 ) ) ;
#2708 = DIRECTION ( 'NONE',  ( 0.06975647374412535795, 0.9975640502598243087, 0.000000000000000000 ) ) ;
#2709 = CARTESIAN_POINT ( 'NONE',  ( -2.199999999999999734, 0.7474999999999991651, 2.397499999999999964 ) ) ;
#2710 = ORIENTED_EDGE ( 'NONE', *, *, #1211, .T. ) ;
#2711 = CARTESIAN_POINT ( 'NONE',  ( 2.795514986850355044, 0.1729311347361582596, -2.802499999999999769 ) ) ;
#2712 = EDGE_LOOP ( 'NONE', ( #7300, #7117, #2956, #3536 ) ) ;
#2713 = AXIS2_PLACEMENT_3D ( 'NONE', #6154, #3280, #8129 ) ;
#2714 = CARTESIAN_POINT ( 'NONE',  ( -2.570239956649733593, 0.5227027008975635436, 2.397499999999999964 ) ) ;
#2715 = CARTESIAN_POINT ( 'NONE',  ( -2.199999999999999734, 0.6024999999999991473, 2.397499999999999964 ) ) ;
#2716 = VECTOR ( 'NONE', #1963, 999.9999999999998863 ) ;
#2717 = CYLINDRICAL_SURFACE ( 'NONE', #1467, 0.08121469089664200280 ) ;
#2718 = ORIENTED_EDGE ( 'NONE', *, *, #8394, .F. ) ;
#2719 = EDGE_CURVE ( 'NONE', #3465, #2826, #7642, .T. ) ;
#2720 = DIRECTION ( 'NONE',  ( -0.9998476951563912696, 0.01745240643728362614, 0.000000000000000000 ) ) ;
#2721 = VERTEX_POINT ( 'NONE', #8389 ) ;
#2723 = LINE ( 'NONE', #8992, #1824 ) ;
#2722 = AXIS2_PLACEMENT_3D ( 'NONE', #1333, #3432, #6366 ) ;
#2724 = VECTOR ( 'NONE', #1645, 1000.000000000000000 ) ;
#2725 = AXIS2_PLACEMENT_3D ( 'NONE', #5776, #4971, #5156 ) ;
#2726 = CARTESIAN_POINT ( 'NONE',  ( 3.200000000000000622, 0.1446467872876746885, 0.4475000000000000089 ) ) ;
#2727 = DIRECTION ( 'NONE',  ( -0.01745240643728362268, 0.9998476951563911586, 0.000000000000000000 ) ) ;
#2728 = ORIENTED_EDGE ( 'NONE', *, *, #8616, .T. ) ;
#2729 = VECTOR ( 'NONE', #4392, 1000.000000000000227 ) ;
#2730 = EDGE_CURVE ( 'NONE', #1594, #9252, #1935, .T. ) ;
#2731 = CARTESIAN_POINT ( 'NONE',  ( 2.199999999999999734, 0.6024999999999991473, 2.397499999999999964 ) ) ;
#2732 = ORIENTED_EDGE ( 'NONE', *, *, #7109, .T. ) ;
#2733 = LINE ( 'NONE', #2540, #3156 ) ;
#2734 = EDGE_LOOP ( 'NONE', ( #4216, #6666, #5983, #4235 ) ) ;
#2735 = VERTEX_POINT ( 'NONE', #6986 ) ;
#2736 = DIRECTION ( 'NONE',  ( -0.000000000000000000, -0.000000000000000000, -1.000000000000000000 ) ) ;
#2737 = DIRECTION ( 'NONE',  ( -2.668805347656631609E-16, 0.000000000000000000, -1.000000000000000000 ) ) ;
#2738 = CIRCLE ( 'NONE', #6504, 0.2000000000000000944 ) ;
#2739 = LINE ( 'NONE', #9102, #8627 ) ;
#2740 = LINE ( 'NONE', #3446, #1020 ) ;
#2741 = DIRECTION ( 'NONE',  ( -0.9975640502598241977, -0.06975647374412527468, 0.000000000000000000 ) ) ;
#2742 = EDGE_CURVE ( 'NONE', #967, #1221, #450, .T. ) ;
#2743 = DIRECTION ( 'NONE',  ( -0.000000000000000000, -0.000000000000000000, -1.000000000000000000 ) ) ;
#2744 = ORIENTED_EDGE ( 'NONE', *, *, #3204, .T. ) ;
#2745 = VECTOR ( 'NONE', #9112, 1000.000000000000000 ) ;
#2746 = ORIENTED_EDGE ( 'NONE', *, *, #1384, .F. ) ;
#2747 = DIRECTION ( 'NONE',  ( -0.000000000000000000, -0.000000000000000000, -1.000000000000000000 ) ) ;
#2748 = ORIENTED_EDGE ( 'NONE', *, *, #9312, .F. ) ;
#2749 = ORIENTED_EDGE ( 'NONE', *, *, #4190, .F. ) ;
#2750 = DIRECTION ( 'NONE',  ( 0.9975640502598241977, 0.06975647374412526081, 0.000000000000000000 ) ) ;
#2751 = MANIFOLD_SOLID_BREP ( 'Boss-Extrude8', #1802 ) ;
#2752 = CARTESIAN_POINT ( 'NONE',  ( 2.570239956649733593, 0.5227027008975635436, 1.747500000000000275 ) ) ;
#2753 = EDGE_CURVE ( 'NONE', #5175, #7361, #7032, .T. ) ;
#2754 = EDGE_CURVE ( 'NONE', #5357, #3880, #2596, .T. ) ;
#2755 = CARTESIAN_POINT ( 'NONE',  ( 2.570239956649733593, 0.5227027008975635436, -2.152499999999999858 ) ) ;
#2756 = VECTOR ( 'NONE', #5845, 1000.000000000000000 ) ;
#2757 = DIRECTION ( 'NONE',  ( 1.000000000000000000, 0.000000000000000000, 0.000000000000000000 ) ) ;
#2758 = LINE ( 'NONE', #2902, #5262 ) ;
#2759 = LINE ( 'NONE', #1866, #8410 ) ;
#2760 = VERTEX_POINT ( 'NONE', #640 ) ;
#2761 = CIRCLE ( 'NONE', #8028, 0.2262146908966421732 ) ;
#2762 = FACE_OUTER_BOUND ( 'NONE', #5945, .T. ) ;
#2763 = VERTEX_POINT ( 'NONE', #1195 ) ;
#2764 = CARTESIAN_POINT ( 'NONE',  ( 2.570239956649733593, 0.5227027008975635436, 0.2024999999999999856 ) ) ;
#2765 = AXIS2_PLACEMENT_3D ( 'NONE', #715, #3525, #3571 ) ;
#2766 = DIRECTION ( 'NONE',  ( 0.9975640502598241977, 0.06975647374412534407, -0.000000000000000000 ) ) ;
#2767 = LINE ( 'NONE', #7765, #5521 ) ;
#2768 = ORIENTED_EDGE ( 'NONE', *, *, #4241, .T. ) ;
#2769 = DIRECTION ( 'NONE',  ( -0.000000000000000000, -0.000000000000000000, -1.000000000000000000 ) ) ;
#2770 = ORIENTED_EDGE ( 'NONE', *, *, #1365, .T. ) ;
#2771 = AXIS2_PLACEMENT_3D ( 'NONE', #296, #8144, #4668 ) ;
#2772 = CARTESIAN_POINT ( 'NONE',  ( -1.653818155844315463, 0.5343145750507619640, -2.703818155844308180 ) ) ;
#2773 = EDGE_CURVE ( 'NONE', #9274, #4073, #4997, .T. ) ;
#2774 = DIRECTION ( 'NONE',  ( 1.000000000000000000, 0.000000000000000000, 0.000000000000000000 ) ) ;
#2775 = CARTESIAN_POINT ( 'NONE',  ( 3.189885311307102622, 1.626303258728256651E-16, -0.2024999999999999856 ) ) ;
#2776 = MECHANICAL_DESIGN_GEOMETRIC_PRESENTATION_REPRESENTATION (  '', ( #7002 ), #8655 ) ;
#2777 = ORIENTED_EDGE ( 'NONE', *, *, #287, .F. ) ;
#2778 = MANIFOLD_SOLID_BREP ( 'Boss-Extrude4', #8577 ) ;
#2779 = PRESENTATION_STYLE_ASSIGNMENT (( #4908 ) ) ;
#2780 = VERTEX_POINT ( 'NONE', #2173 ) ;
#2781 = FACE_OUTER_BOUND ( 'NONE', #4538, .T. ) ;
#2782 = ORIENTED_EDGE ( 'NONE', *, *, #8045, .F. ) ;
#2783 = LINE ( 'NONE', #1936, #2290 ) ;
#2784 = AXIS2_PLACEMENT_3D ( 'NONE', #3230, #989, #1726 ) ;
#2785 = EDGE_CURVE ( 'NONE', #8210, #888, #4020, .T. ) ;
#2786 = DIRECTION ( 'NONE',  ( -0.000000000000000000, -1.000000000000000000, -0.000000000000000000 ) ) ;
#2787 = CARTESIAN_POINT ( 'NONE',  ( -2.199999999999999734, 0.6024999999999991473, 0.8524999999999999245 ) ) ;
#2788 = CARTESIAN_POINT ( 'NONE',  ( 2.801180237303523946, 0.2539479907276123161, 1.747500000000000275 ) ) ;
#2789 = CARTESIAN_POINT ( 'NONE',  ( 2.801180237303523946, 0.2539479907276123161, -2.802499999999999769 ) ) ;
#2790 = CARTESIAN_POINT ( 'NONE',  ( -2.489037635143886984, 0.7474999999999992761, -3.047499999999999876 ) ) ;
#2791 = ORIENTED_EDGE ( 'NONE', *, *, #1096, .F. ) ;
#2792 = AXIS2_PLACEMENT_3D ( 'NONE', #7648, #4777, #6098 ) ;
#2793 = ORIENTED_EDGE ( 'NONE', *, *, #5504, .F. ) ;
#2794 = CARTESIAN_POINT ( 'NONE',  ( 2.489037635143886984, 0.6024999999999990363, 1.097499999999999920 ) ) ;
#2795 = ORIENTED_EDGE ( 'NONE', *, *, #4798, .F. ) ;
#2796 = VERTEX_POINT ( 'NONE', #2080 ) ;
#2797 = DIRECTION ( 'NONE',  ( 1.000000000000000000, 0.000000000000000000, 0.000000000000000000 ) ) ;
#2798 = MANIFOLD_SOLID_BREP ( 'LPattern1[3]', #7673 ) ;
#2799 = ADVANCED_FACE ( 'NONE', ( #8628 ), #5804, .F. ) ;
#2800 = FILL_AREA_STYLE ('',( #8545 ) ) ;
#2801 = EDGE_CURVE ( 'NONE', #3715, #7394, #4438, .T. ) ;
#2802 = EDGE_CURVE ( 'NONE', #94, #8538, #5055, .T. ) ;
#2803 = DIRECTION ( 'NONE',  ( 0.06975647374412535795, 0.9975640502598243087, 0.000000000000000000 ) ) ;
#2804 = VECTOR ( 'NONE', #9222, 1000.000000000000227 ) ;
#2805 = CARTESIAN_POINT ( 'NONE',  ( 2.199999999999999734, 0.6024999999999991473, -2.152499999999999858 ) ) ;
#2806 = DIRECTION ( 'NONE',  ( -0.9975640502598241977, 0.06975647374412534407, 0.000000000000000000 ) ) ;
#2807 = EDGE_CURVE ( 'NONE', #7039, #5344, #4343, .T. ) ;
#2808 = LINE ( 'NONE', #41, #1947 ) ;
#2809 = ORIENTED_EDGE ( 'NONE', *, *, #6419, .F. ) ;
#2810 = AXIS2_PLACEMENT_3D ( 'NONE', #2788, #4257, #1343 ) ;
#2811 = FACE_OUTER_BOUND ( 'NONE', #3347, .T. ) ;
#2812 = VERTEX_POINT ( 'NONE', #8710 ) ;
#2813 = CARTESIAN_POINT ( 'NONE',  ( 2.199999999999999734, 0.7474999999999991651, -0.4475000000000000089 ) ) ;
#2814 = DIRECTION ( 'NONE',  ( 0.9975640502598241977, -0.06975647374412534407, 0.000000000000000000 ) ) ;
#2815 = ORIENTED_EDGE ( 'NONE', *, *, #2816, .F. ) ;
#2816 = EDGE_CURVE ( 'NONE', #653, #9160, #777, .T. ) ;
#2817 = CARTESIAN_POINT ( 'NONE',  ( -2.719977915797677337, 0.2525305989334057921, 1.747500000000000275 ) ) ;
#2818 = ORIENTED_EDGE ( 'NONE', *, *, #5636, .F. ) ;
#2819 = UNCERTAINTY_MEASURE_WITH_UNIT (LENGTH_MEASURE( 1.000000000000000082E-05 ), #995, 'distance_accuracy_value', 'NONE');
#2820 = LINE ( 'NONE', #1419, #7994 ) ;
#2821 = EDGE_CURVE ( 'NONE', #9038, #4670, #2887, .T. ) ;
#2822 = AXIS2_PLACEMENT_3D ( 'NONE', #2772, #5658, #8520 ) ;
#2823 = LINE ( 'NONE', #6586, #3810 ) ;
#2824 = CARTESIAN_POINT ( 'NONE',  ( 3.200000000000000622, 0.1446467872876746885, -0.8524999999999999245 ) ) ;
#2825 = CARTESIAN_POINT ( 'NONE',  ( 2.785400298157456600, 0.02828434744848385904, -0.2024999999999999856 ) ) ;
#2826 = VERTEX_POINT ( 'NONE', #6375 ) ;
#2827 = LINE ( 'NONE', #6457, #7378 ) ;
#2828 = EDGE_LOOP ( 'NONE', ( #991, #7729, #5471, #8199 ) ) ;
#2829 = DIRECTION ( 'NONE',  ( 0.9998476951563912696, 0.01745240643728362614, 0.000000000000000000 ) ) ;
#2830 = ORIENTED_EDGE ( 'NONE', *, *, #4345, .T. ) ;
#2831 = CARTESIAN_POINT ( 'NONE',  ( -3.189885311307102622, 1.626303258728256651E-16, 2.802499999999999325 ) ) ;
#2832 = DIRECTION ( 'NONE',  ( 0.01745240643728362268, -0.9998476951563911586, 0.000000000000000000 ) ) ;
#2833 = DIRECTION ( 'NONE',  ( -0.000000000000000000, -0.000000000000000000, -1.000000000000000000 ) ) ;
#2834 = CARTESIAN_POINT ( 'NONE',  ( -3.200000000000000622, 0.1446467872876746885, 0.8524999999999999245 ) ) ;
#2835 = CARTESIAN_POINT ( 'NONE',  ( 2.199999999999999734, 0.7474999999999991651, 2.802499999999999325 ) ) ;
#2836 = DIRECTION ( 'NONE',  ( 1.000000000000000000, 0.000000000000000000, -0.000000000000000000 ) ) ;
#2837 = CARTESIAN_POINT ( 'NONE',  ( -2.719977915797677337, 0.2525305989334057921, 2.802499999999999325 ) ) ;
#2838 = ORIENTED_EDGE ( 'NONE', *, *, #2099, .F. ) ;
#2839 = ORIENTED_EDGE ( 'NONE', *, *, #3273, .F. ) ;
#2840 = LINE ( 'NONE', #7841, #5568 ) ;
#2841 = EDGE_CURVE ( 'NONE', #3061, #7902, #1386, .T. ) ;
#2842 = EDGE_LOOP ( 'NONE', ( #1257, #1788, #4892, #7341 ) ) ;
#2843 = VERTEX_POINT ( 'NONE', #2831 ) ;
#2844 = DIRECTION ( 'NONE',  ( -1.000000000000000000, 0.000000000000000000, 0.000000000000000000 ) ) ;
#2845 = AXIS2_PLACEMENT_3D ( 'NONE', #6076, #3763, #3193 ) ;
#2846 = DIRECTION ( 'NONE',  ( 0.01745240643728362268, 0.9998476951563911586, -0.000000000000000000 ) ) ;
#2847 = DIRECTION ( 'NONE',  ( 0.000000000000000000, 1.000000000000000000, 0.000000000000000000 ) ) ;
#2848 = DIRECTION ( 'NONE',  ( -0.000000000000000000, -0.000000000000000000, -1.000000000000000000 ) ) ;
#2849 = VECTOR ( 'NONE', #7944, 1000.000000000000227 ) ;
#2850 = CARTESIAN_POINT ( 'NONE',  ( 3.200000000000000622, 0.1446467872876746885, -1.097499999999999920 ) ) ;
#2851 = CARTESIAN_POINT ( 'NONE',  ( -2.715217872447410752, 0.5252332998309695578, 3.047499999999999432 ) ) ;
#2852 = EDGE_CURVE ( 'NONE', #8292, #6884, #8575, .T. ) ;
#2853 = ORIENTED_EDGE ( 'NONE', *, *, #7856, .T. ) ;
#2854 = EDGE_CURVE ( 'NONE', #8720, #1091, #1431, .T. ) ;
#2855 = DIRECTION ( 'NONE',  ( 0.000000000000000000, -0.000000000000000000, -1.000000000000000000 ) ) ;
#2856 = ORIENTED_EDGE ( 'NONE', *, *, #7951, .T. ) ;
#2857 = VECTOR ( 'NONE', #1348, 1000.000000000000227 ) ;
#2858 = MECHANICAL_DESIGN_GEOMETRIC_PRESENTATION_REPRESENTATION (  '', ( #7829 ), #1512 ) ;
#2859 = VECTOR ( 'NONE', #4322, 1000.000000000000000 ) ;
#2860 = DIRECTION ( 'NONE',  ( 1.000000000000000000, 0.000000000000000000, 0.000000000000000000 ) ) ;
#2861 = DIRECTION ( 'NONE',  ( -0.000000000000000000, 1.000000000000000000, -0.000000000000000000 ) ) ;
#2862 = ORIENTED_EDGE ( 'NONE', *, *, #6499, .T. ) ;
#2863 = AXIS2_PLACEMENT_3D ( 'NONE', #1192, #499, #9051 ) ;
#2864 = DIRECTION ( 'NONE',  ( 0.000000000000000000, 0.000000000000000000, 1.000000000000000000 ) ) ;
#2865 = EDGE_CURVE ( 'NONE', #2151, #5871, #5227, .T. ) ;
#2866 = VECTOR ( 'NONE', #8518, 1000.000000000000000 ) ;
#2867 = ORIENTED_EDGE ( 'NONE', *, *, #814, .T. ) ;
#2868 = PRESENTATION_STYLE_ASSIGNMENT (( #6450 ) ) ;
#2869 = EDGE_CURVE ( 'NONE', #2641, #5342, #2438, .T. ) ;
#2870 = VECTOR ( 'NONE', #4555, 1000.000000000000000 ) ;
#2871 = EDGE_CURVE ( 'NONE', #2763, #7990, #1740, .T. ) ;
#2872 = FACE_OUTER_BOUND ( 'NONE', #4912, .T. ) ;
#2873 = CARTESIAN_POINT ( 'NONE',  ( 2.785400298157456600, 0.02828434744848385904, 0.8524999999999999245 ) ) ;
#2874 = FACE_OUTER_BOUND ( 'NONE', #2458, .T. ) ;
#2875 = ORIENTED_EDGE ( 'NONE', *, *, #5695, .T. ) ;
#2876 = PLANE ( 'NONE',  #17 ) ;
#2877 = AXIS2_PLACEMENT_3D ( 'NONE', #1145, #7487, #4532 ) ;
#2878 = ORIENTED_EDGE ( 'NONE', *, *, #178, .F. ) ;
#2879 = AXIS2_PLACEMENT_3D ( 'NONE', #3068, #3925, #3213 ) ;
#2880 = CARTESIAN_POINT ( 'NONE',  ( -1.653818155844315463, 1.100000000000000533, -2.703818155844308180 ) ) ;
#2881 = ORIENTED_EDGE ( 'NONE', *, *, #9247, .F. ) ;
#2882 = CARTESIAN_POINT ( 'NONE',  ( 2.570239956649733593, 0.5227027008975635436, 0.4475000000000000089 ) ) ;
#2883 = CARTESIAN_POINT ( 'NONE',  ( -3.200000000000000622, 0.1446467872876746885, -1.502499999999999947 ) ) ;
#2884 = DIRECTION ( 'NONE',  ( -0.01745240643728044813, -0.9998476951563912696, 0.000000000000000000 ) ) ;
#2885 = PRESENTATION_LAYER_ASSIGNMENT (  '', '', ( #1678 ) ) ;
#2886 = DIRECTION ( 'NONE',  ( 0.9975640502598243087, 0.06975647374412519142, -0.000000000000000000 ) ) ;
#2887 = CIRCLE ( 'NONE', #4092, 0.2262146908966421732 ) ;
#2888 = DIRECTION ( 'NONE',  ( -0.9975640502598241977, -0.06975647374412527468, 0.000000000000000000 ) ) ;
#2889 = CARTESIAN_POINT ( 'NONE',  ( 2.489037635143886984, 0.6024999999999990363, -0.8524999999999999245 ) ) ;
#2890 = SURFACE_STYLE_FILL_AREA ( #26 ) ;
#2891 = ORIENTED_EDGE ( 'NONE', *, *, #2501, .T. ) ;
#2892 = ORIENTED_EDGE ( 'NONE', *, *, #9231, .T. ) ;
#2893 = DIRECTION ( 'NONE',  ( -0.000000000000000000, -0.000000000000000000, -1.000000000000000000 ) ) ;
#2894 = ORIENTED_EDGE ( 'NONE', *, *, #2240, .F. ) ;
#2895 = ORIENTED_EDGE ( 'NONE', *, *, #4023, .T. ) ;
#2896 = CIRCLE ( 'NONE', #7407, 0.2262146908966421732 ) ;
#2897 = CARTESIAN_POINT ( 'NONE',  ( -2.801180237303523946, 0.2539479907276123161, -2.802499999999999769 ) ) ;
#2898 = FACE_OUTER_BOUND ( 'NONE', #7862, .T. ) ;
#2899 = LINE ( 'NONE', #8816, #6808 ) ;
#2900 = AXIS2_PLACEMENT_3D ( 'NONE', #8454, #9209, #7138 ) ;
#2901 = FACE_OUTER_BOUND ( 'NONE', #2914, .T. ) ;
#2902 = CARTESIAN_POINT ( 'NONE',  ( 2.570239956649733593, 0.5227027008975635436, -1.502499999999999947 ) ) ;
#2903 = DIRECTION ( 'NONE',  ( 1.000000000000000000, 3.751076125244977118E-16, -0.000000000000000000 ) ) ;
#2904 = EDGE_LOOP ( 'NONE', ( #5879, #2079, #6549, #8231, #6100, #6836, #8519, #953, #8024, #3986, #808, #7778 ) ) ;
#2905 = DIRECTION ( 'NONE',  ( -0.000000000000000000, -0.000000000000000000, -1.000000000000000000 ) ) ;
#2906 = ORIENTED_EDGE ( 'NONE', *, *, #4318, .T. ) ;
#2907 = VECTOR ( 'NONE', #518, 1000.000000000000000 ) ;
#2908 = ADVANCED_FACE ( 'NONE', ( #3765 ), #4664, .T. ) ;
#2909 = CARTESIAN_POINT ( 'NONE',  ( -2.801180237303523946, 0.2539479907276123161, 2.397499999999999964 ) ) ;
#2910 = DIRECTION ( 'NONE',  ( -0.000000000000000000, -0.000000000000000000, -1.000000000000000000 ) ) ;
#2911 = VECTOR ( 'NONE', #2884, 1000.000000000000000 ) ;
#2912 = ORIENTED_EDGE ( 'NONE', *, *, #8564, .T. ) ;
#2913 = CARTESIAN_POINT ( 'NONE',  ( -2.200000000000000622, 0.6024999999999991473, -3.249999999999992006 ) ) ;
#2914 = EDGE_LOOP ( 'NONE', ( #1485, #3362, #2260, #3295 ) ) ;
#2915 = CARTESIAN_POINT ( 'NONE',  ( -2.795514986850355044, 0.1729311347361582596, -0.2024999999999999856 ) ) ;
#2916 = EDGE_CURVE ( 'NONE', #1878, #8807, #146, .T. ) ;
#2917 = VECTOR ( 'NONE', #6313, 1000.000000000000000 ) ;
#2918 = EDGE_CURVE ( 'NONE', #1416, #7465, #8877, .T. ) ;
#2919 = ADVANCED_FACE ( 'NONE', ( #8892 ), #8140, .F. ) ;
#2920 = LINE ( 'NONE', #2164, #6822 ) ;
#2921 = SURFACE_SIDE_STYLE ('',( #5133 ) ) ;
#2922 = DIRECTION ( 'NONE',  ( 0.000000000000000000, -0.000000000000000000, -1.000000000000000000 ) ) ;
#2923 = VERTEX_POINT ( 'NONE', #6080 ) ;
#2924 = AXIS2_PLACEMENT_3D ( 'NONE', #4517, #8936, #2476 ) ;
#2925 = ORIENTED_EDGE ( 'NONE', *, *, #6672, .F. ) ;
#2926 = EDGE_CURVE ( 'NONE', #8602, #1488, #3009, .T. ) ;
#2927 = EDGE_CURVE ( 'NONE', #915, #6121, #7439, .T. ) ;
#2928 = VERTEX_POINT ( 'NONE', #345 ) ;
#2929 = FACE_OUTER_BOUND ( 'NONE', #4765, .T. ) ;
#2930 = LINE ( 'NONE', #5014, #8319 ) ;
#2931 = CIRCLE ( 'NONE', #3987, 0.2000000000000000944 ) ;
#2932 = DIRECTION ( 'NONE',  ( -0.000000000000000000, 0.000000000000000000, -1.000000000000000000 ) ) ;
#2933 = LINE ( 'NONE', #6332, #2955 ) ;
#2934 = DIRECTION ( 'NONE',  ( -0.06975647374412527468, -0.9975640502598243087, 0.000000000000000000 ) ) ;
#2935 = EDGE_LOOP ( 'NONE', ( #5238, #1739, #6178, #7588 ) ) ;
#2936 = ORIENTED_EDGE ( 'NONE', *, *, #4403, .F. ) ;
#2937 = EDGE_CURVE ( 'NONE', #3122, #6242, #8737, .T. ) ;
#2938 = CARTESIAN_POINT ( 'NONE',  ( -2.570239956649733593, 0.5227027008975635436, -0.8524999999999999245 ) ) ;
#2939 = ORIENTED_EDGE ( 'NONE', *, *, #583, .F. ) ;
#2940 = ORIENTED_EDGE ( 'NONE', *, *, #2182, .T. ) ;
#2941 = CARTESIAN_POINT ( 'NONE',  ( -2.199999999999999734, 0.7474999999999991651, 1.097499999999999920 ) ) ;
#2942 = CARTESIAN_POINT ( 'NONE',  ( -2.199999999999999734, 0.7474999999999991651, -1.747499999999999831 ) ) ;
#2943 = EDGE_CURVE ( 'NONE', #5224, #5435, #2347, .T. ) ;
#2944 = CARTESIAN_POINT ( 'NONE',  ( 2.489037635143886984, 0.5212853091033570196, -2.802499999999999769 ) ) ;
#2945 = VECTOR ( 'NONE', #8513, 1000.000000000000114 ) ;
#2946 = LINE ( 'NONE', #7184, #6260 ) ;
#2947 = DIRECTION ( 'NONE',  ( -0.000000000000000000, -0.000000000000000000, -1.000000000000000000 ) ) ;
#2948 = CYLINDRICAL_SURFACE ( 'NONE', #8857, 0.08121469089664200280 ) ;
#2949 = ORIENTED_EDGE ( 'NONE', *, *, #7331, .F. ) ;
#2950 = CARTESIAN_POINT ( 'NONE',  ( 2.489037635143886984, 0.5212853091033570196, 0.2024999999999999856 ) ) ;
#2951 = ORIENTED_EDGE ( 'NONE', *, *, #5172, .T. ) ;
#2952 = VECTOR ( 'NONE', #3563, 1000.000000000000000 ) ;
#2953 = CARTESIAN_POINT ( 'NONE',  ( -3.189885311307102622, 1.626303258728256651E-16, -2.152499999999999858 ) ) ;
#2954 = CARTESIAN_POINT ( 'NONE',  ( 2.199999999999999734, 0.6024999999999991473, 1.747500000000000275 ) ) ;
#2955 = VECTOR ( 'NONE', #5810, 1000.000000000000000 ) ;
#2956 = ORIENTED_EDGE ( 'NONE', *, *, #7391, .F. ) ;
#2957 = CARTESIAN_POINT ( 'NONE',  ( 2.715217872447410752, 0.5252332998309695578, -0.4475000000000000089 ) ) ;
#2958 = EDGE_CURVE ( 'NONE', #8719, #3418, #3143, .T. ) ;
#2959 = DIRECTION ( 'NONE',  ( 0.000000000000000000, 0.000000000000000000, 1.000000000000000000 ) ) ;
#2960 = DIRECTION ( 'NONE',  ( -0.000000000000000000, -0.000000000000000000, -1.000000000000000000 ) ) ;
#2961 = FACE_OUTER_BOUND ( 'NONE', #209, .T. ) ;
#2962 = LINE ( 'NONE', #5838, #7849 ) ;
#2963 = ORIENTED_EDGE ( 'NONE', *, *, #8158, .F. ) ;
#2964 = DIRECTION ( 'NONE',  ( 0.000000000000000000, 1.000000000000000000, 0.000000000000000000 ) ) ;
#2965 = EDGE_LOOP ( 'NONE', ( #1246, #6349, #44, #3192 ) ) ;
#2966 = EDGE_CURVE ( 'NONE', #2187, #3315, #6030, .T. ) ;
#2967 = VERTEX_POINT ( 'NONE', #5368 ) ;
#2968 = EDGE_CURVE ( 'NONE', #4152, #5583, #4996, .T. ) ;
#2969 = DIRECTION ( 'NONE',  ( -1.334402673828315558E-16, 0.000000000000000000, -1.000000000000000000 ) ) ;
#2970 = DIRECTION ( 'NONE',  ( 1.000000000000000000, 3.751076125244977118E-16, -0.000000000000000000 ) ) ;
#2971 = EDGE_CURVE ( 'NONE', #2639, #5938, #5187, .T. ) ;
#2972 = DIRECTION ( 'NONE',  ( 0.06975647374412519142, -0.9975640502598243087, 0.000000000000000000 ) ) ;
#2973 = CARTESIAN_POINT ( 'NONE',  ( -2.785400298157456600, 0.02828434744848380353, -2.802499999999999769 ) ) ;
#2974 = DIRECTION ( 'NONE',  ( -0.000000000000000000, 1.000000000000000000, -0.000000000000000000 ) ) ;
#2975 = DIRECTION ( 'NONE',  ( -0.000000000000000000, -0.000000000000000000, -1.000000000000000000 ) ) ;
#2976 = VERTEX_POINT ( 'NONE', #865 ) ;
#2977 = VERTEX_POINT ( 'NONE', #1606 ) ;
#2978 = DIRECTION ( 'NONE',  ( -1.000000000000000000, 0.000000000000000000, 0.000000000000000000 ) ) ;
#2979 = ORIENTED_EDGE ( 'NONE', *, *, #6550, .T. ) ;
#2980 = ORIENTED_EDGE ( 'NONE', *, *, #6937, .T. ) ;
#2981 = DIRECTION ( 'NONE',  ( -0.000000000000000000, 0.000000000000000000, 1.000000000000000000 ) ) ;
#2982 = CARTESIAN_POINT ( 'NONE',  ( -2.489037635143886984, 0.5212853091033570196, -0.8524999999999999245 ) ) ;
#2983 = DIRECTION ( 'NONE',  ( -0.9975640502598241977, -0.06975647374412527468, 0.000000000000000000 ) ) ;
#2984 = ADVANCED_FACE ( 'NONE', ( #7345 ), #7395, .F. ) ;
#2985 = ADVANCED_FACE ( 'NONE', ( #5984 ), #8841, .F. ) ;
#2986 = DIRECTION ( 'NONE',  ( 1.000000000000000000, 0.000000000000000000, 0.000000000000000000 ) ) ;
#2987 = DIRECTION ( 'NONE',  ( 0.000000000000000000, 1.000000000000000000, 0.000000000000000000 ) ) ;
#2988 = CARTESIAN_POINT ( 'NONE',  ( -2.570239956649733593, 0.5227027008975635436, 0.2024999999999999856 ) ) ;
#2989 = ORIENTED_EDGE ( 'NONE', *, *, #8071, .F. ) ;
#2990 = ADVANCED_FACE ( 'NONE', ( #538 ), #9174, .F. ) ;
#2991 = LINE ( 'NONE', #7989, #5273 ) ;
#2992 = ORIENTED_EDGE ( 'NONE', *, *, #7006, .T. ) ;
#2993 = VECTOR ( 'NONE', #5499, 1000.000000000000000 ) ;
#2994 = DIRECTION ( 'NONE',  ( -3.751076125244977118E-16, 1.000000000000000000, 0.000000000000000000 ) ) ;
#2995 = DIRECTION ( 'NONE',  ( 0.01745240643728362268, 0.9998476951563911586, -0.000000000000000000 ) ) ;
#2996 = ORIENTED_EDGE ( 'NONE', *, *, #1872, .T. ) ;
#2997 = CARTESIAN_POINT ( 'NONE',  ( 2.715217872447410752, 0.5252332998309695578, 1.747500000000000275 ) ) ;
#2998 = VECTOR ( 'NONE', #2697, 1000.000000000000000 ) ;
#2999 = AXIS2_PLACEMENT_3D ( 'NONE', #2235, #883, #8776 ) ;
#3000 = DIRECTION ( 'NONE',  ( -0.9975640502598241977, -0.06975647374412527468, 0.000000000000000000 ) ) ;
#3001 = SURFACE_STYLE_USAGE ( .BOTH. , #2921 ) ;
#3002 = VECTOR ( 'NONE', #6191, 1000.000000000000114 ) ;
#3003 = EDGE_CURVE ( 'NONE', #3807, #8223, #1679, .T. ) ;
#3004 = ORIENTED_EDGE ( 'NONE', *, *, #5157, .F. ) ;
#3005 = VECTOR ( 'NONE', #8491, 1000.000000000000000 ) ;
#3006 = LINE ( 'NONE', #104, #5260 ) ;
#3007 = VERTEX_POINT ( 'NONE', #394 ) ;
#3008 = ORIENTED_EDGE ( 'NONE', *, *, #7808, .F. ) ;
#3009 = LINE ( 'NONE', #6640, #9180 ) ;
#3010 = VECTOR ( 'NONE', #2338, 1000.000000000000227 ) ;
#3011 = PLANE ( 'NONE',  #45 ) ;
#3012 = DIRECTION ( 'NONE',  ( 1.000000000000000000, 0.000000000000000000, 0.000000000000000000 ) ) ;
#3013 = CARTESIAN_POINT ( 'NONE',  ( -3.200000000000000622, 0.1446467872876746885, -0.2024999999999999856 ) ) ;
#3014 = ADVANCED_FACE ( 'NONE', ( #5607 ), #4855, .F. ) ;
#3015 = DIRECTION ( 'NONE',  ( -0.9975640502598241977, -0.06975647374412527468, 0.000000000000000000 ) ) ;
#3016 = DIRECTION ( 'NONE',  ( -0.9975640502598241977, -0.06975647374412527468, 0.000000000000000000 ) ) ;
#3017 = AXIS2_PLACEMENT_3D ( 'NONE', #8408, #9074, #4792 ) ;
#3018 = DIRECTION ( 'NONE',  ( -0.000000000000000000, -0.000000000000000000, -1.000000000000000000 ) ) ;
#3019 = VERTEX_POINT ( 'NONE', #6920 ) ;
#3020 = EDGE_LOOP ( 'NONE', ( #8526, #9015, #61, #7176 ) ) ;
#3021 = DIRECTION ( 'NONE',  ( -0.01745240643728044813, -0.9998476951563912696, 0.000000000000000000 ) ) ;
#3022 = ORIENTED_EDGE ( 'NONE', *, *, #6848, .T. ) ;
#3023 = ORIENTED_EDGE ( 'NONE', *, *, #5861, .F. ) ;
#3024 = LINE ( 'NONE', #6475, #1382 ) ;
#3025 = CYLINDRICAL_SURFACE ( 'NONE', #6796, 0.2262146908966421732 ) ;
#3026 = CIRCLE ( 'NONE', #2572, 0.2262146908966421732 ) ;
#3027 = CARTESIAN_POINT ( 'NONE',  ( 2.570239956649733593, 0.5227027008975635436, 2.397499999999999964 ) ) ;
#3028 = ADVANCED_FACE ( 'NONE', ( #4008 ), #2025, .F. ) ;
#3029 = LINE ( 'NONE', #5913, #3705 ) ;
#3030 = SURFACE_STYLE_FILL_AREA ( #7227 ) ;
#3031 = MECHANICAL_DESIGN_GEOMETRIC_PRESENTATION_REPRESENTATION (  '', ( #3340 ), #8605 ) ;
#3032 = ORIENTED_EDGE ( 'NONE', *, *, #2785, .T. ) ;
#3033 = DIRECTION ( 'NONE',  ( 1.334402673828315558E-16, 0.000000000000000000, 1.000000000000000000 ) ) ;
#3034 = ORIENTED_EDGE ( 'NONE', *, *, #2448, .T. ) ;
#3035 = LINE ( 'NONE', #887, #1667 ) ;
#3036 = ADVANCED_FACE ( 'NONE', ( #4147 ), #5513, .F. ) ;
#3037 = ORIENTED_EDGE ( 'NONE', *, *, #5859, .T. ) ;
#3038 = EDGE_CURVE ( 'NONE', #3623, #1575, #1239, .T. ) ;
#3039 = AXIS2_PLACEMENT_3D ( 'NONE', #4300, #1521, #5806 ) ;
#3040 = DIRECTION ( 'NONE',  ( 0.000000000000000000, 0.000000000000000000, 1.000000000000000000 ) ) ;
#3041 = CARTESIAN_POINT ( 'NONE',  ( 2.715217872447410752, 0.5252332998309695578, -0.8524999999999999245 ) ) ;
#3042 = ORIENTED_EDGE ( 'NONE', *, *, #8453, .T. ) ;
#3043 = CARTESIAN_POINT ( 'NONE',  ( -2.715217872447410752, 0.5252332998309695578, 2.397499999999999964 ) ) ;
#3044 = VECTOR ( 'NONE', #2983, 1000.000000000000227 ) ;
#3045 = CARTESIAN_POINT ( 'NONE',  ( 3.189885311307102622, 1.626303258728256651E-16, 1.097499999999999920 ) ) ;
#3046 = DIRECTION ( 'NONE',  ( -1.000000000000000000, 0.000000000000000000, 0.000000000000000000 ) ) ;
#3047 = DIRECTION ( 'NONE',  ( -0.9998476951563912696, -0.01745240643728044813, 0.000000000000000000 ) ) ;
#3048 = VECTOR ( 'NONE', #8056, 1000.000000000000000 ) ;
#3049 = DIRECTION ( 'NONE',  ( 0.000000000000000000, -0.000000000000000000, -1.000000000000000000 ) ) ;
#3050 = VERTEX_POINT ( 'NONE', #6875 ) ;
#3051 = FACE_OUTER_BOUND ( 'NONE', #7088, .T. ) ;
#3052 = ORIENTED_EDGE ( 'NONE', *, *, #7759, .F. ) ;
#3053 = VECTOR ( 'NONE', #9230, 1000.000000000000000 ) ;
#3054 = DIRECTION ( 'NONE',  ( 0.000000000000000000, -0.000000000000000000, -1.000000000000000000 ) ) ;
#3055 = EDGE_CURVE ( 'NONE', #5938, #2554, #3963, .T. ) ;
#3056 = CARTESIAN_POINT ( 'NONE',  ( -3.200000000000000622, 0.1446467872876746885, -2.152499999999999858 ) ) ;
#3057 = DIRECTION ( 'NONE',  ( 0.01745240643728044813, 0.9998476951563912696, 0.000000000000000000 ) ) ;
#3058 = DIRECTION ( 'NONE',  ( 0.000000000000000000, 0.000000000000000000, 1.000000000000000000 ) ) ;
#3059 = CARTESIAN_POINT ( 'NONE',  ( 2.199999999999999734, 0.7474999999999991651, 3.047499999999999432 ) ) ;
#3060 = AXIS2_PLACEMENT_3D ( 'NONE', #6535, #7805, #8656 ) ;
#3061 = VERTEX_POINT ( 'NONE', #6830 ) ;
#3062 = CARTESIAN_POINT ( 'NONE',  ( -2.489037635143886984, 0.6024999999999990363, -2.397499999999999964 ) ) ;
#3063 = ORIENTED_EDGE ( 'NONE', *, *, #7305, .T. ) ;
#3064 = VERTEX_POINT ( 'NONE', #3428 ) ;
#3065 = LINE ( 'NONE', #5948, #6025 ) ;
#3066 = ORIENTED_EDGE ( 'NONE', *, *, #8550, .T. ) ;
#3067 = VERTEX_POINT ( 'NONE', #6310 ) ;
#3068 = CARTESIAN_POINT ( 'NONE',  ( 2.489037635143886984, 0.5212853091033570196, -1.097499999999999920 ) ) ;
#3069 = EDGE_CURVE ( 'NONE', #829, #1368, #3247, .T. ) ;
#3070 = LINE ( 'NONE', #969, #2421 ) ;
#3071 = VECTOR ( 'NONE', #8846, 1000.000000000000000 ) ;
#3072 = DIRECTION ( 'NONE',  ( -1.000000000000000000, 0.000000000000000000, 0.000000000000000000 ) ) ;
#3073 = DIRECTION ( 'NONE',  ( -0.2079116908177597867, 0.9781476007338055778, 0.000000000000000000 ) ) ;
#3074 = DIRECTION ( 'NONE',  ( -1.000000000000000000, 0.000000000000000000, 0.000000000000000000 ) ) ;
#3075 = ORIENTED_EDGE ( 'NONE', *, *, #1944, .T. ) ;
#3076 = DIRECTION ( 'NONE',  ( -1.000000000000000000, 0.000000000000000000, 0.000000000000000000 ) ) ;
#3077 = ORIENTED_EDGE ( 'NONE', *, *, #6439, .F. ) ;
#3078 = EDGE_LOOP ( 'NONE', ( #4554, #7746, #7490, #6064 ) ) ;
#3079 = DIRECTION ( 'NONE',  ( 0.000000000000000000, -1.000000000000000000, -0.000000000000000000 ) ) ;
#3080 = ORIENTED_EDGE ( 'NONE', *, *, #287, .T. ) ;
#3081 = EDGE_CURVE ( 'NONE', #2967, #4168, #2723, .T. ) ;
#3082 = AXIS2_PLACEMENT_3D ( 'NONE', #7740, #5484, #4776 ) ;
#3083 = VECTOR ( 'NONE', #8787, 1000.000000000000000 ) ;
#3084 = ADVANCED_FACE ( 'NONE', ( #7534 ), #2672, .F. ) ;
#3085 = DIRECTION ( 'NONE',  ( 0.01745240643728044813, -0.9998476951563912696, 0.000000000000000000 ) ) ;
#3086 = EDGE_LOOP ( 'NONE', ( #8089, #1505, #5889, #5256 ) ) ;
#3087 = FACE_OUTER_BOUND ( 'NONE', #6182, .T. ) ;
#3088 = AXIS2_PLACEMENT_3D ( 'NONE', #1063, #6614, #2409 ) ;
#3089 = DIRECTION ( 'NONE',  ( 0.9998476951563912696, -0.01745240643728044813, 0.000000000000000000 ) ) ;
#3090 = UNCERTAINTY_MEASURE_WITH_UNIT (LENGTH_MEASURE( 1.000000000000000082E-05 ), #4474, 'distance_accuracy_value', 'NONE');
#3091 = SURFACE_STYLE_FILL_AREA ( #240 ) ;
#3092 = CARTESIAN_POINT ( 'NONE',  ( 2.801180237303523946, 0.2539479907276123161, -2.802499999999999769 ) ) ;
#3093 = AXIS2_PLACEMENT_3D ( 'NONE', #9010, #4025, #6891 ) ;
#3094 = ADVANCED_FACE ( 'NONE', ( #8283 ), #1232, .T. ) ;
#3095 =( NAMED_UNIT ( * ) PLANE_ANGLE_UNIT ( ) SI_UNIT ( $, .RADIAN. ) );
#3096 = EDGE_LOOP ( 'NONE', ( #1721, #7788, #720, #6562 ) ) ;
#3097 = SURFACE_STYLE_FILL_AREA ( #1738 ) ;
#3098 = ORIENTED_EDGE ( 'NONE', *, *, #6872, .T. ) ;
#3099 = EDGE_CURVE ( 'NONE', #2011, #8870, #5555, .T. ) ;
#3100 = VECTOR ( 'NONE', #2888, 1000.000000000000227 ) ;
#3101 = CARTESIAN_POINT ( 'NONE',  ( -2.103818155844315196, 1.200000000000000622, -3.249999999999992006 ) ) ;
#3102 = DIRECTION ( 'NONE',  ( 0.000000000000000000, 1.000000000000000000, 0.000000000000000000 ) ) ;
#3103 = DIRECTION ( 'NONE',  ( 0.000000000000000000, -0.000000000000000000, -1.000000000000000000 ) ) ;
#3104 = CARTESIAN_POINT ( 'NONE',  ( 3.200000000000000622, 0.1446467872876746885, -1.502499999999999947 ) ) ;
#3105 = LINE ( 'NONE', #204, #5971 ) ;
#3106 = ORIENTED_EDGE ( 'NONE', *, *, #7223, .F. ) ;
#3107 = DIRECTION ( 'NONE',  ( 2.668805347656631116E-16, 0.000000000000000000, 1.000000000000000000 ) ) ;
#3108 = VERTEX_POINT ( 'NONE', #8422 ) ;
#3109 = ORIENTED_EDGE ( 'NONE', *, *, #5805, .T. ) ;
#3110 = CARTESIAN_POINT ( 'NONE',  ( 2.199999999999999734, 0.6024999999999991473, -0.4475000000000000089 ) ) ;
#3111 = ORIENTED_EDGE ( 'NONE', *, *, #2293, .F. ) ;
#3112 = VERTEX_POINT ( 'NONE', #9041 ) ;
#3113 = CARTESIAN_POINT ( 'NONE',  ( 2.795514986850355044, 0.1729311347361582596, -2.152499999999999858 ) ) ;
#3114 = DIRECTION ( 'NONE',  ( -0.000000000000000000, 1.000000000000000000, -0.000000000000000000 ) ) ;
#3115 = CARTESIAN_POINT ( 'NONE',  ( -2.199999999999999734, 0.7474999999999991651, 1.747500000000000275 ) ) ;
#3116 = DIRECTION ( 'NONE',  ( 0.9975640502598243087, 0.06975647374412519142, -0.000000000000000000 ) ) ;
#3117 = EDGE_CURVE ( 'NONE', #7517, #7711, #4100, .T. ) ;
#3118 =( NAMED_UNIT ( * ) PLANE_ANGLE_UNIT ( ) SI_UNIT ( $, .RADIAN. ) );
#3119 = ORIENTED_EDGE ( 'NONE', *, *, #6198, .T. ) ;
#3120 = DIRECTION ( 'NONE',  ( 1.000000000000000000, 0.000000000000000000, 0.000000000000000000 ) ) ;
#3121 = EDGE_LOOP ( 'NONE', ( #8052, #2403, #9063, #7744 ) ) ;
#3122 = VERTEX_POINT ( 'NONE', #4759 ) ;
#3123 = DIRECTION ( 'NONE',  ( 0.000000000000000000, 0.000000000000000000, 1.000000000000000000 ) ) ;
#3124 = ORIENTED_EDGE ( 'NONE', *, *, #8837, .T. ) ;
#3125 = CARTESIAN_POINT ( 'NONE',  ( -2.199999999999999734, 0.6024999999999991473, -1.747499999999999831 ) ) ;
#3126 = LINE ( 'NONE', #889, #3378 ) ;
#3127 = LINE ( 'NONE', #2373, #5057 ) ;
#3128 = ADVANCED_FACE ( 'NONE', ( #7630 ), #7677, .F. ) ;
#3129 = CARTESIAN_POINT ( 'NONE',  ( -2.489037635143886984, 0.5212853091033570196, -0.8524999999999999245 ) ) ;
#3130 = ORIENTED_EDGE ( 'NONE', *, *, #4810, .F. ) ;
#3131 = LINE ( 'NONE', #6764, #3603 ) ;
#3132 = CYLINDRICAL_SURFACE ( 'NONE', #6170, 0.2262146908966421732 ) ;
#3133 = LINE ( 'NONE', #7478, #6813 ) ;
#3134 =( GEOMETRIC_REPRESENTATION_CONTEXT ( 3 ) GLOBAL_UNCERTAINTY_ASSIGNED_CONTEXT ( ( #8601 ) ) GLOBAL_UNIT_ASSIGNED_CONTEXT ( ( #6273, #1886, #9133 ) ) REPRESENTATION_CONTEXT ( 'NONE', 'WORKASPACE' ) );
#3135 = DIRECTION ( 'NONE',  ( -1.000000000000000000, 0.000000000000000000, 0.000000000000000000 ) ) ;
#3136 = DIRECTION ( 'NONE',  ( -0.01745240643728362268, 0.9998476951563911586, 0.000000000000000000 ) ) ;
#3137 = EDGE_CURVE ( 'NONE', #8746, #4416, #4333, .T. ) ;
#3138 = EDGE_LOOP ( 'NONE', ( #7701, #8852, #1009, #7546 ) ) ;
#3139 = AXIS2_PLACEMENT_3D ( 'NONE', #1634, #3278, #427 ) ;
#3140 = FACE_OUTER_BOUND ( 'NONE', #5739, .T. ) ;
#3141 = COLOUR_RGB ( '',0.8000000000000000444, 0.8196078431372548767, 0.9333333333333333481 ) ;
#3142 = ORIENTED_EDGE ( 'NONE', *, *, #2937, .F. ) ;
#3143 = LINE ( 'NONE', #2484, #2724 ) ;
#3144 = EDGE_CURVE ( 'NONE', #6227, #3450, #2160, .T. ) ;
#3145 = ADVANCED_FACE ( 'NONE', ( #765 ), #4188, .F. ) ;
#3146 = VECTOR ( 'NONE', #1661, 1000.000000000000000 ) ;
#3147 = FACE_OUTER_BOUND ( 'NONE', #3169, .T. ) ;
#3148 = CLOSED_SHELL ( 'NONE', ( #6265, #8645, #2908, #5074, #615, #7230, #6147, #6482, #594, #322, #3265, #7907, #416, #3670 ) ) ;
#3149 = COLOUR_RGB ( '',0.8000000000000000444, 0.8196078431372548767, 0.9333333333333333481 ) ;
#3150 = CYLINDRICAL_SURFACE ( 'NONE', #8942, 0.08121469089664243302 ) ;
#3151 = LINE ( 'NONE', #3202, #6786 ) ;
#3152 = VERTEX_POINT ( 'NONE', #8663 ) ;
#3153 = DIRECTION ( 'NONE',  ( 0.000000000000000000, -1.000000000000000000, 0.000000000000000000 ) ) ;
#3154 = ORIENTED_EDGE ( 'NONE', *, *, #1630, .T. ) ;
#3155 = ORIENTED_EDGE ( 'NONE', *, *, #2702, .T. ) ;
#3156 = VECTOR ( 'NONE', #5426, 1000.000000000000000 ) ;
#3157 = FACE_OUTER_BOUND ( 'NONE', #1517, .T. ) ;
#3158 = ORIENTED_EDGE ( 'NONE', *, *, #5338, .T. ) ;
#3159 = VERTEX_POINT ( 'NONE', #1329 ) ;
#3160 = LINE ( 'NONE', #1664, #2122 ) ;
#3161 = CARTESIAN_POINT ( 'NONE',  ( 2.785400298157456600, 0.02828434744848380353, 0.4475000000000000089 ) ) ;
#3162 = CARTESIAN_POINT ( 'NONE',  ( 2.570239956649733593, 0.5227027008975635436, -2.802499999999999769 ) ) ;
#3163 = VECTOR ( 'NONE', #8460, 1000.000000000000000 ) ;
#3164 = DIRECTION ( 'NONE',  ( -0.06975647374412519142, 0.9975640502598243087, 0.000000000000000000 ) ) ;
#3165 = FILL_AREA_STYLE_COLOUR ( '', #1364 ) ;
#3166 = ORIENTED_EDGE ( 'NONE', *, *, #6856, .T. ) ;
#3167 = DIRECTION ( 'NONE',  ( -0.000000000000000000, 1.000000000000000000, -0.000000000000000000 ) ) ;
#3168 = ORIENTED_EDGE ( 'NONE', *, *, #3205, .F. ) ;
#3169 = EDGE_LOOP ( 'NONE', ( #417, #2939, #6367, #877 ) ) ;
#3170 = AXIS2_PLACEMENT_3D ( 'NONE', #3967, #5988, #6083 ) ;
#3171 = CARTESIAN_POINT ( 'NONE',  ( -2.575000000000001066, 0.2499999999999996669, -2.152499999999999858 ) ) ;
#3172 = AXIS2_PLACEMENT_3D ( 'NONE', #97, #2959, #4946 ) ;
#3173 = EDGE_LOOP ( 'NONE', ( #8226, #2464, #7652, #7519 ) ) ;
#3174 = AXIS2_PLACEMENT_3D ( 'NONE', #1351, #7043, #606 ) ;
#3175 = ADVANCED_FACE ( 'NONE', ( #7816 ), #7955, .F. ) ;
#3176 = CYLINDRICAL_SURFACE ( 'NONE', #2434, 0.2262146908966421732 ) ;
#3177 = SURFACE_SIDE_STYLE ('',( #179 ) ) ;
#3178 = DIRECTION ( 'NONE',  ( 0.9975640502598241977, -0.06975647374412527468, 0.000000000000000000 ) ) ;
#3179 = VECTOR ( 'NONE', #7780, 1000.000000000000227 ) ;
#3180 = CARTESIAN_POINT ( 'NONE',  ( -2.715217872447410752, 0.5252332998309695578, -0.2024999999999999856 ) ) ;
#3181 = VERTEX_POINT ( 'NONE', #8563 ) ;
#3182 = CARTESIAN_POINT ( 'NONE',  ( 2.570239956649733593, 0.5227027008975635436, -1.747499999999999831 ) ) ;
#3183 = ORIENTED_EDGE ( 'NONE', *, *, #5457, .F. ) ;
#3184 = DIRECTION ( 'NONE',  ( 0.000000000000000000, -0.000000000000000000, -1.000000000000000000 ) ) ;
#3185 = ORIENTED_EDGE ( 'NONE', *, *, #6953, .T. ) ;
#3187 = FILL_AREA_STYLE_COLOUR ( '', #5003 ) ;
#3186 = AXIS2_PLACEMENT_3D ( 'NONE', #8083, #4331, #3622 ) ;
#3188 = EDGE_CURVE ( 'NONE', #5667, #2591, #5044, .T. ) ;
#3189 = CARTESIAN_POINT ( 'NONE',  ( 2.570239956649733593, 0.5227027008975635436, -2.152499999999999858 ) ) ;
#3190 = DIRECTION ( 'NONE',  ( -1.000000000000000000, 0.000000000000000000, 0.000000000000000000 ) ) ;
#3191 = VECTOR ( 'NONE', #4360, 1000.000000000000000 ) ;
#3192 = ORIENTED_EDGE ( 'NONE', *, *, #178, .T. ) ;
#3193 = DIRECTION ( 'NONE',  ( 1.000000000000000000, 0.000000000000000000, 0.000000000000000000 ) ) ;
#3194 = ORIENTED_EDGE ( 'NONE', *, *, #8800, .F. ) ;
#3195 = ADVANCED_FACE ( 'NONE', ( #4381 ), #6, .F. ) ;
#3196 = DIRECTION ( 'NONE',  ( 0.01745240643728362268, 0.9998476951563911586, -0.000000000000000000 ) ) ;
#3197 = EDGE_CURVE ( 'NONE', #8777, #787, #6035, .T. ) ;
#3198 = EDGE_CURVE ( 'NONE', #8166, #4521, #7239, .T. ) ;
#3199 = AXIS2_PLACEMENT_3D ( 'NONE', #3115, #1019, #6846 ) ;
#3200 = DIRECTION ( 'NONE',  ( 1.000000000000000000, -3.751076125244977118E-16, 0.000000000000000000 ) ) ;
#3201 = CARTESIAN_POINT ( 'NONE',  ( 2.489037635143886984, 0.7474999999999992761, -0.2024999999999999856 ) ) ;
#3202 = CARTESIAN_POINT ( 'NONE',  ( 3.189885311307102622, 1.626303258728256651E-16, -2.152499999999999858 ) ) ;
#3203 = ORIENTED_EDGE ( 'NONE', *, *, #7827, .T. ) ;
#3204 = EDGE_CURVE ( 'NONE', #3807, #420, #2820, .T. ) ;
#3205 = EDGE_CURVE ( 'NONE', #7711, #9160, #5835, .T. ) ;
#3206 = ORIENTED_EDGE ( 'NONE', *, *, #4260, .T. ) ;
#3207 = VECTOR ( 'NONE', #3912, 1000.000000000000000 ) ;
#3208 = ORIENTED_EDGE ( 'NONE', *, *, #7681, .T. ) ;
#3209 = LINE ( 'NONE', #3732, #7678 ) ;
#3210 = ORIENTED_EDGE ( 'NONE', *, *, #3918, .F. ) ;
#3211 = UNCERTAINTY_MEASURE_WITH_UNIT (LENGTH_MEASURE( 1.000000000000000082E-05 ), #195, 'distance_accuracy_value', 'NONE');
#3212 = ORIENTED_EDGE ( 'NONE', *, *, #5858, .F. ) ;
#3213 = DIRECTION ( 'NONE',  ( -1.000000000000000000, 0.000000000000000000, 0.000000000000000000 ) ) ;
#3214 = DIRECTION ( 'NONE',  ( 0.000000000000000000, -0.000000000000000000, -1.000000000000000000 ) ) ;
#3215 = CARTESIAN_POINT ( 'NONE',  ( 2.489037635143886984, 0.5212853091033570196, -1.502499999999999947 ) ) ;
#3216 = VECTOR ( 'NONE', #8556, 1000.000000000000000 ) ;
#3217 = CARTESIAN_POINT ( 'NONE',  ( -2.199999999999999734, 0.7474999999999991651, 0.4475000000000000089 ) ) ;
#3218 = ADVANCED_FACE ( 'NONE', ( #4237 ), #3624, .F. ) ;
#3219 = ORIENTED_EDGE ( 'NONE', *, *, #5684, .T. ) ;
#3220 = DIRECTION ( 'NONE',  ( -0.000000000000000000, 1.000000000000000000, -0.000000000000000000 ) ) ;
#3221 = ORIENTED_EDGE ( 'NONE', *, *, #3612, .T. ) ;
#3222 = EDGE_CURVE ( 'NONE', #6778, #5583, #53, .T. ) ;
#3223 = VERTEX_POINT ( 'NONE', #9228 ) ;
#3224 = VECTOR ( 'NONE', #3275, 1000.000000000000227 ) ;
#3225 = DIRECTION ( 'NONE',  ( -0.000000000000000000, -0.000000000000000000, -1.000000000000000000 ) ) ;
#3226 = ADVANCED_FACE ( 'NONE', ( #675 ), #5794, .T. ) ;
#3227 = DIRECTION ( 'NONE',  ( 0.000000000000000000, -0.000000000000000000, -1.000000000000000000 ) ) ;
#3228 = DIRECTION ( 'NONE',  ( -1.000000000000000000, 0.000000000000000000, 0.000000000000000000 ) ) ;
#3229 = STYLED_ITEM ( 'NONE', ( #6270 ), #6289 ) ;
#3230 = CARTESIAN_POINT ( 'NONE',  ( 2.715217872447410752, 0.5252332998309695578, -0.8524999999999999245 ) ) ;
#3231 = PLANE ( 'NONE',  #9022 ) ;
#3232 = ORIENTED_EDGE ( 'NONE', *, *, #5399, .T. ) ;
#3233 = CARTESIAN_POINT ( 'NONE',  ( 2.489037635143886984, 0.5212853091033570196, 2.152499999999999858 ) ) ;
#3234 = VERTEX_POINT ( 'NONE', #2115 ) ;
#3235 = CARTESIAN_POINT ( 'NONE',  ( -2.785400298157456600, 0.02828434744848380353, -1.502499999999999947 ) ) ;
#3236 = EDGE_LOOP ( 'NONE', ( #3893, #1346, #7891, #4310 ) ) ;
#3237 = AXIS2_PLACEMENT_3D ( 'NONE', #3618, #6537, #6489 ) ;
#3238 = CARTESIAN_POINT ( 'NONE',  ( -2.489037635143886984, 0.7474999999999992761, -2.152499999999999858 ) ) ;
#3239 = DIRECTION ( 'NONE',  ( 1.000000000000000000, 3.751076125244977118E-16, -0.000000000000000000 ) ) ;
#3241 = AXIS2_PLACEMENT_3D ( 'NONE', #6799, #2322, #3073 ) ;
#3240 = DIRECTION ( 'NONE',  ( -0.01745240643728044813, -0.9998476951563912696, 0.000000000000000000 ) ) ;
#3242 = ORIENTED_EDGE ( 'NONE', *, *, #4183, .T. ) ;
#3243 = MANIFOLD_SOLID_BREP ( 'LPattern1[2]', #7076 ) ;
#3244 = ADVANCED_FACE ( 'NONE', ( #4426 ), #7863, .F. ) ;
#3245 = DIRECTION ( 'NONE',  ( 0.000000000000000000, 0.000000000000000000, 1.000000000000000000 ) ) ;
#3246 = ORIENTED_EDGE ( 'NONE', *, *, #1944, .F. ) ;
#3247 = LINE ( 'NONE', #9085, #2422 ) ;
#3248 = CIRCLE ( 'NONE', #1462, 0.2262146908966421732 ) ;
#3249 = DIRECTION ( 'NONE',  ( -0.000000000000000000, -0.000000000000000000, -1.000000000000000000 ) ) ;
#3250 = CARTESIAN_POINT ( 'NONE',  ( -3.200000000000000622, 0.1446467872876746885, 2.397499999999999964 ) ) ;
#3251 = DIRECTION ( 'NONE',  ( 1.000000000000000000, 0.000000000000000000, -0.000000000000000000 ) ) ;
#3252 = ORIENTED_EDGE ( 'NONE', *, *, #2621, .T. ) ;
#3253 = EDGE_CURVE ( 'NONE', #4769, #1334, #2297, .T. ) ;
#3255 = EDGE_CURVE ( 'NONE', #5435, #2435, #3614, .T. ) ;
#3254 = ORIENTED_EDGE ( 'NONE', *, *, #9138, .F. ) ;
#3256 = VECTOR ( 'NONE', #3240, 1000.000000000000000 ) ;
#3257 = ORIENTED_EDGE ( 'NONE', *, *, #5008, .F. ) ;
#3258 = FACE_OUTER_BOUND ( 'NONE', #7101, .T. ) ;
#3259 = EDGE_LOOP ( 'NONE', ( #6279, #7504, #4629, #1396 ) ) ;
#3260 = ORIENTED_EDGE ( 'NONE', *, *, #8394, .T. ) ;
#3261 = PLANE ( 'NONE',  #7387 ) ;
#3262 = DIRECTION ( 'NONE',  ( 1.000000000000000000, 3.751076125244977118E-16, -0.000000000000000000 ) ) ;
#3263 = CYLINDRICAL_SURFACE ( 'NONE', #208, 0.2262146908966421732 ) ;
#3264 = FACE_OUTER_BOUND ( 'NONE', #3718, .T. ) ;
#3265 = ADVANCED_FACE ( 'NONE', ( #5130 ), #3852, .F. ) ;
#3266 = LINE ( 'NONE', #8303, #4072 ) ;
#3267 = ORIENTED_EDGE ( 'NONE', *, *, #300, .T. ) ;
#3268 = LINE ( 'NONE', #5436, #8261 ) ;
#3269 = VERTEX_POINT ( 'NONE', #190 ) ;
#3270 = ORIENTED_EDGE ( 'NONE', *, *, #8993, .F. ) ;
#3271 = CARTESIAN_POINT ( 'NONE',  ( -2.103818155844315196, 1.200000000000000622, -3.153818155844306581 ) ) ;
#3272 = EDGE_CURVE ( 'NONE', #1793, #7870, #5930, .T. ) ;
#3273 = EDGE_CURVE ( 'NONE', #3790, #3288, #3133, .T. ) ;
#3274 = PLANE ( 'NONE',  #8311 ) ;
#3275 = DIRECTION ( 'NONE',  ( 0.01745240643728362268, 0.9998476951563911586, -0.000000000000000000 ) ) ;
#3276 = CARTESIAN_POINT ( 'NONE',  ( -2.199999999999999734, 0.6024999999999991473, 0.8524999999999999245 ) ) ;
#3277 = DIRECTION ( 'NONE',  ( -1.000000000000000000, 0.000000000000000000, 0.000000000000000000 ) ) ;
#3278 = DIRECTION ( 'NONE',  ( 0.000000000000000000, -0.000000000000000000, -1.000000000000000000 ) ) ;
#3279 = ORIENTED_EDGE ( 'NONE', *, *, #1742, .F. ) ;
#3280 = DIRECTION ( 'NONE',  ( 0.000000000000000000, 0.000000000000000000, 1.000000000000000000 ) ) ;
#3281 = ORIENTED_EDGE ( 'NONE', *, *, #1250, .F. ) ;
#3282 =( LENGTH_UNIT ( ) NAMED_UNIT ( * ) SI_UNIT ( .MILLI., .METRE. ) );
#3283 = CARTESIAN_POINT ( 'NONE',  ( -2.719977915797677337, 0.2525305989334057921, 1.097499999999999920 ) ) ;
#3284 = FACE_OUTER_BOUND ( 'NONE', #7372, .T. ) ;
#3285 = DIRECTION ( 'NONE',  ( 1.000000000000000000, 0.000000000000000000, 0.000000000000000000 ) ) ;
#3286 = ORIENTED_EDGE ( 'NONE', *, *, #650, .F. ) ;
#3287 = CARTESIAN_POINT ( 'NONE',  ( -2.570239956649733593, 0.5227027008975635436, -0.2024999999999999856 ) ) ;
#3288 = VERTEX_POINT ( 'NONE', #5313 ) ;
#3289 = COLOUR_RGB ( '',0.8000000000000000444, 0.8196078431372548767, 0.9333333333333333481 ) ;
#3290 = CARTESIAN_POINT ( 'NONE',  ( 2.801180237303523946, 0.2539479907276123161, 1.747500000000000275 ) ) ;
#3291 = EDGE_CURVE ( 'NONE', #3648, #7513, #8792, .T. ) ;
#3292 = CARTESIAN_POINT ( 'NONE',  ( 2.199999999999999734, 0.6024999999999991473, -2.152499999999999858 ) ) ;
#3293 = CIRCLE ( 'NONE', #9013, 0.2262146908966421732 ) ;
#3294 = CARTESIAN_POINT ( 'NONE',  ( -2.199999999999999734, 0.7474999999999991651, -1.502499999999999947 ) ) ;
#3295 = ORIENTED_EDGE ( 'NONE', *, *, #4190, .T. ) ;
#3296 = PLANE ( 'NONE',  #7222 ) ;
#3297 = VERTEX_POINT ( 'NONE', #4616 ) ;
#3298 = VERTEX_POINT ( 'NONE', #1038 ) ;
#3299 = DIRECTION ( 'NONE',  ( 0.9975640502598241977, 0.06975647374412534407, -0.000000000000000000 ) ) ;
#3300 = ORIENTED_EDGE ( 'NONE', *, *, #5587, .T. ) ;
#3301 = ORIENTED_EDGE ( 'NONE', *, *, #8324, .T. ) ;
#3302 = SURFACE_STYLE_FILL_AREA ( #6888 ) ;
#3303 = MANIFOLD_SOLID_BREP ( 'LPattern1[10]', #2254 ) ;
#3304 = VECTOR ( 'NONE', #8494, 1000.000000000000000 ) ;
#3305 = CLOSED_SHELL ( 'NONE', ( #7503, #8246, #216, #6747, #6408, #3436, #1318, #3492, #441, #3036, #6042, #2990, #1097, #4007 ) ) ;
#3306 = DIRECTION ( 'NONE',  ( -0.000000000000000000, -0.000000000000000000, -1.000000000000000000 ) ) ;
#3307 = EDGE_CURVE ( 'NONE', #3933, #5831, #8044, .T. ) ;
#3308 = DIRECTION ( 'NONE',  ( -1.000000000000000000, 0.000000000000000000, 0.000000000000000000 ) ) ;
#3309 = FACE_OUTER_BOUND ( 'NONE', #8920, .T. ) ;
#3310 = VECTOR ( 'NONE', #7069, 1000.000000000000000 ) ;
#3311 = VECTOR ( 'NONE', #1112, 1000.000000000000000 ) ;
#3312 = ORIENTED_EDGE ( 'NONE', *, *, #2571, .F. ) ;
#3313 = DIRECTION ( 'NONE',  ( -0.06975647374412527468, -0.9975640502598243087, 0.000000000000000000 ) ) ;
#3314 = ORIENTED_EDGE ( 'NONE', *, *, #8500, .F. ) ;
#3315 = VERTEX_POINT ( 'NONE', #6769 ) ;
#3316 = CARTESIAN_POINT ( 'NONE',  ( -2.489037635143886984, 0.5212853091033570196, 2.397499999999999964 ) ) ;
#3317 = ADVANCED_FACE ( 'NONE', ( #7336 ), #895, .F. ) ;
#3318 = CIRCLE ( 'NONE', #3017, 0.08121469089664200280 ) ;
#3319 = ADVANCED_FACE ( 'NONE', ( #3999 ), #8227, .F. ) ;
#3320 = CARTESIAN_POINT ( 'NONE',  ( 2.801180237303523946, 0.2539479907276123161, -1.097499999999999920 ) ) ;
#3321 = MANIFOLD_SOLID_BREP ( 'LPattern1[14]', #6916 ) ;
#3322 = FACE_OUTER_BOUND ( 'NONE', #5317, .T. ) ;
#3323 = CARTESIAN_POINT ( 'NONE',  ( 2.199999999999999734, 0.7474999999999991651, 1.502500000000000391 ) ) ;
#3324 = CARTESIAN_POINT ( 'NONE',  ( 2.795514986850355044, 0.1729311347361582596, 3.047499999999999432 ) ) ;
#3325 = ADVANCED_FACE ( 'NONE', ( #2522 ), #4040, .F. ) ;
#3326 = VECTOR ( 'NONE', #8856, 1000.000000000000000 ) ;
#3327 = FACE_OUTER_BOUND ( 'NONE', #756, .T. ) ;
#3328 = EDGE_CURVE ( 'NONE', #7776, #6984, #6390, .T. ) ;
#3329 = ORIENTED_EDGE ( 'NONE', *, *, #136, .T. ) ;
#3330 = DIRECTION ( 'NONE',  ( 1.000000000000000000, 0.000000000000000000, 0.000000000000000000 ) ) ;
#3331 = VERTEX_POINT ( 'NONE', #1775 ) ;
#3332 = AXIS2_PLACEMENT_3D ( 'NONE', #1884, #8476, #9131 ) ;
#3333 = PRESENTATION_LAYER_ASSIGNMENT (  '', '', ( #1094 ) ) ;
#3334 = DIRECTION ( 'NONE',  ( -0.000000000000000000, -0.000000000000000000, -1.000000000000000000 ) ) ;
#3335 = DIRECTION ( 'NONE',  ( 1.000000000000000000, 0.000000000000000000, 0.000000000000000000 ) ) ;
#3336 = FACE_OUTER_BOUND ( 'NONE', #2354, .T. ) ;
#3337 = VERTEX_POINT ( 'NONE', #1175 ) ;
#3338 = MANIFOLD_SOLID_BREP ( 'LPattern1[9]', #8418 ) ;
#3339 = CARTESIAN_POINT ( 'NONE',  ( -2.199999999999999734, 0.7474999999999991651, 0.4475000000000000089 ) ) ;
#3340 = STYLED_ITEM ( 'NONE', ( #3513 ), #3321 ) ;
#3341 = ORIENTED_EDGE ( 'NONE', *, *, #5734, .F. ) ;
#3342 = CARTESIAN_POINT ( 'NONE',  ( 2.785400298157456600, 0.02828434744848380353, -3.047499999999999876 ) ) ;
#3343 = LINE ( 'NONE', #7062, #3971 ) ;
#3344 = VECTOR ( 'NONE', #6328, 1000.000000000000000 ) ;
#3345 =( NAMED_UNIT ( * ) SI_UNIT ( $, .STERADIAN. ) SOLID_ANGLE_UNIT ( ) );
#3346 = CARTESIAN_POINT ( 'NONE',  ( 2.715217872447410752, 0.5252332998309695578, -0.8524999999999999245 ) ) ;
#3347 = EDGE_LOOP ( 'NONE', ( #916, #2795, #8106, #3476 ) ) ;
#3348 = CARTESIAN_POINT ( 'NONE',  ( 2.785400298157456600, 0.02828434744848385904, 2.802499999999999325 ) ) ;
#3349 = EDGE_LOOP ( 'NONE', ( #121, #5647, #7558, #234 ) ) ;
#3350 = LINE ( 'NONE', #4814, #9175 ) ;
#3351 = EDGE_CURVE ( 'NONE', #3234, #578, #9258, .T. ) ;
#3352 = VERTEX_POINT ( 'NONE', #3238 ) ;
#3353 = ORIENTED_EDGE ( 'NONE', *, *, #3099, .T. ) ;
#3354 = CIRCLE ( 'NONE', #5304, 0.2262146908966421732 ) ;
#3355 = SURFACE_SIDE_STYLE ('',( #3302 ) ) ;
#3356 = CARTESIAN_POINT ( 'NONE',  ( 2.570239956649733593, 0.5227027008975635436, -0.8524999999999999245 ) ) ;
#3357 = DIRECTION ( 'NONE',  ( 0.01745240643728044813, -0.9998476951563912696, 0.000000000000000000 ) ) ;
#3358 = DIRECTION ( 'NONE',  ( -1.000000000000000000, 0.000000000000000000, 0.000000000000000000 ) ) ;
#3359 = VECTOR ( 'NONE', #1156, 1000.000000000000227 ) ;
#3360 = PLANE ( 'NONE',  #6715 ) ;
#3361 = CARTESIAN_POINT ( 'NONE',  ( -2.785400298157456600, 0.02828434744848385904, 2.397499999999999964 ) ) ;
#3362 = ORIENTED_EDGE ( 'NONE', *, *, #8417, .F. ) ;
#3363 = CARTESIAN_POINT ( 'NONE',  ( 3.200000000000000622, 0.1446467872876746885, -2.152499999999999858 ) ) ;
#3364 = EDGE_CURVE ( 'NONE', #8807, #2397, #6116, .T. ) ;
#3365 = EDGE_LOOP ( 'NONE', ( #7824, #6853 ) ) ;
#3366 = VERTEX_POINT ( 'NONE', #8274 ) ;
#3367 = DIRECTION ( 'NONE',  ( 0.000000000000000000, -0.000000000000000000, -1.000000000000000000 ) ) ;
#3368 = VECTOR ( 'NONE', #4622, 1000.000000000000227 ) ;
#3369 = CARTESIAN_POINT ( 'NONE',  ( -3.189885311307102622, 1.626303258728256651E-16, 2.397499999999999964 ) ) ;
#3370 = CARTESIAN_POINT ( 'NONE',  ( 2.575000000000001066, 0.2499999999999996669, 0.2024999999999999856 ) ) ;
#3371 = DIRECTION ( 'NONE',  ( -0.9975640502598241977, 0.06975647374412534407, 0.000000000000000000 ) ) ;
#3372 = VECTOR ( 'NONE', #6061, 1000.000000000000000 ) ;
#3373 = FACE_OUTER_BOUND ( 'NONE', #5239, .T. ) ;
#3374 = EDGE_CURVE ( 'NONE', #3449, #2591, #1822, .T. ) ;
#3375 = ORIENTED_EDGE ( 'NONE', *, *, #6197, .T. ) ;
#3376 = LINE ( 'NONE', #2103, #2561 ) ;
#3377 = ORIENTED_EDGE ( 'NONE', *, *, #5973, .T. ) ;
#3378 = VECTOR ( 'NONE', #467, 1000.000000000000227 ) ;
#3379 = ADVANCED_FACE ( 'NONE', ( #4408 ), #5777, .F. ) ;
#3380 = LINE ( 'NONE', #1966, #5788 ) ;
#3381 = DIRECTION ( 'NONE',  ( -0.000000000000000000, -1.000000000000000000, -0.000000000000000000 ) ) ;
#3382 = CARTESIAN_POINT ( 'NONE',  ( -3.189885311307102622, 1.626303258728256651E-16, -2.152499999999999858 ) ) ;
#3383 = ORIENTED_EDGE ( 'NONE', *, *, #1042, .F. ) ;
#3384 = DIRECTION ( 'NONE',  ( 0.000000000000000000, 0.000000000000000000, 1.000000000000000000 ) ) ;
#3385 = VECTOR ( 'NONE', #1133, 1000.000000000000000 ) ;
#3386 = VERTEX_POINT ( 'NONE', #5202 ) ;
#3387 = DIRECTION ( 'NONE',  ( -3.751076125244977118E-16, 1.000000000000000000, 0.000000000000000000 ) ) ;
#3388 = ADVANCED_FACE ( 'NONE', ( #2898 ), #3025, .T. ) ;
#3389 = CARTESIAN_POINT ( 'NONE',  ( 2.199999999999999734, 0.6024999999999991473, 0.4475000000000000089 ) ) ;
#3390 = AXIS2_PLACEMENT_3D ( 'NONE', #1689, #948, #3806 ) ;
#3391 = DIRECTION ( 'NONE',  ( -0.9975640502598241977, -0.06975647374412527468, 0.000000000000000000 ) ) ;
#3392 = CARTESIAN_POINT ( 'NONE',  ( 2.570239956649733593, 0.5227027008975635436, -3.047499999999999876 ) ) ;
#3393 = ORIENTED_EDGE ( 'NONE', *, *, #530, .F. ) ;
#3394 = DIRECTION ( 'NONE',  ( 1.000000000000000000, 0.000000000000000000, 0.000000000000000000 ) ) ;
#3395 = ORIENTED_EDGE ( 'NONE', *, *, #1764, .T. ) ;
#3396 = CARTESIAN_POINT ( 'NONE',  ( 3.200000000000000622, 0.1446467872876746885, 2.802499999999999325 ) ) ;
#3397 = ORIENTED_EDGE ( 'NONE', *, *, #156, .F. ) ;
#3398 = ORIENTED_EDGE ( 'NONE', *, *, #4856, .T. ) ;
#3399 = AXIS2_PLACEMENT_3D ( 'NONE', #9305, #8504, #8691 ) ;
#3400 = SURFACE_SIDE_STYLE ('',( #3441 ) ) ;
#3401 = DIRECTION ( 'NONE',  ( 0.9975640502598241977, -0.06975647374412527468, 0.000000000000000000 ) ) ;
#3402 = LINE ( 'NONE', #3444, #4111 ) ;
#3403 = CARTESIAN_POINT ( 'NONE',  ( -2.489037635143886984, 0.7474999999999992761, 0.8524999999999999245 ) ) ;
#3404 = AXIS2_PLACEMENT_3D ( 'NONE', #7969, #6466, #23 ) ;
#3405 = CARTESIAN_POINT ( 'NONE',  ( -2.785400298157456600, 0.02828434744848385904, -0.2024999999999999856 ) ) ;
#3406 = CARTESIAN_POINT ( 'NONE',  ( -3.200000000000000622, 0.1446467872876746885, -2.152499999999999858 ) ) ;
#3407 = ORIENTED_EDGE ( 'NONE', *, *, #7011, .F. ) ;
#3408 = ORIENTED_EDGE ( 'NONE', *, *, #1210, .T. ) ;
#3409 = DIRECTION ( 'NONE',  ( -0.01745240643728362268, -0.9998476951563911586, 0.000000000000000000 ) ) ;
#3410 = ORIENTED_EDGE ( 'NONE', *, *, #2918, .F. ) ;
#3411 = VERTEX_POINT ( 'NONE', #2320 ) ;
#3412 = CARTESIAN_POINT ( 'NONE',  ( 2.199999999999998845, 0.6024999999999991473, -3.249999999999992895 ) ) ;
#3413 = CARTESIAN_POINT ( 'NONE',  ( 0.000000000000000000, 1.200000000000000622, 0.000000000000000000 ) ) ;
#3414 = ADVANCED_FACE ( 'NONE', ( #4317 ), #4358, .F. ) ;
#3415 = PLANE ( 'NONE',  #6410 ) ;
#3416 = CARTESIAN_POINT ( 'NONE',  ( 2.489037635143886984, 0.6024999999999990363, 2.397499999999999964 ) ) ;
#3417 = DIRECTION ( 'NONE',  ( -0.000000000000000000, -0.000000000000000000, -1.000000000000000000 ) ) ;
#3418 = VERTEX_POINT ( 'NONE', #5908 ) ;
#3419 = DIRECTION ( 'NONE',  ( -0.9998476951563912696, -0.01745240643728044813, 0.000000000000000000 ) ) ;
#3420 = ORIENTED_EDGE ( 'NONE', *, *, #5393, .T. ) ;
#3421 = EDGE_CURVE ( 'NONE', #6897, #4324, #3695, .T. ) ;
#3422 = DIRECTION ( 'NONE',  ( -0.000000000000000000, -0.000000000000000000, -1.000000000000000000 ) ) ;
#3423 = CARTESIAN_POINT ( 'NONE',  ( -2.795514986850355044, 0.1729311347361582596, -3.047499999999999876 ) ) ;
#3424 = CARTESIAN_POINT ( 'NONE',  ( 2.489037635143886984, 0.7474999999999992761, -2.152499999999999858 ) ) ;
#3425 = ORIENTED_EDGE ( 'NONE', *, *, #4740, .T. ) ;
#3426 = LINE ( 'NONE', #7768, #3897 ) ;
#3427 = VERTEX_POINT ( 'NONE', #2277 ) ;
#3428 = CARTESIAN_POINT ( 'NONE',  ( -3.189885311307102622, 1.626303258728256651E-16, -1.747499999999999831 ) ) ;
#3429 = EDGE_CURVE ( 'NONE', #9158, #1163, #2285, .T. ) ;
#3430 = PLANE ( 'NONE',  #3666 ) ;
#3431 = SURFACE_STYLE_FILL_AREA ( #8524 ) ;
#3432 = DIRECTION ( 'NONE',  ( -0.000000000000000000, 0.000000000000000000, 1.000000000000000000 ) ) ;
#3433 = ORIENTED_EDGE ( 'NONE', *, *, #8259, .T. ) ;
#3434 = DIRECTION ( 'NONE',  ( 1.000000000000000000, 0.000000000000000000, 0.000000000000000000 ) ) ;
#3435 = ORIENTED_EDGE ( 'NONE', *, *, #5053, .F. ) ;
#3436 = ADVANCED_FACE ( 'NONE', ( #8068 ), #9303, .F. ) ;
#3437 = DIRECTION ( 'NONE',  ( 1.000000000000000000, 0.000000000000000000, 0.000000000000000000 ) ) ;
#3438 = EDGE_CURVE ( 'NONE', #2977, #5707, #5857, .T. ) ;
#3439 = ORIENTED_EDGE ( 'NONE', *, *, #8829, .F. ) ;
#3440 = ORIENTED_EDGE ( 'NONE', *, *, #8314, .T. ) ;
#3441 = SURFACE_STYLE_FILL_AREA ( #8484 ) ;
#3442 = DIRECTION ( 'NONE',  ( -0.000000000000000000, -0.000000000000000000, -1.000000000000000000 ) ) ;
#3443 = CIRCLE ( 'NONE', #2845, 0.2262146908966421732 ) ;
#3444 = CARTESIAN_POINT ( 'NONE',  ( -2.200000000000000622, 0.7474999999999991651, -3.249999999999992006 ) ) ;
#3445 = AXIS2_PLACEMENT_3D ( 'NONE', #1290, #2030, #3394 ) ;
#3446 = CARTESIAN_POINT ( 'NONE',  ( 2.199999999999999734, 0.7474999999999991651, 3.047499999999999432 ) ) ;
#3447 = LINE ( 'NONE', #9197, #6573 ) ;
#3448 = CARTESIAN_POINT ( 'NONE',  ( -2.801180237303523946, 0.2539479907276123161, 1.747500000000000275 ) ) ;
#3449 = VERTEX_POINT ( 'NONE', #8026 ) ;
#3450 = VERTEX_POINT ( 'NONE', #6434 ) ;
#3451 = AXIS2_PLACEMENT_3D ( 'NONE', #2661, #663, #568 ) ;
#3452 = LINE ( 'NONE', #4924, #5411 ) ;
#3453 = ORIENTED_EDGE ( 'NONE', *, *, #8033, .F. ) ;
#3454 = ORIENTED_EDGE ( 'NONE', *, *, #8258, .F. ) ;
#3455 = CARTESIAN_POINT ( 'NONE',  ( 2.199999999999999734, 0.6024999999999991473, 2.152499999999999858 ) ) ;
#3456 = AXIS2_PLACEMENT_3D ( 'NONE', #7141, #3463, #7799 ) ;
#3457 =( NAMED_UNIT ( * ) PLANE_ANGLE_UNIT ( ) SI_UNIT ( $, .RADIAN. ) );
#3458 = CARTESIAN_POINT ( 'NONE',  ( -2.199999999999999734, 0.7474999999999991651, 2.152499999999999858 ) ) ;
#3459 = VECTOR ( 'NONE', #3220, 1000.000000000000000 ) ;
#3460 = CLOSED_SHELL ( 'NONE', ( #230, #6435, #283, #8559, #3633, #1017, #7289, #8794, #3094, #3319, #7884, #8962, #6096, #8703 ) ) ;
#3461 = AXIS2_PLACEMENT_3D ( 'NONE', #4026, #2743, #5533 ) ;
#3462 = CARTESIAN_POINT ( 'NONE',  ( 2.570239956649733593, 0.5227027008975635436, -2.152499999999999858 ) ) ;
#3463 = DIRECTION ( 'NONE',  ( 0.000000000000000000, 0.000000000000000000, 1.000000000000000000 ) ) ;
#3464 = FACE_OUTER_BOUND ( 'NONE', #8868, .T. ) ;
#3465 = VERTEX_POINT ( 'NONE', #7938 ) ;
#3466 = CARTESIAN_POINT ( 'NONE',  ( 2.199999999999999734, 0.7474999999999991651, -1.502499999999999947 ) ) ;
#3467 = ORIENTED_EDGE ( 'NONE', *, *, #7786, .F. ) ;
#3468 = CIRCLE ( 'NONE', #1369, 0.2262146908966421732 ) ;
#3469 = CARTESIAN_POINT ( 'NONE',  ( 2.715217872447410752, 0.5252332998309695578, 2.152499999999999858 ) ) ;
#3470 = VECTOR ( 'NONE', #8944, 1000.000000000000114 ) ;
#3471 = LINE ( 'NONE', #3423, #6700 ) ;
#3472 = AXIS2_PLACEMENT_3D ( 'NONE', #2950, #2288, #3659 ) ;
#3473 = CARTESIAN_POINT ( 'NONE',  ( -3.200000000000000622, 0.1446467872876746885, 1.747500000000000275 ) ) ;
#3474 = ORIENTED_EDGE ( 'NONE', *, *, #4976, .F. ) ;
#3475 = DIRECTION ( 'NONE',  ( -0.000000000000000000, -0.000000000000000000, -1.000000000000000000 ) ) ;
#3476 = ORIENTED_EDGE ( 'NONE', *, *, #4240, .T. ) ;
#3477 = EDGE_CURVE ( 'NONE', #1274, #1001, #6610, .T. ) ;
#3478 = UNCERTAINTY_MEASURE_WITH_UNIT (LENGTH_MEASURE( 1.000000000000000082E-05 ), #3282, 'distance_accuracy_value', 'NONE');
#3480 = DIRECTION ( 'NONE',  ( 1.000000000000000000, -3.751076125244977118E-16, 0.000000000000000000 ) ) ;
#3479 = VECTOR ( 'NONE', #6454, 1000.000000000000227 ) ;
#3481 = VECTOR ( 'NONE', #2655, 1000.000000000000000 ) ;
#3482 = DIRECTION ( 'NONE',  ( 1.000000000000000000, 0.000000000000000000, 0.000000000000000000 ) ) ;
#3483 = FACE_OUTER_BOUND ( 'NONE', #7743, .T. ) ;
#3484 = FACE_OUTER_BOUND ( 'NONE', #8388, .T. ) ;
#3485 = AXIS2_PLACEMENT_3D ( 'NONE', #1490, #7224, #5026 ) ;
#3486 = EDGE_LOOP ( 'NONE', ( #4380, #4448, #8213, #7448 ) ) ;
#3487 = VECTOR ( 'NONE', #1047, 1000.000000000000000 ) ;
#3488 = SURFACE_STYLE_FILL_AREA ( #6321 ) ;
#3489 = EDGE_CURVE ( 'NONE', #4168, #4828, #6476, .T. ) ;
#3490 = CARTESIAN_POINT ( 'NONE',  ( -2.199999999999999734, 0.7474999999999991651, 1.502500000000000391 ) ) ;
#3491 = ORIENTED_EDGE ( 'NONE', *, *, #8552, .T. ) ;
#3492 = ADVANCED_FACE ( 'NONE', ( #8592 ), #3736, .F. ) ;
#3493 = LINE ( 'NONE', #9237, #5128 ) ;
#3494 = EDGE_CURVE ( 'NONE', #547, #4911, #8728, .T. ) ;
#3495 = VERTEX_POINT ( 'NONE', #166 ) ;
#3496 = ORIENTED_EDGE ( 'NONE', *, *, #7713, .T. ) ;
#3497 = CARTESIAN_POINT ( 'NONE',  ( 2.199999999999999734, 0.6024999999999991473, 2.397499999999999964 ) ) ;
#3498 = PLANE ( 'NONE',  #1836 ) ;
#3499 = AXIS2_PLACEMENT_3D ( 'NONE', #7923, #866, #8674 ) ;
#3500 = CARTESIAN_POINT ( 'NONE',  ( -1.653818155844315463, 1.100000000000000533, -2.703818155844308180 ) ) ;
#3501 = ADVANCED_FACE ( 'NONE', ( #1578 ), #7181, .F. ) ;
#3502 = CARTESIAN_POINT ( 'NONE',  ( -2.715217872447410752, 0.5252332998309695578, -0.2024999999999999856 ) ) ;
#3503 = CARTESIAN_POINT ( 'NONE',  ( 2.570239956649733593, 0.5227027008975635436, -1.747499999999999831 ) ) ;
#3504 = CARTESIAN_POINT ( 'NONE',  ( -2.575000000000001066, 0.2499999999999996669, -0.2024999999999999856 ) ) ;
#3505 = LINE ( 'NONE', #9198, #3761 ) ;
#3506 = ORIENTED_EDGE ( 'NONE', *, *, #789, .F. ) ;
#3507 = AXIS2_PLACEMENT_3D ( 'NONE', #7796, #705, #4218 ) ;
#3508 = ORIENTED_EDGE ( 'NONE', *, *, #5811, .F. ) ;
#3509 = DIRECTION ( 'NONE',  ( 0.9975640502598241977, 0.06975647374412534407, -0.000000000000000000 ) ) ;
#3510 = VERTEX_POINT ( 'NONE', #6523 ) ;
#3511 = EDGE_LOOP ( 'NONE', ( #1842, #4449 ) ) ;
#3512 = LINE ( 'NONE', #7704, #646 ) ;
#3513 = PRESENTATION_STYLE_ASSIGNMENT (( #7621 ) ) ;
#3514 = PLANE ( 'NONE',  #3507 ) ;
#3515 = CIRCLE ( 'NONE', #4117, 0.2262146908966421732 ) ;
#3516 = ADVANCED_FACE ( 'NONE', ( #7321 ), #124, .F. ) ;
#3517 = DIRECTION ( 'NONE',  ( 0.000000000000000000, 0.000000000000000000, 1.000000000000000000 ) ) ;
#3518 = DIRECTION ( 'NONE',  ( -0.000000000000000000, 0.000000000000000000, 1.000000000000000000 ) ) ;
#3519 = EDGE_CURVE ( 'NONE', #7145, #6763, #1533, .T. ) ;
#3520 = DIRECTION ( 'NONE',  ( 1.000000000000000000, 0.000000000000000000, 0.000000000000000000 ) ) ;
#3521 = ORIENTED_EDGE ( 'NONE', *, *, #6702, .T. ) ;
#3522 = VECTOR ( 'NONE', #5132, 1000.000000000000227 ) ;
#3523 = LINE ( 'NONE', #2617, #2716 ) ;
#3524 = VERTEX_POINT ( 'NONE', #361 ) ;
#3525 = DIRECTION ( 'NONE',  ( -3.751076125244977118E-16, 1.000000000000000000, 0.000000000000000000 ) ) ;
#3526 = CARTESIAN_POINT ( 'NONE',  ( -2.570239956649733593, 0.5227027008975635436, 2.152499999999999858 ) ) ;
#3527 = EDGE_LOOP ( 'NONE', ( #2275, #2224, #3883, #3075 ) ) ;
#3528 = DIRECTION ( 'NONE',  ( -1.000000000000000000, 0.000000000000000000, 0.000000000000000000 ) ) ;
#3529 = ORIENTED_EDGE ( 'NONE', *, *, #6996, .F. ) ;
#3530 = VECTOR ( 'NONE', #2972, 1000.000000000000000 ) ;
#3531 = FILL_AREA_STYLE_COLOUR ( '', #7338 ) ;
#3532 = DIRECTION ( 'NONE',  ( -1.000000000000000000, 0.000000000000000000, 0.000000000000000000 ) ) ;
#3533 = PRESENTATION_STYLE_ASSIGNMENT (( #6977 ) ) ;
#3534 = ADVANCED_FACE ( 'NONE', ( #6046 ), #5997, .T. ) ;
#3535 = LINE ( 'NONE', #1471, #8463 ) ;
#3536 = ORIENTED_EDGE ( 'NONE', *, *, #649, .T. ) ;
#3537 = DIRECTION ( 'NONE',  ( 0.000000000000000000, -0.000000000000000000, -1.000000000000000000 ) ) ;
#3538 = ORIENTED_EDGE ( 'NONE', *, *, #3796, .F. ) ;
#3539 = FACE_OUTER_BOUND ( 'NONE', #5618, .T. ) ;
#3540 = EDGE_LOOP ( 'NONE', ( #5308, #7418, #3919, #3203 ) ) ;
#3541 =( NAMED_UNIT ( * ) PLANE_ANGLE_UNIT ( ) SI_UNIT ( $, .RADIAN. ) );
#3542 = AXIS2_PLACEMENT_3D ( 'NONE', #1568, #113, #6599 ) ;
#3543 = DIRECTION ( 'NONE',  ( 0.9998476951563912696, 0.01745240643728362614, 0.000000000000000000 ) ) ;
#3544 = VECTOR ( 'NONE', #4508, 1000.000000000000000 ) ;
#3545 = FACE_OUTER_BOUND ( 'NONE', #3486, .T. ) ;
#3546 = CARTESIAN_POINT ( 'NONE',  ( 2.795514986850355044, 0.1729311347361582596, -0.8524999999999999245 ) ) ;
#3547 = EDGE_CURVE ( 'NONE', #4612, #5704, #3070, .T. ) ;
#3548 = ADVANCED_FACE ( 'NONE', ( #5241 ), #2452, .F. ) ;
#3549 = DIRECTION ( 'NONE',  ( -1.000000000000000000, 0.000000000000000000, 0.000000000000000000 ) ) ;
#3550 = LINE ( 'NONE', #1393, #2059 ) ;
#3551 = CARTESIAN_POINT ( 'NONE',  ( -2.199999999999999734, 0.7474999999999991651, 3.249999999999996003 ) ) ;
#3552 = EDGE_LOOP ( 'NONE', ( #8212, #6693, #27, #3375 ) ) ;
#3553 = VECTOR ( 'NONE', #9068, 1000.000000000000000 ) ;
#3554 = ORIENTED_EDGE ( 'NONE', *, *, #453, .F. ) ;
#3555 = CARTESIAN_POINT ( 'NONE',  ( -2.199999999999999734, 0.7474999999999991651, 1.097499999999999920 ) ) ;
#3556 = EDGE_LOOP ( 'NONE', ( #6341, #593, #605, #5452 ) ) ;
#3557 = ORIENTED_EDGE ( 'NONE', *, *, #706, .T. ) ;
#3558 = LINE ( 'NONE', #2941, #6940 ) ;
#3559 =( NAMED_UNIT ( * ) PLANE_ANGLE_UNIT ( ) SI_UNIT ( $, .RADIAN. ) );
#3560 = DIRECTION ( 'NONE',  ( 0.000000000000000000, -1.000000000000000000, -0.000000000000000000 ) ) ;
#3561 = AXIS2_PLACEMENT_3D ( 'NONE', #7883, #1438, #7082 ) ;
#3562 = EDGE_CURVE ( 'NONE', #5938, #9016, #308, .T. ) ;
#3563 = DIRECTION ( 'NONE',  ( 0.01745240643728044813, -0.9998476951563912696, 0.000000000000000000 ) ) ;
#3564 = FACE_OUTER_BOUND ( 'NONE', #1625, .T. ) ;
#3565 = DIRECTION ( 'NONE',  ( 0.01745240643728362268, 0.9998476951563911586, -0.000000000000000000 ) ) ;
#3566 = ORIENTED_EDGE ( 'NONE', *, *, #2631, .F. ) ;
#3567 = CARTESIAN_POINT ( 'NONE',  ( 2.570239956649733593, 0.5227027008975635436, -0.8524999999999999245 ) ) ;
#3568 = EDGE_CURVE ( 'NONE', #4012, #9140, #1755, .T. ) ;
#3569 = ORIENTED_EDGE ( 'NONE', *, *, #4173, .F. ) ;
#3570 = ADVANCED_FACE ( 'NONE', ( #6093 ), #8961, .F. ) ;
#3571 = DIRECTION ( 'NONE',  ( -1.000000000000000000, -3.751076125244977118E-16, 0.000000000000000000 ) ) ;
#3572 = PLANE ( 'NONE',  #5655 ) ;
#3573 = VERTEX_POINT ( 'NONE', #2546 ) ;
#3574 = DIRECTION ( 'NONE',  ( -0.000000000000000000, -0.000000000000000000, -1.000000000000000000 ) ) ;
#3575 = VERTEX_POINT ( 'NONE', #8858 ) ;
#3576 = DIRECTION ( 'NONE',  ( -0.000000000000000000, -0.000000000000000000, -1.000000000000000000 ) ) ;
#3577 = CARTESIAN_POINT ( 'NONE',  ( -2.795514986850355044, 0.1729311347361582596, -2.152499999999999858 ) ) ;
#3578 = CARTESIAN_POINT ( 'NONE',  ( -2.199999999999999734, 0.7474999999999991651, 1.747500000000000275 ) ) ;
#3579 = LINE ( 'NONE', #278, #1085 ) ;
#3580 = ORIENTED_EDGE ( 'NONE', *, *, #8614, .T. ) ;
#3581 = DIRECTION ( 'NONE',  ( 0.9998476951563912696, 0.01745240643728362614, 0.000000000000000000 ) ) ;
#3582 = ORIENTED_EDGE ( 'NONE', *, *, #4189, .T. ) ;
#3583 = PLANE ( 'NONE',  #7984 ) ;
#3584 = ORIENTED_EDGE ( 'NONE', *, *, #5805, .F. ) ;
#3585 = PRESENTATION_STYLE_ASSIGNMENT (( #64 ) ) ;
#3586 = EDGE_CURVE ( 'NONE', #6307, #6053, #3979, .T. ) ;
#3587 = CARTESIAN_POINT ( 'NONE',  ( -2.489037635143886984, 0.7474999999999992761, 1.502500000000000391 ) ) ;
#3588 = DIRECTION ( 'NONE',  ( -0.000000000000000000, -0.000000000000000000, -1.000000000000000000 ) ) ;
#3589 = CARTESIAN_POINT ( 'NONE',  ( 2.489037635143886984, 0.5212853091033570196, 1.747500000000000275 ) ) ;
#3590 = DIRECTION ( 'NONE',  ( 1.000000000000000000, 0.000000000000000000, -0.000000000000000000 ) ) ;
#3591 = DIRECTION ( 'NONE',  ( 0.01745240643728044813, -0.9998476951563912696, 0.000000000000000000 ) ) ;
#3592 = CARTESIAN_POINT ( 'NONE',  ( -3.200000000000000622, 0.1446467872876746885, -2.397499999999999964 ) ) ;
#3593 = EDGE_LOOP ( 'NONE', ( #3377, #6649, #1071, #1027 ) ) ;
#3594 = VERTEX_POINT ( 'NONE', #8815 ) ;
#3595 = DIRECTION ( 'NONE',  ( 0.01745240643728044813, -0.9998476951563912696, 0.000000000000000000 ) ) ;
#3596 = ORIENTED_EDGE ( 'NONE', *, *, #585, .T. ) ;
#3597 = VERTEX_POINT ( 'NONE', #8298 ) ;
#3598 = CARTESIAN_POINT ( 'NONE',  ( -2.199999999999999734, 0.7474999999999991651, -0.2024999999999999856 ) ) ;
#3599 = EDGE_CURVE ( 'NONE', #2446, #6370, #1796, .T. ) ;
#3600 = DIRECTION ( 'NONE',  ( 1.000000000000000000, 0.000000000000000000, 0.000000000000000000 ) ) ;
#3601 = CARTESIAN_POINT ( 'NONE',  ( 2.570239956649733593, 0.5227027008975635436, -0.8524999999999999245 ) ) ;
#3602 = CARTESIAN_POINT ( 'NONE',  ( 2.489037635143886984, 0.5212853091033570196, 3.047499999999999432 ) ) ;
#3603 = VECTOR ( 'NONE', #2471, 1000.000000000000227 ) ;
#3604 = CARTESIAN_POINT ( 'NONE',  ( 2.199999999999999734, 0.6024999999999991473, -2.152499999999999858 ) ) ;
#3605 = AXIS2_PLACEMENT_3D ( 'NONE', #7848, #1405, #5030 ) ;
#3606 = CARTESIAN_POINT ( 'NONE',  ( 3.189885311307102622, 1.626303258728256651E-16, -0.8524999999999999245 ) ) ;
#3608 = ADVANCED_FACE ( 'NONE', ( #8247 ), #1849, .F. ) ;
#3607 = ORIENTED_EDGE ( 'NONE', *, *, #7425, .T. ) ;
#3609 = CARTESIAN_POINT ( 'NONE',  ( 2.801180237303523946, 0.2539479907276123161, -1.502499999999999947 ) ) ;
#3610 = EDGE_CURVE ( 'NONE', #9274, #5800, #2405, .T. ) ;
#3611 = ORIENTED_EDGE ( 'NONE', *, *, #8606, .F. ) ;
#3612 = EDGE_CURVE ( 'NONE', #14, #4267, #4679, .T. ) ;
#3613 = VECTOR ( 'NONE', #1706, 1000.000000000000000 ) ;
#3614 = CIRCLE ( 'NONE', #7431, 0.08121469089664200280 ) ;
#3615 = VECTOR ( 'NONE', #4399, 1000.000000000000000 ) ;
#3616 = CARTESIAN_POINT ( 'NONE',  ( 2.199999999999999734, 0.7474999999999991651, 1.747500000000000275 ) ) ;
#3617 = EDGE_CURVE ( 'NONE', #4324, #8589, #3781, .T. ) ;
#3618 = CARTESIAN_POINT ( 'NONE',  ( 2.801180237303523946, 0.2539479907276123161, 2.397499999999999964 ) ) ;
#3619 = EDGE_CURVE ( 'NONE', #2187, #3418, #1665, .T. ) ;
#3620 = ORIENTED_EDGE ( 'NONE', *, *, #6900, .T. ) ;
#3621 = VECTOR ( 'NONE', #2519, 1000.000000000000000 ) ;
#3622 = DIRECTION ( 'NONE',  ( -0.06975647374412519142, 0.9975640502598243087, 0.000000000000000000 ) ) ;
#3623 = VERTEX_POINT ( 'NONE', #1710 ) ;
#3624 = PLANE ( 'NONE',  #7795 ) ;
#3625 = AXIS2_PLACEMENT_3D ( 'NONE', #1320, #6962, #9266 ) ;
#3626 = DIRECTION ( 'NONE',  ( 1.000000000000000000, 0.000000000000000000, 0.000000000000000000 ) ) ;
#3627 = EDGE_CURVE ( 'NONE', #1573, #5435, #4588, .T. ) ;
#3628 = LINE ( 'NONE', #8005, #8288 ) ;
#3629 = ORIENTED_EDGE ( 'NONE', *, *, #5636, .T. ) ;
#3630 = DIRECTION ( 'NONE',  ( 0.01745240643728044813, 0.9998476951563912696, 0.000000000000000000 ) ) ;
#3631 = VECTOR ( 'NONE', #426, 1000.000000000000000 ) ;
#3632 = VERTEX_POINT ( 'NONE', #3873 ) ;
#3633 = ADVANCED_FACE ( 'NONE', ( #5336 ), #4633, .F. ) ;
#3634 = AXIS2_PLACEMENT_3D ( 'NONE', #8201, #4587, #3825 ) ;
#3635 = VERTEX_POINT ( 'NONE', #4114 ) ;
#3636 = CARTESIAN_POINT ( 'NONE',  ( -2.801180237303523946, 0.2539479907276123161, 2.802499999999999325 ) ) ;
#3637 = PLANE ( 'NONE',  #1687 ) ;
#3638 = DIRECTION ( 'NONE',  ( 0.01745240643728362268, 0.9998476951563911586, -0.000000000000000000 ) ) ;
#3639 = AXIS2_PLACEMENT_3D ( 'NONE', #7893, #1621, #879 ) ;
#3640 = DIRECTION ( 'NONE',  ( -0.06975647374412519142, 0.9975640502598243087, 0.000000000000000000 ) ) ;
#3641 = VECTOR ( 'NONE', #5010, 1000.000000000000000 ) ;
#3642 = DIRECTION ( 'NONE',  ( 0.000000000000000000, -0.000000000000000000, -1.000000000000000000 ) ) ;
#3643 = DIRECTION ( 'NONE',  ( -1.000000000000000000, 0.000000000000000000, 0.000000000000000000 ) ) ;
#3644 = CARTESIAN_POINT ( 'NONE',  ( 2.489037635143886984, 0.5212853091033570196, 1.747500000000000275 ) ) ;
#3645 = EDGE_LOOP ( 'NONE', ( #5331, #8530, #2382, #4215 ) ) ;
#3646 = ORIENTED_EDGE ( 'NONE', *, *, #7592, .T. ) ;
#3647 = DIRECTION ( 'NONE',  ( 0.9975640502598241977, -0.06975647374412527468, 0.000000000000000000 ) ) ;
#3648 = VERTEX_POINT ( 'NONE', #8485 ) ;
#3649 = EDGE_LOOP ( 'NONE', ( #1443, #4791, #1658, #7219 ) ) ;
#3650 = CIRCLE ( 'NONE', #1403, 0.2262146908966421732 ) ;
#3651 = FACE_OUTER_BOUND ( 'NONE', #8694, .T. ) ;
#3652 = CARTESIAN_POINT ( 'NONE',  ( 2.199999999999999734, 0.6024999999999991473, 0.8524999999999999245 ) ) ;
#3653 = DIRECTION ( 'NONE',  ( 1.000000000000000000, 0.000000000000000000, 0.000000000000000000 ) ) ;
#3654 = AXIS2_PLACEMENT_3D ( 'NONE', #2321, #7225, #1491 ) ;
#3655 = DIRECTION ( 'NONE',  ( 0.9975640502598241977, 0.06975647374412526081, 0.000000000000000000 ) ) ;
#3656 = EDGE_CURVE ( 'NONE', #1368, #1105, #9241, .T. ) ;
#3657 = CARTESIAN_POINT ( 'NONE',  ( -2.489037635143886984, 0.5212853091033570196, -0.8524999999999999245 ) ) ;
#3658 = VERTEX_POINT ( 'NONE', #6987 ) ;
#3659 = DIRECTION ( 'NONE',  ( -1.000000000000000000, 0.000000000000000000, 0.000000000000000000 ) ) ;
#3660 = EDGE_LOOP ( 'NONE', ( #2616, #1762, #7874, #7689 ) ) ;
#3661 = VECTOR ( 'NONE', #2128, 1000.000000000000000 ) ;
#3662 = LINE ( 'NONE', #2764, #6234 ) ;
#3663 = CARTESIAN_POINT ( 'NONE',  ( 2.785400298157456600, 0.02828434744848385904, 0.4475000000000000089 ) ) ;
#3664 = ADVANCED_FACE ( 'NONE', ( #1196 ), #3498, .F. ) ;
#3665 = EDGE_CURVE ( 'NONE', #2121, #5946, #1990, .T. ) ;
#3666 = AXIS2_PLACEMENT_3D ( 'NONE', #2726, #4804, #7679 ) ;
#3667 = ORIENTED_EDGE ( 'NONE', *, *, #8151, .F. ) ;
#3668 = CARTESIAN_POINT ( 'NONE',  ( -2.489037635143886984, 0.5212853091033570196, 1.097499999999999920 ) ) ;
#3669 = DIRECTION ( 'NONE',  ( -1.000000000000000000, 0.000000000000000000, 0.000000000000000000 ) ) ;
#3670 = ADVANCED_FACE ( 'NONE', ( #4867 ), #4203, .F. ) ;
#3671 = VECTOR ( 'NONE', #6681, 1000.000000000000000 ) ;
#3672 = CARTESIAN_POINT ( 'NONE',  ( 3.189885311307102622, 1.626303258728256651E-16, 1.097499999999999920 ) ) ;
#3673 = DIRECTION ( 'NONE',  ( 0.000000000000000000, -0.000000000000000000, -1.000000000000000000 ) ) ;
#3674 = CARTESIAN_POINT ( 'NONE',  ( 2.715217872447410752, 0.5252332998309695578, 1.097499999999999920 ) ) ;
#3675 = ORIENTED_EDGE ( 'NONE', *, *, #918, .F. ) ;
#3676 = COLOUR_RGB ( '',0.2509803921568627416, 0.2509803921568627416, 0.2509803921568627416 ) ;
#3677 = ORIENTED_EDGE ( 'NONE', *, *, #2691, .T. ) ;
#3678 = ORIENTED_EDGE ( 'NONE', *, *, #5457, .T. ) ;
#3679 =( NAMED_UNIT ( * ) SI_UNIT ( $, .STERADIAN. ) SOLID_ANGLE_UNIT ( ) );
#3680 = EDGE_CURVE ( 'NONE', #6507, #5989, #4098, .T. ) ;
#3681 = EDGE_CURVE ( 'NONE', #8387, #6458, #1297, .T. ) ;
#3682 = FACE_OUTER_BOUND ( 'NONE', #2357, .T. ) ;
#3683 = CARTESIAN_POINT ( 'NONE',  ( -2.715217872447410752, 0.5252332998309695578, 2.397499999999999964 ) ) ;
#3684 = MECHANICAL_DESIGN_GEOMETRIC_PRESENTATION_REPRESENTATION (  '', ( #5642 ), #4137 ) ;
#3685 = DIRECTION ( 'NONE',  ( 1.000000000000000000, 0.000000000000000000, 0.000000000000000000 ) ) ;
#3686 = CARTESIAN_POINT ( 'NONE',  ( -2.199999999999999734, 0.7474999999999991651, -0.4475000000000000089 ) ) ;
#3687 = CARTESIAN_POINT ( 'NONE',  ( -2.199999999999999734, 0.7474999999999991651, 1.097499999999999920 ) ) ;
#3688 = VERTEX_POINT ( 'NONE', #6889 ) ;
#3689 = EDGE_LOOP ( 'NONE', ( #258, #8849, #4355, #3219 ) ) ;
#3690 = LINE ( 'NONE', #6471, #8567 ) ;
#3691 = ORIENTED_EDGE ( 'NONE', *, *, #5751, .F. ) ;
#3692 = EDGE_LOOP ( 'NONE', ( #2949, #3246, #3042, #7506 ) ) ;
#3693 = COLOUR_RGB ( '',0.8000000000000000444, 0.8196078431372548767, 0.9333333333333333481 ) ;
#3694 = CARTESIAN_POINT ( 'NONE',  ( -2.199999999999999734, 0.7474999999999991651, 3.249999999999996003 ) ) ;
#3695 = LINE ( 'NONE', #7366, #8001 ) ;
#3696 = PLANE ( 'NONE',  #5020 ) ;
#3697 = VECTOR ( 'NONE', #3335, 1000.000000000000000 ) ;
#3698 = CARTESIAN_POINT ( 'NONE',  ( -2.489037635143886984, 0.6024999999999990363, 0.4475000000000000089 ) ) ;
#3699 = PRODUCT_DEFINITION_SHAPE ( 'NONE', 'NONE',  #5036 ) ;
#3700 = CARTESIAN_POINT ( 'NONE',  ( 2.715217872447410752, 0.5252332998309695578, 0.4475000000000000089 ) ) ;
#3701 = LINE ( 'NONE', #8549, #1205 ) ;
#3702 = ORIENTED_EDGE ( 'NONE', *, *, #2204, .F. ) ;
#3703 = DIRECTION ( 'NONE',  ( -1.000000000000000000, 0.000000000000000000, 0.000000000000000000 ) ) ;
#3704 = ORIENTED_EDGE ( 'NONE', *, *, #2064, .F. ) ;
#3705 = VECTOR ( 'NONE', #5161, 1000.000000000000000 ) ;
#3706 = EDGE_CURVE ( 'NONE', #3315, #8387, #2783, .T. ) ;
#3707 = PLANE ( 'NONE',  #7731 ) ;
#3708 = CARTESIAN_POINT ( 'NONE',  ( -2.785400298157456600, 0.02828434744848385904, -2.802499999999999769 ) ) ;
#3709 = AXIS2_PLACEMENT_3D ( 'NONE', #6381, #4258, #2836 ) ;
#3710 = ORIENTED_EDGE ( 'NONE', *, *, #4181, .F. ) ;
#3711 = DIRECTION ( 'NONE',  ( 1.000000000000000000, 0.000000000000000000, -0.000000000000000000 ) ) ;
#3712 = EDGE_CURVE ( 'NONE', #1789, #3427, #2896, .T. ) ;
#3713 = CARTESIAN_POINT ( 'NONE',  ( 2.795514986850355044, 0.1729311347361582596, -1.502499999999999947 ) ) ;
#3714 = CYLINDRICAL_SURFACE ( 'NONE', #5942, 0.08121469089664243302 ) ;
#3715 = VERTEX_POINT ( 'NONE', #4159 ) ;
#3716 = FACE_OUTER_BOUND ( 'NONE', #8516, .T. ) ;
#3717 = ORIENTED_EDGE ( 'NONE', *, *, #1417, .F. ) ;
#3718 = EDGE_LOOP ( 'NONE', ( #8040, #1832, #2370, #588, #8281, #4015, #6635, #498, #8290, #445, #7544, #4672 ) ) ;
#3719 = CARTESIAN_POINT ( 'NONE',  ( -2.801180237303523946, 0.2539479907276123161, -2.397499999999999964 ) ) ;
#3720 = ADVANCED_FACE ( 'NONE', ( #4820 ), #8532, .T. ) ;
#3721 = CARTESIAN_POINT ( 'NONE',  ( 2.715217872447410752, 0.5252332998309695578, 3.047499999999999432 ) ) ;
#3722 = LINE ( 'NONE', #3683, #2911 ) ;
#3723 = CARTESIAN_POINT ( 'NONE',  ( -2.785400298157456600, 0.02828434744848385904, -0.8524999999999999245 ) ) ;
#3724 = FACE_OUTER_BOUND ( 'NONE', #5165, .T. ) ;
#3725 = VECTOR ( 'NONE', #6361, 1000.000000000000000 ) ;
#3726 = CARTESIAN_POINT ( 'NONE',  ( -2.801180237303523946, 0.2539479907276123161, -2.152499999999999858 ) ) ;
#3727 = ADVANCED_FACE ( 'NONE', ( #7077 ), #9189, .F. ) ;
#3728 = EDGE_CURVE ( 'NONE', #8223, #5347, #4021, .T. ) ;
#3729 = DIRECTION ( 'NONE',  ( 0.000000000000000000, 0.000000000000000000, 1.000000000000000000 ) ) ;
#3730 = EDGE_LOOP ( 'NONE', ( #1161, #5068, #8355, #1187 ) ) ;
#3731 = EDGE_LOOP ( 'NONE', ( #6241, #3764, #5181, #8984 ) ) ;
#3732 = CARTESIAN_POINT ( 'NONE',  ( 2.785400298157456600, 0.02828434744848380353, -1.502499999999999947 ) ) ;
#3733 = ORIENTED_EDGE ( 'NONE', *, *, #7681, .F. ) ;
#3734 = ORIENTED_EDGE ( 'NONE', *, *, #8191, .T. ) ;
#3735 = CARTESIAN_POINT ( 'NONE',  ( 2.489037635143886984, 0.5212853091033570196, -0.4475000000000000089 ) ) ;
#3736 = PLANE ( 'NONE',  #3485 ) ;
#3737 = CYLINDRICAL_SURFACE ( 'NONE', #8012, 0.2000000000000000944 ) ;
#3738 = CARTESIAN_POINT ( 'NONE',  ( -2.715217872447410752, 0.5252332998309695578, 3.047499999999999432 ) ) ;
#3739 = LINE ( 'NONE', #6662, #7675 ) ;
#3740 = VERTEX_POINT ( 'NONE', #2038 ) ;
#3741 = STYLED_ITEM ( 'NONE', ( #8571 ), #200 ) ;
#3742 = PLANE ( 'NONE',  #5406 ) ;
#3743 = ORIENTED_EDGE ( 'NONE', *, *, #4903, .T. ) ;
#3744 = STYLED_ITEM ( 'NONE', ( #5769 ), #9242 ) ;
#3745 = CARTESIAN_POINT ( 'NONE',  ( 3.189885311307102622, 1.626303258728256651E-16, 1.747500000000000275 ) ) ;
#3746 = ORIENTED_EDGE ( 'NONE', *, *, #9027, .F. ) ;
#3747 = VECTOR ( 'NONE', #2427, 1000.000000000000000 ) ;
#3748 = CARTESIAN_POINT ( 'NONE',  ( 2.785400298157456600, 0.02828434744848385904, 1.747500000000000275 ) ) ;
#3749 = CARTESIAN_POINT ( 'NONE',  ( 2.575000000000001066, 0.2499999999999996669, 2.152499999999999858 ) ) ;
#3750 = VERTEX_POINT ( 'NONE', #2646 ) ;
#3751 = DIRECTION ( 'NONE',  ( 0.06975647374412519142, -0.9975640502598243087, 0.000000000000000000 ) ) ;
#3752 = EDGE_CURVE ( 'NONE', #8427, #5374, #9141, .T. ) ;
#3753 = PLANE ( 'NONE',  #5577 ) ;
#3754 = VECTOR ( 'NONE', #7271, 1000.000000000000227 ) ;
#3755 = DIRECTION ( 'NONE',  ( 1.000000000000000000, 0.000000000000000000, 0.000000000000000000 ) ) ;
#3756 = VECTOR ( 'NONE', #1864, 1000.000000000000227 ) ;
#3757 = LINE ( 'NONE', #4655, #5033 ) ;
#3758 = FACE_OUTER_BOUND ( 'NONE', #6253, .T. ) ;
#3759 = AXIS2_PLACEMENT_3D ( 'NONE', #1428, #4199, #1383 ) ;
#3760 = ORIENTED_EDGE ( 'NONE', *, *, #3351, .T. ) ;
#3761 = VECTOR ( 'NONE', #1943, 1000.000000000000000 ) ;
#3762 = EDGE_CURVE ( 'NONE', #2976, #4521, #5529, .T. ) ;
#3763 = DIRECTION ( 'NONE',  ( -0.000000000000000000, -0.000000000000000000, -1.000000000000000000 ) ) ;
#3764 = ORIENTED_EDGE ( 'NONE', *, *, #6097, .F. ) ;
#3765 = FACE_OUTER_BOUND ( 'NONE', #3731, .T. ) ;
#3766 = CIRCLE ( 'NONE', #7383, 0.2262146908966421732 ) ;
#3767 = DIRECTION ( 'NONE',  ( -1.000000000000000000, 0.000000000000000000, 0.000000000000000000 ) ) ;
#3768 = DIRECTION ( 'NONE',  ( -0.000000000000000000, -0.000000000000000000, -1.000000000000000000 ) ) ;
#3769 = PLANE ( 'NONE',  #9244 ) ;
#3770 = EDGE_CURVE ( 'NONE', #8240, #6002, #8390, .T. ) ;
#3771 = CARTESIAN_POINT ( 'NONE',  ( 2.199999999999999734, 0.7474999999999991651, 1.097499999999999920 ) ) ;
#3772 = ORIENTED_EDGE ( 'NONE', *, *, #464, .F. ) ;
#3773 = AXIS2_PLACEMENT_3D ( 'NONE', #7000, #463, #515 ) ;
#3774 = ADVANCED_FACE ( 'NONE', ( #5622 ), #1896, .F. ) ;
#3775 = EDGE_LOOP ( 'NONE', ( #6103, #6278, #8126, #3760 ) ) ;
#3776 = ORIENTED_EDGE ( 'NONE', *, *, #7762, .F. ) ;
#3777 = CARTESIAN_POINT ( 'NONE',  ( 2.719977915797677337, 0.2525305989334057921, -1.747499999999999831 ) ) ;
#3778 = ORIENTED_EDGE ( 'NONE', *, *, #6237, .F. ) ;
#3779 = ORIENTED_EDGE ( 'NONE', *, *, #4577, .F. ) ;
#3780 = CARTESIAN_POINT ( 'NONE',  ( 2.489037635143886984, 0.7474999999999992761, 0.2024999999999999856 ) ) ;
#3781 = LINE ( 'NONE', #7496, #6643 ) ;
#3782 = AXIS2_PLACEMENT_3D ( 'NONE', #5278, #6785, #8948 ) ;
#3783 = VECTOR ( 'NONE', #7198, 1000.000000000000000 ) ;
#3784 = EDGE_CURVE ( 'NONE', #2735, #3820, #5570, .T. ) ;
#3785 = VECTOR ( 'NONE', #5430, 1000.000000000000227 ) ;
#3786 = LINE ( 'NONE', #5203, #8462 ) ;
#3787 = CARTESIAN_POINT ( 'NONE',  ( 2.801180237303523946, 0.2539479907276123161, 2.802499999999999325 ) ) ;
#3788 = LINE ( 'NONE', #3700, #6759 ) ;
#3789 = VECTOR ( 'NONE', #1597, 1000.000000000000000 ) ;
#3790 = VERTEX_POINT ( 'NONE', #2175 ) ;
#3791 = CARTESIAN_POINT ( 'NONE',  ( 2.795514986850355044, 0.1729311347361582596, 0.2024999999999999856 ) ) ;
#3792 = ORIENTED_EDGE ( 'NONE', *, *, #6645, .T. ) ;
#3793 = ORIENTED_EDGE ( 'NONE', *, *, #3547, .F. ) ;
#3794 = DIRECTION ( 'NONE',  ( 0.9998476951563912696, 0.01745240643728362614, 0.000000000000000000 ) ) ;
#3795 = ORIENTED_EDGE ( 'NONE', *, *, #7715, .F. ) ;
#3796 = EDGE_CURVE ( 'NONE', #3983, #8375, #9289, .T. ) ;
#3797 = AXIS2_PLACEMENT_3D ( 'NONE', #7347, #1695, #3767 ) ;
#3798 = CARTESIAN_POINT ( 'NONE',  ( -2.199999999999999734, 0.6024999999999991473, 2.152499999999999858 ) ) ;
#3799 = ADVANCED_FACE ( 'NONE', ( #5012 ), #3011, .F. ) ;
#3800 = VERTEX_POINT ( 'NONE', #2883 ) ;
#3801 = LINE ( 'NONE', #8267, #5712 ) ;
#3802 = CIRCLE ( 'NONE', #9066, 0.2262146908966421732 ) ;
#3803 = PLANE ( 'NONE',  #1222 ) ;
#3804 = LINE ( 'NONE', #5933, #3671 ) ;
#3805 = VECTOR ( 'NONE', #1341, 1000.000000000000000 ) ;
#3806 = DIRECTION ( 'NONE',  ( 1.000000000000000000, 0.000000000000000000, 0.000000000000000000 ) ) ;
#3807 = VERTEX_POINT ( 'NONE', #66 ) ;
#3808 = SURFACE_STYLE_USAGE ( .BOTH. , #6122 ) ;
#3809 = ORIENTED_EDGE ( 'NONE', *, *, #2014, .T. ) ;
#3810 = VECTOR ( 'NONE', #8749, 1000.000000000000000 ) ;
#3811 = CARTESIAN_POINT ( 'NONE',  ( -3.200000000000000622, 0.1446467872876746885, 1.097499999999999920 ) ) ;
#3812 = FACE_OUTER_BOUND ( 'NONE', #7855, .T. ) ;
#3813 = ADVANCED_FACE ( 'NONE', ( #1477 ), #7878, .F. ) ;
#3814 = DIRECTION ( 'NONE',  ( -1.000000000000000000, -3.751076125244977118E-16, 0.000000000000000000 ) ) ;
#3815 = LINE ( 'NONE', #397, #2177 ) ;
#3816 = FACE_OUTER_BOUND ( 'NONE', #7449, .T. ) ;
#3817 = VECTOR ( 'NONE', #6911, 1000.000000000000000 ) ;
#3818 = EDGE_LOOP ( 'NONE', ( #2732, #5135, #5489, #6818 ) ) ;
#3819 = DIRECTION ( 'NONE',  ( -0.000000000000000000, -0.000000000000000000, -1.000000000000000000 ) ) ;
#3820 = VERTEX_POINT ( 'NONE', #5844 ) ;
#3821 = ORIENTED_EDGE ( 'NONE', *, *, #7948, .F. ) ;
#3822 = CARTESIAN_POINT ( 'NONE',  ( -1.653818155844315463, 1.100000000000000533, -2.903818155844308357 ) ) ;
#3823 = VERTEX_POINT ( 'NONE', #147 ) ;
#3824 = VERTEX_POINT ( 'NONE', #7307 ) ;
#3825 = DIRECTION ( 'NONE',  ( -1.000000000000000000, 0.000000000000000000, 0.000000000000000000 ) ) ;
#3826 = DIRECTION ( 'NONE',  ( 0.9975640502598243087, 0.06975647374412519142, -0.000000000000000000 ) ) ;
#3827 = VECTOR ( 'NONE', #7423, 1000.000000000000000 ) ;
#3828 = ADVANCED_FACE ( 'NONE', ( #7122 ), #8011, .T. ) ;
#3829 = LINE ( 'NONE', #2500, #7421 ) ;
#3830 = EDGE_CURVE ( 'NONE', #5439, #8746, #6800, .T. ) ;
#3831 = CARTESIAN_POINT ( 'NONE',  ( -2.489037635143886984, 0.7474999999999992761, -0.4475000000000000089 ) ) ;
#3832 = CARTESIAN_POINT ( 'NONE',  ( 2.199999999999999734, 0.6024999999999991473, 1.747500000000000275 ) ) ;
#3833 = ORIENTED_EDGE ( 'NONE', *, *, #3099, .F. ) ;
#3834 = CARTESIAN_POINT ( 'NONE',  ( -3.189885311307102622, 1.626303258728256651E-16, 3.047499999999999432 ) ) ;
#3835 = ORIENTED_EDGE ( 'NONE', *, *, #6280, .F. ) ;
#3836 = ORIENTED_EDGE ( 'NONE', *, *, #7737, .F. ) ;
#3837 = FACE_OUTER_BOUND ( 'NONE', #5330, .T. ) ;
#3838 = VERTEX_POINT ( 'NONE', #5763 ) ;
#3839 = ADVANCED_FACE ( 'NONE', ( #5893 ), #7208, .T. ) ;
#3840 = FACE_OUTER_BOUND ( 'NONE', #4524, .T. ) ;
#3841 = VECTOR ( 'NONE', #2861, 1000.000000000000000 ) ;
#3842 = DIRECTION ( 'NONE',  ( 0.9975640502598241977, 0.06975647374412534407, -0.000000000000000000 ) ) ;
#3843 = LINE ( 'NONE', #374, #708 ) ;
#3844 = LINE ( 'NONE', #4337, #4412 ) ;
#3845 = EDGE_LOOP ( 'NONE', ( #9072, #4756, #268, #428 ) ) ;
#3846 = EDGE_CURVE ( 'NONE', #8445, #5279, #1565, .T. ) ;
#3847 = PLANE ( 'NONE',  #4959 ) ;
#3848 = ADVANCED_FACE ( 'NONE', ( #3682 ), #3637, .F. ) ;
#3849 = VECTOR ( 'NONE', #6345, 1000.000000000000000 ) ;
#3850 = PLANE ( 'NONE',  #6921 ) ;
#3851 = UNCERTAINTY_MEASURE_WITH_UNIT (LENGTH_MEASURE( 1.000000000000000082E-05 ), #2602, 'distance_accuracy_value', 'NONE');
#3852 = CYLINDRICAL_SURFACE ( 'NONE', #384, 0.08121469089664200280 ) ;
#3853 = DIRECTION ( 'NONE',  ( 0.9975640502598241977, 0.06975647374412534407, -0.000000000000000000 ) ) ;
#3854 = AXIS2_PLACEMENT_3D ( 'NONE', #5716, #4963, #648 ) ;
#3855 = DIRECTION ( 'NONE',  ( -0.000000000000000000, -0.000000000000000000, -1.000000000000000000 ) ) ;
#3856 = ORIENTED_EDGE ( 'NONE', *, *, #7473, .T. ) ;
#3857 = DIRECTION ( 'NONE',  ( 1.000000000000000000, -3.751076125244977118E-16, 0.000000000000000000 ) ) ;
#3858 = VERTEX_POINT ( 'NONE', #2306 ) ;
#3859 = AXIS2_PLACEMENT_3D ( 'NONE', #7647, #8058, #3685 ) ;
#3860 = DIRECTION ( 'NONE',  ( -0.000000000000000000, -0.000000000000000000, -1.000000000000000000 ) ) ;
#3861 = DIRECTION ( 'NONE',  ( 1.000000000000000000, 0.000000000000000000, 0.000000000000000000 ) ) ;
#3862 = LINE ( 'NONE', #202, #3368 ) ;
#3863 = DIRECTION ( 'NONE',  ( 1.000000000000000000, -3.751076125244977118E-16, 0.000000000000000000 ) ) ;
#3864 = PLANE ( 'NONE',  #7540 ) ;
#3865 = ORIENTED_EDGE ( 'NONE', *, *, #1979, .T. ) ;
#3866 =( NAMED_UNIT ( * ) PLANE_ANGLE_UNIT ( ) SI_UNIT ( $, .RADIAN. ) );
#3867 = ORIENTED_EDGE ( 'NONE', *, *, #2182, .F. ) ;
#3868 = ORIENTED_EDGE ( 'NONE', *, *, #1914, .F. ) ;
#3869 = DIRECTION ( 'NONE',  ( 0.01745240643728362268, 0.9998476951563911586, -0.000000000000000000 ) ) ;
#3870 = ORIENTED_EDGE ( 'NONE', *, *, #1250, .T. ) ;
#3871 = VERTEX_POINT ( 'NONE', #3721 ) ;
#3872 = CARTESIAN_POINT ( 'NONE',  ( -2.199999999999999734, 0.7474999999999991651, -0.8524999999999999245 ) ) ;
#3873 = CARTESIAN_POINT ( 'NONE',  ( 2.489037635143886984, 0.6024999999999990363, 2.802499999999999325 ) ) ;
#3874 = CARTESIAN_POINT ( 'NONE',  ( -3.200000000000000622, 0.1446467872876746885, 2.802499999999999325 ) ) ;
#3875 = CARTESIAN_POINT ( 'NONE',  ( 2.719977915797677337, 0.2525305989334057921, 1.097499999999999920 ) ) ;
#3876 = DIRECTION ( 'NONE',  ( 0.000000000000000000, 0.000000000000000000, 1.000000000000000000 ) ) ;
#3877 = EDGE_LOOP ( 'NONE', ( #6261, #8723, #226, #7435, #7590, #1053, #4503, #2791, #984, #8886, #697, #2557 ) ) ;
#3878 = CARTESIAN_POINT ( 'NONE',  ( -2.801180237303523946, 0.2539479907276123161, -0.2024999999999999856 ) ) ;
#3879 = EDGE_CURVE ( 'NONE', #4648, #4386, #5295, .T. ) ;
#3880 = VERTEX_POINT ( 'NONE', #7963 ) ;
#3881 = VERTEX_POINT ( 'NONE', #6418 ) ;
#3882 = LINE ( 'NONE', #6667, #5585 ) ;
#3883 = ORIENTED_EDGE ( 'NONE', *, *, #9092, .T. ) ;
#3884 = LINE ( 'NONE', #6901, #5160 ) ;
#3885 = CARTESIAN_POINT ( 'NONE',  ( -3.189885311307102622, 1.626303258728256651E-16, 1.097499999999999920 ) ) ;
#3886 = CARTESIAN_POINT ( 'NONE',  ( -3.189885311307102622, 1.626303258728256651E-16, -1.502499999999999947 ) ) ;
#3887 = LINE ( 'NONE', #8265, #4839 ) ;
#3888 = ADVANCED_FACE ( 'NONE', ( #2929 ), #823, .F. ) ;
#3889 = VERTEX_POINT ( 'NONE', #3587 ) ;
#3890 = ADVANCED_FACE ( 'NONE', ( #6461 ), #1387, .F. ) ;
#3891 = CARTESIAN_POINT ( 'NONE',  ( -2.199999999999999734, 0.6024999999999991473, -1.097499999999999920 ) ) ;
#3892 = EDGE_CURVE ( 'NONE', #5960, #5198, #5711, .T. ) ;
#3893 = ORIENTED_EDGE ( 'NONE', *, *, #1914, .T. ) ;
#3894 = DIRECTION ( 'NONE',  ( 1.000000000000000000, -3.751076125244977118E-16, 0.000000000000000000 ) ) ;
#3895 = VERTEX_POINT ( 'NONE', #18 ) ;
#3896 = CARTESIAN_POINT ( 'NONE',  ( -2.199999999999999734, 0.7474999999999991651, -2.152499999999999858 ) ) ;
#3897 = VECTOR ( 'NONE', #579, 1000.000000000000000 ) ;
#3898 = EDGE_CURVE ( 'NONE', #2796, #5719, #2738, .T. ) ;
#3899 = ADVANCED_FACE ( 'NONE', ( #3812 ), #8802, .F. ) ;
#3900 = DIRECTION ( 'NONE',  ( -0.06975647374412535795, 0.9975640502598243087, 0.000000000000000000 ) ) ;
#3901 = LINE ( 'NONE', #1828, #1732 ) ;
#3902 = ADVANCED_FACE ( 'NONE', ( #5188 ), #2389, .F. ) ;
#3903 = DIRECTION ( 'NONE',  ( 0.9975640502598241977, 0.06975647374412534407, -0.000000000000000000 ) ) ;
#3904 = EDGE_LOOP ( 'NONE', ( #790, #2651, #5869, #1204 ) ) ;
#3905 = CIRCLE ( 'NONE', #5122, 0.08121469089664243302 ) ;
#3906 = DIRECTION ( 'NONE',  ( -0.000000000000000000, -0.000000000000000000, -1.000000000000000000 ) ) ;
#3907 = VECTOR ( 'NONE', #375, 1000.000000000000000 ) ;
#3908 = VERTEX_POINT ( 'NONE', #249 ) ;
#3909 = DIRECTION ( 'NONE',  ( 1.000000000000000000, -0.000000000000000000, -1.971276677246372505E-16 ) ) ;
#3910 = EDGE_CURVE ( 'NONE', #3386, #6372, #906, .T. ) ;
#3911 = VECTOR ( 'NONE', #3033, 1000.000000000000000 ) ;
#3912 = DIRECTION ( 'NONE',  ( 0.000000000000000000, -0.000000000000000000, -1.000000000000000000 ) ) ;
#3913 = CLOSED_SHELL ( 'NONE', ( #3379, #8130, #2371, #6831, #356, #5978, #8326, #5302, #9185, #4428, #6357, #260, #6451, #2632 ) ) ;
#3914 = VECTOR ( 'NONE', #1801, 1000.000000000000227 ) ;
#3915 = FACE_OUTER_BOUND ( 'NONE', #8195, .T. ) ;
#3916 = DIRECTION ( 'NONE',  ( -0.01745240643728362268, 0.9998476951563911586, 0.000000000000000000 ) ) ;
#3917 = ORIENTED_EDGE ( 'NONE', *, *, #3198, .T. ) ;
#3918 = EDGE_CURVE ( 'NONE', #4416, #5234, #3951, .T. ) ;
#3919 = ORIENTED_EDGE ( 'NONE', *, *, #880, .F. ) ;
#3920 = ORIENTED_EDGE ( 'NONE', *, *, #8881, .F. ) ;
#3921 = VECTOR ( 'NONE', #6766, 1000.000000000000000 ) ;
#3922 = CARTESIAN_POINT ( 'NONE',  ( 2.199999999999999734, 0.7474999999999991651, 2.152499999999999858 ) ) ;
#3923 = ORIENTED_EDGE ( 'NONE', *, *, #455, .T. ) ;
#3924 = ORIENTED_EDGE ( 'NONE', *, *, #2064, .T. ) ;
#3925 = DIRECTION ( 'NONE',  ( 0.000000000000000000, 0.000000000000000000, 1.000000000000000000 ) ) ;
#3926 = DIRECTION ( 'NONE',  ( 0.000000000000000000, -0.000000000000000000, -1.000000000000000000 ) ) ;
#3927 = LINE ( 'NONE', #4022, #7561 ) ;
#3928 = AXIS2_PLACEMENT_3D ( 'NONE', #3609, #2855, #2328 ) ;
#3929 = LINE ( 'NONE', #2284, #8362 ) ;
#3930 =( NAMED_UNIT ( * ) PLANE_ANGLE_UNIT ( ) SI_UNIT ( $, .RADIAN. ) );
#3931 = ORIENTED_EDGE ( 'NONE', *, *, #9182, .T. ) ;
#3932 = DIRECTION ( 'NONE',  ( -1.000000000000000000, -3.751076125244977118E-16, 0.000000000000000000 ) ) ;
#3933 = VERTEX_POINT ( 'NONE', #3056 ) ;
#3934 = ORIENTED_EDGE ( 'NONE', *, *, #7243, .F. ) ;
#3935 = VECTOR ( 'NONE', #2209, 1000.000000000000000 ) ;
#3936 = FACE_OUTER_BOUND ( 'NONE', #9296, .T. ) ;
#3937 = AXIS2_PLACEMENT_3D ( 'NONE', #7019, #1183, #8378 ) ;
#3938 = AXIS2_PLACEMENT_3D ( 'NONE', #4217, #3367, #4125 ) ;
#3939 = DIRECTION ( 'NONE',  ( -0.000000000000000000, -0.000000000000000000, -1.000000000000000000 ) ) ;
#3940 = EDGE_CURVE ( 'NONE', #4909, #8196, #5940, .T. ) ;
#3941 = CARTESIAN_POINT ( 'NONE',  ( 3.200000000000000622, 0.1446467872876746885, -3.047499999999999876 ) ) ;
#3942 = STYLED_ITEM ( 'NONE', ( #1353 ), #3338 ) ;
#3943 = CARTESIAN_POINT ( 'NONE',  ( -2.199999999999999734, 0.7474999999999991651, -2.802499999999999769 ) ) ;
#3944 = VECTOR ( 'NONE', #2036, 1000.000000000000000 ) ;
#3945 = CARTESIAN_POINT ( 'NONE',  ( 2.715217872447410752, 0.5252332998309695578, 0.2024999999999999856 ) ) ;
#3946 = ORIENTED_EDGE ( 'NONE', *, *, #7798, .F. ) ;
#3947 = CYLINDRICAL_SURFACE ( 'NONE', #8109, 0.08121469089664243302 ) ;
#3948 = VERTEX_POINT ( 'NONE', #5230 ) ;
#3949 = CARTESIAN_POINT ( 'NONE',  ( 2.489037635143886984, 0.7474999999999992761, -1.502499999999999947 ) ) ;
#3950 = ORIENTED_EDGE ( 'NONE', *, *, #6848, .F. ) ;
#3952 = CARTESIAN_POINT ( 'NONE',  ( 2.489037635143886984, 0.6024999999999990363, 0.4475000000000000089 ) ) ;
#3951 = CIRCLE ( 'NONE', #3797, 0.08121469089664243302 ) ;
#3953 = EDGE_CURVE ( 'NONE', #6446, #2515, #8094, .T. ) ;
#3954 = EDGE_CURVE ( 'NONE', #1347, #2237, #4529, .T. ) ;
#3955 = FACE_OUTER_BOUND ( 'NONE', #8543, .T. ) ;
#3956 = EDGE_CURVE ( 'NONE', #876, #653, #3650, .T. ) ;
#3957 = LINE ( 'NONE', #4567, #4291 ) ;
#3958 = LINE ( 'NONE', #7577, #8673 ) ;
#3959 = AXIS2_PLACEMENT_3D ( 'NONE', #7276, #6477, #36 ) ;
#3960 = EDGE_LOOP ( 'NONE', ( #8906, #6863, #4338, #2271 ) ) ;
#3961 = CYLINDRICAL_SURFACE ( 'NONE', #6003, 0.2262146908966421732 ) ;
#3962 = ORIENTED_EDGE ( 'NONE', *, *, #1376, .T. ) ;
#3963 = LINE ( 'NONE', #9127, #6497 ) ;
#3964 = VECTOR ( 'NONE', #642, 1000.000000000000000 ) ;
#3965 = DIRECTION ( 'NONE',  ( -1.000000000000000000, 0.000000000000000000, 0.000000000000000000 ) ) ;
#3966 = DIRECTION ( 'NONE',  ( 0.06975647374412519142, 0.9975640502598243087, 0.000000000000000000 ) ) ;
#3967 = CARTESIAN_POINT ( 'NONE',  ( -2.489037635143886984, 0.5212853091033570196, -3.047499999999999876 ) ) ;
#3968 = ORIENTED_EDGE ( 'NONE', *, *, #5348, .F. ) ;
#3969 = CARTESIAN_POINT ( 'NONE',  ( 2.199999999999999734, 0.7474999999999991651, -2.152499999999999858 ) ) ;
#3970 = ORIENTED_EDGE ( 'NONE', *, *, #6774, .F. ) ;
#3971 = VECTOR ( 'NONE', #630, 1000.000000000000114 ) ;
#3972 = VERTEX_POINT ( 'NONE', #8747 ) ;
#3973 = ADVANCED_FACE ( 'NONE', ( #2335 ), #5176, .T. ) ;
#3974 = CARTESIAN_POINT ( 'NONE',  ( 2.801180237303523946, 0.2539479907276123161, -2.397499999999999964 ) ) ;
#3975 = EDGE_CURVE ( 'NONE', #2426, #4735, #2247, .T. ) ;
#3976 = ORIENTED_EDGE ( 'NONE', *, *, #1280, .T. ) ;
#3977 = ORIENTED_EDGE ( 'NONE', *, *, #4067, .T. ) ;
#3978 = FACE_OUTER_BOUND ( 'NONE', #920, .T. ) ;
#3979 = LINE ( 'NONE', #5955, #6352 ) ;
#3980 = DIRECTION ( 'NONE',  ( -0.01745240643728362268, 0.9998476951563911586, 0.000000000000000000 ) ) ;
#3981 = FACE_OUTER_BOUND ( 'NONE', #2188, .T. ) ;
#3982 = DIRECTION ( 'NONE',  ( -0.01745240643728362268, 0.9998476951563911586, 0.000000000000000000 ) ) ;
#3983 = VERTEX_POINT ( 'NONE', #4378 ) ;
#3984 = DIRECTION ( 'NONE',  ( -0.000000000000000000, -0.000000000000000000, -1.000000000000000000 ) ) ;
#3985 = ORIENTED_EDGE ( 'NONE', *, *, #5979, .F. ) ;
#3986 = ORIENTED_EDGE ( 'NONE', *, *, #8780, .T. ) ;
#3987 = AXIS2_PLACEMENT_3D ( 'NONE', #4742, #424, #7612 ) ;
#3988 = CARTESIAN_POINT ( 'NONE',  ( -2.199999999999999734, 0.6024999999999991473, 1.502500000000000391 ) ) ;
#3989 = DIRECTION ( 'NONE',  ( 0.01745240643728044813, -0.9998476951563912696, 0.000000000000000000 ) ) ;
#3990 = LINE ( 'NONE', #5395, #5337 ) ;
#3991 = VECTOR ( 'NONE', #5517, 1000.000000000000000 ) ;
#3992 = PLANE ( 'NONE',  #3399 ) ;
#3993 = DIRECTION ( 'NONE',  ( 0.01745240643728044813, -0.9998476951563912696, 0.000000000000000000 ) ) ;
#3994 = DIRECTION ( 'NONE',  ( 3.751076125244977118E-16, 1.000000000000000000, 0.000000000000000000 ) ) ;
#3995 = DIRECTION ( 'NONE',  ( 0.000000000000000000, -0.000000000000000000, -1.000000000000000000 ) ) ;
#3996 = ORIENTED_EDGE ( 'NONE', *, *, #6335, .T. ) ;
#3997 = EDGE_CURVE ( 'NONE', #6804, #3824, #187, .T. ) ;
#3998 = VECTOR ( 'NONE', #277, 1000.000000000000000 ) ;
#3999 = FACE_OUTER_BOUND ( 'NONE', #4109, .T. ) ;
#4000 = CARTESIAN_POINT ( 'NONE',  ( 2.199999999999999734, 0.7474999999999991651, -1.097499999999999920 ) ) ;
#4001 = FACE_OUTER_BOUND ( 'NONE', #3877, .T. ) ;
#4003 = CIRCLE ( 'NONE', #7015, 0.2262146908966421732 ) ;
#4002 = DIRECTION ( 'NONE',  ( 1.000000000000000000, 0.000000000000000000, -0.000000000000000000 ) ) ;
#4004 = ORIENTED_EDGE ( 'NONE', *, *, #4835, .T. ) ;
#4005 = CARTESIAN_POINT ( 'NONE',  ( 2.801180237303523946, 0.2539479907276123161, -0.2024999999999999856 ) ) ;
#4006 = ORIENTED_EDGE ( 'NONE', *, *, #7877, .T. ) ;
#4007 = ADVANCED_FACE ( 'NONE', ( #892 ), #2, .F. ) ;
#4008 = FACE_OUTER_BOUND ( 'NONE', #7282, .T. ) ;
#4009 = FACE_OUTER_BOUND ( 'NONE', #6230, .T. ) ;
#4010 = DIRECTION ( 'NONE',  ( -1.000000000000000000, 3.751076125244977118E-16, 0.000000000000000000 ) ) ;
#4011 = LINE ( 'NONE', #8237, #4542 ) ;
#4012 = VERTEX_POINT ( 'NONE', #6539 ) ;
#4013 =( LENGTH_UNIT ( ) NAMED_UNIT ( * ) SI_UNIT ( .MILLI., .METRE. ) );
#4014 = ORIENTED_EDGE ( 'NONE', *, *, #801, .T. ) ;
#4015 = ORIENTED_EDGE ( 'NONE', *, *, #5348, .T. ) ;
#4016 = DIRECTION ( 'NONE',  ( 0.000000000000000000, -0.000000000000000000, -1.000000000000000000 ) ) ;
#4017 = EDGE_CURVE ( 'NONE', #6577, #8823, #2203, .T. ) ;
#4018 = ORIENTED_EDGE ( 'NONE', *, *, #2624, .T. ) ;
#4019 = ORIENTED_EDGE ( 'NONE', *, *, #8623, .F. ) ;
#4020 = LINE ( 'NONE', #2882, #2729 ) ;
#4021 = LINE ( 'NONE', #1155, #4557 ) ;
#4022 = CARTESIAN_POINT ( 'NONE',  ( -3.200000000000000622, 0.1446467872876746885, -1.502499999999999947 ) ) ;
#4023 = EDGE_CURVE ( 'NONE', #8461, #7438, #7245, .T. ) ;
#4024 = EDGE_CURVE ( 'NONE', #6056, #714, #809, .T. ) ;
#4025 = DIRECTION ( 'NONE',  ( -0.000000000000000000, -0.000000000000000000, -1.000000000000000000 ) ) ;
#4026 = CARTESIAN_POINT ( 'NONE',  ( 2.489037635143886984, 0.5212853091033570196, -2.152499999999999858 ) ) ;
#4027 = ORIENTED_EDGE ( 'NONE', *, *, #2211, .T. ) ;
#4028 = DIRECTION ( 'NONE',  ( -0.000000000000000000, -0.000000000000000000, -1.000000000000000000 ) ) ;
#4029 = ORIENTED_EDGE ( 'NONE', *, *, #5223, .F. ) ;
#4030 = ORIENTED_EDGE ( 'NONE', *, *, #3892, .F. ) ;
#4031 = CARTESIAN_POINT ( 'NONE',  ( 2.199999999999999734, 0.6024999999999991473, 0.4475000000000000089 ) ) ;
#4032 = DIRECTION ( 'NONE',  ( -0.000000000000000000, -0.000000000000000000, -1.000000000000000000 ) ) ;
#4033 = DIRECTION ( 'NONE',  ( -0.9975640502598241977, 0.06975647374412526081, 0.000000000000000000 ) ) ;
#4034 = CARTESIAN_POINT ( 'NONE',  ( -2.489037635143886984, 0.5212853091033570196, 2.397499999999999964 ) ) ;
#4035 = CARTESIAN_POINT ( 'NONE',  ( 2.489037635143886984, 0.5212853091033570196, 1.502500000000000391 ) ) ;
#4036 = LINE ( 'NONE', #9264, #7365 ) ;
#4037 = ORIENTED_EDGE ( 'NONE', *, *, #6960, .F. ) ;
#4038 = FACE_OUTER_BOUND ( 'NONE', #1752, .T. ) ;
#4039 = ORIENTED_EDGE ( 'NONE', *, *, #6892, .T. ) ;
#4040 = PLANE ( 'NONE',  #189 ) ;
#4041 = CARTESIAN_POINT ( 'NONE',  ( -2.199999999999999734, 0.6024999999999991473, -0.8524999999999999245 ) ) ;
#4042 = CARTESIAN_POINT ( 'NONE',  ( 2.489037635143886984, 0.5212853091033570196, 3.047499999999999432 ) ) ;
#4043 = EDGE_CURVE ( 'NONE', #430, #3635, #7953, .T. ) ;
#4044 = DIRECTION ( 'NONE',  ( -0.000000000000000000, -0.000000000000000000, -1.000000000000000000 ) ) ;
#4045 = ORIENTED_EDGE ( 'NONE', *, *, #3910, .F. ) ;
#4046 = CARTESIAN_POINT ( 'NONE',  ( -2.489037635143886984, 0.7474999999999992761, 1.747500000000000275 ) ) ;
#4047 = EDGE_LOOP ( 'NONE', ( #6192, #7131, #7641, #1219 ) ) ;
#4048 = AXIS2_PLACEMENT_3D ( 'NONE', #3969, #5375, #301 ) ;
#4049 = DIRECTION ( 'NONE',  ( -0.9998476951563912696, -0.01745240643728044813, 0.000000000000000000 ) ) ;
#4050 = DIRECTION ( 'NONE',  ( 1.000000000000000000, 0.000000000000000000, -0.000000000000000000 ) ) ;
#4051 =( NAMED_UNIT ( * ) PLANE_ANGLE_UNIT ( ) SI_UNIT ( $, .RADIAN. ) );
#4052 = VECTOR ( 'NONE', #5825, 1000.000000000000000 ) ;
#4053 = EDGE_CURVE ( 'NONE', #4521, #7494, #851, .T. ) ;
#4054 = DIRECTION ( 'NONE',  ( 0.000000000000000000, -0.000000000000000000, -1.000000000000000000 ) ) ;
#4055 = EDGE_LOOP ( 'NONE', ( #7619, #1821, #2460, #1207 ) ) ;
#4056 = FILL_AREA_STYLE_COLOUR ( '', #4819 ) ;
#4057 = ORIENTED_EDGE ( 'NONE', *, *, #5059, .T. ) ;
#4058 = CARTESIAN_POINT ( 'NONE',  ( -2.785400298157456600, 0.02828434744848380353, 0.8524999999999999245 ) ) ;
#4059 = ORIENTED_EDGE ( 'NONE', *, *, #2116, .T. ) ;
#4060 = ORIENTED_EDGE ( 'NONE', *, *, #4202, .F. ) ;
#4061 = DIRECTION ( 'NONE',  ( -1.000000000000000000, 0.000000000000000000, 0.000000000000000000 ) ) ;
#4062 = AXIS2_PLACEMENT_3D ( 'NONE', #7606, #1162, #5488 ) ;
#4063 = VECTOR ( 'NONE', #7684, 1000.000000000000000 ) ;
#4064 = DIRECTION ( 'NONE',  ( 0.000000000000000000, -0.000000000000000000, -1.000000000000000000 ) ) ;
#4065 = VECTOR ( 'NONE', #4499, 1000.000000000000000 ) ;
#4066 = CARTESIAN_POINT ( 'NONE',  ( 2.489037635143886984, 0.5212853091033570196, 1.747500000000000275 ) ) ;
#4067 = EDGE_CURVE ( 'NONE', #4735, #4625, #5219, .T. ) ;
#4068 = CARTESIAN_POINT ( 'NONE',  ( 2.489037635143886984, 0.5212853091033570196, -2.152499999999999858 ) ) ;
#4069 = DIRECTION ( 'NONE',  ( -0.01745240643728044813, -0.9998476951563912696, 0.000000000000000000 ) ) ;
#4070 = CIRCLE ( 'NONE', #2713, 0.2262146908966421732 ) ;
#4071 = CIRCLE ( 'NONE', #5108, 0.2000000000000000944 ) ;
#4072 = VECTOR ( 'NONE', #1853, 1000.000000000000000 ) ;
#4073 = VERTEX_POINT ( 'NONE', #50 ) ;
#4074 = FACE_OUTER_BOUND ( 'NONE', #5105, .T. ) ;
#4075 = ORIENTED_EDGE ( 'NONE', *, *, #1993, .F. ) ;
#4076 = ORIENTED_EDGE ( 'NONE', *, *, #7236, .T. ) ;
#4077 = FACE_OUTER_BOUND ( 'NONE', #7977, .T. ) ;
#4078 = ADVANCED_FACE ( 'NONE', ( #6583 ), #6630, .T. ) ;
#4079 = VECTOR ( 'NONE', #4690, 1000.000000000000000 ) ;
#4080 = CARTESIAN_POINT ( 'NONE',  ( 2.575000000000001066, 0.2499999999999996669, 0.8524999999999999245 ) ) ;
#4081 = LINE ( 'NONE', #6903, #564 ) ;
#4082 = CARTESIAN_POINT ( 'NONE',  ( 3.200000000000000622, 0.1446467872876746885, 0.4475000000000000089 ) ) ;
#4083 = VECTOR ( 'NONE', #3916, 1000.000000000000227 ) ;
#4084 = AXIS2_PLACEMENT_3D ( 'NONE', #1209, #6244, #4879 ) ;
#4085 = CARTESIAN_POINT ( 'NONE',  ( 3.189885311307102622, 1.626303258728256651E-16, -2.397499999999999964 ) ) ;
#4086 = ORIENTED_EDGE ( 'NONE', *, *, #3954, .T. ) ;
#4087 = DIRECTION ( 'NONE',  ( -0.000000000000000000, -0.000000000000000000, -1.000000000000000000 ) ) ;
#4088 = ADVANCED_FACE ( 'NONE', ( #4283 ), #8041, .F. ) ;
#4089 = VERTEX_POINT ( 'NONE', #8789 ) ;
#4090 = PRESENTATION_LAYER_ASSIGNMENT (  '', '', ( #3340 ) ) ;
#4091 = EDGE_CURVE ( 'NONE', #1707, #2367, #5746, .T. ) ;
#4092 = AXIS2_PLACEMENT_3D ( 'NONE', #3636, #2261, #9287 ) ;
#4093 = LINE ( 'NONE', #2813, #1283 ) ;
#4094 = CARTESIAN_POINT ( 'NONE',  ( 3.200000000000000622, 0.1446467872876746885, 0.2024999999999999856 ) ) ;
#4095 = DIRECTION ( 'NONE',  ( -1.000000000000000000, 0.000000000000000000, 0.000000000000000000 ) ) ;
#4096 = ORIENTED_EDGE ( 'NONE', *, *, #3846, .T. ) ;
#4097 = PLANE ( 'NONE',  #4654 ) ;
#4098 = CIRCLE ( 'NONE', #6359, 0.2262146908966421732 ) ;
#4099 = ORIENTED_EDGE ( 'NONE', *, *, #2478, .F. ) ;
#4100 = LINE ( 'NONE', #3342, #9192 ) ;
#4101 = DIRECTION ( 'NONE',  ( 0.000000000000000000, -0.000000000000000000, -1.000000000000000000 ) ) ;
#4102 = VECTOR ( 'NONE', #3574, 1000.000000000000000 ) ;
#4103 = LINE ( 'NONE', #2824, #7293 ) ;
#4104 = CARTESIAN_POINT ( 'NONE',  ( 2.570239956649733593, 0.5227027008975635436, -2.397499999999999964 ) ) ;
#4105 = ORIENTED_EDGE ( 'NONE', *, *, #1870, .T. ) ;
#4106 = LINE ( 'NONE', #6980, #9032 ) ;
#4107 = EDGE_LOOP ( 'NONE', ( #4354, #1627, #696, #5462 ) ) ;
#4108 = PLANE ( 'NONE',  #7377 ) ;
#4109 = EDGE_LOOP ( 'NONE', ( #7935, #105, #5009, #1985 ) ) ;
#4110 = ORIENTED_EDGE ( 'NONE', *, *, #8151, .T. ) ;
#4111 = VECTOR ( 'NONE', #2786, 1000.000000000000000 ) ;
#4112 = CARTESIAN_POINT ( 'NONE',  ( -1.653818155844315463, 0.5343145750507619640, -2.503818155844308002 ) ) ;
#4113 = EDGE_CURVE ( 'NONE', #8244, #3122, #1504, .T. ) ;
#4114 = CARTESIAN_POINT ( 'NONE',  ( -2.719977915797677337, 0.2525305989334057921, 1.502500000000000391 ) ) ;
#4115 = CARTESIAN_POINT ( 'NONE',  ( 2.199999999999999734, 0.6024999999999991473, -1.502499999999999947 ) ) ;
#4116 = LINE ( 'NONE', #552, #8353 ) ;
#4117 = AXIS2_PLACEMENT_3D ( 'NONE', #5713, #8013, #2216 ) ;
#4118 = DIRECTION ( 'NONE',  ( 1.000000000000000000, 0.000000000000000000, -0.000000000000000000 ) ) ;
#4119 = CARTESIAN_POINT ( 'NONE',  ( 2.801180237303523946, 0.2539479907276123161, -0.8524999999999999245 ) ) ;
#4120 = ORIENTED_EDGE ( 'NONE', *, *, #3364, .F. ) ;
#4121 = VERTEX_POINT ( 'NONE', #7906 ) ;
#4122 = CARTESIAN_POINT ( 'NONE',  ( 2.489037635143886984, 0.7474999999999992761, 2.152499999999999858 ) ) ;
#4123 = ORIENTED_EDGE ( 'NONE', *, *, #7713, .F. ) ;
#4124 = ORIENTED_EDGE ( 'NONE', *, *, #4976, .T. ) ;
#4125 = DIRECTION ( 'NONE',  ( 1.000000000000000000, 0.000000000000000000, 0.000000000000000000 ) ) ;
#4126 = ADVANCED_FACE ( 'NONE', ( #1464 ), #95, .F. ) ;
#4127 = VECTOR ( 'NONE', #3103, 1000.000000000000000 ) ;
#4128 = PLANE ( 'NONE',  #6510 ) ;
#4129 = DIRECTION ( 'NONE',  ( -0.000000000000000000, -0.000000000000000000, -1.000000000000000000 ) ) ;
#4130 = LINE ( 'NONE', #609, #616 ) ;
#4131 = CIRCLE ( 'NONE', #2924, 0.08121469089664243302 ) ;
#4132 = CARTESIAN_POINT ( 'NONE',  ( 2.570239956649733593, 0.5227027008975635436, -0.2024999999999999856 ) ) ;
#4133 = VERTEX_POINT ( 'NONE', #2913 ) ;
#4134 = DIRECTION ( 'NONE',  ( -0.01745240643728044813, 0.9998476951563912696, 0.000000000000000000 ) ) ;
#4135 = ORIENTED_EDGE ( 'NONE', *, *, #4525, .F. ) ;
#4136 = EDGE_CURVE ( 'NONE', #7291, #8196, #5791, .T. ) ;
#4137 =( GEOMETRIC_REPRESENTATION_CONTEXT ( 3 ) GLOBAL_UNCERTAINTY_ASSIGNED_CONTEXT ( ( #8562 ) ) GLOBAL_UNIT_ASSIGNED_CONTEXT ( ( #736, #2178, #1523 ) ) REPRESENTATION_CONTEXT ( 'NONE', 'WORKASPACE' ) );
#4138 = CARTESIAN_POINT ( 'NONE',  ( -2.570239956649733593, 0.5227027008975635436, -0.8524999999999999245 ) ) ;
#4139 = ADVANCED_FACE ( 'NONE', ( #3840 ), #3274, .F. ) ;
#4140 = CARTESIAN_POINT ( 'NONE',  ( 2.785400298157456600, 0.02828434744848380353, -0.2024999999999999856 ) ) ;
#4141 = EDGE_CURVE ( 'NONE', #1843, #2977, #667, .T. ) ;
#4142 = DIRECTION ( 'NONE',  ( -1.000000000000000000, 0.000000000000000000, 0.000000000000000000 ) ) ;
#4143 = VERTEX_POINT ( 'NONE', #275 ) ;
#4144 = FACE_OUTER_BOUND ( 'NONE', #7607, .T. ) ;
#4145 = STYLED_ITEM ( 'NONE', ( #6545 ), #6365 ) ;
#4146 = VERTEX_POINT ( 'NONE', #6857 ) ;
#4147 = FACE_OUTER_BOUND ( 'NONE', #1113, .T. ) ;
#4148 = FACE_OUTER_BOUND ( 'NONE', #229, .T. ) ;
#4149 = VECTOR ( 'NONE', #6728, 1000.000000000000000 ) ;
#4150 = DIRECTION ( 'NONE',  ( 1.000000000000000000, 0.000000000000000000, 0.000000000000000000 ) ) ;
#4151 = CARTESIAN_POINT ( 'NONE',  ( 2.489037635143886984, 0.5212853091033570196, 3.047499999999999432 ) ) ;
#4152 = VERTEX_POINT ( 'NONE', #2465 ) ;
#4153 = EDGE_LOOP ( 'NONE', ( #2124, #6567, #5550, #437 ) ) ;
#4154 = DIRECTION ( 'NONE',  ( 0.000000000000000000, 0.000000000000000000, 1.000000000000000000 ) ) ;
#4155 = ORIENTED_EDGE ( 'NONE', *, *, #5270, .T. ) ;
#4156 = VERTEX_POINT ( 'NONE', #6199 ) ;
#4157 = VECTOR ( 'NONE', #882, 1000.000000000000000 ) ;
#4158 = DIRECTION ( 'NONE',  ( -0.9975640502598241977, 0.06975647374412534407, 0.000000000000000000 ) ) ;
#4159 = CARTESIAN_POINT ( 'NONE',  ( -2.199999999999999734, 0.6024999999999991473, 1.747500000000000275 ) ) ;
#4160 = CARTESIAN_POINT ( 'NONE',  ( -2.570239956649733593, 0.5227027008975635436, 0.4475000000000000089 ) ) ;
#4161 = LINE ( 'NONE', #9248, #6868 ) ;
#4162 = VECTOR ( 'NONE', #3190, 1000.000000000000000 ) ;
#4163 = CARTESIAN_POINT ( 'NONE',  ( 2.199999999999998845, 0.6024999999999991473, -3.249999999999992895 ) ) ;
#4164 = LINE ( 'NONE', #3551, #8420 ) ;
#4165 = ORIENTED_EDGE ( 'NONE', *, *, #2406, .T. ) ;
#4166 = ORIENTED_EDGE ( 'NONE', *, *, #5168, .T. ) ;
#4167 = CARTESIAN_POINT ( 'NONE',  ( 2.795514986850355044, 0.1729311347361582596, 1.747500000000000275 ) ) ;
#4168 = VERTEX_POINT ( 'NONE', #3125 ) ;
#4169 = ORIENTED_EDGE ( 'NONE', *, *, #6312, .T. ) ;
#4170 = FACE_OUTER_BOUND ( 'NONE', #7007, .T. ) ;
#4171 = FACE_OUTER_BOUND ( 'NONE', #891, .T. ) ;
#4172 = DIRECTION ( 'NONE',  ( 1.000000000000000000, 0.000000000000000000, 0.000000000000000000 ) ) ;
#4173 = EDGE_CURVE ( 'NONE', #919, #625, #8872, .T. ) ;
#4174 = CARTESIAN_POINT ( 'NONE',  ( 2.200000000000000622, 0.7474999999999991651, 3.249999999999995115 ) ) ;
#4175 = PLANE ( 'NONE',  #1059 ) ;
#4176 = EDGE_LOOP ( 'NONE', ( #1839, #1148, #1663, #1588 ) ) ;
#4177 = LINE ( 'NONE', #571, #8584 ) ;
#4178 = EDGE_LOOP ( 'NONE', ( #7500, #6156, #3155, #4351 ) ) ;
#4179 = DIRECTION ( 'NONE',  ( -0.9975640502598241977, 0.06975647374412534407, 0.000000000000000000 ) ) ;
#4180 = EDGE_CURVE ( 'NONE', #4366, #3386, #8361, .T. ) ;
#4181 = EDGE_CURVE ( 'NONE', #5381, #9059, #6009, .T. ) ;
#4182 = LINE ( 'NONE', #1277, #3697 ) ;
#4183 = EDGE_CURVE ( 'NONE', #131, #6298, #3884, .T. ) ;
#4184 = CARTESIAN_POINT ( 'NONE',  ( -2.570239956649733593, 0.5227027008975635436, 0.4475000000000000089 ) ) ;
#4185 = VERTEX_POINT ( 'NONE', #423 ) ;
#4186 = CARTESIAN_POINT ( 'NONE',  ( 2.200000000000000622, 0.6024999999999991473, 3.249999999999995115 ) ) ;
#4187 = EDGE_LOOP ( 'NONE', ( #9224, #1373, #2895, #4292 ) ) ;
#4188 = PLANE ( 'NONE',  #182 ) ;
#4189 = EDGE_CURVE ( 'NONE', #4156, #656, #7610, .T. ) ;
#4190 = EDGE_CURVE ( 'NONE', #8854, #4156, #5303, .T. ) ;
#4191 = CARTESIAN_POINT ( 'NONE',  ( 2.715217872447410752, 0.5252332998309695578, 0.4475000000000000089 ) ) ;
#4192 = EDGE_CURVE ( 'NONE', #9047, #3800, #465, .T. ) ;
#4193 =( NAMED_UNIT ( * ) PLANE_ANGLE_UNIT ( ) SI_UNIT ( $, .RADIAN. ) );
#4194 = EDGE_CURVE ( 'NONE', #7303, #9297, #9219, .T. ) ;
#4195 = DIRECTION ( 'NONE',  ( -0.000000000000000000, 0.000000000000000000, 1.000000000000000000 ) ) ;
#4196 = ORIENTED_EDGE ( 'NONE', *, *, #7256, .F. ) ;
#4197 = ORIENTED_EDGE ( 'NONE', *, *, #5523, .F. ) ;
#4198 = VERTEX_POINT ( 'NONE', #6756 ) ;
#4199 = DIRECTION ( 'NONE',  ( 0.000000000000000000, -0.000000000000000000, -1.000000000000000000 ) ) ;
#4200 = ORIENTED_EDGE ( 'NONE', *, *, #7786, .T. ) ;
#4201 = EDGE_LOOP ( 'NONE', ( #7462, #8063, #2374, #5792 ) ) ;
#4202 = EDGE_CURVE ( 'NONE', #1164, #4278, #1810, .T. ) ;
#4203 = PLANE ( 'NONE',  #8611 ) ;
#4204 = VECTOR ( 'NONE', #1218, 1000.000000000000000 ) ;
#4205 = CARTESIAN_POINT ( 'NONE',  ( -2.795514986850355044, 0.1729311347361582596, 3.047499999999999432 ) ) ;
#4206 = EDGE_CURVE ( 'NONE', #3573, #2011, #5493, .T. ) ;
#4207 = DIRECTION ( 'NONE',  ( 0.000000000000000000, -0.000000000000000000, -1.000000000000000000 ) ) ;
#4208 = FACE_OUTER_BOUND ( 'NONE', #358, .T. ) ;
#4209 = CYLINDRICAL_SURFACE ( 'NONE', #257, 0.2262146908966421732 ) ;
#4210 = DIRECTION ( 'NONE',  ( -0.9975640502598241977, -0.06975647374412527468, 0.000000000000000000 ) ) ;
#4211 = ORIENTED_EDGE ( 'NONE', *, *, #5399, .F. ) ;
#4212 = ORIENTED_EDGE ( 'NONE', *, *, #7102, .T. ) ;
#4213 = VECTOR ( 'NONE', #8118, 1000.000000000000000 ) ;
#4214 = DIRECTION ( 'NONE',  ( 0.000000000000000000, -0.000000000000000000, -1.000000000000000000 ) ) ;
#4215 = ORIENTED_EDGE ( 'NONE', *, *, #4181, .T. ) ;
#4216 = ORIENTED_EDGE ( 'NONE', *, *, #8000, .T. ) ;
#4217 = CARTESIAN_POINT ( 'NONE',  ( 2.489037635143886984, 0.5212853091033570196, -0.8524999999999999245 ) ) ;
#4218 = DIRECTION ( 'NONE',  ( -1.000000000000000000, -3.751076125244977118E-16, 0.000000000000000000 ) ) ;
#4219 = VECTOR ( 'NONE', #330, 1000.000000000000227 ) ;
#4220 = CLOSED_SHELL ( 'NONE', ( #949, #9288, #7124, #3799, #2511, #1500, #7346, #2560, #7290, #4334, #7864, #7410, #7523, #2174, #9071, #3570, #4715 ) ) ;
#4221 = AXIS2_PLACEMENT_3D ( 'NONE', #1483, #7357, #6467 ) ;
#4222 = DIRECTION ( 'NONE',  ( 1.000000000000000000, 0.000000000000000000, -0.000000000000000000 ) ) ;
#4223 = CARTESIAN_POINT ( 'NONE',  ( -2.199999999999999734, 0.6024999999999991473, 1.097499999999999920 ) ) ;
#4224 = CYLINDRICAL_SURFACE ( 'NONE', #6159, 0.2262146908966421732 ) ;
#4225 = ORIENTED_EDGE ( 'NONE', *, *, #2665, .T. ) ;
#4226 = LINE ( 'NONE', #7100, #4232 ) ;
#4227 = ORIENTED_EDGE ( 'NONE', *, *, #167, .F. ) ;
#4228 = AXIS2_PLACEMENT_3D ( 'NONE', #8269, #473, #7618 ) ;
#4229 = EDGE_CURVE ( 'NONE', #8699, #8930, #7508, .T. ) ;
#4230 = DIRECTION ( 'NONE',  ( 0.000000000000000000, 0.000000000000000000, 1.000000000000000000 ) ) ;
#4231 = CARTESIAN_POINT ( 'NONE',  ( -2.489037635143886984, 0.6024999999999990363, -0.8524999999999999245 ) ) ;
#4232 = VECTOR ( 'NONE', #803, 1000.000000000000000 ) ;
#4233 = ORIENTED_EDGE ( 'NONE', *, *, #9018, .F. ) ;
#4234 = DIRECTION ( 'NONE',  ( -0.000000000000000000, -0.000000000000000000, -1.000000000000000000 ) ) ;
#4235 = ORIENTED_EDGE ( 'NONE', *, *, #4043, .T. ) ;
#4237 = FACE_OUTER_BOUND ( 'NONE', #8542, .T. ) ;
#4236 = VECTOR ( 'NONE', #726, 1000.000000000000000 ) ;
#4238 = AXIS2_PLACEMENT_3D ( 'NONE', #4995, #7248, #5750 ) ;
#4239 = AXIS2_PLACEMENT_3D ( 'NONE', #2897, #792, #1577 ) ;
#4240 = EDGE_CURVE ( 'NONE', #6739, #9140, #1907, .T. ) ;
#4241 = EDGE_CURVE ( 'NONE', #638, #8956, #5912, .T. ) ;
#4242 = LINE ( 'NONE', #856, #8323 ) ;
#4243 = DIRECTION ( 'NONE',  ( 0.000000000000000000, -0.000000000000000000, -1.000000000000000000 ) ) ;
#4244 = FACE_OUTER_BOUND ( 'NONE', #4187, .T. ) ;
#4245 = VECTOR ( 'NONE', #8156, 1000.000000000000000 ) ;
#4246 = ORIENTED_EDGE ( 'NONE', *, *, #2730, .F. ) ;
#4247 = CARTESIAN_POINT ( 'NONE',  ( 2.199999999999999734, 0.7474999999999991651, 2.802499999999999325 ) ) ;
#4248 = ORIENTED_EDGE ( 'NONE', *, *, #5011, .T. ) ;
#4249 = CARTESIAN_POINT ( 'NONE',  ( -2.489037635143886984, 0.7474999999999992761, -1.097499999999999920 ) ) ;
#4250 = ORIENTED_EDGE ( 'NONE', *, *, #6269, .F. ) ;
#4251 = DIRECTION ( 'NONE',  ( 0.000000000000000000, -0.000000000000000000, -1.000000000000000000 ) ) ;
#4252 = ADVANCED_FACE ( 'NONE', ( #986 ), #3176, .T. ) ;
#4253 = DIRECTION ( 'NONE',  ( 0.01745240643728362268, -0.9998476951563911586, 0.000000000000000000 ) ) ;
#4254 = AXIS2_PLACEMENT_3D ( 'NONE', #6594, #7830, #4253 ) ;
#4255 = CARTESIAN_POINT ( 'NONE',  ( -3.200000000000000622, 0.1446467872876746885, 2.152499999999999858 ) ) ;
#4256 = FACE_OUTER_BOUND ( 'NONE', #3552, .T. ) ;
#4257 = DIRECTION ( 'NONE',  ( -0.000000000000000000, -0.000000000000000000, -1.000000000000000000 ) ) ;
#4258 = DIRECTION ( 'NONE',  ( 0.000000000000000000, 0.000000000000000000, 1.000000000000000000 ) ) ;
#4259 = EDGE_CURVE ( 'NONE', #3152, #7041, #3354, .T. ) ;
#4260 = EDGE_CURVE ( 'NONE', #8867, #3908, #7263, .T. ) ;
#4261 = CARTESIAN_POINT ( 'NONE',  ( 2.575000000000001066, 0.2499999999999996669, -3.047499999999999876 ) ) ;
#4262 = ORIENTED_EDGE ( 'NONE', *, *, #412, .F. ) ;
#4263 = AXIS2_PLACEMENT_3D ( 'NONE', #8170, #1723, #9065 ) ;
#4264 = ORIENTED_EDGE ( 'NONE', *, *, #6211, .T. ) ;
#4265 = CARTESIAN_POINT ( 'NONE',  ( -2.199999999999999734, 0.6024999999999991473, 2.152499999999999858 ) ) ;
#4266 = ORIENTED_EDGE ( 'NONE', *, *, #5043, .T. ) ;
#4267 = VERTEX_POINT ( 'NONE', #3369 ) ;
#4268 = CARTESIAN_POINT ( 'NONE',  ( 2.489037635143886984, 0.5212853091033570196, -0.8524999999999999245 ) ) ;
#4269 = DIRECTION ( 'NONE',  ( -0.01745240643728362268, -0.9998476951563911586, 0.000000000000000000 ) ) ;
#4270 = LINE ( 'NONE', #6954, #2745 ) ;
#4271 = VECTOR ( 'NONE', #7168, 1000.000000000000000 ) ;
#4272 = PLANE ( 'NONE',  #1741 ) ;
#4273 = LINE ( 'NONE', #4174, #2859 ) ;
#4274 = LINE ( 'NONE', #2988, #5856 ) ;
#4275 = EDGE_LOOP ( 'NONE', ( #1240, #487, #42, #7085 ) ) ;
#4276 = AXIS2_PLACEMENT_3D ( 'NONE', #677, #7956, #8664 ) ;
#4277 = CARTESIAN_POINT ( 'NONE',  ( -2.199999999999999734, 0.6024999999999991473, 1.747500000000000275 ) ) ;
#4278 = VERTEX_POINT ( 'NONE', #9259 ) ;
#4279 = LINE ( 'NONE', #7286, #7137 ) ;
#4280 = PRESENTATION_LAYER_ASSIGNMENT (  '', '', ( #7432 ) ) ;
#4281 = LINE ( 'NONE', #716, #6850 ) ;
#4282 = ORIENTED_EDGE ( 'NONE', *, *, #1188, .F. ) ;
#4283 = FACE_OUTER_BOUND ( 'NONE', #5537, .T. ) ;
#4284 = ADVANCED_FACE ( 'NONE', ( #7706 ), #4930, .F. ) ;
#4285 = ORIENTED_EDGE ( 'NONE', *, *, #4454, .F. ) ;
#4286 = AXIS2_PLACEMENT_3D ( 'NONE', #3013, #2886, #3640 ) ;
#4287 = DIRECTION ( 'NONE',  ( -1.000000000000000000, -3.751076125244977118E-16, 0.000000000000000000 ) ) ;
#4288 = CARTESIAN_POINT ( 'NONE',  ( 2.785400298157456600, 0.02828434744848385904, -0.8524999999999999245 ) ) ;
#4289 = DIRECTION ( 'NONE',  ( -1.000000000000000000, 0.000000000000000000, 0.000000000000000000 ) ) ;
#4290 = DIRECTION ( 'NONE',  ( 1.000000000000000000, 0.000000000000000000, -1.971276677246371519E-16 ) ) ;
#4291 = VECTOR ( 'NONE', #7576, 1000.000000000000114 ) ;
#4292 = ORIENTED_EDGE ( 'NONE', *, *, #8506, .T. ) ;
#4293 = EDGE_CURVE ( 'NONE', #2274, #5487, #2703, .T. ) ;
#4294 = LINE ( 'NONE', #6413, #1214 ) ;
#4295 = ORIENTED_EDGE ( 'NONE', *, *, #5695, .F. ) ;
#4296 = LINE ( 'NONE', #4955, #1074 ) ;
#4297 = VERTEX_POINT ( 'NONE', #9152 ) ;
#4298 =( LENGTH_UNIT ( ) NAMED_UNIT ( * ) SI_UNIT ( .MILLI., .METRE. ) );
#4299 = CIRCLE ( 'NONE', #2810, 0.2262146908966421732 ) ;
#4300 = CARTESIAN_POINT ( 'NONE',  ( 2.489037635143886984, 0.5212853091033570196, -3.047499999999999876 ) ) ;
#4301 = AXIS2_PLACEMENT_3D ( 'NONE', #2715, #5651, #5601 ) ;
#4302 = CARTESIAN_POINT ( 'NONE',  ( -2.199999999999999734, 0.7474999999999991651, -1.747499999999999831 ) ) ;
#4303 = SURFACE_STYLE_USAGE ( .BOTH. , #1611 ) ;
#4304 = ADVANCED_FACE ( 'NONE', ( #4171 ), #4128, .F. ) ;
#4305 = DIRECTION ( 'NONE',  ( 0.000000000000000000, -0.000000000000000000, -1.000000000000000000 ) ) ;
#4306 = FACE_OUTER_BOUND ( 'NONE', #1748, .T. ) ;
#4307 = EDGE_CURVE ( 'NONE', #7811, #1616, #4270, .T. ) ;
#4308 = EDGE_CURVE ( 'NONE', #787, #5234, #7001, .T. ) ;
#4309 = CARTESIAN_POINT ( 'NONE',  ( 2.570239956649733593, 0.5227027008975635436, -1.502499999999999947 ) ) ;
#4310 = ORIENTED_EDGE ( 'NONE', *, *, #3188, .T. ) ;
#4311 = AXIS2_PLACEMENT_3D ( 'NONE', #4034, #6247, #1958 ) ;
#4312 = ORIENTED_EDGE ( 'NONE', *, *, #1825, .F. ) ;
#4313 = CARTESIAN_POINT ( 'NONE',  ( 2.199999999999999734, 0.6024999999999991473, 0.2024999999999999856 ) ) ;
#4314 = ORIENTED_EDGE ( 'NONE', *, *, #8159, .T. ) ;
#4315 = ORIENTED_EDGE ( 'NONE', *, *, #7190, .F. ) ;
#4316 = DIRECTION ( 'NONE',  ( -1.000000000000000000, 0.000000000000000000, 0.000000000000000000 ) ) ;
#4317 = FACE_OUTER_BOUND ( 'NONE', #1659, .T. ) ;
#4318 = EDGE_CURVE ( 'NONE', #5543, #7513, #8758, .T. ) ;
#4319 = ADVANCED_FACE ( 'NONE', ( #4836 ), #2096, .F. ) ;
#4320 = DIRECTION ( 'NONE',  ( 0.000000000000000000, 0.000000000000000000, 1.000000000000000000 ) ) ;
#4321 = CYLINDRICAL_SURFACE ( 'NONE', #4613, 0.08121469089664243302 ) ;
#4322 = DIRECTION ( 'NONE',  ( 0.2035585949527793648, -0.9576678948579724349, 0.2035585949527792815 ) ) ;
#4323 = DIRECTION ( 'NONE',  ( 0.9998476951563912696, -0.01745240643728044813, 0.000000000000000000 ) ) ;
#4324 = VERTEX_POINT ( 'NONE', #3458 ) ;
#4325 = AXIS2_PLACEMENT_3D ( 'NONE', #7352, #8632, #2932 ) ;
#4326 = DIRECTION ( 'NONE',  ( -0.9975640502598241977, 0.06975647374412526081, 0.000000000000000000 ) ) ;
#4327 = ORIENTED_EDGE ( 'NONE', *, *, #1190, .F. ) ;
#4328 = LINE ( 'NONE', #276, #3372 ) ;
#4329 = DIRECTION ( 'NONE',  ( -0.9975640502598243087, 0.06975647374412519142, 0.000000000000000000 ) ) ;
#4330 = ORIENTED_EDGE ( 'NONE', *, *, #5504, .T. ) ;
#4331 = DIRECTION ( 'NONE',  ( 0.9975640502598243087, 0.06975647374412519142, -0.000000000000000000 ) ) ;
#4332 = ORIENTED_EDGE ( 'NONE', *, *, #1159, .T. ) ;
#4333 = LINE ( 'NONE', #812, #3783 ) ;
#4334 = ADVANCED_FACE ( 'NONE', ( #563, #5639 ), #8502, .T. ) ;
#4335 = CARTESIAN_POINT ( 'NONE',  ( 2.785400298157456600, 0.02828434744848380353, -0.8524999999999999245 ) ) ;
#4336 = SURFACE_STYLE_FILL_AREA ( #1469 ) ;
#4337 = CARTESIAN_POINT ( 'NONE',  ( -2.199999999999999734, 0.7474999999999991651, 3.249999999999996003 ) ) ;
#4338 = ORIENTED_EDGE ( 'NONE', *, *, #4948, .F. ) ;
#4339 = SURFACE_SIDE_STYLE ('',( #8707 ) ) ;
#4340 = ORIENTED_EDGE ( 'NONE', *, *, #902, .F. ) ;
#4341 = CARTESIAN_POINT ( 'NONE',  ( -2.785400298157456600, 0.02828434744848385904, 0.8524999999999999245 ) ) ;
#4342 = VERTEX_POINT ( 'NONE', #5729 ) ;
#4343 = LINE ( 'NONE', #8531, #7551 ) ;
#4344 = CARTESIAN_POINT ( 'NONE',  ( 3.200000000000000622, 0.1446467872876746885, -0.2024999999999999856 ) ) ;
#4345 = EDGE_CURVE ( 'NONE', #3632, #5567, #9304, .T. ) ;
#4346 = FACE_OUTER_BOUND ( 'NONE', #2538, .T. ) ;
#4347 = PLANE ( 'NONE',  #2619 ) ;
#4348 = DIRECTION ( 'NONE',  ( 1.000000000000000000, 0.000000000000000000, 0.000000000000000000 ) ) ;
#4349 = CYLINDRICAL_SURFACE ( 'NONE', #7323, 0.08121469089664200280 ) ;
#4350 = CARTESIAN_POINT ( 'NONE',  ( 2.489037635143886984, 0.5212853091033570196, 2.152499999999999858 ) ) ;
#4351 = ORIENTED_EDGE ( 'NONE', *, *, #4415, .F. ) ;
#4352 = ORIENTED_EDGE ( 'NONE', *, *, #5494, .F. ) ;
#4353 = CARTESIAN_POINT ( 'NONE',  ( -3.189885311307102622, 1.626303258728256651E-16, 0.8524999999999999245 ) ) ;
#4354 = ORIENTED_EDGE ( 'NONE', *, *, #354, .F. ) ;
#4355 = ORIENTED_EDGE ( 'NONE', *, *, #1211, .F. ) ;
#4356 = DIRECTION ( 'NONE',  ( -0.000000000000000000, -0.000000000000000000, -1.000000000000000000 ) ) ;
#4357 = VECTOR ( 'NONE', #2069, 1000.000000000000000 ) ;
#4358 = PLANE ( 'NONE',  #7857 ) ;
#4359 = ADVANCED_FACE ( 'NONE', ( #6294 ), #3514, .F. ) ;
#4360 = DIRECTION ( 'NONE',  ( -1.000000000000000000, 3.751076125244977118E-16, 0.000000000000000000 ) ) ;
#4361 = FACE_OUTER_BOUND ( 'NONE', #6618, .T. ) ;
#4362 = AXIS2_PLACEMENT_3D ( 'NONE', #1125, #3994, #6723 ) ;
#4363 = DIRECTION ( 'NONE',  ( 0.01745240643728044813, -0.9998476951563912696, 0.000000000000000000 ) ) ;
#4364 = EDGE_CURVE ( 'NONE', #2554, #6507, #2006, .T. ) ;
#4365 = CARTESIAN_POINT ( 'NONE',  ( 2.489037635143886984, 0.5212853091033570196, -0.4475000000000000089 ) ) ;
#4366 = VERTEX_POINT ( 'NONE', #8594 ) ;
#4367 = DIRECTION ( 'NONE',  ( 0.000000000000000000, 1.000000000000000000, 0.000000000000000000 ) ) ;
#4368 = ORIENTED_EDGE ( 'NONE', *, *, #116, .F. ) ;
#4369 = VECTOR ( 'NONE', #355, 1000.000000000000000 ) ;
#4370 = AXIS2_PLACEMENT_3D ( 'NONE', #3896, #2249, #285 ) ;
#4371 = CLOSED_SHELL ( 'NONE', ( #8215, #3414, #8443, #7119, #8203, #2066, #3516, #2399, #4252, #3890, #433, #3175, #7169, #2283 ) ) ;
#4372 = STYLED_ITEM ( 'NONE', ( #1203 ), #9006 ) ;
#4373 = CARTESIAN_POINT ( 'NONE',  ( 2.785400298157456600, 0.02828434744848380353, -1.097499999999999920 ) ) ;
#4374 = CARTESIAN_POINT ( 'NONE',  ( 2.489037635143886984, 0.5212853091033570196, -1.097499999999999920 ) ) ;
#4375 = ORIENTED_EDGE ( 'NONE', *, *, #7592, .F. ) ;
#4376 = ADVANCED_FACE ( 'NONE', ( #7092 ), #1953, .F. ) ;
#4377 = VECTOR ( 'NONE', #917, 1000.000000000000000 ) ;
#4378 = CARTESIAN_POINT ( 'NONE',  ( 3.200000000000000622, 0.1446467872876746885, -0.2024999999999999856 ) ) ;
#4379 = ADVANCED_FACE ( 'NONE', ( #4974 ), #7846, .F. ) ;
#4380 = ORIENTED_EDGE ( 'NONE', *, *, #1119, .T. ) ;
#4381 = FACE_OUTER_BOUND ( 'NONE', #1964, .T. ) ;
#4382 = AXIS2_PLACEMENT_3D ( 'NONE', #1628, #4367, #7231 ) ;
#4383 = DIRECTION ( 'NONE',  ( 0.06975647374412535795, 0.9975640502598243087, 0.000000000000000000 ) ) ;
#4384 = DIRECTION ( 'NONE',  ( 1.000000000000000000, 0.000000000000000000, 0.000000000000000000 ) ) ;
#4385 = CARTESIAN_POINT ( 'NONE',  ( 3.200000000000000622, 0.1446467872876746885, 2.802499999999999325 ) ) ;
#4386 = VERTEX_POINT ( 'NONE', #7655 ) ;
#4387 = DIRECTION ( 'NONE',  ( 1.000000000000000000, 0.000000000000000000, 0.000000000000000000 ) ) ;
#4388 = CIRCLE ( 'NONE', #5610, 0.08121469089664243302 ) ;
#4389 = ORIENTED_EDGE ( 'NONE', *, *, #6138, .T. ) ;
#4390 = VECTOR ( 'NONE', #1709, 1000.000000000000000 ) ;
#4391 = VERTEX_POINT ( 'NONE', #4080 ) ;
#4392 = DIRECTION ( 'NONE',  ( -0.01745240643728362268, 0.9998476951563911586, 0.000000000000000000 ) ) ;
#4393 = DIRECTION ( 'NONE',  ( 0.000000000000000000, 0.000000000000000000, 1.000000000000000000 ) ) ;
#4394 = CARTESIAN_POINT ( 'NONE',  ( 2.575000000000001066, 0.2499999999999996669, -0.2024999999999999856 ) ) ;
#4395 = AXIS2_PLACEMENT_3D ( 'NONE', #793, #80, #7980 ) ;
#4396 = CARTESIAN_POINT ( 'NONE',  ( 2.103818155844315640, 0.1500000000000007161, 3.153818155844310134 ) ) ;
#4397 = LINE ( 'NONE', #6465, #5675 ) ;
#4398 = DIRECTION ( 'NONE',  ( 1.000000000000000000, 0.000000000000000000, 0.000000000000000000 ) ) ;
#4399 = DIRECTION ( 'NONE',  ( 0.06975647374412519142, -0.9975640502598243087, 0.000000000000000000 ) ) ;
#4400 = ORIENTED_EDGE ( 'NONE', *, *, #7022, .F. ) ;
#4401 = ORIENTED_EDGE ( 'NONE', *, *, #7514, .F. ) ;
#4402 = DIRECTION ( 'NONE',  ( 0.01745240643728044813, 0.9998476951563912696, 0.000000000000000000 ) ) ;
#4403 = EDGE_CURVE ( 'NONE', #6307, #1946, #82, .T. ) ;
#4404 = ORIENTED_EDGE ( 'NONE', *, *, #8771, .F. ) ;
#4405 = ORIENTED_EDGE ( 'NONE', *, *, #3568, .F. ) ;
#4406 = AXIS2_PLACEMENT_3D ( 'NONE', #2158, #2864, #5832 ) ;
#4407 = PLANE ( 'NONE',  #1391 ) ;
#4408 = FACE_OUTER_BOUND ( 'NONE', #6066, .T. ) ;
#4409 = FACE_OUTER_BOUND ( 'NONE', #2111, .T. ) ;
#4410 = AXIS2_PLACEMENT_3D ( 'NONE', #8659, #762, #6492 ) ;
#4411 = DIRECTION ( 'NONE',  ( 1.000000000000000000, 0.000000000000000000, 0.000000000000000000 ) ) ;
#4412 = VECTOR ( 'NONE', #4290, 1000.000000000000000 ) ;
#4413 = CARTESIAN_POINT ( 'NONE',  ( -2.795514986850355044, 0.1729311347361582596, 3.047499999999999432 ) ) ;
#4414 = CARTESIAN_POINT ( 'NONE',  ( -2.715217872447410752, 0.5252332998309695578, -2.802499999999999769 ) ) ;
#4415 = EDGE_CURVE ( 'NONE', #9050, #1208, #6660, .T. ) ;
#4416 = VERTEX_POINT ( 'NONE', #7367 ) ;
#4417 = DIRECTION ( 'NONE',  ( -1.000000000000000000, 0.000000000000000000, 0.000000000000000000 ) ) ;
#4418 = ORIENTED_EDGE ( 'NONE', *, *, #2773, .T. ) ;
#4419 = AXIS2_PLACEMENT_3D ( 'NONE', #3500, #7034, #7123 ) ;
#4420 = CARTESIAN_POINT ( 'NONE',  ( -2.801180237303523946, 0.2539479907276123161, -2.802499999999999769 ) ) ;
#4421 = DIRECTION ( 'NONE',  ( -0.000000000000000000, -0.000000000000000000, -1.000000000000000000 ) ) ;
#4422 = VECTOR ( 'NONE', #5556, 1000.000000000000000 ) ;
#4423 = ORIENTED_EDGE ( 'NONE', *, *, #9161, .F. ) ;
#4424 = CARTESIAN_POINT ( 'NONE',  ( -2.719977915797677337, 0.2525305989334057921, 1.747500000000000275 ) ) ;
#4425 = ADVANCED_FACE ( 'NONE', ( #7322 ), #7941, .F. ) ;
#4426 = FACE_OUTER_BOUND ( 'NONE', #686, .T. ) ;
#4427 = CIRCLE ( 'NONE', #2169, 0.2000000000000000944 ) ;
#4428 = ADVANCED_FACE ( 'NONE', ( #5860 ), #8773, .F. ) ;
#4429 = ADVANCED_FACE ( 'NONE', ( #4409 ), #1622, .T. ) ;
#4430 = CARTESIAN_POINT ( 'NONE',  ( 2.785400298157456600, 0.02828434744848380353, 1.747500000000000275 ) ) ;
#4431 = FILL_AREA_STYLE_COLOUR ( '', #8791 ) ;
#4432 = EDGE_CURVE ( 'NONE', #5234, #3823, #4497, .T. ) ;
#4433 = DIRECTION ( 'NONE',  ( -0.000000000000000000, -0.000000000000000000, -1.000000000000000000 ) ) ;
#4434 = VERTEX_POINT ( 'NONE', #749 ) ;
#4435 = VECTOR ( 'NONE', #781, 1000.000000000000000 ) ;
#4436 = ORIENTED_EDGE ( 'NONE', *, *, #855, .T. ) ;
#4437 = VERTEX_POINT ( 'NONE', #8646 ) ;
#4438 = LINE ( 'NONE', #7261, #5291 ) ;
#4439 = CARTESIAN_POINT ( 'NONE',  ( -2.199999999999999734, 0.6024999999999991473, 0.2024999999999999856 ) ) ;
#4440 = CARTESIAN_POINT ( 'NONE',  ( 2.719977915797677337, 0.2525305989334057921, -0.2024999999999999856 ) ) ;
#4441 = CARTESIAN_POINT ( 'NONE',  ( 3.200000000000000622, 0.1446467872876746885, 1.097499999999999920 ) ) ;
#4442 = LINE ( 'NONE', #737, #3100 ) ;
#4443 = FACE_OUTER_BOUND ( 'NONE', #620, .T. ) ;
#4444 = DIRECTION ( 'NONE',  ( -0.9998476951563912696, -0.01745240643728044813, 0.000000000000000000 ) ) ;
#4445 = EDGE_LOOP ( 'NONE', ( #28, #4019, #4556, #4534 ) ) ;
#4446 = ORIENTED_EDGE ( 'NONE', *, *, #8993, .T. ) ;
#4447 = CARTESIAN_POINT ( 'NONE',  ( 2.795514986850355044, 0.1729311347361582596, -1.747499999999999831 ) ) ;
#4448 = ORIENTED_EDGE ( 'NONE', *, *, #7930, .F. ) ;
#4449 = ORIENTED_EDGE ( 'NONE', *, *, #6022, .T. ) ;
#4450 = AXIS2_PLACEMENT_3D ( 'NONE', #4753, #7624, #1177 ) ;
#4451 = CARTESIAN_POINT ( 'NONE',  ( 2.570239956649733593, 0.5227027008975635436, -2.802499999999999769 ) ) ;
#4452 = DIRECTION ( 'NONE',  ( 1.000000000000000000, 0.000000000000000000, -0.000000000000000000 ) ) ;
#4453 = CARTESIAN_POINT ( 'NONE',  ( 2.785400298157456600, 0.02828434744848380353, 3.047499999999999432 ) ) ;
#4454 = EDGE_CURVE ( 'NONE', #1885, #2780, #6611, .T. ) ;
#4455 = VECTOR ( 'NONE', #7896, 1000.000000000000000 ) ;
#4456 = DIRECTION ( 'NONE',  ( 0.06975647374412527468, -0.9975640502598243087, 0.000000000000000000 ) ) ;
#4457 = FILL_AREA_STYLE_COLOUR ( '', #3141 ) ;
#4458 = VERTEX_POINT ( 'NONE', #796 ) ;
#4459 = CARTESIAN_POINT ( 'NONE',  ( 2.199999999999999734, 0.7474999999999991651, 1.747500000000000275 ) ) ;
#4460 = VERTEX_POINT ( 'NONE', #3027 ) ;
#4461 = FACE_OUTER_BOUND ( 'NONE', #1079, .T. ) ;
#4462 = EDGE_LOOP ( 'NONE', ( #6887, #6181, #1774, #8561, #2853, #4676, #3931, #8091, #2867, #3252, #6737, #6946 ) ) ;
#4463 = AXIS2_PLACEMENT_3D ( 'NONE', #434, #6120, #3285 ) ;
#4464 = EDGE_CURVE ( 'NONE', #5391, #3933, #3786, .T. ) ;
#4465 = PLANE ( 'NONE',  #8935 ) ;
#4466 = LINE ( 'NONE', #5923, #1883 ) ;
#4467 = VECTOR ( 'NONE', #8441, 1000.000000000000000 ) ;
#4468 = ORIENTED_EDGE ( 'NONE', *, *, #7705, .T. ) ;
#4469 = DIRECTION ( 'NONE',  ( 0.01745240643728044813, -0.9998476951563912696, 0.000000000000000000 ) ) ;
#4470 = EDGE_CURVE ( 'NONE', #7870, #1594, #359, .T. ) ;
#4471 = EDGE_CURVE ( 'NONE', #8870, #3449, #3802, .T. ) ;
#4472 = ADVANCED_FACE ( 'NONE', ( #5956 ), #3696, .F. ) ;
#4473 = DIRECTION ( 'NONE',  ( -0.000000000000000000, -0.000000000000000000, -1.000000000000000000 ) ) ;
#4474 =( LENGTH_UNIT ( ) NAMED_UNIT ( * ) SI_UNIT ( .MILLI., .METRE. ) );
#4475 = ORIENTED_EDGE ( 'NONE', *, *, #3728, .F. ) ;
#4476 = PLANE ( 'NONE',  #9 ) ;
#4477 = ORIENTED_EDGE ( 'NONE', *, *, #854, .F. ) ;
#4478 = EDGE_CURVE ( 'NONE', #4437, #9038, #5159, .T. ) ;
#4479 = EDGE_LOOP ( 'NONE', ( #1245, #3836, #6036, #5334 ) ) ;
#4480 = CARTESIAN_POINT ( 'NONE',  ( -2.801180237303523946, 0.2539479907276123161, -0.4475000000000000089 ) ) ;
#4481 = DIRECTION ( 'NONE',  ( -0.000000000000000000, -0.000000000000000000, -1.000000000000000000 ) ) ;
#4482 = LINE ( 'NONE', #9291, #5028 ) ;
#4483 = PLANE ( 'NONE',  #4286 ) ;
#4484 = CARTESIAN_POINT ( 'NONE',  ( 2.795514986850355044, 0.1729311347361582596, -0.4475000000000000089 ) ) ;
#4485 = ORIENTED_EDGE ( 'NONE', *, *, #862, .T. ) ;
#4486 = CARTESIAN_POINT ( 'NONE',  ( -2.489037635143886984, 0.6024999999999990363, -0.2024999999999999856 ) ) ;
#4487 = PLANE ( 'NONE',  #1957 ) ;
#4488 = ORIENTED_EDGE ( 'NONE', *, *, #4023, .F. ) ;
#4489 = EDGE_LOOP ( 'NONE', ( #4197, #8651, #3678, #1998 ) ) ;
#4490 = ADVANCED_FACE ( 'NONE', ( #7895 ), #3737, .T. ) ;
#4491 = CARTESIAN_POINT ( 'NONE',  ( -2.575000000000001066, 0.2499999999999996669, -2.802499999999999769 ) ) ;
#4492 = ORIENTED_EDGE ( 'NONE', *, *, #4903, .F. ) ;
#4493 = VERTEX_POINT ( 'NONE', #1579 ) ;
#4494 = LINE ( 'NONE', #4631, #6632 ) ;
#4495 = CARTESIAN_POINT ( 'NONE',  ( 2.715217872447410752, 0.5252332998309695578, -1.502499999999999947 ) ) ;
#4496 = EDGE_CURVE ( 'NONE', #6056, #9252, #2899, .T. ) ;
#4497 = LINE ( 'NONE', #924, #3044 ) ;
#4498 = DIRECTION ( 'NONE',  ( 1.000000000000000000, 0.000000000000000000, -0.000000000000000000 ) ) ;
#4499 = DIRECTION ( 'NONE',  ( -0.000000000000000000, -0.000000000000000000, -1.000000000000000000 ) ) ;
#4500 = ORIENTED_EDGE ( 'NONE', *, *, #2937, .T. ) ;
#4501 = AXIS2_PLACEMENT_3D ( 'NONE', #6777, #291, #3857 ) ;
#4502 = DIRECTION ( 'NONE',  ( 0.000000000000000000, 0.000000000000000000, 1.000000000000000000 ) ) ;
#4503 = ORIENTED_EDGE ( 'NONE', *, *, #6320, .F. ) ;
#4504 = DIRECTION ( 'NONE',  ( -0.06975647374412527468, -0.9975640502598243087, 0.000000000000000000 ) ) ;
#4505 = ORIENTED_EDGE ( 'NONE', *, *, #6301, .T. ) ;
#4506 = AXIS2_PLACEMENT_3D ( 'NONE', #9026, #328, #1817 ) ;
#4507 = DIRECTION ( 'NONE',  ( 0.06975647374412519142, 0.9975640502598243087, 0.000000000000000000 ) ) ;
#4508 = DIRECTION ( 'NONE',  ( 1.000000000000000000, 3.751076125244977118E-16, -0.000000000000000000 ) ) ;
#4509 = ORIENTED_EDGE ( 'NONE', *, *, #4740, .F. ) ;
#4510 = CARTESIAN_POINT ( 'NONE',  ( -2.785400298157456600, 0.02828434744848385904, 0.4475000000000000089 ) ) ;
#4511 = CARTESIAN_POINT ( 'NONE',  ( 2.570239956649733593, 0.5227027008975635436, 1.097499999999999920 ) ) ;
#4512 = CIRCLE ( 'NONE', #1511, 0.08121469089664243302 ) ;
#4513 = EDGE_CURVE ( 'NONE', #1271, #6446, #956, .T. ) ;
#4514 = CLOSED_SHELL ( 'NONE', ( #1927, #6070, #6011, #1921, #7233, #5506, #4139, #7441, #704, #201, #517, #1711, #3839, #9269 ) ) ;
#4515 = PRESENTATION_STYLE_ASSIGNMENT (( #6679 ) ) ;
#4516 = MECHANICAL_DESIGN_GEOMETRIC_PRESENTATION_REPRESENTATION (  '', ( #7510 ), #2393 ) ;
#4517 = CARTESIAN_POINT ( 'NONE',  ( 2.801180237303523946, 0.2539479907276123161, -3.047499999999999876 ) ) ;
#4518 = PLANE ( 'NONE',  #6690 ) ;
#4519 = VECTOR ( 'NONE', #5220, 1000.000000000000000 ) ;
#4520 = VECTOR ( 'NONE', #6677, 1000.000000000000000 ) ;
#4521 = VERTEX_POINT ( 'NONE', #5778 ) ;
#4522 = VECTOR ( 'NONE', #3982, 1000.000000000000227 ) ;
#4523 = CYLINDRICAL_SURFACE ( 'NONE', #452, 0.08121469089664243302 ) ;
#4524 = EDGE_LOOP ( 'NONE', ( #8788, #6164, #2681, #3242 ) ) ;
#4525 = EDGE_CURVE ( 'NONE', #331, #9158, #5910, .T. ) ;
#4526 = EDGE_CURVE ( 'NONE', #3800, #6086, #3927, .T. ) ;
#4527 = DIRECTION ( 'NONE',  ( -0.000000000000000000, -0.000000000000000000, -1.000000000000000000 ) ) ;
#4528 = AXIS2_PLACEMENT_3D ( 'NONE', #2150, #9309, #844 ) ;
#4529 = LINE ( 'NONE', #8844, #193 ) ;
#4530 = PRODUCT ( 'NLSV8T244DTR2G', 'NLSV8T244DTR2G', '', ( #8527 ) ) ;
#4531 = CARTESIAN_POINT ( 'NONE',  ( 2.785400298157456600, 0.02828434744848385904, 1.747500000000000275 ) ) ;
#4532 = DIRECTION ( 'NONE',  ( 0.000000000000000000, -0.000000000000000000, -1.000000000000000000 ) ) ;
#4533 = ORIENTED_EDGE ( 'NONE', *, *, #9007, .T. ) ;
#4534 = ORIENTED_EDGE ( 'NONE', *, *, #1316, .T. ) ;
#4535 = ORIENTED_EDGE ( 'NONE', *, *, #7183, .T. ) ;
#4536 = LINE ( 'NONE', #2356, #4818 ) ;
#4537 = ADVANCED_FACE ( 'NONE', ( #8860 ), #6137, .F. ) ;
#4538 = EDGE_LOOP ( 'NONE', ( #1503, #5478, #2386, #4266 ) ) ;
#4539 = ORIENTED_EDGE ( 'NONE', *, *, #1003, .T. ) ;
#4540 = FACE_OUTER_BOUND ( 'NONE', #3960, .T. ) ;
#4541 = CARTESIAN_POINT ( 'NONE',  ( -2.200000000000000622, 0.7474999999999991651, -3.249999999999992006 ) ) ;
#4542 = VECTOR ( 'NONE', #1745, 1000.000000000000000 ) ;
#4543 = AXIS2_PLACEMENT_3D ( 'NONE', #3811, #6686, #248 ) ;
#4544 = PRESENTATION_LAYER_ASSIGNMENT (  '', '', ( #8599 ) ) ;
#4545 = DIRECTION ( 'NONE',  ( -0.06975647374412519142, 0.9975640502598243087, 0.000000000000000000 ) ) ;
#4546 = EDGE_CURVE ( 'NONE', #1260, #1271, #6745, .T. ) ;
#4547 = EDGE_CURVE ( 'NONE', #1091, #1000, #7457, .T. ) ;
#4548 = PLANE ( 'NONE',  #3241 ) ;
#4549 = DIRECTION ( 'NONE',  ( -1.000000000000000000, 0.000000000000000000, 0.000000000000000000 ) ) ;
#4550 = COLOUR_RGB ( '',0.8000000000000000444, 0.8196078431372548767, 0.9333333333333333481 ) ;
#4551 = VERTEX_POINT ( 'NONE', #6186 ) ;
#4552 = CARTESIAN_POINT ( 'NONE',  ( -3.200000000000000622, 0.1446467872876746885, 1.747500000000000275 ) ) ;
#4553 = VERTEX_POINT ( 'NONE', #2407 ) ;
#4554 = ORIENTED_EDGE ( 'NONE', *, *, #7940, .T. ) ;
#4555 = DIRECTION ( 'NONE',  ( 0.000000000000000000, -0.000000000000000000, -1.000000000000000000 ) ) ;
#4556 = ORIENTED_EDGE ( 'NONE', *, *, #7045, .T. ) ;
#4557 = VECTOR ( 'NONE', #3401, 1000.000000000000227 ) ;
#4558 = FILL_AREA_STYLE ('',( #5254 ) ) ;
#4559 = LINE ( 'NONE', #5969, #7908 ) ;
#4560 = VERTEX_POINT ( 'NONE', #4731 ) ;
#4561 = CYLINDRICAL_SURFACE ( 'NONE', #3139, 0.08121469089664200280 ) ;
#4562 = VECTOR ( 'NONE', #3989, 1000.000000000000000 ) ;
#4563 = FACE_OUTER_BOUND ( 'NONE', #1496, .T. ) ;
#4564 = CARTESIAN_POINT ( 'NONE',  ( -2.570239956649733593, 0.5227027008975635436, 1.502500000000000391 ) ) ;
#4565 = DIRECTION ( 'NONE',  ( -1.000000000000000000, 0.000000000000000000, 0.000000000000000000 ) ) ;
#4566 = VECTOR ( 'NONE', #4916, 1000.000000000000000 ) ;
#4567 = CARTESIAN_POINT ( 'NONE',  ( 2.785400298157456600, 0.02828434744848380353, 2.152499999999999858 ) ) ;
#4568 = EDGE_CURVE ( 'NONE', #7438, #6827, #6517, .T. ) ;
#4569 = ORIENTED_EDGE ( 'NONE', *, *, #1608, .T. ) ;
#4570 = DIRECTION ( 'NONE',  ( 1.000000000000000000, 0.000000000000000000, -0.000000000000000000 ) ) ;
#4571 = VERTEX_POINT ( 'NONE', #1666 ) ;
#4572 = AXIS2_PLACEMENT_3D ( 'NONE', #947, #3900, #337 ) ;
#4573 = CARTESIAN_POINT ( 'NONE',  ( -2.715217872447410752, 0.5252332998309695578, -2.152499999999999858 ) ) ;
#4574 = CARTESIAN_POINT ( 'NONE',  ( -1.653818155844315463, 1.100000000000000533, -2.703818155844308180 ) ) ;
#4575 = LINE ( 'NONE', #1835, #7277 ) ;
#4576 = DIRECTION ( 'NONE',  ( 0.9975640502598243087, 0.06975647374412519142, -0.000000000000000000 ) ) ;
#4577 = EDGE_CURVE ( 'NONE', #7326, #6446, #5292, .T. ) ;
#4578 = CYLINDRICAL_SURFACE ( 'NONE', #2278, 0.08121469089664243302 ) ;
#4579 = VECTOR ( 'NONE', #5407, 1000.000000000000000 ) ;
#4580 = ORIENTED_EDGE ( 'NONE', *, *, #294, .T. ) ;
#4581 =( NAMED_UNIT ( * ) PLANE_ANGLE_UNIT ( ) SI_UNIT ( $, .RADIAN. ) );
#4582 = VERTEX_POINT ( 'NONE', #7600 ) ;
#4583 = ORIENTED_EDGE ( 'NONE', *, *, #8901, .T. ) ;
#4584 = DIRECTION ( 'NONE',  ( 0.06975647374412527468, -0.9975640502598243087, 0.000000000000000000 ) ) ;
#4585 = ORIENTED_EDGE ( 'NONE', *, *, #5864, .T. ) ;
#4586 = ORIENTED_EDGE ( 'NONE', *, *, #5872, .F. ) ;
#4587 = DIRECTION ( 'NONE',  ( -0.000000000000000000, -0.000000000000000000, -1.000000000000000000 ) ) ;
#4588 = LINE ( 'NONE', #7455, #950 ) ;
#4589 = VECTOR ( 'NONE', #3842, 1000.000000000000114 ) ;
#4590 = EDGE_CURVE ( 'NONE', #3858, #7688, #6095, .T. ) ;
#4591 = DIRECTION ( 'NONE',  ( 0.000000000000000000, -0.000000000000000000, -1.000000000000000000 ) ) ;
#4592 = EDGE_CURVE ( 'NONE', #9132, #2735, #670, .T. ) ;
#4593 = ADVANCED_FACE ( 'NONE', ( #6049 ), #1712, .F. ) ;
#4594 = CARTESIAN_POINT ( 'NONE',  ( 2.199999999999999734, 0.7474999999999991651, -0.4475000000000000089 ) ) ;
#4595 = FILL_AREA_STYLE ('',( #3165 ) ) ;
#4596 =( GEOMETRIC_REPRESENTATION_CONTEXT ( 3 ) GLOBAL_UNCERTAINTY_ASSIGNED_CONTEXT ( ( #1686 ) ) GLOBAL_UNIT_ASSIGNED_CONTEXT ( ( #8937, #3095, #8181 ) ) REPRESENTATION_CONTEXT ( 'NONE', 'WORKASPACE' ) );
#4597 = ORIENTED_EDGE ( 'NONE', *, *, #9052, .F. ) ;
#4598 = DIRECTION ( 'NONE',  ( -0.9975640502598241977, 0.06975647374412534407, 0.000000000000000000 ) ) ;
#4599 = EDGE_LOOP ( 'NONE', ( #7774, #2259, #4569, #9098 ) ) ;
#4600 = ORIENTED_EDGE ( 'NONE', *, *, #5467, .F. ) ;
#4601 = DIRECTION ( 'NONE',  ( -0.9781476007338055778, -0.2079116908177597867, 1.305242773817941659E-16 ) ) ;
#4602 = EDGE_CURVE ( 'NONE', #5054, #5982, #7411, .T. ) ;
#4603 = ORIENTED_EDGE ( 'NONE', *, *, #5216, .F. ) ;
#4604 = EDGE_CURVE ( 'NONE', #5344, #8867, #8964, .T. ) ;
#4605 = CARTESIAN_POINT ( 'NONE',  ( -3.200000000000000622, 0.1446467872876746885, -0.2024999999999999856 ) ) ;
#4606 = AXIS2_PLACEMENT_3D ( 'NONE', #7149, #6402, #2814 ) ;
#4607 = FACE_OUTER_BOUND ( 'NONE', #8117, .T. ) ;
#4608 = LINE ( 'NONE', #8828, #7010 ) ;
#4609 = LINE ( 'NONE', #1910, #3907 ) ;
#4610 = ORIENTED_EDGE ( 'NONE', *, *, #650, .T. ) ;
#4611 = DIRECTION ( 'NONE',  ( -0.000000000000000000, -0.000000000000000000, -1.000000000000000000 ) ) ;
#4612 = VERTEX_POINT ( 'NONE', #5432 ) ;
#4613 = AXIS2_PLACEMENT_3D ( 'NONE', #7278, #4931, #4411 ) ;
#4614 = DIRECTION ( 'NONE',  ( 0.000000000000000000, 1.000000000000000000, 0.000000000000000000 ) ) ;
#4615 = EDGE_CURVE ( 'NONE', #1274, #547, #3829, .T. ) ;
#4616 = CARTESIAN_POINT ( 'NONE',  ( -2.199999999999999734, 0.7474999999999991651, 0.4475000000000000089 ) ) ;
#4617 = ADVANCED_FACE ( 'NONE', ( #5385 ), #6704, .F. ) ;
#4618 = CARTESIAN_POINT ( 'NONE',  ( -2.570239956649733593, 0.5227027008975635436, -0.4475000000000000089 ) ) ;
#4619 = EDGE_LOOP ( 'NONE', ( #5826, #6006, #6914, #2979 ) ) ;
#4620 = EDGE_LOOP ( 'NONE', ( #8061, #1379, #103, #8641 ) ) ;
#4621 = DIRECTION ( 'NONE',  ( -1.000000000000000000, 0.000000000000000000, 0.000000000000000000 ) ) ;
#4622 = DIRECTION ( 'NONE',  ( 0.9975640502598241977, -0.06975647374412527468, 0.000000000000000000 ) ) ;
#4623 = DIRECTION ( 'NONE',  ( 0.000000000000000000, -0.000000000000000000, -1.000000000000000000 ) ) ;
#4624 = FACE_OUTER_BOUND ( 'NONE', #1700, .T. ) ;
#4625 = VERTEX_POINT ( 'NONE', #4680 ) ;
#4626 = ORIENTED_EDGE ( 'NONE', *, *, #300, .F. ) ;
#4627 = ORIENTED_EDGE ( 'NONE', *, *, #5574, .T. ) ;
#4628 = DIRECTION ( 'NONE',  ( -0.9975640502598241977, -0.06975647374412534407, 0.000000000000000000 ) ) ;
#4629 = ORIENTED_EDGE ( 'NONE', *, *, #6571, .T. ) ;
#4630 = ORIENTED_EDGE ( 'NONE', *, *, #2116, .F. ) ;
#4631 = CARTESIAN_POINT ( 'NONE',  ( 2.719977915797677337, 0.2525305989334057921, 2.397499999999999964 ) ) ;
#4632 = ADVANCED_FACE ( 'NONE', ( #265 ), #7552, .F. ) ;
#4633 = CYLINDRICAL_SURFACE ( 'NONE', #805, 0.08121469089664243302 ) ;
#4634 = DIRECTION ( 'NONE',  ( 0.000000000000000000, -0.000000000000000000, -1.000000000000000000 ) ) ;
#4635 = DIRECTION ( 'NONE',  ( -0.000000000000000000, -0.000000000000000000, -1.000000000000000000 ) ) ;
#4636 = EDGE_LOOP ( 'NONE', ( #2629, #8764, #7175, #523 ) ) ;
#4637 = CYLINDRICAL_SURFACE ( 'NONE', #7964, 0.08121469089664200280 ) ;
#4638 = ORIENTED_EDGE ( 'NONE', *, *, #2754, .F. ) ;
#4639 = VERTEX_POINT ( 'NONE', #3874 ) ;
#4640 = DIRECTION ( 'NONE',  ( -0.000000000000000000, 0.000000000000000000, -1.000000000000000000 ) ) ;
#4641 = ADVANCED_FACE ( 'NONE', ( #1110 ), #3263, .T. ) ;
#4642 = ADVANCED_FACE ( 'NONE', ( #551 ), #8391, .F. ) ;
#4643 = DIRECTION ( 'NONE',  ( 0.000000000000000000, 1.000000000000000000, 0.000000000000000000 ) ) ;
#4644 = LINE ( 'NONE', #8827, #4589 ) ;
#4645 = EDGE_CURVE ( 'NONE', #5347, #1221, #2647, .T. ) ;
#4646 = CARTESIAN_POINT ( 'NONE',  ( 2.715217872447410752, 0.5252332998309695578, -2.152499999999999858 ) ) ;
#4647 = LINE ( 'NONE', #325, #6034 ) ;
#4648 = VERTEX_POINT ( 'NONE', #7739 ) ;
#4649 = FACE_OUTER_BOUND ( 'NONE', #6455, .T. ) ;
#4650 = EDGE_LOOP ( 'NONE', ( #5500, #8626, #7302, #7130 ) ) ;
#4651 = LINE ( 'NONE', #8224, #2400 ) ;
#4652 = EDGE_LOOP ( 'NONE', ( #2076, #1728, #8328, #7319 ) ) ;
#4653 = FILL_AREA_STYLE_COLOUR ( '', #4550 ) ;
#4654 = AXIS2_PLACEMENT_3D ( 'NONE', #6971, #3384, #6262 ) ;
#4655 = CARTESIAN_POINT ( 'NONE',  ( -2.199999999999999734, 0.6024999999999991473, -0.4475000000000000089 ) ) ;
#4656 = EDGE_CURVE ( 'NONE', #3418, #4133, #3402, .T. ) ;
#4657 = EDGE_CURVE ( 'NONE', #6738, #1317, #963, .T. ) ;
#4658 = CARTESIAN_POINT ( 'NONE',  ( -2.785400298157456600, 0.02828434744848380353, 2.802499999999999325 ) ) ;
#4659 = ORIENTED_EDGE ( 'NONE', *, *, #5587, .F. ) ;
#4660 = VECTOR ( 'NONE', #4842, 1000.000000000000114 ) ;
#4661 = DIRECTION ( 'NONE',  ( -0.000000000000000000, -0.000000000000000000, -1.000000000000000000 ) ) ;
#4662 = AXIS2_PLACEMENT_3D ( 'NONE', #6438, #4980, #7709 ) ;
#4663 = ORIENTED_EDGE ( 'NONE', *, *, #1684, .T. ) ;
#4664 = CYLINDRICAL_SURFACE ( 'NONE', #5433, 0.2262146908966421732 ) ;
#4665 = VECTOR ( 'NONE', #2047, 1000.000000000000227 ) ;
#4666 = PLANE ( 'NONE',  #1554 ) ;
#4667 = VECTOR ( 'NONE', #2964, 1000.000000000000000 ) ;
#4668 = DIRECTION ( 'NONE',  ( 1.000000000000000000, 0.000000000000000000, 0.000000000000000000 ) ) ;
#4669 = DIRECTION ( 'NONE',  ( -0.000000000000000000, -0.000000000000000000, -1.000000000000000000 ) ) ;
#4670 = VERTEX_POINT ( 'NONE', #1897 ) ;
#4671 = CARTESIAN_POINT ( 'NONE',  ( -2.715217872447410752, 0.5252332998309695578, -0.4475000000000000089 ) ) ;
#4672 = ORIENTED_EDGE ( 'NONE', *, *, #734, .T. ) ;
#4673 = ORIENTED_EDGE ( 'NONE', *, *, #6472, .F. ) ;
#4674 = CIRCLE ( 'NONE', #629, 0.2262146908966421732 ) ;
#4675 = CYLINDRICAL_SURFACE ( 'NONE', #6623, 0.2262146908966421732 ) ;
#4676 = ORIENTED_EDGE ( 'NONE', *, *, #8158, .T. ) ;
#4677 = ORIENTED_EDGE ( 'NONE', *, *, #354, .T. ) ;
#4678 = FACE_OUTER_BOUND ( 'NONE', #4275, .T. ) ;
#4679 = LINE ( 'NONE', #8202, #1400 ) ;
#4680 = CARTESIAN_POINT ( 'NONE',  ( -3.189885311307102622, 1.626303258728256651E-16, 2.152499999999999858 ) ) ;
#4681 = VECTOR ( 'NONE', #1858, 1000.000000000000000 ) ;
#4682 = DIRECTION ( 'NONE',  ( 0.2079116908177597867, 0.9781476007338055778, 0.000000000000000000 ) ) ;
#4683 = ADVANCED_FACE ( 'NONE', ( #3545 ), #9243, .F. ) ;
#4684 = CARTESIAN_POINT ( 'NONE',  ( 2.570239956649733593, 0.5227027008975635436, -2.802499999999999769 ) ) ;
#4685 = ORIENTED_EDGE ( 'NONE', *, *, #1190, .T. ) ;
#4686 = FACE_OUTER_BOUND ( 'NONE', #8799, .T. ) ;
#4687 = ORIENTED_EDGE ( 'NONE', *, *, #8071, .T. ) ;
#4688 = ORIENTED_EDGE ( 'NONE', *, *, #2785, .F. ) ;
#4689 = AXIS2_PLACEMENT_3D ( 'NONE', #4151, #4054, #4906 ) ;
#4690 = DIRECTION ( 'NONE',  ( 0.000000000000000000, -0.000000000000000000, -1.000000000000000000 ) ) ;
#4691 = VECTOR ( 'NONE', #5322, 1000.000000000000000 ) ;
#4692 = AXIS2_PLACEMENT_3D ( 'NONE', #6007, #8869, #6949 ) ;
#4693 = CARTESIAN_POINT ( 'NONE',  ( -2.795514986850355044, 0.1729311347361582596, -1.502499999999999947 ) ) ;
#4694 = CARTESIAN_POINT ( 'NONE',  ( 2.489037635143886984, 0.5212853091033570196, 2.397499999999999964 ) ) ;
#4695 = VECTOR ( 'NONE', #8110, 1000.000000000000114 ) ;
#4696 = DIRECTION ( 'NONE',  ( 0.000000000000000000, 0.000000000000000000, 1.000000000000000000 ) ) ;
#4697 = EDGE_CURVE ( 'NONE', #6039, #1279, #2739, .T. ) ;
#4698 = FACE_OUTER_BOUND ( 'NONE', #1949, .T. ) ;
#4699 = DIRECTION ( 'NONE',  ( -1.000000000000000000, 0.000000000000000000, 0.000000000000000000 ) ) ;
#4700 = VERTEX_POINT ( 'NONE', #4160 ) ;
#4701 = LINE ( 'NONE', #1173, #4219 ) ;
#4702 = ORIENTED_EDGE ( 'NONE', *, *, #4893, .F. ) ;
#4704 = DIRECTION ( 'NONE',  ( 0.01745240643728362268, -0.9998476951563911586, 0.000000000000000000 ) ) ;
#4703 = AXIS2_PLACEMENT_3D ( 'NONE', #8610, #7335, #3711 ) ;
#4705 = DIRECTION ( 'NONE',  ( 0.000000000000000000, -0.000000000000000000, -1.000000000000000000 ) ) ;
#4706 = CARTESIAN_POINT ( 'NONE',  ( -2.715217872447410752, 0.5252332998309695578, -3.047499999999999876 ) ) ;
#4707 = EDGE_CURVE ( 'NONE', #4297, #4909, #2082, .T. ) ;
#4708 = CARTESIAN_POINT ( 'NONE',  ( -3.189885311307102622, 1.626303258728256651E-16, -0.2024999999999999856 ) ) ;
#4709 = VECTOR ( 'NONE', #4643, 1000.000000000000000 ) ;
#4710 = EDGE_LOOP ( 'NONE', ( #7747, #4120, #2395, #8932 ) ) ;
#4711 = CARTESIAN_POINT ( 'NONE',  ( -3.189885311307102622, 1.626303258728256651E-16, 0.4475000000000000089 ) ) ;
#4712 = ORIENTED_EDGE ( 'NONE', *, *, #4136, .F. ) ;
#4713 = DIRECTION ( 'NONE',  ( 0.000000000000000000, -0.000000000000000000, -1.000000000000000000 ) ) ;
#4714 = EDGE_CURVE ( 'NONE', #830, #9238, #9142, .T. ) ;
#4715 = ADVANCED_FACE ( 'NONE', ( #1388 ), #6938, .T. ) ;
#4716 = VECTOR ( 'NONE', #6557, 1000.000000000000000 ) ;
#4717 = CARTESIAN_POINT ( 'NONE',  ( 2.489037635143886984, 0.5212853091033570196, 0.8524999999999999245 ) ) ;
#4718 = EDGE_CURVE ( 'NONE', #9126, #5479, #6377, .T. ) ;
#4719 = PRESENTATION_STYLE_ASSIGNMENT (( #7585 ) ) ;
#4720 = CARTESIAN_POINT ( 'NONE',  ( 2.785400298157456600, 0.02828434744848380353, -2.152499999999999858 ) ) ;
#4721 = EDGE_LOOP ( 'NONE', ( #2718, #8640, #5802, #2992 ) ) ;
#4722 = CARTESIAN_POINT ( 'NONE',  ( -2.795514986850355044, 0.1729311347361582596, 1.502500000000000391 ) ) ;
#4723 = ORIENTED_EDGE ( 'NONE', *, *, #2455, .F. ) ;
#4724 = CIRCLE ( 'NONE', #676, 0.2262146908966421732 ) ;
#4725 = ORIENTED_EDGE ( 'NONE', *, *, #3918, .T. ) ;
#4726 = DIRECTION ( 'NONE',  ( -0.000000000000000000, -0.000000000000000000, -1.000000000000000000 ) ) ;
#4727 = ORIENTED_EDGE ( 'NONE', *, *, #1520, .F. ) ;
#4728 = ORIENTED_EDGE ( 'NONE', *, *, #1840, .T. ) ;
#4729 =( LENGTH_UNIT ( ) NAMED_UNIT ( * ) SI_UNIT ( .MILLI., .METRE. ) );
#4730 = DIRECTION ( 'NONE',  ( -0.06975647374412519142, 0.9975640502598243087, 0.000000000000000000 ) ) ;
#4731 = CARTESIAN_POINT ( 'NONE',  ( 2.199999999999999734, 0.6024999999999991473, 0.2024999999999999856 ) ) ;
#4732 = AXIS2_PLACEMENT_3D ( 'NONE', #1827, #9164, #4705 ) ;
#4733 = CARTESIAN_POINT ( 'NONE',  ( -2.199999999999999734, 0.7474999999999991651, 1.747500000000000275 ) ) ;
#4734 = CARTESIAN_POINT ( 'NONE',  ( -2.785400298157456600, 0.02828434744848385904, 2.802499999999999325 ) ) ;
#4735 = VERTEX_POINT ( 'NONE', #4255 ) ;
#4736 = FACE_OUTER_BOUND ( 'NONE', #8238, .T. ) ;
#4737 = EDGE_LOOP ( 'NONE', ( #2839, #8241, #9097, #1527, #3867, #6676, #3435, #5634, #5785, #4746, #6263, #3746 ) ) ;
#4738 = ORIENTED_EDGE ( 'NONE', *, *, #8191, .F. ) ;
#4739 = CARTESIAN_POINT ( 'NONE',  ( -2.795514986850355044, 0.1729311347361582596, 2.152499999999999858 ) ) ;
#4740 = EDGE_CURVE ( 'NONE', #1146, #5663, #1414, .T. ) ;
#4741 = CARTESIAN_POINT ( 'NONE',  ( -2.489037635143886984, 0.7474999999999992761, -2.802499999999999769 ) ) ;
#4742 = CARTESIAN_POINT ( 'NONE',  ( -1.653818155844315463, 1.100000000000000533, -2.703818155844308180 ) ) ;
#4743 = CARTESIAN_POINT ( 'NONE',  ( -2.801180237303523946, 0.2539479907276123161, 1.097499999999999920 ) ) ;
#4744 = CARTESIAN_POINT ( 'NONE',  ( -2.785400298157456600, 0.02828434744848380353, 1.097499999999999920 ) ) ;
#4745 = DIRECTION ( 'NONE',  ( -0.000000000000000000, -0.000000000000000000, -1.000000000000000000 ) ) ;
#4746 = ORIENTED_EDGE ( 'NONE', *, *, #1355, .F. ) ;
#4747 = FACE_OUTER_BOUND ( 'NONE', #819, .T. ) ;
#4748 = ORIENTED_EDGE ( 'NONE', *, *, #1028, .T. ) ;
#4749 = VECTOR ( 'NONE', #7171, 1000.000000000000227 ) ;
#4750 = VECTOR ( 'NONE', #940, 1000.000000000000000 ) ;
#4751 = EDGE_CURVE ( 'NONE', #7361, #7811, #4960, .T. ) ;
#4752 = LINE ( 'NONE', #4041, #3817 ) ;
#4753 = CARTESIAN_POINT ( 'NONE',  ( 2.715217872447410752, 0.5252332998309695578, 1.097499999999999920 ) ) ;
#4755 = AXIS2_PLACEMENT_3D ( 'NONE', #5204, #8913, #2457 ) ;
#4754 = DIRECTION ( 'NONE',  ( -1.000000000000000000, -3.751076125244977118E-16, 0.000000000000000000 ) ) ;
#4756 = ORIENTED_EDGE ( 'NONE', *, *, #5349, .F. ) ;
#4757 = DIRECTION ( 'NONE',  ( 0.000000000000000000, 1.000000000000000000, 0.000000000000000000 ) ) ;
#4758 = ORIENTED_EDGE ( 'NONE', *, *, #5812, .T. ) ;
#4759 = CARTESIAN_POINT ( 'NONE',  ( -2.570239956649733593, 0.5227027008975635436, 1.097499999999999920 ) ) ;
#4760 = EDGE_CURVE ( 'NONE', #7915, #1271, #596, .T. ) ;
#4761 = CIRCLE ( 'NONE', #3404, 0.2262146908966421732 ) ;
#4762 = CARTESIAN_POINT ( 'NONE',  ( 2.795514986850355044, 0.1729311347361582596, 0.4475000000000000089 ) ) ;
#4763 = LINE ( 'NONE', #2675, #8189 ) ;
#4764 = DIRECTION ( 'NONE',  ( 0.000000000000000000, -0.000000000000000000, -1.000000000000000000 ) ) ;
#4765 = EDGE_LOOP ( 'NONE', ( #5595, #7376, #7260, #6871 ) ) ;
#4766 = EDGE_CURVE ( 'NONE', #7361, #7285, #7079, .T. ) ;
#4767 = DIRECTION ( 'NONE',  ( -0.000000000000000000, -0.000000000000000000, -1.000000000000000000 ) ) ;
#4768 = AXIS2_PLACEMENT_3D ( 'NONE', #22, #5061, #4348 ) ;
#4769 = VERTEX_POINT ( 'NONE', #1992 ) ;
#4770 = PLANE ( 'NONE',  #8123 ) ;
#4771 = ORIENTED_EDGE ( 'NONE', *, *, #6659, .T. ) ;
#4772 = ORIENTED_EDGE ( 'NONE', *, *, #2316, .F. ) ;
#4773 =( NAMED_UNIT ( * ) PLANE_ANGLE_UNIT ( ) SI_UNIT ( $, .RADIAN. ) );
#4774 = DIRECTION ( 'NONE',  ( 1.000000000000000000, -0.000000000000000000, -1.971276677246372012E-16 ) ) ;
#4775 = DIRECTION ( 'NONE',  ( -0.06975647374412519142, -0.9975640502598243087, 0.000000000000000000 ) ) ;
#4776 = DIRECTION ( 'NONE',  ( 1.000000000000000000, 0.000000000000000000, 0.000000000000000000 ) ) ;
#4777 = DIRECTION ( 'NONE',  ( 0.000000000000000000, 0.000000000000000000, 1.000000000000000000 ) ) ;
#4778 = EDGE_CURVE ( 'NONE', #5106, #1575, #4869, .T. ) ;
#4779 = CARTESIAN_POINT ( 'NONE',  ( 2.489037635143886984, 0.5212853091033570196, -1.502499999999999947 ) ) ;
#4780 = EDGE_LOOP ( 'NONE', ( #211, #1807, #9135, #6982 ) ) ;
#4781 = DIRECTION ( 'NONE',  ( 0.06975647374412527468, -0.9975640502598243087, 0.000000000000000000 ) ) ;
#4782 = ORIENTED_EDGE ( 'NONE', *, *, #4067, .F. ) ;
#4783 = ORIENTED_EDGE ( 'NONE', *, *, #4868, .F. ) ;
#4784 = DIRECTION ( 'NONE',  ( -1.000000000000000000, 3.751076125244977118E-16, 0.000000000000000000 ) ) ;
#4785 = EDGE_CURVE ( 'NONE', #247, #131, #1299, .T. ) ;
#4786 = STYLED_ITEM ( 'NONE', ( #2868 ), #3243 ) ;
#4787 = DIRECTION ( 'NONE',  ( -1.000000000000000000, 0.000000000000000000, 0.000000000000000000 ) ) ;
#4788 = LINE ( 'NONE', #3276, #9113 ) ;
#4789 = LINE ( 'NONE', #4082, #4972 ) ;
#4790 = DIRECTION ( 'NONE',  ( -0.01745240643728044813, -0.9998476951563912696, 0.000000000000000000 ) ) ;
#4791 = ORIENTED_EDGE ( 'NONE', *, *, #2230, .F. ) ;
#4792 = DIRECTION ( 'NONE',  ( 1.000000000000000000, 0.000000000000000000, 0.000000000000000000 ) ) ;
#4793 = ORIENTED_EDGE ( 'NONE', *, *, #7306, .T. ) ;
#4794 = CARTESIAN_POINT ( 'NONE',  ( -2.801180237303523946, 0.2539479907276123161, -0.8524999999999999245 ) ) ;
#4795 = LINE ( 'NONE', #7718, #5200 ) ;
#4796 = LINE ( 'NONE', #3473, #5078 ) ;
#4797 = ORIENTED_EDGE ( 'NONE', *, *, #8452, .F. ) ;
#4798 = EDGE_CURVE ( 'NONE', #8968, #8183, #7831, .T. ) ;
#4799 = CARTESIAN_POINT ( 'NONE',  ( -3.189885311307102622, 1.626303258728256651E-16, 2.397499999999999964 ) ) ;
#4800 = VECTOR ( 'NONE', #1781, 1000.000000000000000 ) ;
#4801 = ORIENTED_EDGE ( 'NONE', *, *, #8370, .T. ) ;
#4802 = VECTOR ( 'NONE', #1919, 1000.000000000000000 ) ;
#4803 = DIRECTION ( 'NONE',  ( -0.01745240643728044813, 0.9998476951563912696, 0.000000000000000000 ) ) ;
#4804 = DIRECTION ( 'NONE',  ( -0.9975640502598243087, 0.06975647374412519142, 0.000000000000000000 ) ) ;
#4805 = DIRECTION ( 'NONE',  ( -1.000000000000000000, -0.000000000000000000, 1.971276677246372012E-16 ) ) ;
#4806 = VECTOR ( 'NONE', #7710, 1000.000000000000000 ) ;
#4807 = LINE ( 'NONE', #4950, #9191 ) ;
#4808 = ORIENTED_EDGE ( 'NONE', *, *, #3291, .T. ) ;
#4809 = AXIS2_PLACEMENT_3D ( 'NONE', #2613, #5541, #5498 ) ;
#4810 = EDGE_CURVE ( 'NONE', #4700, #1179, #1704, .T. ) ;
#4811 = FILL_AREA_STYLE_COLOUR ( '', #3289 ) ;
#4812 = CARTESIAN_POINT ( 'NONE',  ( 2.719977915797677337, 0.2525305989334057921, -2.397499999999999964 ) ) ;
#4813 = ORIENTED_EDGE ( 'NONE', *, *, #8690, .T. ) ;
#4814 = CARTESIAN_POINT ( 'NONE',  ( 2.570239956649733593, 0.5227027008975635436, -1.097499999999999920 ) ) ;
#4815 = VERTEX_POINT ( 'NONE', #5895 ) ;
#4816 = VERTEX_POINT ( 'NONE', #7966 ) ;
#4817 = PRESENTATION_STYLE_ASSIGNMENT (( #6183 ) ) ;
#4818 = VECTOR ( 'NONE', #3869, 1000.000000000000227 ) ;
#4819 = COLOUR_RGB ( '',0.8000000000000000444, 0.8196078431372548767, 0.9333333333333333481 ) ;
#4820 = FACE_OUTER_BOUND ( 'NONE', #8049, .T. ) ;
#4821 = CARTESIAN_POINT ( 'NONE',  ( 3.200000000000000622, 0.1446467872876746885, -2.802499999999999769 ) ) ;
#4822 = CARTESIAN_POINT ( 'NONE',  ( -2.715217872447410752, 0.5252332998309695578, 1.097499999999999920 ) ) ;
#4823 = CARTESIAN_POINT ( 'NONE',  ( -2.489037635143886984, 0.6024999999999990363, -3.047499999999999876 ) ) ;
#4824 = VECTOR ( 'NONE', #5052, 1000.000000000000000 ) ;
#4825 = EDGE_CURVE ( 'NONE', #8305, #4012, #8713, .T. ) ;
#4826 = PLANE ( 'NONE',  #1803 ) ;
#4827 = ORIENTED_EDGE ( 'NONE', *, *, #1546, .F. ) ;
#4828 = VERTEX_POINT ( 'NONE', #4302 ) ;
#4829 = CARTESIAN_POINT ( 'NONE',  ( -2.575000000000001066, 0.2499999999999996669, -3.047499999999999876 ) ) ;
#4830 = ORIENTED_EDGE ( 'NONE', *, *, #8676, .F. ) ;
#4831 = ORIENTED_EDGE ( 'NONE', *, *, #1147, .T. ) ;
#4832 = PLANE ( 'NONE',  #5281 ) ;
#4833 = EDGE_CURVE ( 'NONE', #3067, #6620, #735, .T. ) ;
#4834 = AXIS2_PLACEMENT_3D ( 'NONE', #5167, #1540, #4417 ) ;
#4835 = EDGE_CURVE ( 'NONE', #8574, #341, #5807, .T. ) ;
#4836 = FACE_OUTER_BOUND ( 'NONE', #2935, .T. ) ;
#4837 = CARTESIAN_POINT ( 'NONE',  ( -3.200000000000000622, 0.1446467872876746885, -2.802499999999999769 ) ) ;
#4838 = CARTESIAN_POINT ( 'NONE',  ( -2.715217872447410752, 0.5252332998309695578, 0.2024999999999999856 ) ) ;
#4839 = VECTOR ( 'NONE', #3371, 1000.000000000000114 ) ;
#4840 = AXIS2_PLACEMENT_3D ( 'NONE', #7060, #7155, #626 ) ;
#4841 = CIRCLE ( 'NONE', #1976, 0.08121469089664200280 ) ;
#4842 = DIRECTION ( 'NONE',  ( 0.9975640502598241977, 0.06975647374412534407, -0.000000000000000000 ) ) ;
#4843 = ORIENTED_EDGE ( 'NONE', *, *, #4546, .F. ) ;
#4844 = CYLINDRICAL_SURFACE ( 'NONE', #4985, 0.08121469089664243302 ) ;
#4845 = ORIENTED_EDGE ( 'NONE', *, *, #1322, .T. ) ;
#4846 = VECTOR ( 'NONE', #5071, 1000.000000000000000 ) ;
#4847 = VECTOR ( 'NONE', #8187, 1000.000000000000000 ) ;
#4848 = LINE ( 'NONE', #5600, #5177 ) ;
#4849 = DIRECTION ( 'NONE',  ( 0.000000000000000000, -0.000000000000000000, -1.000000000000000000 ) ) ;
#4850 = CARTESIAN_POINT ( 'NONE',  ( -2.199999999999999734, 0.6024999999999991473, -0.2024999999999999856 ) ) ;
#4851 = ORIENTED_EDGE ( 'NONE', *, *, #8486, .T. ) ;
#4852 = PLANE ( 'NONE',  #7959 ) ;
#4853 = VECTOR ( 'NONE', #4481, 1000.000000000000000 ) ;
#4854 = ORIENTED_EDGE ( 'NONE', *, *, #3752, .F. ) ;
#4855 = PLANE ( 'NONE',  #5888 ) ;
#4856 = EDGE_CURVE ( 'NONE', #7688, #915, #2930, .T. ) ;
#4857 = CARTESIAN_POINT ( 'NONE',  ( 2.801180237303523946, 0.2539479907276123161, -0.8524999999999999245 ) ) ;
#4858 = VECTOR ( 'NONE', #5041, 1000.000000000000227 ) ;
#4859 = LINE ( 'NONE', #2636, #1823 ) ;
#4860 = ORIENTED_EDGE ( 'NONE', *, *, #2362, .F. ) ;
#4861 = DIRECTION ( 'NONE',  ( 0.9975640502598241977, 0.06975647374412534407, -0.000000000000000000 ) ) ;
#4862 = ORIENTED_EDGE ( 'NONE', *, *, #6029, .F. ) ;
#4863 = DIRECTION ( 'NONE',  ( -1.000000000000000000, 0.000000000000000000, 0.000000000000000000 ) ) ;
#4864 = ORIENTED_EDGE ( 'NONE', *, *, #4415, .T. ) ;
#4865 = ORIENTED_EDGE ( 'NONE', *, *, #7331, .T. ) ;
#4866 = AXIS2_PLACEMENT_3D ( 'NONE', #7309, #3588, #2307 ) ;
#4867 = FACE_OUTER_BOUND ( 'NONE', #1057, .T. ) ;
#4868 = EDGE_CURVE ( 'NONE', #3648, #1347, #824, .T. ) ;
#4869 = LINE ( 'NONE', #9190, #3805 ) ;
#4870 = DIRECTION ( 'NONE',  ( 0.000000000000000000, -0.000000000000000000, -1.000000000000000000 ) ) ;
#4871 = AXIS2_PLACEMENT_3D ( 'NONE', #4335, #4383, #9279 ) ;
#4872 = PLANE ( 'NONE',  #6118 ) ;
#4873 = CARTESIAN_POINT ( 'NONE',  ( 2.715217872447410752, 0.5252332998309695578, -2.802499999999999769 ) ) ;
#4874 = ORIENTED_EDGE ( 'NONE', *, *, #8974, .F. ) ;
#4875 = ORIENTED_EDGE ( 'NONE', *, *, #3656, .T. ) ;
#4876 = DIRECTION ( 'NONE',  ( -0.9975640502598241977, 0.06975647374412534407, 0.000000000000000000 ) ) ;
#4877 = VERTEX_POINT ( 'NONE', #1610 ) ;
#4878 = ORIENTED_EDGE ( 'NONE', *, *, #2943, .F. ) ;
#4879 = DIRECTION ( 'NONE',  ( -1.000000000000000000, 0.000000000000000000, 0.000000000000000000 ) ) ;
#4880 = VECTOR ( 'NONE', #1087, 1000.000000000000000 ) ;
#4881 = EDGE_CURVE ( 'NONE', #1707, #7952, #3722, .T. ) ;
#4882 = EDGE_CURVE ( 'NONE', #9238, #6620, #7209, .T. ) ;
#4883 = DIRECTION ( 'NONE',  ( -1.000000000000000000, 0.000000000000000000, 0.000000000000000000 ) ) ;
#4884 = LINE ( 'NONE', #3323, #4913 ) ;
#4885 = CARTESIAN_POINT ( 'NONE',  ( -2.575000000000001066, 0.2499999999999996669, -2.802499999999999769 ) ) ;
#4886 = AXIS2_PLACEMENT_3D ( 'NONE', #2610, #7125, #4033 ) ;
#4887 = EDGE_CURVE ( 'NONE', #145, #8244, #3515, .T. ) ;
#4888 = FACE_OUTER_BOUND ( 'NONE', #6340, .T. ) ;
#4889 = EDGE_CURVE ( 'NONE', #2302, #4152, #8759, .T. ) ;
#4890 = ORIENTED_EDGE ( 'NONE', *, *, #8894, .T. ) ;
#4891 = DIRECTION ( 'NONE',  ( -0.000000000000000000, -0.000000000000000000, -1.000000000000000000 ) ) ;
#4892 = ORIENTED_EDGE ( 'NONE', *, *, #4657, .T. ) ;
#4893 = EDGE_CURVE ( 'NONE', #8270, #3688, #1478, .T. ) ;
#4894 =( GEOMETRIC_REPRESENTATION_CONTEXT ( 3 ) GLOBAL_UNCERTAINTY_ASSIGNED_CONTEXT ( ( #3090 ) ) GLOBAL_UNIT_ASSIGNED_CONTEXT ( ( #4474, #5088, #5885 ) ) REPRESENTATION_CONTEXT ( 'NONE', 'WORKASPACE' ) );
#4895 = LINE ( 'NONE', #431, #1426 ) ;
#4896 = CARTESIAN_POINT ( 'NONE',  ( -2.199999999999999734, 0.7474999999999991651, -2.152499999999999858 ) ) ;
#4897 = LINE ( 'NONE', #2668, #2804 ) ;
#4898 = VERTEX_POINT ( 'NONE', #867 ) ;
#4899 = EDGE_CURVE ( 'NONE', #2554, #2642, #111, .T. ) ;
#4900 = DIRECTION ( 'NONE',  ( -0.000000000000000000, 0.000000000000000000, 1.000000000000000000 ) ) ;
#4901 = ORIENTED_EDGE ( 'NONE', *, *, #8453, .F. ) ;
#4902 = CARTESIAN_POINT ( 'NONE',  ( -2.801180237303523946, 0.2539479907276123161, 0.4475000000000000089 ) ) ;
#4903 = EDGE_CURVE ( 'NONE', #8854, #2444, #1433, .T. ) ;
#4904 = DIRECTION ( 'NONE',  ( -1.000000000000000000, 3.751076125244977118E-16, 0.000000000000000000 ) ) ;
#4905 = VECTOR ( 'NONE', #3381, 1000.000000000000000 ) ;
#4906 = DIRECTION ( 'NONE',  ( 1.000000000000000000, 0.000000000000000000, 0.000000000000000000 ) ) ;
#4907 = ORIENTED_EDGE ( 'NONE', *, *, #9052, .T. ) ;
#4908 = SURFACE_STYLE_USAGE ( .BOTH. , #6929 ) ;
#4909 = VERTEX_POINT ( 'NONE', #4440 ) ;
#4910 = CYLINDRICAL_SURFACE ( 'NONE', #3759, 0.08121469089664200280 ) ;
#4911 = VERTEX_POINT ( 'NONE', #5144 ) ;
#4912 = EDGE_LOOP ( 'NONE', ( #1586, #2603, #8168, #8876 ) ) ;
#4913 = VECTOR ( 'NONE', #9153, 1000.000000000000000 ) ;
#4914 = CARTESIAN_POINT ( 'NONE',  ( 2.575000000000001066, 0.2499999999999996669, 3.047499999999999432 ) ) ;
#4915 = CARTESIAN_POINT ( 'NONE',  ( 2.199999999999999734, 0.6024999999999991473, -1.502499999999999947 ) ) ;
#4916 = DIRECTION ( 'NONE',  ( -0.06975647374412519142, -0.9975640502598243087, 0.000000000000000000 ) ) ;
#4917 = CYLINDRICAL_SURFACE ( 'NONE', #6999, 0.08121469089664200280 ) ;
#4918 = FACE_OUTER_BOUND ( 'NONE', #9124, .T. ) ;
#4919 = AXIS2_PLACEMENT_3D ( 'NONE', #1134, #4002, #5409 ) ;
#4920 = PLANE ( 'NONE',  #8809 ) ;
#4921 = CARTESIAN_POINT ( 'NONE',  ( -2.801180237303523946, 0.2539479907276123161, 0.2024999999999999856 ) ) ;
#4922 = ORIENTED_EDGE ( 'NONE', *, *, #970, .T. ) ;
#4923 = VERTEX_POINT ( 'NONE', #149 ) ;
#4924 = CARTESIAN_POINT ( 'NONE',  ( -2.575000000000001066, 0.2499999999999996669, 1.747500000000000275 ) ) ;
#4925 = EDGE_CURVE ( 'NONE', #6713, #4493, #909, .T. ) ;
#4926 = EDGE_LOOP ( 'NONE', ( #6793, #5919, #8415, #5510, #2003, #2699, #3962, #903, #8768, #1191, #3491, #7363 ) ) ;
#4927 = ORIENTED_EDGE ( 'NONE', *, *, #5338, .F. ) ;
#4928 = DIRECTION ( 'NONE',  ( 0.000000000000000000, -0.000000000000000000, -1.000000000000000000 ) ) ;
#4929 =( NAMED_UNIT ( * ) SI_UNIT ( $, .STERADIAN. ) SOLID_ANGLE_UNIT ( ) );
#4930 = PLANE ( 'NONE',  #1696 ) ;
#4931 = DIRECTION ( 'NONE',  ( 0.000000000000000000, -0.000000000000000000, -1.000000000000000000 ) ) ;
#4932 = LINE ( 'NONE', #4223, #7665 ) ;
#4933 = CARTESIAN_POINT ( 'NONE',  ( 2.575000000000001066, 0.2499999999999996669, -2.802499999999999769 ) ) ;
#4934 = EDGE_CURVE ( 'NONE', #7952, #8981, #63, .T. ) ;
#4935 = ORIENTED_EDGE ( 'NONE', *, *, #7528, .F. ) ;
#4936 = EDGE_CURVE ( 'NONE', #5333, #1395, #6463, .T. ) ;
#4937 = FACE_OUTER_BOUND ( 'NONE', #2048, .T. ) ;
#4938 = VERTEX_POINT ( 'NONE', #5189 ) ;
#4939 = LINE ( 'NONE', #6444, #2462 ) ;
#4940 = DIRECTION ( 'NONE',  ( 0.000000000000000000, -0.000000000000000000, -1.000000000000000000 ) ) ;
#4941 = DIRECTION ( 'NONE',  ( -3.751076125244977118E-16, 1.000000000000000000, 0.000000000000000000 ) ) ;
#4942 = ORIENTED_EDGE ( 'NONE', *, *, #7536, .F. ) ;
#4943 = EDGE_CURVE ( 'NONE', #5069, #1878, #4482, .T. ) ;
#4944 = FACE_OUTER_BOUND ( 'NONE', #3660, .T. ) ;
#4945 = ORIENTED_EDGE ( 'NONE', *, *, #9114, .T. ) ;
#4946 = DIRECTION ( 'NONE',  ( 1.000000000000000000, 0.000000000000000000, 0.000000000000000000 ) ) ;
#4947 = ADVANCED_FACE ( 'NONE', ( #4346 ), #5765, .T. ) ;
#4948 = EDGE_CURVE ( 'NONE', #6458, #2187, #5058, .T. ) ;
#4949 = CARTESIAN_POINT ( 'NONE',  ( 2.570239956649733593, 0.5227027008975635436, 0.4475000000000000089 ) ) ;
#4950 = CARTESIAN_POINT ( 'NONE',  ( 2.199999999999998845, 0.7474999999999991651, -3.249999999999992895 ) ) ;
#4951 = VERTEX_POINT ( 'NONE', #1697 ) ;
#4952 = AXIS2_PLACEMENT_3D ( 'NONE', #8329, #5604, #8469 ) ;
#4953 = LINE ( 'NONE', #7775, #5874 ) ;
#4954 = ORIENTED_EDGE ( 'NONE', *, *, #180, .F. ) ;
#4955 = CARTESIAN_POINT ( 'NONE',  ( 2.570239956649733593, 0.5227027008975635436, -0.2024999999999999856 ) ) ;
#4956 = ORIENTED_EDGE ( 'NONE', *, *, #2062, .T. ) ;
#4957 = CARTESIAN_POINT ( 'NONE',  ( 2.575000000000001066, 0.2499999999999996669, -2.802499999999999769 ) ) ;
#4958 = DIRECTION ( 'NONE',  ( -0.9998476951563912696, -0.01745240643728044813, 0.000000000000000000 ) ) ;
#4959 = AXIS2_PLACEMENT_3D ( 'NONE', #6065, #8832, #8176 ) ;
#4960 = LINE ( 'NONE', #2598, #2599 ) ;
#4961 = DIRECTION ( 'NONE',  ( 0.000000000000000000, -1.000000000000000000, -0.000000000000000000 ) ) ;
#4962 = DIRECTION ( 'NONE',  ( 1.000000000000000000, 0.000000000000000000, 0.000000000000000000 ) ) ;
#4963 = DIRECTION ( 'NONE',  ( 1.928199552231046834E-16, -0.2079116908177597867, 0.9781476007338055778 ) ) ;
#4964 = PLANE ( 'NONE',  #19 ) ;
#4965 = ORIENTED_EDGE ( 'NONE', *, *, #3665, .F. ) ;
#4966 = VERTEX_POINT ( 'NONE', #8845 ) ;
#4967 = AXIS2_PLACEMENT_3D ( 'NONE', #7889, #831, #5817 ) ;
#4968 = CARTESIAN_POINT ( 'NONE',  ( -2.785400298157456600, 0.02828434744848380353, 2.397499999999999964 ) ) ;
#4969 = ORIENTED_EDGE ( 'NONE', *, *, #2316, .T. ) ;
#4970 = ORIENTED_EDGE ( 'NONE', *, *, #3784, .T. ) ;
#4971 = DIRECTION ( 'NONE',  ( 0.000000000000000000, 0.000000000000000000, 1.000000000000000000 ) ) ;
#4972 = VECTOR ( 'NONE', #521, 1000.000000000000000 ) ;
#4973 =( LENGTH_UNIT ( ) NAMED_UNIT ( * ) SI_UNIT ( .MILLI., .METRE. ) );
#4974 = FACE_OUTER_BOUND ( 'NONE', #4107, .T. ) ;
#4975 = VECTOR ( 'NONE', #3995, 1000.000000000000000 ) ;
#4976 = EDGE_CURVE ( 'NONE', #8427, #8146, #6833, .T. ) ;
#4977 = VECTOR ( 'NONE', #3537, 1000.000000000000000 ) ;
#4978 = MECHANICAL_DESIGN_GEOMETRIC_PRESENTATION_REPRESENTATION (  '', ( #4372 ), #8579 ) ;
#4979 = DIRECTION ( 'NONE',  ( -1.000000000000000000, 0.000000000000000000, 0.000000000000000000 ) ) ;
#4980 = DIRECTION ( 'NONE',  ( -0.06975647374412527468, -0.9975640502598243087, 0.000000000000000000 ) ) ;
#4981 = DIRECTION ( 'NONE',  ( -0.01745240643728044813, -0.9998476951563912696, 0.000000000000000000 ) ) ;
#4982 = ORIENTED_EDGE ( 'NONE', *, *, #5693, .F. ) ;
#4983 = CARTESIAN_POINT ( 'NONE',  ( 2.785400298157456600, 0.02828434744848385904, 3.047499999999999432 ) ) ;
#4984 = EDGE_LOOP ( 'NONE', ( #2300, #1601, #3968, #6351 ) ) ;
#4985 = AXIS2_PLACEMENT_3D ( 'NONE', #5501, #4087, #6399 ) ;
#4986 = ADVANCED_FACE ( 'NONE', ( #2391 ), #4666, .F. ) ;
#4987 = CARTESIAN_POINT ( 'NONE',  ( -2.801180237303523946, 0.2539479907276123161, -1.502499999999999947 ) ) ;
#4988 = VECTOR ( 'NONE', #3196, 1000.000000000000227 ) ;
#4989 = FACE_OUTER_BOUND ( 'NONE', #8508, .T. ) ;
#4990 = AXIS2_PLACEMENT_3D ( 'NONE', #834, #6432, #7320 ) ;
#4991 = ORIENTED_EDGE ( 'NONE', *, *, #6040, .F. ) ;
#4992 = ORIENTED_EDGE ( 'NONE', *, *, #974, .F. ) ;
#4993 = UNCERTAINTY_MEASURE_WITH_UNIT (LENGTH_MEASURE( 1.000000000000000082E-05 ), #2587, 'distance_accuracy_value', 'NONE');
#4995 = CARTESIAN_POINT ( 'NONE',  ( 2.489037635143886984, 0.5212853091033570196, 0.8524999999999999245 ) ) ;
#4994 = AXIS2_PLACEMENT_3D ( 'NONE', #8525, #8426, #1980 ) ;
#4996 = CIRCLE ( 'NONE', #7850, 0.08121469089664243302 ) ;
#4997 = CIRCLE ( 'NONE', #5599, 0.08121469089664243302 ) ;
#4998 = EDGE_CURVE ( 'NONE', #4923, #341, #6816, .T. ) ;
#4999 = ADVANCED_FACE ( 'NONE', ( #5323 ), #6125, .F. ) ;
#5000 = DIRECTION ( 'NONE',  ( 0.000000000000000000, -0.000000000000000000, -1.000000000000000000 ) ) ;
#5001 = DIRECTION ( 'NONE',  ( 0.000000000000000000, -1.000000000000000000, 0.000000000000000000 ) ) ;
#5002 = CARTESIAN_POINT ( 'NONE',  ( -2.801180237303523946, 0.2539479907276123161, 1.747500000000000275 ) ) ;
#5003 = COLOUR_RGB ( '',0.8000000000000000444, 0.8196078431372548767, 0.9333333333333333481 ) ;
#5004 = VERTEX_POINT ( 'NONE', #295 ) ;
#5005 = EDGE_LOOP ( 'NONE', ( #5365, #8103, #6787, #4688, #592, #8949, #2015, #4475, #1529, #1243, #7417, #9146 ) ) ;
#5006 = EDGE_CURVE ( 'NONE', #5536, #8066, #4575, .T. ) ;
#5007 = CARTESIAN_POINT ( 'NONE',  ( -2.719977915797677337, 0.2525305989334057921, -2.152499999999999858 ) ) ;
#5008 = EDGE_CURVE ( 'NONE', #5995, #547, #8174, .T. ) ;
#5009 = ORIENTED_EDGE ( 'NONE', *, *, #2016, .T. ) ;
#5010 = DIRECTION ( 'NONE',  ( 0.000000000000000000, -0.000000000000000000, -1.000000000000000000 ) ) ;
#5011 = EDGE_CURVE ( 'NONE', #1575, #4582, #3862, .T. ) ;
#5012 = FACE_OUTER_BOUND ( 'NONE', #3020, .T. ) ;
#5013 = VECTOR ( 'NONE', #3751, 1000.000000000000000 ) ;
#5014 = CARTESIAN_POINT ( 'NONE',  ( -3.200000000000000622, 0.1446467872876746885, -0.8524999999999999245 ) ) ;
#5015 = DIRECTION ( 'NONE',  ( 0.000000000000000000, -0.000000000000000000, -1.000000000000000000 ) ) ;
#5016 = PLANE ( 'NONE',  #7172 ) ;
#5017 = LINE ( 'NONE', #3504, #8973 ) ;
#5018 = DIRECTION ( 'NONE',  ( -0.000000000000000000, -0.000000000000000000, -1.000000000000000000 ) ) ;
#5019 = ORIENTED_EDGE ( 'NONE', *, *, #3953, .F. ) ;
#5020 = AXIS2_PLACEMENT_3D ( 'NONE', #5822, #8688, #8729 ) ;
#5021 = VERTEX_POINT ( 'NONE', #5371 ) ;
#5022 = CARTESIAN_POINT ( 'NONE',  ( -2.715217872447410752, 0.5252332998309695578, -0.8524999999999999245 ) ) ;
#5023 = ORIENTED_EDGE ( 'NONE', *, *, #7865, .T. ) ;
#5024 = ORIENTED_EDGE ( 'NONE', *, *, #8919, .F. ) ;
#5025 = CARTESIAN_POINT ( 'NONE',  ( -2.570239956649733593, 0.5227027008975635436, 2.802499999999999325 ) ) ;
#5026 = DIRECTION ( 'NONE',  ( -0.9975640502598241977, -0.06975647374412534407, 0.000000000000000000 ) ) ;
#5027 = DIRECTION ( 'NONE',  ( 0.000000000000000000, -0.000000000000000000, -1.000000000000000000 ) ) ;
#5028 = VECTOR ( 'NONE', #6420, 1000.000000000000000 ) ;
#5029 = LINE ( 'NONE', #1452, #2952 ) ;
#5030 = DIRECTION ( 'NONE',  ( 1.000000000000000000, 0.000000000000000000, 0.000000000000000000 ) ) ;
#5031 = CARTESIAN_POINT ( 'NONE',  ( -3.200000000000000622, 0.1446467872876746885, 1.502500000000000391 ) ) ;
#5032 = ORIENTED_EDGE ( 'NONE', *, *, #6590, .T. ) ;
#5033 = VECTOR ( 'NONE', #3239, 1000.000000000000000 ) ;
#5034 = CARTESIAN_POINT ( 'NONE',  ( -2.719977915797677337, 0.2525305989334057921, -2.152499999999999858 ) ) ;
#5035 = ORIENTED_EDGE ( 'NONE', *, *, #1559, .F. ) ;
#5036 = PRODUCT_DEFINITION ( 'UNKNOWN', '', #7351, #5594 ) ;
#5037 = LINE ( 'NONE', #2107, #683 ) ;
#5038 = AXIS2_PLACEMENT_3D ( 'NONE', #2714, #2017, #7622 ) ;
#5039 = FACE_OUTER_BOUND ( 'NONE', #7578, .T. ) ;
#5040 = VERTEX_POINT ( 'NONE', #6081 ) ;
#5041 = DIRECTION ( 'NONE',  ( 0.01745240643728362268, 0.9998476951563911586, -0.000000000000000000 ) ) ;
#5042 = ORIENTED_EDGE ( 'NONE', *, *, #1954, .T. ) ;
#5043 = EDGE_CURVE ( 'NONE', #2928, #2493, #6783, .T. ) ;
#5044 = LINE ( 'NONE', #8613, #6195 ) ;
#5045 = LINE ( 'NONE', #7199, #3522 ) ;
#5046 = LINE ( 'NONE', #8795, #6246 ) ;
#5047 = DIRECTION ( 'NONE',  ( 1.000000000000000000, 0.000000000000000000, 0.000000000000000000 ) ) ;
#5048 = VECTOR ( 'NONE', #3391, 1000.000000000000227 ) ;
#5049 = ORIENTED_EDGE ( 'NONE', *, *, #703, .F. ) ;
#5050 = CARTESIAN_POINT ( 'NONE',  ( -2.489037635143886984, 0.5212853091033570196, 0.4475000000000000089 ) ) ;
#5051 = ORIENTED_EDGE ( 'NONE', *, *, #3997, .F. ) ;
#5052 = DIRECTION ( 'NONE',  ( -0.000000000000000000, -0.000000000000000000, -1.000000000000000000 ) ) ;
#5053 = EDGE_CURVE ( 'NONE', #2493, #1338, #2532, .T. ) ;
#5054 = VERTEX_POINT ( 'NONE', #1006 ) ;
#5055 = LINE ( 'NONE', #3497, #1681 ) ;
#5056 = CARTESIAN_POINT ( 'NONE',  ( -2.489037635143886984, 0.5212853091033570196, 0.2024999999999999856 ) ) ;
#5057 = VECTOR ( 'NONE', #6013, 1000.000000000000000 ) ;
#5058 = LINE ( 'NONE', #1783, #6067 ) ;
#5059 = EDGE_CURVE ( 'NONE', #3159, #3908, #7584, .T. ) ;
#5060 = CARTESIAN_POINT ( 'NONE',  ( -3.200000000000000622, 0.1446467872876746885, -0.4475000000000000089 ) ) ;
#5061 = DIRECTION ( 'NONE',  ( 0.000000000000000000, -0.000000000000000000, -1.000000000000000000 ) ) ;
#5062 = FACE_OUTER_BOUND ( 'NONE', #6430, .T. ) ;
#5063 = FACE_OUTER_BOUND ( 'NONE', #1905, .T. ) ;
#5064 = VERTEX_POINT ( 'NONE', #8235 ) ;
#5065 = CIRCLE ( 'NONE', #1894, 0.08121469089664243302 ) ;
#5066 = ORIENTED_EDGE ( 'NONE', *, *, #4241, .F. ) ;
#5067 = LINE ( 'NONE', #698, #9020 ) ;
#5068 = ORIENTED_EDGE ( 'NONE', *, *, #3940, .F. ) ;
#5069 = VERTEX_POINT ( 'NONE', #1098 ) ;
#5070 = CARTESIAN_POINT ( 'NONE',  ( -2.801180237303523946, 0.2539479907276123161, 1.502500000000000391 ) ) ;
#5071 = DIRECTION ( 'NONE',  ( 0.000000000000000000, -0.000000000000000000, -1.000000000000000000 ) ) ;
#5072 = CARTESIAN_POINT ( 'NONE',  ( -1.653818155844315463, 1.200000000000000622, -2.703818155844308180 ) ) ;
#5073 = VECTOR ( 'NONE', #1942, 1000.000000000000000 ) ;
#5074 = ADVANCED_FACE ( 'NONE', ( #6689 ), #5417, .F. ) ;
#5075 = CARTESIAN_POINT ( 'NONE',  ( 2.795514986850355044, 0.1729311347361582596, -2.152499999999999858 ) ) ;
#5076 = DIRECTION ( 'NONE',  ( 0.000000000000000000, -0.000000000000000000, -1.000000000000000000 ) ) ;
#5077 = ORIENTED_EDGE ( 'NONE', *, *, #1806, .T. ) ;
#5078 = VECTOR ( 'NONE', #4044, 1000.000000000000000 ) ;
#5079 = LINE ( 'NONE', #2238, #7235 ) ;
#5080 = EDGE_LOOP ( 'NONE', ( #6652, #1010, #1988, #3080 ) ) ;
#5081 = CYLINDRICAL_SURFACE ( 'NONE', #8035, 0.2262146908966421732 ) ;
#5082 = PLANE ( 'NONE',  #396 ) ;
#5083 = ORIENTED_EDGE ( 'NONE', *, *, #4948, .T. ) ;
#5084 = DIRECTION ( 'NONE',  ( -0.9975640502598241977, -0.06975647374412527468, 0.000000000000000000 ) ) ;
#5085 = EDGE_LOOP ( 'NONE', ( #4659, #6742, #6431, #3569, #3106, #5035, #873, #9284, #8153, #5235, #7358, #4375 ) ) ;
#5086 = CARTESIAN_POINT ( 'NONE',  ( 2.489037635143886984, 0.7474999999999992761, 1.747500000000000275 ) ) ;
#5087 = CARTESIAN_POINT ( 'NONE',  ( -2.795514986850355044, 0.1729311347361582596, 1.747500000000000275 ) ) ;
#5088 =( NAMED_UNIT ( * ) PLANE_ANGLE_UNIT ( ) SI_UNIT ( $, .RADIAN. ) );
#5089 = ADVANCED_FACE ( 'NONE', ( #3147 ), #8285, .F. ) ;
#5090 = DIRECTION ( 'NONE',  ( 0.000000000000000000, 0.000000000000000000, 1.000000000000000000 ) ) ;
#5091 = EDGE_LOOP ( 'NONE', ( #843, #8078, #1476, #2213 ) ) ;
#5092 = CARTESIAN_POINT ( 'NONE',  ( -2.801180237303523946, 0.2539479907276123161, -1.502499999999999947 ) ) ;
#5093 = ORIENTED_EDGE ( 'NONE', *, *, #2110, .F. ) ;
#5094 = ORIENTED_EDGE ( 'NONE', *, *, #6837, .F. ) ;
#5095 =( NAMED_UNIT ( * ) SI_UNIT ( $, .STERADIAN. ) SOLID_ANGLE_UNIT ( ) );
#5096 = CARTESIAN_POINT ( 'NONE',  ( 2.489037635143886984, 0.5212853091033570196, 2.397499999999999964 ) ) ;
#5097 = CARTESIAN_POINT ( 'NONE',  ( -2.199999999999999734, 0.7474999999999991651, -0.2024999999999999856 ) ) ;
#5098 = LINE ( 'NONE', #5060, #3530 ) ;
#5099 = EDGE_CURVE ( 'NONE', #5960, #3858, #5783, .T. ) ;
#5100 = LINE ( 'NONE', #2835, #6423 ) ;
#5101 = DIRECTION ( 'NONE',  ( 1.000000000000000000, 0.000000000000000000, -0.000000000000000000 ) ) ;
#5102 = EDGE_LOOP ( 'NONE', ( #4673, #6765, #7683, #8672 ) ) ;
#5103 = EDGE_LOOP ( 'NONE', ( #3440, #4169, #1619, #2593 ) ) ;
#5104 = LINE ( 'NONE', #3555, #907 ) ;
#5105 = EDGE_LOOP ( 'NONE', ( #8779, #2749, #3743, #7650 ) ) ;
#5106 = VERTEX_POINT ( 'NONE', #1743 ) ;
#5107 = LINE ( 'NONE', #1489, #1535 ) ;
#5108 = AXIS2_PLACEMENT_3D ( 'NONE', #2670, #4757, #6917 ) ;
#5109 = DIRECTION ( 'NONE',  ( 0.000000000000000000, 0.000000000000000000, 1.000000000000000000 ) ) ;
#5110 = CARTESIAN_POINT ( 'NONE',  ( -1.653818155844315463, 0.5343145750507619640, -2.703818155844308180 ) ) ;
#5111 = EDGE_CURVE ( 'NONE', #6216, #886, #5231, .T. ) ;
#5112 = PLANE ( 'NONE',  #1005 ) ;
#5113 = APPLICATION_CONTEXT ( 'automotive_design' ) ;
#5114 = VECTOR ( 'NONE', #6906, 1000.000000000000000 ) ;
#5115 = AXIS2_PLACEMENT_3D ( 'NONE', #2469, #5354, #9024 ) ;
#5116 = DIRECTION ( 'NONE',  ( 0.000000000000000000, 0.000000000000000000, 1.000000000000000000 ) ) ;
#5117 = ORIENTED_EDGE ( 'NONE', *, *, #3599, .F. ) ;
#5118 = FACE_OUTER_BOUND ( 'NONE', #2344, .T. ) ;
#5119 = EDGE_CURVE ( 'NONE', #5917, #6087, #1650, .T. ) ;
#5120 = VERTEX_POINT ( 'NONE', #6362 ) ;
#5121 = EDGE_CURVE ( 'NONE', #9179, #6087, #3343, .T. ) ;
#5122 = AXIS2_PLACEMENT_3D ( 'NONE', #3878, #3984, #3076 ) ;
#5123 = AXIS2_PLACEMENT_3D ( 'NONE', #5092, #1516, #2258 ) ;
#5124 = STYLED_ITEM ( 'NONE', ( #1747 ), #9290 ) ;
#5125 = DIRECTION ( 'NONE',  ( -1.000000000000000000, 0.000000000000000000, 0.000000000000000000 ) ) ;
#5126 = PLANE ( 'NONE',  #1589 ) ;
#5127 = ORIENTED_EDGE ( 'NONE', *, *, #2926, .T. ) ;
#5128 = VECTOR ( 'NONE', #7873, 1000.000000000000000 ) ;
#5129 = CARTESIAN_POINT ( 'NONE',  ( -2.795514986850355044, 0.1729311347361582596, 2.152499999999999858 ) ) ;
#5130 = FACE_OUTER_BOUND ( 'NONE', #8446, .T. ) ;
#5131 = VECTOR ( 'NONE', #5346, 1000.000000000000000 ) ;
#5132 = DIRECTION ( 'NONE',  ( -0.01745240643728362268, 0.9998476951563911586, 0.000000000000000000 ) ) ;
#5133 = SURFACE_STYLE_FILL_AREA ( #7252 ) ;
#5134 = CYLINDRICAL_SURFACE ( 'NONE', #2415, 0.08121469089664243302 ) ;
#5135 = ORIENTED_EDGE ( 'NONE', *, *, #1647, .F. ) ;
#5136 = CARTESIAN_POINT ( 'NONE',  ( -2.785400298157456600, 0.02828434744848385904, 1.097499999999999920 ) ) ;
#5137 = CIRCLE ( 'NONE', #1674, 0.08121469089664200280 ) ;
#5138 = AXIS2_PLACEMENT_3D ( 'NONE', #2531, #3387, #6264 ) ;
#5139 = EDGE_LOOP ( 'NONE', ( #8492, #3821, #1474, #729 ) ) ;
#5140 = CIRCLE ( 'NONE', #6788, 0.2262146908966421732 ) ;
#5141 = ORIENTED_EDGE ( 'NONE', *, *, #1960, .T. ) ;
#5142 = SURFACE_SIDE_STYLE ('',( #732 ) ) ;
#5143 = CARTESIAN_POINT ( 'NONE',  ( -2.801180237303523946, 0.2539479907276123161, 2.152499999999999858 ) ) ;
#5144 = CARTESIAN_POINT ( 'NONE',  ( 2.199999999999999734, 0.6024999999999991473, 0.8524999999999999245 ) ) ;
#5145 = VECTOR ( 'NONE', #1447, 1000.000000000000000 ) ;
#5146 = CARTESIAN_POINT ( 'NONE',  ( 2.489037635143886984, 0.7474999999999992761, 3.047499999999999432 ) ) ;
#5147 = COLOUR_RGB ( '',0.8000000000000000444, 0.8196078431372548767, 0.9333333333333333481 ) ;
#5148 = PLANE ( 'NONE',  #4325 ) ;
#5149 = CARTESIAN_POINT ( 'NONE',  ( 2.719977915797677337, 0.2525305989334057921, -2.802499999999999769 ) ) ;
#5150 = LINE ( 'NONE', #7313, #165 ) ;
#5151 = ORIENTED_EDGE ( 'NONE', *, *, #7750, .T. ) ;
#5152 = ORIENTED_EDGE ( 'NONE', *, *, #5515, .T. ) ;
#5153 = CARTESIAN_POINT ( 'NONE',  ( 2.719977915797677337, 0.2525305989334057921, 2.152499999999999858 ) ) ;
#5154 = ORIENTED_EDGE ( 'NONE', *, *, #8881, .T. ) ;
#5155 = EDGE_LOOP ( 'NONE', ( #1499, #9119, #8934, #6483, #1328, #6134, #7150, #6291, #700, #8152, #5152, #3119 ) ) ;
#5156 = DIRECTION ( 'NONE',  ( -1.000000000000000000, 0.000000000000000000, 0.000000000000000000 ) ) ;
#5157 = EDGE_CURVE ( 'NONE', #3108, #7634, #9044, .T. ) ;
#5158 = DIRECTION ( 'NONE',  ( 0.000000000000000000, -0.000000000000000000, -1.000000000000000000 ) ) ;
#5159 = LINE ( 'NONE', #8069, #5609 ) ;
#5160 = VECTOR ( 'NONE', #7560, 1000.000000000000000 ) ;
#5161 = DIRECTION ( 'NONE',  ( 0.000000000000000000, -0.000000000000000000, -1.000000000000000000 ) ) ;
#5162 = PLANE ( 'NONE',  #2999 ) ;
#5163 = ORIENTED_EDGE ( 'NONE', *, *, #1262, .F. ) ;
#5164 = CARTESIAN_POINT ( 'NONE',  ( -2.199999999999999734, 0.6024999999999991473, -1.502499999999999947 ) ) ;
#5166 = EDGE_CURVE ( 'NONE', #75, #3575, #1977, .T. ) ;
#5165 = EDGE_LOOP ( 'NONE', ( #5991, #5803, #4907, #8449 ) ) ;
#5167 = CARTESIAN_POINT ( 'NONE',  ( 2.489037635143886984, 0.5212853091033570196, -0.2024999999999999856 ) ) ;
#5168 = EDGE_CURVE ( 'NONE', #7915, #7326, #1420, .T. ) ;
#5169 = ORIENTED_EDGE ( 'NONE', *, *, #5858, .T. ) ;
#5170 = ADVANCED_FACE ( 'NONE', ( #4009 ), #6171, .T. ) ;
#5171 = AXIS2_PLACEMENT_3D ( 'NONE', #8804, #5986, #8188 ) ;
#5172 = EDGE_CURVE ( 'NONE', #6984, #2967, #5627, .T. ) ;
#5173 = FACE_OUTER_BOUND ( 'NONE', #6325, .T. ) ;
#5174 = AXIS2_PLACEMENT_3D ( 'NONE', #4717, #7397, #3965 ) ;
#5175 = VERTEX_POINT ( 'NONE', #3292 ) ;
#5176 = PLANE ( 'NONE',  #4703 ) ;
#5177 = VECTOR ( 'NONE', #528, 1000.000000000000227 ) ;
#5178 = CARTESIAN_POINT ( 'NONE',  ( -2.489037635143886984, 0.6024999999999990363, 3.047499999999999432 ) ) ;
#5179 = EDGE_CURVE ( 'NONE', #3064, #8823, #5468, .T. ) ;
#5180 = LINE ( 'NONE', #7297, #239 ) ;
#5181 = ORIENTED_EDGE ( 'NONE', *, *, #3680, .F. ) ;
#5182 = DIRECTION ( 'NONE',  ( -1.000000000000000000, 3.751076125244977118E-16, 0.000000000000000000 ) ) ;
#5183 =( GEOMETRIC_REPRESENTATION_CONTEXT ( 3 ) GLOBAL_UNCERTAINTY_ASSIGNED_CONTEXT ( ( #4993 ) ) GLOBAL_UNIT_ASSIGNED_CONTEXT ( ( #2587, #6877, #6735 ) ) REPRESENTATION_CONTEXT ( 'NONE', 'WORKASPACE' ) );
#5184 = EDGE_LOOP ( 'NONE', ( #1321, #2881, #4738, #4165 ) ) ;
#5185 = EDGE_CURVE ( 'NONE', #4625, #4648, #584, .T. ) ;
#5186 = EDGE_LOOP ( 'NONE', ( #5616, #59, #5042, #9251 ) ) ;
#5187 = LINE ( 'NONE', #8053, #494 ) ;
#5188 = FACE_OUTER_BOUND ( 'NONE', #1920, .T. ) ;
#5189 = CARTESIAN_POINT ( 'NONE',  ( 3.189885311307102622, 1.626303258728256651E-16, -1.502499999999999947 ) ) ;
#5190 = AXIS2_PLACEMENT_3D ( 'NONE', #1422, #2208, #1510 ) ;
#5191 = FILL_AREA_STYLE_COLOUR ( '', #2024 ) ;
#5192 = PLANE ( 'NONE',  #9278 ) ;
#5193 = LINE ( 'NONE', #5848, #3256 ) ;
#5194 = CARTESIAN_POINT ( 'NONE',  ( 2.715217872447410752, 0.5252332998309695578, -2.152499999999999858 ) ) ;
#5195 = ORIENTED_EDGE ( 'NONE', *, *, #2821, .T. ) ;
#5196 = EDGE_LOOP ( 'NONE', ( #6698, #7769, #4282, #671 ) ) ;
#5197 = CARTESIAN_POINT ( 'NONE',  ( -2.199999999999999734, 0.7474999999999991651, -1.502499999999999947 ) ) ;
#5198 = VERTEX_POINT ( 'NONE', #6923 ) ;
#5199 = ORIENTED_EDGE ( 'NONE', *, *, #3069, .T. ) ;
#5200 = VECTOR ( 'NONE', #2766, 1000.000000000000114 ) ;
#5201 = DIRECTION ( 'NONE',  ( 0.000000000000000000, -1.000000000000000000, -0.000000000000000000 ) ) ;
#5202 = CARTESIAN_POINT ( 'NONE',  ( -2.489037635143886984, 0.7474999999999992761, 3.047499999999999432 ) ) ;
#5203 = CARTESIAN_POINT ( 'NONE',  ( -2.795514986850355044, 0.1729311347361582596, -2.152499999999999858 ) ) ;
#5204 = CARTESIAN_POINT ( 'NONE',  ( -2.200000000000000622, 0.7474999999999991651, -3.249999999999992006 ) ) ;
#5205 = EDGE_CURVE ( 'NONE', #888, #2317, #8335, .T. ) ;
#5206 = CARTESIAN_POINT ( 'NONE',  ( -3.189885311307102622, 1.626303258728256651E-16, -0.8524999999999999245 ) ) ;
#5207 = ORIENTED_EDGE ( 'NONE', *, *, #235, .T. ) ;
#5208 = CARTESIAN_POINT ( 'NONE',  ( -1.653818155844315463, 1.100000000000000533, -2.703818155844308180 ) ) ;
#5209 = ORIENTED_EDGE ( 'NONE', *, *, #3253, .T. ) ;
#5210 = LINE ( 'NONE', #8695, #7686 ) ;
#5211 = ORIENTED_EDGE ( 'NONE', *, *, #8206, .T. ) ;
#5212 = VECTOR ( 'NONE', #8016, 1000.000000000000000 ) ;
#5213 = LINE ( 'NONE', #7380, #85 ) ;
#5214 = CARTESIAN_POINT ( 'NONE',  ( 2.795514986850355044, 0.1729311347361582596, -2.397499999999999964 ) ) ;
#5215 = EDGE_CURVE ( 'NONE', #8223, #967, #1881, .T. ) ;
#5216 = EDGE_CURVE ( 'NONE', #3688, #6144, #8474, .T. ) ;
#5217 = AXIS2_PLACEMENT_3D ( 'NONE', #8717, #7311, #5767 ) ;
#5218 = ORIENTED_EDGE ( 'NONE', *, *, #5280, .F. ) ;
#5219 = LINE ( 'NONE', #719, #5013 ) ;
#5220 = DIRECTION ( 'NONE',  ( 0.000000000000000000, -0.000000000000000000, -1.000000000000000000 ) ) ;
#5221 = DIRECTION ( 'NONE',  ( -0.000000000000000000, -0.000000000000000000, -1.000000000000000000 ) ) ;
#5222 = DIRECTION ( 'NONE',  ( -0.000000000000000000, 0.000000000000000000, -1.000000000000000000 ) ) ;
#5223 = EDGE_CURVE ( 'NONE', #8023, #8602, #5516, .T. ) ;
#5224 = VERTEX_POINT ( 'NONE', #1286 ) ;
#5225 = DIRECTION ( 'NONE',  ( 1.000000000000000000, 0.000000000000000000, 0.000000000000000000 ) ) ;
#5226 = ORIENTED_EDGE ( 'NONE', *, *, #7109, .F. ) ;
#5227 = LINE ( 'NONE', #8234, #1983 ) ;
#5228 = EDGE_CURVE ( 'NONE', #5982, #7517, #1235, .T. ) ;
#5229 = EDGE_CURVE ( 'NONE', #3983, #7154, #490, .T. ) ;
#5230 = CARTESIAN_POINT ( 'NONE',  ( 3.200000000000000622, 0.1446467872876746885, -1.502499999999999947 ) ) ;
#5231 = LINE ( 'NONE', #7485, #8774 ) ;
#5232 = DIRECTION ( 'NONE',  ( 0.000000000000000000, -0.000000000000000000, -1.000000000000000000 ) ) ;
#5233 = CARTESIAN_POINT ( 'NONE',  ( 2.570239956649733593, 0.5227027008975635436, -0.4475000000000000089 ) ) ;
#5234 = VERTEX_POINT ( 'NONE', #6221 ) ;
#5235 = ORIENTED_EDGE ( 'NONE', *, *, #2926, .F. ) ;
#5236 = ORIENTED_EDGE ( 'NONE', *, *, #8473, .F. ) ;
#5237 = DIRECTION ( 'NONE',  ( -1.000000000000000000, -0.000000000000000000, 1.971276677246372012E-16 ) ) ;
#5238 = ORIENTED_EDGE ( 'NONE', *, *, #6806, .T. ) ;
#5239 = EDGE_LOOP ( 'NONE', ( #5580, #1102, #5886, #7555 ) ) ;
#5240 = CARTESIAN_POINT ( 'NONE',  ( -2.570239956649733593, 0.5227027008975635436, -1.097499999999999920 ) ) ;
#5241 = FACE_OUTER_BOUND ( 'NONE', #8653, .T. ) ;
#5242 = CARTESIAN_POINT ( 'NONE',  ( -2.795514986850355044, 0.1729311347361582596, -0.8524999999999999245 ) ) ;
#5243 = CARTESIAN_POINT ( 'NONE',  ( 3.200000000000000622, 0.1446467872876746885, -0.8524999999999999245 ) ) ;
#5244 = CARTESIAN_POINT ( 'NONE',  ( -2.199999999999999734, 0.7474999999999991651, 1.097499999999999920 ) ) ;
#5245 = ORIENTED_EDGE ( 'NONE', *, *, #973, .F. ) ;
#5246 = FACE_OUTER_BOUND ( 'NONE', #8831, .T. ) ;
#5247 = ORIENTED_EDGE ( 'NONE', *, *, #5554, .F. ) ;
#5248 =( GEOMETRIC_REPRESENTATION_CONTEXT ( 3 ) GLOBAL_UNCERTAINTY_ASSIGNED_CONTEXT ( ( #9157 ) ) GLOBAL_UNIT_ASSIGNED_CONTEXT ( ( #7447, #3866, #5329 ) ) REPRESENTATION_CONTEXT ( 'NONE', 'WORKASPACE' ) );
#5249 = ORIENTED_EDGE ( 'NONE', *, *, #56, .T. ) ;
#5250 = LINE ( 'NONE', #2507, #636 ) ;
#5251 = ORIENTED_EDGE ( 'NONE', *, *, #5467, .T. ) ;
#5252 = EDGE_CURVE ( 'NONE', #1616, #2091, #1276, .T. ) ;
#5253 = VECTOR ( 'NONE', #8693, 1000.000000000000227 ) ;
#5254 = FILL_AREA_STYLE_COLOUR ( '', #376 ) ;
#5255 = LINE ( 'NONE', #5396, #5953 ) ;
#5256 = ORIENTED_EDGE ( 'NONE', *, *, #6097, .T. ) ;
#5257 = LINE ( 'NONE', #3891, #9162 ) ;
#5258 = CARTESIAN_POINT ( 'NONE',  ( 2.570239956649733593, 0.5227027008975635436, 1.097499999999999920 ) ) ;
#5259 = AXIS2_PLACEMENT_3D ( 'NONE', #5208, #3167, #4502 ) ;
#5260 = VECTOR ( 'NONE', #5841, 1000.000000000000227 ) ;
#5261 = DIRECTION ( 'NONE',  ( 0.01745240643728362268, 0.9998476951563911586, -0.000000000000000000 ) ) ;
#5262 = VECTOR ( 'NONE', #1267, 1000.000000000000000 ) ;
#5263 = ADVANCED_FACE ( 'NONE', ( #1923 ), #3430, .F. ) ;
#5264 = DIRECTION ( 'NONE',  ( 1.000000000000000000, 0.000000000000000000, 0.000000000000000000 ) ) ;
#5265 = SURFACE_STYLE_USAGE ( .BOTH. , #2477 ) ;
#5266 = CIRCLE ( 'NONE', #7083, 0.2000000000000000944 ) ;
#5267 = EDGE_LOOP ( 'NONE', ( #4580, #8307, #5681, #791 ) ) ;
#5268 = AXIS2_PLACEMENT_3D ( 'NONE', #4119, #6238, #2650 ) ;
#5269 = ORIENTED_EDGE ( 'NONE', *, *, #1449, .T. ) ;
#5270 = EDGE_CURVE ( 'NONE', #3234, #7663, #6976, .T. ) ;
#5271 = CARTESIAN_POINT ( 'NONE',  ( 2.199999999999999734, 0.7474999999999991651, -1.747499999999999831 ) ) ;
#5272 = ADVANCED_FACE ( 'NONE', ( #4148 ), #6268, .F. ) ;
#5273 = VECTOR ( 'NONE', #713, 1000.000000000000000 ) ;
#5274 = EDGE_CURVE ( 'NONE', #3948, #4938, #4242, .T. ) ;
#5275 = DIRECTION ( 'NONE',  ( -0.000000000000000000, 1.000000000000000000, -0.000000000000000000 ) ) ;
#5276 = DIRECTION ( 'NONE',  ( 0.01745240643728044813, 0.9998476951563912696, 0.000000000000000000 ) ) ;
#5277 = FILL_AREA_STYLE ('',( #7398 ) ) ;
#5278 = CARTESIAN_POINT ( 'NONE',  ( -2.801180237303523946, 0.2539479907276123161, -2.152499999999999858 ) ) ;
#5279 = VERTEX_POINT ( 'NONE', #7911 ) ;
#5280 = EDGE_CURVE ( 'NONE', #3871, #5663, #6501, .T. ) ;
#5281 = AXIS2_PLACEMENT_3D ( 'NONE', #9111, #7749, #2750 ) ;
#5282 = EDGE_CURVE ( 'NONE', #714, #5917, #1421, .T. ) ;
#5283 = PLANE ( 'NONE',  #4048 ) ;
#5284 = ORIENTED_EDGE ( 'NONE', *, *, #7877, .F. ) ;
#5285 = ORIENTED_EDGE ( 'NONE', *, *, #761, .T. ) ;
#5286 = CARTESIAN_POINT ( 'NONE',  ( 2.200000000000000622, 0.1500000000000007161, 3.153818155844310134 ) ) ;
#5287 = ORIENTED_EDGE ( 'NONE', *, *, #1480, .F. ) ;
#5288 = VERTEX_POINT ( 'NONE', #7250 ) ;
#5289 = DIRECTION ( 'NONE',  ( 0.000000000000000000, -0.000000000000000000, -1.000000000000000000 ) ) ;
#5290 = DIRECTION ( 'NONE',  ( -0.2035585949527793370, -0.9576678948579724349, -0.2035585949527792815 ) ) ;
#5291 = VECTOR ( 'NONE', #7922, 1000.000000000000000 ) ;
#5292 = LINE ( 'NONE', #8157, #8019 ) ;
#5293 = PLANE ( 'NONE',  #4755 ) ;
#5294 = EDGE_CURVE ( 'NONE', #7932, #8602, #2445, .T. ) ;
#5295 = CIRCLE ( 'NONE', #6955, 0.2262146908966421732 ) ;
#5296 = ORIENTED_EDGE ( 'NONE', *, *, #5859, .F. ) ;
#5297 = CARTESIAN_POINT ( 'NONE',  ( -3.189885311307102622, 1.626303258728256651E-16, -0.8524999999999999245 ) ) ;
#5298 = ORIENTED_EDGE ( 'NONE', *, *, #3706, .F. ) ;
#5299 = ORIENTED_EDGE ( 'NONE', *, *, #5166, .T. ) ;
#5300 = LINE ( 'NONE', #2416, #5131 ) ;
#5301 = ORIENTED_EDGE ( 'NONE', *, *, #3568, .T. ) ;
#5302 = ADVANCED_FACE ( 'NONE', ( #137 ), #7111, .F. ) ;
#5303 = LINE ( 'NONE', #8260, #6215 ) ;
#5304 = AXIS2_PLACEMENT_3D ( 'NONE', #8925, #1860, #4787 ) ;
#5305 = CARTESIAN_POINT ( 'NONE',  ( 2.785400298157456600, 0.02828434744848380353, -0.2024999999999999856 ) ) ;
#5306 = LINE ( 'NONE', #3041, #999 ) ;
#5307 = DIRECTION ( 'NONE',  ( -0.01745240643728044813, 0.9998476951563912696, 0.000000000000000000 ) ) ;
#5308 = ORIENTED_EDGE ( 'NONE', *, *, #65, .T. ) ;
#5309 = DIRECTION ( 'NONE',  ( 0.01745240643728044813, 0.9998476951563912696, 0.000000000000000000 ) ) ;
#5310 = ORIENTED_EDGE ( 'NONE', *, *, #4526, .F. ) ;
#5311 = VECTOR ( 'NONE', #2265, 1000.000000000000000 ) ;
#5312 = CARTESIAN_POINT ( 'NONE',  ( 2.489037635143886984, 0.5212853091033570196, -2.802499999999999769 ) ) ;
#5313 = CARTESIAN_POINT ( 'NONE',  ( -2.199999999999999734, 0.7474999999999991651, -3.047499999999999876 ) ) ;
#5314 = FACE_OUTER_BOUND ( 'NONE', #6579, .T. ) ;
#5315 = AXIS2_PLACEMENT_3D ( 'NONE', #8380, #2633, #2674 ) ;
#5316 = CARTESIAN_POINT ( 'NONE',  ( 3.189885311307102622, 1.626303258728256651E-16, -2.802499999999999769 ) ) ;
#5317 = EDGE_LOOP ( 'NONE', ( #6225, #7735, #4874, #3596 ) ) ;
#5318 = EDGE_CURVE ( 'NONE', #8221, #1789, #8617, .T. ) ;
#5319 = DIRECTION ( 'NONE',  ( 0.000000000000000000, 1.000000000000000000, 0.000000000000000000 ) ) ;
#5320 = ORIENTED_EDGE ( 'NONE', *, *, #1555, .F. ) ;
#5321 = VECTOR ( 'NONE', #4101, 1000.000000000000000 ) ;
#5322 = DIRECTION ( 'NONE',  ( 1.334402673828315804E-16, -0.000000000000000000, 1.000000000000000000 ) ) ;
#5323 = FACE_OUTER_BOUND ( 'NONE', #951, .T. ) ;
#5324 = CARTESIAN_POINT ( 'NONE',  ( -2.489037635143886984, 0.6024999999999990363, 1.097499999999999920 ) ) ;
#5325 = LINE ( 'NONE', #4720, #8598 ) ;
#5326 = AXIS2_PLACEMENT_3D ( 'NONE', #897, #7388, #3135 ) ;
#5327 = ORIENTED_EDGE ( 'NONE', *, *, #2631, .T. ) ;
#5328 = ADVANCED_FACE ( 'NONE', ( #2872 ), #6409, .F. ) ;
#5329 =( NAMED_UNIT ( * ) SI_UNIT ( $, .STERADIAN. ) SOLID_ANGLE_UNIT ( ) );
#5330 = EDGE_LOOP ( 'NONE', ( #8725, #977, #3397, #7451 ) ) ;
#5331 = ORIENTED_EDGE ( 'NONE', *, *, #8225, .T. ) ;
#5332 = PLANE ( 'NONE',  #8730 ) ;
#5333 = VERTEX_POINT ( 'NONE', #3713 ) ;
#5334 = ORIENTED_EDGE ( 'NONE', *, *, #4229, .T. ) ;
#5335 = CARTESIAN_POINT ( 'NONE',  ( 2.715217872447410752, 0.5252332998309695578, -3.047499999999999876 ) ) ;
#5336 = FACE_OUTER_BOUND ( 'NONE', #3138, .T. ) ;
#5337 = VECTOR ( 'NONE', #3228, 1000.000000000000000 ) ;
#5338 = EDGE_CURVE ( 'NONE', #3269, #8636, #2012, .T. ) ;
#5339 = DIRECTION ( 'NONE',  ( -0.000000000000000000, -0.000000000000000000, -1.000000000000000000 ) ) ;
#5340 = LINE ( 'NONE', #7324, #4157 ) ;
#5341 = VECTOR ( 'NONE', #7158, 1000.000000000000000 ) ;
#5342 = VERTEX_POINT ( 'NONE', #7866 ) ;
#5343 = DIRECTION ( 'NONE',  ( 0.9975640502598241977, 0.06975647374412534407, -0.000000000000000000 ) ) ;
#5344 = VERTEX_POINT ( 'NONE', #4288 ) ;
#5345 = EDGE_LOOP ( 'NONE', ( #4509, #6075, #6930, #712 ) ) ;
#5346 = DIRECTION ( 'NONE',  ( -1.000000000000000000, 3.751076125244977118E-16, 0.000000000000000000 ) ) ;
#5347 = VERTEX_POINT ( 'NONE', #5753 ) ;
#5348 = EDGE_CURVE ( 'NONE', #5901, #3750, #7156, .T. ) ;
#5349 = EDGE_CURVE ( 'NONE', #2151, #6039, #2920, .T. ) ;
#5350 = DIRECTION ( 'NONE',  ( -1.000000000000000000, 0.000000000000000000, 0.000000000000000000 ) ) ;
#5351 = AXIS2_PLACEMENT_3D ( 'NONE', #9221, #7013, #575 ) ;
#5352 = PLANE ( 'NONE',  #690 ) ;
#5353 = DIRECTION ( 'NONE',  ( 0.000000000000000000, -0.000000000000000000, -1.000000000000000000 ) ) ;
#5354 = DIRECTION ( 'NONE',  ( 0.000000000000000000, -1.000000000000000000, 0.000000000000000000 ) ) ;
#5355 = ORIENTED_EDGE ( 'NONE', *, *, #2854, .T. ) ;
#5356 = LINE ( 'NONE', #7566, #3747 ) ;
#5357 = VERTEX_POINT ( 'NONE', #3672 ) ;
#5358 = AXIS2_PLACEMENT_3D ( 'NONE', #7564, #8403, #4172 ) ;
#5359 = CYLINDRICAL_SURFACE ( 'NONE', #8871, 0.08121469089664200280 ) ;
#5360 = ORIENTED_EDGE ( 'NONE', *, *, #5646, .F. ) ;
#5361 = CARTESIAN_POINT ( 'NONE',  ( -2.570239956649733593, 0.5227027008975635436, -1.502499999999999947 ) ) ;
#5362 = DIRECTION ( 'NONE',  ( -0.000000000000000000, -0.000000000000000000, -1.000000000000000000 ) ) ;
#5363 = AXIS2_PLACEMENT_3D ( 'NONE', #577, #1278, #4142 ) ;
#5364 = DIRECTION ( 'NONE',  ( 1.000000000000000000, 0.000000000000000000, 0.000000000000000000 ) ) ;
#5365 = ORIENTED_EDGE ( 'NONE', *, *, #136, .F. ) ;
#5366 = LINE ( 'NONE', #8990, #7350 ) ;
#5367 = ORIENTED_EDGE ( 'NONE', *, *, #7068, .F. ) ;
#5368 = CARTESIAN_POINT ( 'NONE',  ( -2.489037635143886984, 0.6024999999999990363, -1.747499999999999831 ) ) ;
#5369 = ADVANCED_BREP_SHAPE_REPRESENTATION ( 'NLSV8T244DTR2G', ( #2778, #221, #8979, #3243, #2798, #6365, #9006, #6158, #67, #9242, #3338, #3303, #200, #6428, #5867, #3321, #6289, #9290, #6315, #8963, #6209, #2751, #3445 ), #5248 ) ;
#5370 = EDGE_CURVE ( 'NONE', #4582, #2446, #2823, .T. ) ;
#5371 = CARTESIAN_POINT ( 'NONE',  ( -2.489037635143886984, 0.7474999999999992761, 2.397499999999999964 ) ) ;
#5372 = CARTESIAN_POINT ( 'NONE',  ( 2.785400298157456600, 0.02828434744848385904, 3.047499999999999432 ) ) ;
#5373 = CARTESIAN_POINT ( 'NONE',  ( 2.795514986850355044, 0.1729311347361582596, 0.4475000000000000089 ) ) ;
#5374 = VERTEX_POINT ( 'NONE', #5702 ) ;
#5375 = DIRECTION ( 'NONE',  ( 1.000000000000000000, 0.000000000000000000, -0.000000000000000000 ) ) ;
#5376 = VERTEX_POINT ( 'NONE', #6544 ) ;
#5377 = ORIENTED_EDGE ( 'NONE', *, *, #411, .T. ) ;
#5378 = LINE ( 'NONE', #304, #3146 ) ;
#5379 = ORIENTED_EDGE ( 'NONE', *, *, #8738, .T. ) ;
#5380 = UNCERTAINTY_MEASURE_WITH_UNIT (LENGTH_MEASURE( 1.000000000000000082E-05 ), #9240, 'distance_accuracy_value', 'NONE');
#5381 = VERTEX_POINT ( 'NONE', #2298 ) ;
#5382 = DIRECTION ( 'NONE',  ( -1.928199552231047327E-16, 0.2079116908177597867, -0.9781476007338055778 ) ) ;
#5383 = DIRECTION ( 'NONE',  ( -0.000000000000000000, -0.000000000000000000, -1.000000000000000000 ) ) ;
#5384 = EDGE_CURVE ( 'NONE', #7255, #8165, #7818, .T. ) ;
#5385 = FACE_OUTER_BOUND ( 'NONE', #6815, .T. ) ;
#5386 = DIRECTION ( 'NONE',  ( 0.9781476007338055778, -0.2079116908177597867, -2.610485547635883319E-16 ) ) ;
#5387 = LINE ( 'NONE', #8251, #3914 ) ;
#5388 = ORIENTED_EDGE ( 'NONE', *, *, #5546, .T. ) ;
#5389 = LINE ( 'NONE', #6664, #3911 ) ;
#5390 = ORIENTED_EDGE ( 'NONE', *, *, #847, .T. ) ;
#5391 = VERTEX_POINT ( 'NONE', #3577 ) ;
#5392 = LINE ( 'NONE', #1675, #2870 ) ;
#5393 = EDGE_CURVE ( 'NONE', #3575, #8448, #2761, .T. ) ;
#5394 = DIRECTION ( 'NONE',  ( -0.06975647374412519142, -0.9975640502598243087, 0.000000000000000000 ) ) ;
#5395 = CARTESIAN_POINT ( 'NONE',  ( -2.199999999999999734, 0.7474999999999991651, -2.397499999999999964 ) ) ;
#5396 = CARTESIAN_POINT ( 'NONE',  ( -2.489037635143886984, 0.6024999999999990363, -0.8524999999999999245 ) ) ;
#5397 = DIRECTION ( 'NONE',  ( 0.9975640502598241977, -0.06975647374412527468, 0.000000000000000000 ) ) ;
#5398 = VERTEX_POINT ( 'NONE', #8702 ) ;
#5399 = EDGE_CURVE ( 'NONE', #3331, #213, #5045, .T. ) ;
#5400 = FACE_OUTER_BOUND ( 'NONE', #2698, .T. ) ;
#5401 = EDGE_CURVE ( 'NONE', #4951, #2976, #6380, .T. ) ;
#5402 = EDGE_LOOP ( 'NONE', ( #353, #5678, #3185, #4663 ) ) ;
#5403 = DIRECTION ( 'NONE',  ( -0.000000000000000000, 0.000000000000000000, 1.000000000000000000 ) ) ;
#5404 = ORIENTED_EDGE ( 'NONE', *, *, #338, .F. ) ;
#5405 = DIRECTION ( 'NONE',  ( 0.2035585949527792815, 0.9576678948579725459, -0.2035585949527793648 ) ) ;
#5406 = AXIS2_PLACEMENT_3D ( 'NONE', #4365, #8734, #5781 ) ;
#5407 = DIRECTION ( 'NONE',  ( 0.000000000000000000, -0.000000000000000000, -1.000000000000000000 ) ) ;
#5408 = DIRECTION ( 'NONE',  ( -1.000000000000000000, 0.000000000000000000, 0.000000000000000000 ) ) ;
#5409 = DIRECTION ( 'NONE',  ( 0.000000000000000000, 0.000000000000000000, 1.000000000000000000 ) ) ;
#5410 = ORIENTED_EDGE ( 'NONE', *, *, #6727, .T. ) ;
#5411 = VECTOR ( 'NONE', #2604, 1000.000000000000000 ) ;
#5412 = DIRECTION ( 'NONE',  ( 0.9975640502598241977, 0.06975647374412526081, 0.000000000000000000 ) ) ;
#5413 = CIRCLE ( 'NONE', #4809, 0.08121469089664243302 ) ;
#5414 = ORIENTED_EDGE ( 'NONE', *, *, #7021, .F. ) ;
#5415 = DIRECTION ( 'NONE',  ( 1.000000000000000000, 3.751076125244977118E-16, -0.000000000000000000 ) ) ;
#5416 = AXIS2_PLACEMENT_3D ( 'NONE', #7360, #8955, #6041 ) ;
#5417 = PLANE ( 'NONE',  #6073 ) ;
#5418 = CLOSED_SHELL ( 'NONE', ( #8085, #8216, #5999, #6668, #1891, #5328, #6127, #5921, #7295, #1646, #2341, #4986, #8629, #3128 ) ) ;
#5419 = CIRCLE ( 'NONE', #3461, 0.2262146908966421732 ) ;
#5420 = FACE_OUTER_BOUND ( 'NONE', #5935, .T. ) ;
#5421 = DIRECTION ( 'NONE',  ( 0.000000000000000000, -0.000000000000000000, -1.000000000000000000 ) ) ;
#5422 = ORIENTED_EDGE ( 'NONE', *, *, #1040, .T. ) ;
#5423 = ORIENTED_EDGE ( 'NONE', *, *, #7075, .T. ) ;
#5424 = ORIENTED_EDGE ( 'NONE', *, *, #115, .F. ) ;
#5425 = AXIS2_PLACEMENT_3D ( 'NONE', #7464, #4601, #1073 ) ;
#5426 = DIRECTION ( 'NONE',  ( 0.000000000000000000, -0.000000000000000000, -1.000000000000000000 ) ) ;
#5427 = EDGE_CURVE ( 'NONE', #5344, #3159, #4724, .T. ) ;
#5428 = ORIENTED_EDGE ( 'NONE', *, *, #2966, .F. ) ;
#5429 = ORIENTED_EDGE ( 'NONE', *, *, #3617, .F. ) ;
#5430 = DIRECTION ( 'NONE',  ( 0.9975640502598241977, -0.06975647374412527468, 0.000000000000000000 ) ) ;
#5431 = CARTESIAN_POINT ( 'NONE',  ( -3.200000000000000622, 0.1446467872876746885, -2.152499999999999858 ) ) ;
#5432 = CARTESIAN_POINT ( 'NONE',  ( -2.489037635143886984, 0.6024999999999990363, -1.502499999999999947 ) ) ;
#5433 = AXIS2_PLACEMENT_3D ( 'NONE', #905, #197, #6593 ) ;
#5434 = DIRECTION ( 'NONE',  ( -2.668805347656631116E-16, -0.000000000000000000, -1.000000000000000000 ) ) ;
#5435 = VERTEX_POINT ( 'NONE', #4618 ) ;
#5436 = CARTESIAN_POINT ( 'NONE',  ( 2.785400298157456600, 0.02828434744848380353, -2.802499999999999769 ) ) ;
#5437 = EDGE_CURVE ( 'NONE', #2435, #9016, #3757, .T. ) ;
#5438 = ORIENTED_EDGE ( 'NONE', *, *, #4206, .T. ) ;
#5439 = VERTEX_POINT ( 'NONE', #8047 ) ;
#5440 = VECTOR ( 'NONE', #5613, 1000.000000000000227 ) ;
#5441 = LINE ( 'NONE', #8825, #4681 ) ;
#5442 = AXIS2_PLACEMENT_3D ( 'NONE', #7724, #6124, #4803 ) ;
#5443 = CIRCLE ( 'NONE', #4990, 0.2262146908966421732 ) ;
#5444 = DIRECTION ( 'NONE',  ( 0.000000000000000000, -0.000000000000000000, -1.000000000000000000 ) ) ;
#5445 = CARTESIAN_POINT ( 'NONE',  ( 2.795514986850355044, 0.1729311347361582596, 1.097499999999999920 ) ) ;
#5446 = VECTOR ( 'NONE', #5728, 1000.000000000000000 ) ;
#5447 = CARTESIAN_POINT ( 'NONE',  ( -2.715217872447410752, 0.5252332998309695578, -2.397499999999999964 ) ) ;
#5448 = FACE_OUTER_BOUND ( 'NONE', #6801, .T. ) ;
#5449 = ADVANCED_FACE ( 'NONE', ( #6633 ), #7525, .F. ) ;
#5450 = DIRECTION ( 'NONE',  ( -0.000000000000000000, -0.000000000000000000, -1.000000000000000000 ) ) ;
#5451 = EDGE_CURVE ( 'NONE', #888, #3234, #5924, .T. ) ;
#5452 = ORIENTED_EDGE ( 'NONE', *, *, #902, .T. ) ;
#5453 = CARTESIAN_POINT ( 'NONE',  ( -2.795514986850355044, 0.1729311347361582596, -2.152499999999999858 ) ) ;
#5454 = ORIENTED_EDGE ( 'NONE', *, *, #4113, .F. ) ;
#5456 = DIRECTION ( 'NONE',  ( 1.000000000000000000, 0.000000000000000000, 0.000000000000000000 ) ) ;
#5455 = VECTOR ( 'NONE', #2737, 1000.000000000000000 ) ;
#5457 = EDGE_CURVE ( 'NONE', #7009, #1945, #219, .T. ) ;
#5458 = LINE ( 'NONE', #9121, #537 ) ;
#5459 = CARTESIAN_POINT ( 'NONE',  ( -2.199999999999999734, 0.7474999999999991651, -1.502499999999999947 ) ) ;
#5460 = CARTESIAN_POINT ( 'NONE',  ( -2.795514986850355044, 0.1729311347361582596, -0.4475000000000000089 ) ) ;
#5461 = VECTOR ( 'NONE', #8402, 1000.000000000000000 ) ;
#5462 = ORIENTED_EDGE ( 'NONE', *, *, #4307, .T. ) ;
#5463 = FACE_OUTER_BOUND ( 'NONE', #261, .T. ) ;
#5464 = VERTEX_POINT ( 'NONE', #2432 ) ;
#5465 = DIRECTION ( 'NONE',  ( -0.000000000000000000, 1.000000000000000000, -0.000000000000000000 ) ) ;
#5466 = VECTOR ( 'NONE', #971, 1000.000000000000227 ) ;
#5467 = EDGE_CURVE ( 'NONE', #5663, #8165, #2380, .T. ) ;
#5468 = LINE ( 'NONE', #8523, #8472 ) ;
#5469 = CARTESIAN_POINT ( 'NONE',  ( -2.199999999999999734, 0.7474999999999991651, -0.2024999999999999856 ) ) ;
#5470 = DIRECTION ( 'NONE',  ( -0.000000000000000000, -0.000000000000000000, -1.000000000000000000 ) ) ;
#5471 = ORIENTED_EDGE ( 'NONE', *, *, #6534, .T. ) ;
#5472 = ADVANCED_FACE ( 'NONE', ( #5314 ), #6023, .F. ) ;
#5473 = FILL_AREA_STYLE ('',( #1787 ) ) ;
#5474 = FILL_AREA_STYLE ('',( #4056 ) ) ;
#5475 = VECTOR ( 'NONE', #5659, 1000.000000000000000 ) ;
#5476 = EDGE_LOOP ( 'NONE', ( #546, #5633, #4227, #1705 ) ) ;
#5477 = CARTESIAN_POINT ( 'NONE',  ( 2.199999999999999734, 0.7474999999999991651, -2.802499999999999769 ) ) ;
#5478 = ORIENTED_EDGE ( 'NONE', *, *, #5684, .F. ) ;
#5479 = VERTEX_POINT ( 'NONE', #6821 ) ;
#5480 = DIRECTION ( 'NONE',  ( -0.000000000000000000, -0.000000000000000000, -1.000000000000000000 ) ) ;
#5481 = DIRECTION ( 'NONE',  ( 3.751076125244977118E-16, 1.000000000000000000, 0.000000000000000000 ) ) ;
#5482 = DIRECTION ( 'NONE',  ( 1.000000000000000000, -3.751076125244977118E-16, 0.000000000000000000 ) ) ;
#5483 =( GEOMETRIC_REPRESENTATION_CONTEXT ( 3 ) GLOBAL_UNCERTAINTY_ASSIGNED_CONTEXT ( ( #5657 ) ) GLOBAL_UNIT_ASSIGNED_CONTEXT ( ( #7509, #6626, #8873 ) ) REPRESENTATION_CONTEXT ( 'NONE', 'WORKASPACE' ) );
#5484 = DIRECTION ( 'NONE',  ( -0.000000000000000000, -0.000000000000000000, -1.000000000000000000 ) ) ;
#5485 = PLANE ( 'NONE',  #1749 ) ;
#5486 = FILL_AREA_STYLE_COLOUR ( '', #2706 ) ;
#5487 = VERTEX_POINT ( 'NONE', #3189 ) ;
#5488 = DIRECTION ( 'NONE',  ( 1.000000000000000000, 0.000000000000000000, -0.000000000000000000 ) ) ;
#5489 = ORIENTED_EDGE ( 'NONE', *, *, #6937, .F. ) ;
#5490 = VERTEX_POINT ( 'NONE', #8884 ) ;
#5491 = VECTOR ( 'NONE', #7538, 1000.000000000000000 ) ;
#5492 = CARTESIAN_POINT ( 'NONE',  ( -2.715217872447410752, 0.5252332998309695578, 2.152499999999999858 ) ) ;
#5493 = LINE ( 'NONE', #1075, #1107 ) ;
#5494 = EDGE_CURVE ( 'NONE', #305, #8746, #1776, .T. ) ;
#5495 = PLANE ( 'NONE',  #541 ) ;
#5496 = VECTOR ( 'NONE', #1556, 1000.000000000000000 ) ;
#5497 = CARTESIAN_POINT ( 'NONE',  ( 2.715217872447410752, 0.5252332998309695578, 2.397499999999999964 ) ) ;
#5498 = DIRECTION ( 'NONE',  ( 1.000000000000000000, 0.000000000000000000, 0.000000000000000000 ) ) ;
#5499 = DIRECTION ( 'NONE',  ( -0.000000000000000000, 1.000000000000000000, -0.000000000000000000 ) ) ;
#5500 = ORIENTED_EDGE ( 'NONE', *, *, #3421, .T. ) ;
#5501 = CARTESIAN_POINT ( 'NONE',  ( -2.801180237303523946, 0.2539479907276123161, 3.047499999999999432 ) ) ;
#5502 = ORIENTED_EDGE ( 'NONE', *, *, #6139, .T. ) ;
#5503 = AXIS2_PLACEMENT_3D ( 'NONE', #1200, #7695, #2041 ) ;
#5504 = EDGE_CURVE ( 'NONE', #2506, #2505, #1639, .T. ) ;
#5505 = CARTESIAN_POINT ( 'NONE',  ( -2.199999999999999734, 0.7474999999999991651, 0.8524999999999999245 ) ) ;
#5506 = ADVANCED_FACE ( 'NONE', ( #3955 ), #241, .F. ) ;
#5507 = DIRECTION ( 'NONE',  ( -0.000000000000000000, -0.000000000000000000, -1.000000000000000000 ) ) ;
#5509 = CIRCLE ( 'NONE', #4311, 0.2262146908966421732 ) ;
#5508 = FACE_OUTER_BOUND ( 'NONE', #7089, .T. ) ;
#5510 = ORIENTED_EDGE ( 'NONE', *, *, #115, .T. ) ;
#5511 = CARTESIAN_POINT ( 'NONE',  ( 2.801180237303523946, 0.2539479907276123161, -2.802499999999999769 ) ) ;
#5512 = VERTEX_POINT ( 'NONE', #6072 ) ;
#5513 = PLANE ( 'NONE',  #3937 ) ;
#5514 = AXIS2_PLACEMENT_3D ( 'NONE', #1777, #2479, #5364 ) ;
#5515 = EDGE_CURVE ( 'NONE', #8851, #4434, #5932, .T. ) ;
#5516 = LINE ( 'NONE', #8424, #71 ) ;
#5517 = DIRECTION ( 'NONE',  ( -0.06975647374412519142, -0.9975640502598243087, 0.000000000000000000 ) ) ;
#5518 = CARTESIAN_POINT ( 'NONE',  ( -2.489037635143886984, 0.7474999999999992761, -1.502499999999999947 ) ) ;
#5519 = ORIENTED_EDGE ( 'NONE', *, *, #1089, .F. ) ;
#5520 = DIRECTION ( 'NONE',  ( 1.000000000000000000, 0.000000000000000000, 0.000000000000000000 ) ) ;
#5521 = VECTOR ( 'NONE', #7014, 1000.000000000000000 ) ;
#5522 = ORIENTED_EDGE ( 'NONE', *, *, #2968, .F. ) ;
#5523 = EDGE_CURVE ( 'NONE', #6792, #5054, #4131, .T. ) ;
#5524 = LINE ( 'NONE', #5564, #2550 ) ;
#5525 = EDGE_CURVE ( 'NONE', #2002, #5391, #8929, .T. ) ;
#5526 = ORIENTED_EDGE ( 'NONE', *, *, #6447, .F. ) ;
#5527 = ORIENTED_EDGE ( 'NONE', *, *, #4173, .T. ) ;
#5528 = LINE ( 'NONE', #4112, #7851 ) ;
#5529 = LINE ( 'NONE', #6281, #7554 ) ;
#5530 = DIRECTION ( 'NONE',  ( 0.000000000000000000, -0.000000000000000000, -1.000000000000000000 ) ) ;
#5531 = LINE ( 'NONE', #1995, #722 ) ;
#5532 = CARTESIAN_POINT ( 'NONE',  ( -2.719977915797677337, 0.2525305989334057921, -1.747499999999999831 ) ) ;
#5533 = DIRECTION ( 'NONE',  ( -1.000000000000000000, 0.000000000000000000, 0.000000000000000000 ) ) ;
#5534 = ORIENTED_EDGE ( 'NONE', *, *, #3762, .F. ) ;
#5535 = PLANE ( 'NONE',  #1213 ) ;
#5536 = VERTEX_POINT ( 'NONE', #7339 ) ;
#5537 = EDGE_LOOP ( 'NONE', ( #2912, #5245, #1615, #6825 ) ) ;
#5538 = CARTESIAN_POINT ( 'NONE',  ( -2.570239956649733593, 0.5227027008975635436, 1.747500000000000275 ) ) ;
#5539 = CARTESIAN_POINT ( 'NONE',  ( -2.199999999999999734, 0.7474999999999991651, -0.2024999999999999856 ) ) ;
#5540 = CARTESIAN_POINT ( 'NONE',  ( -2.489037635143886984, 0.5212853091033570196, 3.047499999999999432 ) ) ;
#5541 = DIRECTION ( 'NONE',  ( -0.000000000000000000, 0.000000000000000000, 1.000000000000000000 ) ) ;
#5542 = CARTESIAN_POINT ( 'NONE',  ( -2.200000000000000622, 0.6024999999999991473, -3.249999999999992006 ) ) ;
#5543 = VERTEX_POINT ( 'NONE', #1688 ) ;
#5544 = DIRECTION ( 'NONE',  ( -0.000000000000000000, -0.000000000000000000, -1.000000000000000000 ) ) ;
#5545 = ORIENTED_EDGE ( 'NONE', *, *, #7762, .T. ) ;
#5546 = EDGE_CURVE ( 'NONE', #1718, #7030, #826, .T. ) ;
#5547 = DIRECTION ( 'NONE',  ( -0.000000000000000000, 1.000000000000000000, -0.000000000000000000 ) ) ;
#5548 = DIRECTION ( 'NONE',  ( -0.06975647374412519142, -0.9975640502598243087, 0.000000000000000000 ) ) ;
#5549 = DIRECTION ( 'NONE',  ( -0.000000000000000000, -0.000000000000000000, -1.000000000000000000 ) ) ;
#5550 = ORIENTED_EDGE ( 'NONE', *, *, #6960, .T. ) ;
#5551 = DIRECTION ( 'NONE',  ( 1.000000000000000000, 0.000000000000000000, 0.000000000000000000 ) ) ;
#5552 = ORIENTED_EDGE ( 'NONE', *, *, #2865, .T. ) ;
#5553 = MECHANICAL_DESIGN_GEOMETRIC_PRESENTATION_REPRESENTATION (  '', ( #8124 ), #7501 ) ;
#5554 = EDGE_CURVE ( 'NONE', #8538, #1368, #3804, .T. ) ;
#5555 = LINE ( 'NONE', #7582, #8289 ) ;
#5556 = DIRECTION ( 'NONE',  ( 0.000000000000000000, -0.000000000000000000, -1.000000000000000000 ) ) ;
#5557 = DIRECTION ( 'NONE',  ( -0.01745240643728362268, -0.9998476951563911586, 0.000000000000000000 ) ) ;
#5558 = CARTESIAN_POINT ( 'NONE',  ( -3.200000000000000622, 0.1446467872876746885, 2.397499999999999964 ) ) ;
#5559 = ORIENTED_EDGE ( 'NONE', *, *, #3081, .T. ) ;
#5560 = EDGE_CURVE ( 'NONE', #2317, #578, #2614, .T. ) ;
#5561 = ORIENTED_EDGE ( 'NONE', *, *, #5565, .F. ) ;
#5562 = ORIENTED_EDGE ( 'NONE', *, *, #7391, .T. ) ;
#5563 = EDGE_CURVE ( 'NONE', #5871, #145, #7433, .T. ) ;
#5564 = CARTESIAN_POINT ( 'NONE',  ( -2.575000000000001066, 0.2499999999999996669, 1.097499999999999920 ) ) ;
#5565 = EDGE_CURVE ( 'NONE', #513, #1182, #7573, .T. ) ;
#5566 = VERTEX_POINT ( 'NONE', #2524 ) ;
#5567 = VERTEX_POINT ( 'NONE', #8371 ) ;
#5568 = VECTOR ( 'NONE', #6429, 1000.000000000000000 ) ;
#5569 = CLOSED_SHELL ( 'NONE', ( #3244, #9136, #7817, #1268, #6258, #1771, #3548, #1410, #8276, #3325, #7833, #894, #7574, #3608 ) ) ;
#5570 = LINE ( 'NONE', #4915, #5764 ) ;
#5571 = MECHANICAL_DESIGN_GEOMETRIC_PRESENTATION_REPRESENTATION (  '', ( #3744 ), #6925 ) ;
#5572 = DIRECTION ( 'NONE',  ( -0.000000000000000000, -0.000000000000000000, -1.000000000000000000 ) ) ;
#5573 = EDGE_CURVE ( 'NONE', #3820, #5619, #7761, .T. ) ;
#5574 = EDGE_CURVE ( 'NONE', #4146, #1138, #5458, .T. ) ;
#5575 = CARTESIAN_POINT ( 'NONE',  ( -2.199999999999999734, 0.7474999999999991651, 0.2024999999999999856 ) ) ;
#5576 = DIRECTION ( 'NONE',  ( -0.000000000000000000, -0.000000000000000000, -1.000000000000000000 ) ) ;
#5577 = AXIS2_PLACEMENT_3D ( 'NONE', #1336, #5760, #5666 ) ;
#5578 = CARTESIAN_POINT ( 'NONE',  ( 3.200000000000000622, 0.1446467872876746885, -2.802499999999999769 ) ) ;
#5579 = ORIENTED_EDGE ( 'NONE', *, *, #7925, .T. ) ;
#5580 = ORIENTED_EDGE ( 'NONE', *, *, #2968, .T. ) ;
#5581 = PLANE ( 'NONE',  #1649 ) ;
#5582 = VERTEX_POINT ( 'NONE', #1871 ) ;
#5583 = VERTEX_POINT ( 'NONE', #617 ) ;
#5584 = CARTESIAN_POINT ( 'NONE',  ( 2.570239956649733593, 0.5227027008975635436, 0.2024999999999999856 ) ) ;
#5585 = VECTOR ( 'NONE', #7559, 1000.000000000000000 ) ;
#5586 = CARTESIAN_POINT ( 'NONE',  ( -2.785400298157456600, 0.02828434744848380353, -0.8524999999999999245 ) ) ;
#5587 = EDGE_CURVE ( 'NONE', #6002, #4816, #1323, .T. ) ;
#5588 = DIRECTION ( 'NONE',  ( -0.000000000000000000, -0.000000000000000000, -1.000000000000000000 ) ) ;
#5589 = DIRECTION ( 'NONE',  ( -1.000000000000000000, 3.751076125244977118E-16, 0.000000000000000000 ) ) ;
#5590 = VECTOR ( 'NONE', #5944, 1000.000000000000000 ) ;
#5591 = EDGE_CURVE ( 'NONE', #804, #5398, #4848, .T. ) ;
#5592 = VECTOR ( 'NONE', #4928, 1000.000000000000000 ) ;
#5593 = DIRECTION ( 'NONE',  ( -0.2035585949527793370, 0.9576678948579724349, -0.2035585949527792815 ) ) ;
#5594 = PRODUCT_DEFINITION_CONTEXT ( 'detailed design', #5113, 'design' ) ;
#5595 = ORIENTED_EDGE ( 'NONE', *, *, #455, .F. ) ;
#5596 = CARTESIAN_POINT ( 'NONE',  ( 2.199999999999999734, 0.7474999999999991651, -0.2024999999999999856 ) ) ;
#5597 = EDGE_LOOP ( 'NONE', ( #7330, #280, #7272, #256 ) ) ;
#5598 = VECTOR ( 'NONE', #383, 1000.000000000000000 ) ;
#5599 = AXIS2_PLACEMENT_3D ( 'NONE', #8297, #7597, #4061 ) ;
#5600 = CARTESIAN_POINT ( 'NONE',  ( 2.795514986850355044, 0.1729311347361582596, 2.152499999999999858 ) ) ;
#5601 = DIRECTION ( 'NONE',  ( -1.000000000000000000, -3.751076125244977118E-16, 0.000000000000000000 ) ) ;
#5602 = PLANE ( 'NONE',  #5951 ) ;
#5603 = VERTEX_POINT ( 'NONE', #8464 ) ;
#5604 = DIRECTION ( 'NONE',  ( 0.000000000000000000, -0.000000000000000000, -1.000000000000000000 ) ) ;
#5605 = VECTOR ( 'NONE', #2127, 1000.000000000000000 ) ;
#5606 = ORIENTED_EDGE ( 'NONE', *, *, #855, .F. ) ;
#5607 = FACE_OUTER_BOUND ( 'NONE', #4650, .T. ) ;
#5608 = CARTESIAN_POINT ( 'NONE',  ( -2.489037635143886984, 0.5212853091033570196, 2.397499999999999964 ) ) ;
#5609 = VECTOR ( 'NONE', #2191, 1000.000000000000000 ) ;
#5611 = FILL_AREA_STYLE_COLOUR ( '', #3693 ) ;
#5610 = AXIS2_PLACEMENT_3D ( 'NONE', #9045, #2074, #7820 ) ;
#5612 = EDGE_CURVE ( 'NONE', #6441, #5288, #7053, .T. ) ;
#5613 = DIRECTION ( 'NONE',  ( -0.01745240643728362268, 0.9998476951563911586, 0.000000000000000000 ) ) ;
#5614 = ORIENTED_EDGE ( 'NONE', *, *, #1147, .F. ) ;
#5615 = FACE_OUTER_BOUND ( 'NONE', #3775, .T. ) ;
#5616 = ORIENTED_EDGE ( 'NONE', *, *, #5744, .F. ) ;
#5617 = CARTESIAN_POINT ( 'NONE',  ( 2.199999999999999734, 0.7474999999999991651, 0.2024999999999999856 ) ) ;
#5618 = EDGE_LOOP ( 'NONE', ( #7027, #4404, #6272, #9012 ) ) ;
#5619 = VERTEX_POINT ( 'NONE', #1132 ) ;
#5620 = VECTOR ( 'NONE', #7537, 1000.000000000000000 ) ;
#5621 = CARTESIAN_POINT ( 'NONE',  ( 2.795514986850355044, 0.1729311347361582596, 0.2024999999999999856 ) ) ;
#5622 = FACE_OUTER_BOUND ( 'NONE', #7420, .T. ) ;
#5623 = CARTESIAN_POINT ( 'NONE',  ( 3.200000000000000622, 0.1446467872876746885, 2.397499999999999964 ) ) ;
#5624 = EDGE_CURVE ( 'NONE', #2780, #966, #3380, .T. ) ;
#5625 = ADVANCED_FACE ( 'NONE', ( #6353 ), #1915, .F. ) ;
#5626 = CARTESIAN_POINT ( 'NONE',  ( -2.199999999999999734, 0.7474999999999991651, -1.747499999999999831 ) ) ;
#5627 = CIRCLE ( 'NONE', #821, 0.08121469089664200280 ) ;
#5628 = CARTESIAN_POINT ( 'NONE',  ( 2.715217872447410752, 0.5252332998309695578, -2.152499999999999858 ) ) ;
#5629 = CARTESIAN_POINT ( 'NONE',  ( -3.200000000000000622, 0.1446467872876746885, -0.8524999999999999245 ) ) ;
#5630 = ORIENTED_EDGE ( 'NONE', *, *, #1555, .T. ) ;
#5631 = EDGE_LOOP ( 'NONE', ( #7699, #6753, #245, #2450 ) ) ;
#5632 = CARTESIAN_POINT ( 'NONE',  ( -2.785400298157456600, 0.02828434744848385904, 1.502500000000000391 ) ) ;
#5633 = ORIENTED_EDGE ( 'NONE', *, *, #4229, .F. ) ;
#5634 = ORIENTED_EDGE ( 'NONE', *, *, #6590, .F. ) ;
#5635 = DIRECTION ( 'NONE',  ( 0.9975640502598241977, -0.06975647374412534407, 0.000000000000000000 ) ) ;
#5636 = EDGE_CURVE ( 'NONE', #6121, #9075, #1719, .T. ) ;
#5637 = SURFACE_STYLE_FILL_AREA ( #2800 ) ;
#5638 = VECTOR ( 'NONE', #6965, 1000.000000000000000 ) ;
#5639 = FACE_OUTER_BOUND ( 'NONE', #560, .T. ) ;
#5640 = CARTESIAN_POINT ( 'NONE',  ( -2.795514986850355044, 0.1729311347361582596, -0.2024999999999999856 ) ) ;
#5641 = CARTESIAN_POINT ( 'NONE',  ( 2.570239956649733593, 0.5227027008975635436, 1.747500000000000275 ) ) ;
#5642 = STYLED_ITEM ( 'NONE', ( #21 ), #6158 ) ;
#5643 = CARTESIAN_POINT ( 'NONE',  ( -2.489037635143886984, 0.5212853091033570196, 3.047499999999999432 ) ) ;
#5644 = ORIENTED_EDGE ( 'NONE', *, *, #8893, .F. ) ;
#5645 = LINE ( 'NONE', #6252, #6629 ) ;
#5646 = EDGE_CURVE ( 'NONE', #4553, #2641, #8275, .T. ) ;
#5647 = ORIENTED_EDGE ( 'NONE', *, *, #6138, .F. ) ;
#5648 = ADVANCED_FACE ( 'NONE', ( #9034 ), #6867, .F. ) ;
#5649 = PRESENTATION_LAYER_ASSIGNMENT (  '', '', ( #391 ) ) ;
#5650 = CARTESIAN_POINT ( 'NONE',  ( -1.653818155844315463, 1.100000000000000533, -2.503818155844308002 ) ) ;
#5651 = DIRECTION ( 'NONE',  ( -3.751076125244977118E-16, 1.000000000000000000, 0.000000000000000000 ) ) ;
#5652 = DIRECTION ( 'NONE',  ( 0.000000000000000000, -0.000000000000000000, -1.000000000000000000 ) ) ;
#5653 = ORIENTED_EDGE ( 'NONE', *, *, #5185, .T. ) ;
#5654 = CARTESIAN_POINT ( 'NONE',  ( -2.801180237303523946, 0.2539479907276123161, -2.802499999999999769 ) ) ;
#5655 = AXIS2_PLACEMENT_3D ( 'NONE', #669, #9272, #849 ) ;
#5656 = ORIENTED_EDGE ( 'NONE', *, *, #4943, .T. ) ;
#5657 = UNCERTAINTY_MEASURE_WITH_UNIT (LENGTH_MEASURE( 1.000000000000000082E-05 ), #7509, 'distance_accuracy_value', 'NONE');
#5658 = DIRECTION ( 'NONE',  ( 0.000000000000000000, 1.000000000000000000, 0.000000000000000000 ) ) ;
#5659 = DIRECTION ( 'NONE',  ( 1.000000000000000000, 0.000000000000000000, 0.000000000000000000 ) ) ;
#5660 = CIRCLE ( 'NONE', #9270, 0.08121469089664243302 ) ;
#5661 = FILL_AREA_STYLE_COLOUR ( '', #1445 ) ;
#5662 = LINE ( 'NONE', #4104, #5440 ) ;
#5663 = VERTEX_POINT ( 'NONE', #1275 ) ;
#5664 = CARTESIAN_POINT ( 'NONE',  ( -2.785400298157456600, 0.02828434744848380353, -2.397499999999999964 ) ) ;
#5665 = ORIENTED_EDGE ( 'NONE', *, *, #4934, .T. ) ;
#5666 = DIRECTION ( 'NONE',  ( -0.06975647374412519142, 0.9975640502598243087, 0.000000000000000000 ) ) ;
#5667 = VERTEX_POINT ( 'NONE', #4138 ) ;
#5668 = AXIS2_PLACEMENT_3D ( 'NONE', #6942, #7601, #1158 ) ;
#5669 =( NAMED_UNIT ( * ) PLANE_ANGLE_UNIT ( ) SI_UNIT ( $, .RADIAN. ) );
#5670 = EDGE_CURVE ( 'NONE', #145, #1676, #4895, .T. ) ;
#5671 = CARTESIAN_POINT ( 'NONE',  ( -2.489037635143886984, 0.5212853091033570196, -0.2024999999999999856 ) ) ;
#5672 = DIRECTION ( 'NONE',  ( -0.000000000000000000, 0.000000000000000000, 1.000000000000000000 ) ) ;
#5673 = FACE_OUTER_BOUND ( 'NONE', #4176, .T. ) ;
#5674 = PLANE ( 'NONE',  #243 ) ;
#5675 = VECTOR ( 'NONE', #2133, 1000.000000000000000 ) ;
#5676 = DIRECTION ( 'NONE',  ( 0.000000000000000000, -0.000000000000000000, -1.000000000000000000 ) ) ;
#5677 = LINE ( 'NONE', #9295, #1515 ) ;
#5678 = ORIENTED_EDGE ( 'NONE', *, *, #2622, .F. ) ;
#5679 = ORIENTED_EDGE ( 'NONE', *, *, #3494, .T. ) ;
#5680 = PLANE ( 'NONE',  #7369 ) ;
#5681 = ORIENTED_EDGE ( 'NONE', *, *, #3429, .F. ) ;
#5682 = EDGE_LOOP ( 'NONE', ( #9150, #4626, #7626, #8954 ) ) ;
#5683 = DIRECTION ( 'NONE',  ( 1.000000000000000000, 0.000000000000000000, 0.000000000000000000 ) ) ;
#5684 = EDGE_CURVE ( 'NONE', #9109, #1338, #573, .T. ) ;
#5685 = SURFACE_SIDE_STYLE ('',( #7794 ) ) ;
#5686 = DIRECTION ( 'NONE',  ( -0.9975640502598241977, -0.06975647374412534407, 0.000000000000000000 ) ) ;
#5687 = DIRECTION ( 'NONE',  ( 0.000000000000000000, -0.000000000000000000, -1.000000000000000000 ) ) ;
#5688 = CARTESIAN_POINT ( 'NONE',  ( 2.570239956649733593, 0.5227027008975635436, -3.047499999999999876 ) ) ;
#5689 = PLANE ( 'NONE',  #1357 ) ;
#5690 = ORIENTED_EDGE ( 'NONE', *, *, #810, .T. ) ;
#5691 = PLANE ( 'NONE',  #6343 ) ;
#5692 = VERTEX_POINT ( 'NONE', #3283 ) ;
#5693 = EDGE_CURVE ( 'NONE', #2044, #3597, #6161, .T. ) ;
#5694 = CARTESIAN_POINT ( 'NONE',  ( 2.570239956649733593, 0.5227027008975635436, 2.397499999999999964 ) ) ;
#5695 = EDGE_CURVE ( 'NONE', #6710, #2044, #4752, .T. ) ;
#5696 = DIRECTION ( 'NONE',  ( 0.01745240643728044813, 0.9998476951563912696, 0.000000000000000000 ) ) ;
#5697 = EDGE_CURVE ( 'NONE', #2760, #5512, #481, .T. ) ;
#5698 = ORIENTED_EDGE ( 'NONE', *, *, #4899, .F. ) ;
#5699 = DIRECTION ( 'NONE',  ( 0.000000000000000000, -0.000000000000000000, -1.000000000000000000 ) ) ;
#5700 = ORIENTED_EDGE ( 'NONE', *, *, #7939, .T. ) ;
#5701 = SURFACE_STYLE_FILL_AREA ( #6407 ) ;
#5702 = CARTESIAN_POINT ( 'NONE',  ( 2.489037635143886984, 0.7474999999999992761, -2.802499999999999769 ) ) ;
#5703 = CARTESIAN_POINT ( 'NONE',  ( -2.199999999999999734, 0.6024999999999991473, 2.397499999999999964 ) ) ;
#5704 = VERTEX_POINT ( 'NONE', #6210 ) ;
#5705 = SURFACE_STYLE_USAGE ( .BOTH. , #9093 ) ;
#5706 = CARTESIAN_POINT ( 'NONE',  ( 2.570239956649733593, 0.5227027008975635436, 2.397499999999999964 ) ) ;
#5707 = VERTEX_POINT ( 'NONE', #9077 ) ;
#5708 = DIRECTION ( 'NONE',  ( 0.000000000000000000, 0.000000000000000000, 1.000000000000000000 ) ) ;
#5709 = ORIENTED_EDGE ( 'NONE', *, *, #2753, .F. ) ;
#5710 = DIRECTION ( 'NONE',  ( 0.000000000000000000, -0.000000000000000000, -1.000000000000000000 ) ) ;
#5711 = LINE ( 'NONE', #8578, #5605 ) ;
#5712 = VECTOR ( 'NONE', #2567, 1000.000000000000227 ) ;
#5713 = CARTESIAN_POINT ( 'NONE',  ( -2.801180237303523946, 0.2539479907276123161, 1.097499999999999920 ) ) ;
#5714 = CARTESIAN_POINT ( 'NONE',  ( -2.199999999999999734, 0.7474999999999991651, 2.397499999999999964 ) ) ;
#5715 = DIRECTION ( 'NONE',  ( -0.000000000000000000, -0.000000000000000000, -1.000000000000000000 ) ) ;
#5716 = CARTESIAN_POINT ( 'NONE',  ( 2.200000000000000622, 0.6024999999999991473, 3.249999999999995115 ) ) ;
#5717 = EDGE_CURVE ( 'NONE', #6944, #886, #4093, .T. ) ;
#5718 = DIRECTION ( 'NONE',  ( 0.000000000000000000, -0.000000000000000000, -1.000000000000000000 ) ) ;
#5719 = VERTEX_POINT ( 'NONE', #5650 ) ;
#5720 = ORIENTED_EDGE ( 'NONE', *, *, #1322, .F. ) ;
#5721 = AXIS2_PLACEMENT_3D ( 'NONE', #6740, #6651, #1055 ) ;
#5722 = DIRECTION ( 'NONE',  ( -0.01745240643728044813, -0.9998476951563912696, 0.000000000000000000 ) ) ;
#5723 = ORIENTED_EDGE ( 'NONE', *, *, #3627, .F. ) ;
#5724 = CLOSED_SHELL ( 'NONE', ( #6780, #4632, #2281, #694, #8595, #7251, #7385, #4472, #3720, #7981, #4683, #5931, #7422, #7355 ) ) ;
#5725 = ORIENTED_EDGE ( 'NONE', *, *, #2678, .F. ) ;
#5726 = CARTESIAN_POINT ( 'NONE',  ( -2.489037635143886984, 0.6024999999999990363, 3.047499999999999432 ) ) ;
#5727 = AXIS2_PLACEMENT_3D ( 'NONE', #8030, #2194, #3074 ) ;
#5728 = DIRECTION ( 'NONE',  ( -1.000000000000000000, 3.751076125244977118E-16, 0.000000000000000000 ) ) ;
#5729 = CARTESIAN_POINT ( 'NONE',  ( 2.795514986850355044, 0.1729311347361582596, 3.047499999999999432 ) ) ;
#5730 = AXIS2_PLACEMENT_3D ( 'NONE', #1867, #6017, #3894 ) ;
#5731 = COLOUR_RGB ( '',0.8000000000000000444, 0.8196078431372548767, 0.9333333333333333481 ) ;
#5732 =( GEOMETRIC_REPRESENTATION_CONTEXT ( 3 ) GLOBAL_UNCERTAINTY_ASSIGNED_CONTEXT ( ( #3851 ) ) GLOBAL_UNIT_ASSIGNED_CONTEXT ( ( #2602, #3930, #8162 ) ) REPRESENTATION_CONTEXT ( 'NONE', 'WORKASPACE' ) );
#5733 = DIRECTION ( 'NONE',  ( -0.9975640502598241977, 0.06975647374412526081, 0.000000000000000000 ) ) ;
#5734 = EDGE_CURVE ( 'NONE', #9139, #8270, #6079, .T. ) ;
#5735 = DIRECTION ( 'NONE',  ( -0.06975647374412519142, -0.9975640502598243087, 0.000000000000000000 ) ) ;
#5736 = CARTESIAN_POINT ( 'NONE',  ( 2.570239956649733593, 0.5227027008975635436, 2.397499999999999964 ) ) ;
#5737 = VERTEX_POINT ( 'NONE', #8512 ) ;
#5738 = PLANE ( 'NONE',  #2269 ) ;
#5739 = EDGE_LOOP ( 'NONE', ( #3917, #5534, #1360, #9268 ) ) ;
#5740 = AXIS2_PLACEMENT_3D ( 'NONE', #1220, #2060, #3330 ) ;
#5741 = DIRECTION ( 'NONE',  ( -1.000000000000000000, 0.000000000000000000, 0.000000000000000000 ) ) ;
#5742 = DIRECTION ( 'NONE',  ( -0.01745240643728362268, 0.9998476951563911586, 0.000000000000000000 ) ) ;
#5743 = AXIS2_PLACEMENT_3D ( 'NONE', #6389, #1906, #5683 ) ;
#5744 = EDGE_CURVE ( 'NONE', #5619, #2641, #7237, .T. ) ;
#5745 = ORIENTED_EDGE ( 'NONE', *, *, #1435, .T. ) ;
#5746 = LINE ( 'NONE', #3043, #4102 ) ;
#5747 = ORIENTED_EDGE ( 'NONE', *, *, #4833, .T. ) ;
#5748 = UNCERTAINTY_MEASURE_WITH_UNIT (LENGTH_MEASURE( 1.000000000000000082E-05 ), #7294, 'distance_accuracy_value', 'NONE');
#5750 = DIRECTION ( 'NONE',  ( -1.000000000000000000, 0.000000000000000000, 0.000000000000000000 ) ) ;
#5749 = AXIS2_PLACEMENT_3D ( 'NONE', #6703, #2360, #8910 ) ;
#5751 = EDGE_CURVE ( 'NONE', #8777, #4416, #4279, .T. ) ;
#5752 = AXIS2_PLACEMENT_3D ( 'NONE', #108, #7876, #687 ) ;
#5753 = CARTESIAN_POINT ( 'NONE',  ( 3.200000000000000622, 0.1446467872876746885, 0.4475000000000000089 ) ) ;
#5754 = CYLINDRICAL_SURFACE ( 'NONE', #5190, 0.08121469089664200280 ) ;
#5755 = DIRECTION ( 'NONE',  ( 1.000000000000000000, 0.000000000000000000, -0.000000000000000000 ) ) ;
#5756 = PRESENTATION_LAYER_ASSIGNMENT (  '', '', ( #3942 ) ) ;
#5757 = ORIENTED_EDGE ( 'NONE', *, *, #8217, .F. ) ;
#5758 = DIRECTION ( 'NONE',  ( 0.01745240643728362268, -0.9998476951563911586, 0.000000000000000000 ) ) ;
#5759 = ORIENTED_EDGE ( 'NONE', *, *, #4825, .T. ) ;
#5760 = DIRECTION ( 'NONE',  ( 0.9975640502598243087, 0.06975647374412519142, -0.000000000000000000 ) ) ;
#5761 = ORIENTED_EDGE ( 'NONE', *, *, #38, .F. ) ;
#5762 = EDGE_CURVE ( 'NONE', #4458, #6227, #92, .T. ) ;
#5763 = CARTESIAN_POINT ( 'NONE',  ( -2.489037635143886984, 0.6024999999999990363, 1.502500000000000391 ) ) ;
#5764 = VECTOR ( 'NONE', #110, 1000.000000000000000 ) ;
#5765 = CYLINDRICAL_SURFACE ( 'NONE', #7269, 0.2262146908966421732 ) ;
#5766 = EDGE_CURVE ( 'NONE', #6577, #7202, #6536, .T. ) ;
#5767 = DIRECTION ( 'NONE',  ( 0.000000000000000000, 0.000000000000000000, 1.000000000000000000 ) ) ;
#5768 = PLANE ( 'NONE',  #8367 ) ;
#5769 = PRESENTATION_STYLE_ASSIGNMENT (( #2353 ) ) ;
#5770 = EDGE_LOOP ( 'NONE', ( #475, #1715, #5720, #6985 ) ) ;
#5771 = VECTOR ( 'NONE', #2419, 1000.000000000000000 ) ;
#5772 = ORIENTED_EDGE ( 'NONE', *, *, #8205, .F. ) ;
#5773 = FACE_OUTER_BOUND ( 'NONE', #3818, .T. ) ;
#5774 = ORIENTED_EDGE ( 'NONE', *, *, #1119, .F. ) ;
#5775 = ORIENTED_EDGE ( 'NONE', *, *, #2231, .F. ) ;
#5776 = CARTESIAN_POINT ( 'NONE',  ( -2.801180237303523946, 0.2539479907276123161, -0.4475000000000000089 ) ) ;
#5777 = PLANE ( 'NONE',  #4395 ) ;
#5778 = CARTESIAN_POINT ( 'NONE',  ( -2.715217872447410752, 0.5252332998309695578, -1.747499999999999831 ) ) ;
#5779 = VECTOR ( 'NONE', #3980, 1000.000000000000227 ) ;
#5780 = PLANE ( 'NONE',  #6705 ) ;
#5781 = DIRECTION ( 'NONE',  ( -1.000000000000000000, 0.000000000000000000, 0.000000000000000000 ) ) ;
#5782 = ORIENTED_EDGE ( 'NONE', *, *, #8042, .F. ) ;
#5783 = CIRCLE ( 'NONE', #8633, 0.08121469089664243302 ) ;
#5784 = LINE ( 'NONE', #3745, #1969 ) ;
#5785 = ORIENTED_EDGE ( 'NONE', *, *, #8894, .F. ) ;
#5786 = ADVANCED_FACE ( 'NONE', ( #7193 ), #8697, .F. ) ;
#5787 = DIRECTION ( 'NONE',  ( -0.01745240643728362268, 0.9998476951563911586, 0.000000000000000000 ) ) ;
#5788 = VECTOR ( 'NONE', #6255, 1000.000000000000000 ) ;
#5789 = FACE_OUTER_BOUND ( 'NONE', #5196, .T. ) ;
#5790 = EDGE_LOOP ( 'NONE', ( #7191, #6582, #4400, #4027 ) ) ;
#5791 = LINE ( 'NONE', #2957, #4562 ) ;
#5792 = ORIENTED_EDGE ( 'NONE', *, *, #4645, .T. ) ;
#5793 = AXIS2_PLACEMENT_3D ( 'NONE', #9292, #6809, #1811 ) ;
#5794 = CYLINDRICAL_SURFACE ( 'NONE', #2822, 0.2000000000000000944 ) ;
#5795 = EDGE_CURVE ( 'NONE', #7030, #2317, #3662, .T. ) ;
#5796 = DIRECTION ( 'NONE',  ( 0.000000000000000000, 0.000000000000000000, 1.000000000000000000 ) ) ;
#5797 = DIRECTION ( 'NONE',  ( -0.000000000000000000, 0.000000000000000000, 1.000000000000000000 ) ) ;
#5798 = CARTESIAN_POINT ( 'NONE',  ( -2.715217872447410752, 0.5252332998309695578, 0.8524999999999999245 ) ) ;
#5799 = MECHANICAL_DESIGN_GEOMETRIC_PRESENTATION_REPRESENTATION (  '', ( #391 ), #4596 ) ;
#5800 = VERTEX_POINT ( 'NONE', #758 ) ;
#5801 = CARTESIAN_POINT ( 'NONE',  ( 2.570239956649733593, 0.5227027008975635436, 2.802499999999999325 ) ) ;
#5802 = ORIENTED_EDGE ( 'NONE', *, *, #4293, .T. ) ;
#5803 = ORIENTED_EDGE ( 'NONE', *, *, #4307, .F. ) ;
#5804 = PLANE ( 'NONE',  #5752 ) ;
#5805 = EDGE_CURVE ( 'NONE', #5719, #7670, #4939, .T. ) ;
#5806 = DIRECTION ( 'NONE',  ( -1.000000000000000000, 0.000000000000000000, 0.000000000000000000 ) ) ;
#5807 = LINE ( 'NONE', #4394, #5311 ) ;
#5808 = CARTESIAN_POINT ( 'NONE',  ( -2.570239956649733593, 0.5227027008975635436, 2.152499999999999858 ) ) ;
#5809 = CARTESIAN_POINT ( 'NONE',  ( -2.801180237303523946, 0.2539479907276123161, -0.8524999999999999245 ) ) ;
#5810 = DIRECTION ( 'NONE',  ( 1.000000000000000000, 3.751076125244977118E-16, -0.000000000000000000 ) ) ;
#5811 = EDGE_CURVE ( 'NONE', #4460, #3223, #7992, .T. ) ;
#5812 = EDGE_CURVE ( 'NONE', #213, #3632, #6531, .T. ) ;
#5813 = LINE ( 'NONE', #8680, #1223 ) ;
#5814 = ORIENTED_EDGE ( 'NONE', *, *, #3351, .F. ) ;
#5815 = CIRCLE ( 'NONE', #5957, 0.08121469089664200280 ) ;
#5816 = ORIENTED_EDGE ( 'NONE', *, *, #672, .T. ) ;
#5817 = DIRECTION ( 'NONE',  ( -1.000000000000000000, 0.000000000000000000, 0.000000000000000000 ) ) ;
#5818 = ORIENTED_EDGE ( 'NONE', *, *, #585, .F. ) ;
#5819 = ORIENTED_EDGE ( 'NONE', *, *, #761, .F. ) ;
#5820 = DIRECTION ( 'NONE',  ( 0.000000000000000000, 0.000000000000000000, 1.000000000000000000 ) ) ;
#5821 = CARTESIAN_POINT ( 'NONE',  ( 3.200000000000000622, 0.1446467872876746885, 3.047499999999999432 ) ) ;
#5822 = CARTESIAN_POINT ( 'NONE',  ( -2.785400298157456600, 0.02828434744848380353, 1.747500000000000275 ) ) ;
#5823 = VECTOR ( 'NONE', #1613, 1000.000000000000000 ) ;
#5824 = FACE_OUTER_BOUND ( 'NONE', #6516, .T. ) ;
#5825 = DIRECTION ( 'NONE',  ( 0.000000000000000000, -0.000000000000000000, -1.000000000000000000 ) ) ;
#5826 = ORIENTED_EDGE ( 'NONE', *, *, #4345, .F. ) ;
#5827 = CARTESIAN_POINT ( 'NONE',  ( 2.719977915797677337, 0.2525305989334057921, 1.097499999999999920 ) ) ;
#5828 = ORIENTED_EDGE ( 'NONE', *, *, #2130, .F. ) ;
#5829 = DIRECTION ( 'NONE',  ( 0.000000000000000000, 0.000000000000000000, 1.000000000000000000 ) ) ;
#5830 = CARTESIAN_POINT ( 'NONE',  ( -2.795514986850355044, 0.1729311347361582596, -0.2024999999999999856 ) ) ;
#5831 = VERTEX_POINT ( 'NONE', #2953 ) ;
#5832 = DIRECTION ( 'NONE',  ( 1.000000000000000000, 0.000000000000000000, -0.000000000000000000 ) ) ;
#5833 = ADVANCED_FACE ( 'NONE', ( #2200 ), #5081, .T. ) ;
#5834 = DIRECTION ( 'NONE',  ( 0.000000000000000000, -0.000000000000000000, -1.000000000000000000 ) ) ;
#5835 = CIRCLE ( 'NONE', #2516, 0.2262146908966421732 ) ;
#5836 = CARTESIAN_POINT ( 'NONE',  ( 2.489037635143886984, 0.5212853091033570196, -2.397499999999999964 ) ) ;
#5837 = DIRECTION ( 'NONE',  ( 1.000000000000000000, 3.751076125244977118E-16, -0.000000000000000000 ) ) ;
#5838 = CARTESIAN_POINT ( 'NONE',  ( -2.785400298157456600, 0.02828434744848385904, 2.397499999999999964 ) ) ;
#5839 = ORIENTED_EDGE ( 'NONE', *, *, #2161, .F. ) ;
#5840 = EDGE_CURVE ( 'NONE', #3315, #4551, #2242, .T. ) ;
#5841 = DIRECTION ( 'NONE',  ( 0.9975640502598241977, -0.06975647374412527468, 0.000000000000000000 ) ) ;
#5842 = ORIENTED_EDGE ( 'NONE', *, *, #480, .T. ) ;
#5843 = ORIENTED_EDGE ( 'NONE', *, *, #5861, .T. ) ;
#5844 = CARTESIAN_POINT ( 'NONE',  ( 2.199999999999999734, 0.6024999999999991473, -1.502499999999999947 ) ) ;
#5845 = DIRECTION ( 'NONE',  ( 1.000000000000000000, 3.751076125244977118E-16, -0.000000000000000000 ) ) ;
#5846 = CARTESIAN_POINT ( 'NONE',  ( -3.200000000000000622, 0.1446467872876746885, -1.747499999999999831 ) ) ;
#5847 = FACE_OUTER_BOUND ( 'NONE', #8539, .T. ) ;
#5848 = CARTESIAN_POINT ( 'NONE',  ( -2.715217872447410752, 0.5252332998309695578, -0.4475000000000000089 ) ) ;
#5849 = ADVANCED_FACE ( 'NONE', ( #848 ), #3707, .F. ) ;
#5850 = ORIENTED_EDGE ( 'NONE', *, *, #3712, .T. ) ;
#5851 = EDGE_LOOP ( 'NONE', ( #6907, #6193, #2442, #5994 ) ) ;
#5852 = CARTESIAN_POINT ( 'NONE',  ( -1.653818155844315463, 1.200000000000000622, -2.503818155844308002 ) ) ;
#5853 = ORIENTED_EDGE ( 'NONE', *, *, #4496, .T. ) ;
#5854 = ORIENTED_EDGE ( 'NONE', *, *, #9193, .T. ) ;
#5855 = CYLINDRICAL_SURFACE ( 'NONE', #6490, 0.08121469089664200280 ) ;
#5856 = VECTOR ( 'NONE', #3565, 1000.000000000000227 ) ;
#5857 = LINE ( 'NONE', #4495, #4846 ) ;
#5858 = EDGE_CURVE ( 'NONE', #3524, #1662, #8607, .T. ) ;
#5859 = EDGE_CURVE ( 'NONE', #1673, #8867, #2154, .T. ) ;
#5860 = FACE_OUTER_BOUND ( 'NONE', #2828, .T. ) ;
#5861 = EDGE_CURVE ( 'NONE', #8783, #804, #5037, .T. ) ;
#5862 = FACE_OUTER_BOUND ( 'NONE', #1604, .T. ) ;
#5863 = CIRCLE ( 'NONE', #5, 0.2262146908966421732 ) ;
#5864 = EDGE_CURVE ( 'NONE', #7670, #3495, #4427, .T. ) ;
#5865 = SURFACE_STYLE_USAGE ( .BOTH. , #6707 ) ;
#5866 = VECTOR ( 'NONE', #3993, 1000.000000000000000 ) ;
#5867 = MANIFOLD_SOLID_BREP ( 'LPattern1[13]', #2552 ) ;
#5868 = FACE_OUTER_BOUND ( 'NONE', #1335, .T. ) ;
#5869 = ORIENTED_EDGE ( 'NONE', *, *, #8314, .F. ) ;
#5870 = CARTESIAN_POINT ( 'NONE',  ( 3.189885311307102622, 1.626303258728256651E-16, 0.2024999999999999856 ) ) ;
#5871 = VERTEX_POINT ( 'NONE', #3885 ) ;
#5872 = EDGE_CURVE ( 'NONE', #5737, #5040, #4328, .T. ) ;
#5873 = VECTOR ( 'NONE', #4598, 1000.000000000000114 ) ;
#5874 = VECTOR ( 'NONE', #6274, 1000.000000000000000 ) ;
#5875 = CARTESIAN_POINT ( 'NONE',  ( -3.200000000000000622, 0.1446467872876746885, -2.397499999999999964 ) ) ;
#5876 = ADVANCED_FACE ( 'NONE', ( #2466 ), #6758, .F. ) ;
#5877 = DIRECTION ( 'NONE',  ( -1.000000000000000000, 0.000000000000000000, 0.000000000000000000 ) ) ;
#5878 = EDGE_CURVE ( 'NONE', #3881, #5582, #1677, .T. ) ;
#5879 = ORIENTED_EDGE ( 'NONE', *, *, #3055, .T. ) ;
#5880 = VECTOR ( 'NONE', #4726, 1000.000000000000000 ) ;
#5881 = DIRECTION ( 'NONE',  ( -0.000000000000000000, -0.000000000000000000, -1.000000000000000000 ) ) ;
#5882 =( NAMED_UNIT ( * ) SI_UNIT ( $, .STERADIAN. ) SOLID_ANGLE_UNIT ( ) );
#5883 = AXIS2_PLACEMENT_3D ( 'NONE', #665, #5544, #9118 ) ;
#5884 = CARTESIAN_POINT ( 'NONE',  ( -2.785400298157456600, 0.02828434744848385904, -2.152499999999999858 ) ) ;
#5885 =( NAMED_UNIT ( * ) SI_UNIT ( $, .STERADIAN. ) SOLID_ANGLE_UNIT ( ) );
#5886 = ORIENTED_EDGE ( 'NONE', *, *, #925, .F. ) ;
#5887 = AXIS2_PLACEMENT_3D ( 'NONE', #6692, #7399, #2489 ) ;
#5888 = AXIS2_PLACEMENT_3D ( 'NONE', #2630, #8471, #6219 ) ;
#5889 = ORIENTED_EDGE ( 'NONE', *, *, #8638, .F. ) ;
#5890 = CIRCLE ( 'NONE', #4239, 0.2262146908966421732 ) ;
#5891 = ORIENTED_EDGE ( 'NONE', *, *, #6554, .F. ) ;
#5892 = CARTESIAN_POINT ( 'NONE',  ( -2.785400298157456600, 0.02828434744848380353, -0.8524999999999999245 ) ) ;
#5893 = FACE_OUTER_BOUND ( 'NONE', #326, .T. ) ;
#5894 = ADVANCED_FACE ( 'NONE', ( #1030 ), #1590, .F. ) ;
#5895 = CARTESIAN_POINT ( 'NONE',  ( 2.719977915797677337, 0.2525305989334057921, 2.397499999999999964 ) ) ;
#5896 = AXIS2_PLACEMENT_3D ( 'NONE', #7598, #7409, #6845 ) ;
#5897 = DIRECTION ( 'NONE',  ( 0.000000000000000000, 0.000000000000000000, 1.000000000000000000 ) ) ;
#5898 = DIRECTION ( 'NONE',  ( -1.000000000000000000, 0.000000000000000000, 0.000000000000000000 ) ) ;
#5899 = LINE ( 'NONE', #4184, #6267 ) ;
#5900 = CARTESIAN_POINT ( 'NONE',  ( 2.795514986850355044, 0.1729311347361582596, -2.802499999999999769 ) ) ;
#5901 = VERTEX_POINT ( 'NONE', #2332 ) ;
#5902 = ORIENTED_EDGE ( 'NONE', *, *, #1270, .F. ) ;
#5903 = CARTESIAN_POINT ( 'NONE',  ( -3.189885311307102622, 1.626303258728256651E-16, -3.047499999999999876 ) ) ;
#5904 = ORIENTED_EDGE ( 'NONE', *, *, #3519, .T. ) ;
#5905 = ORIENTED_EDGE ( 'NONE', *, *, #180, .T. ) ;
#5906 = AXIS2_PLACEMENT_3D ( 'NONE', #5096, #7262, #8630 ) ;
#5907 = CARTESIAN_POINT ( 'NONE',  ( -3.200000000000000622, 0.1446467872876746885, -3.047499999999999876 ) ) ;
#5908 = CARTESIAN_POINT ( 'NONE',  ( -2.200000000000000622, 0.7474999999999991651, -3.249999999999992006 ) ) ;
#5909 = EDGE_CURVE ( 'NONE', #4700, #5566, #5213, .T. ) ;
#5910 = LINE ( 'NONE', #837, #2296 ) ;
#5911 = ADVANCED_FACE ( 'NONE', ( #937 ), #5352, .F. ) ;
#5912 = CIRCLE ( 'NONE', #1847, 0.08121469089664200280 ) ;
#5913 = CARTESIAN_POINT ( 'NONE',  ( 2.575000000000001066, 0.2499999999999996669, -1.502499999999999947 ) ) ;
#5914 = CARTESIAN_POINT ( 'NONE',  ( -2.715217872447410752, 0.5252332998309695578, -1.097499999999999920 ) ) ;
#5915 = ORIENTED_EDGE ( 'NONE', *, *, #4751, .F. ) ;
#5916 = CARTESIAN_POINT ( 'NONE',  ( 2.785400298157456600, 0.02828434744848380353, -0.4475000000000000089 ) ) ;
#5917 = VERTEX_POINT ( 'NONE', #3748 ) ;
#5918 = FACE_OUTER_BOUND ( 'NONE', #5851, .T. ) ;
#5919 = ORIENTED_EDGE ( 'NONE', *, *, #8334, .T. ) ;
#5920 = AXIS2_PLACEMENT_3D ( 'NONE', #4066, #5672, #8487 ) ;
#5921 = ADVANCED_FACE ( 'NONE', ( #4607 ), #8080, .F. ) ;
#5922 = CARTESIAN_POINT ( 'NONE',  ( 3.200000000000000622, 0.1446467872876746885, -2.802499999999999769 ) ) ;
#5923 = CARTESIAN_POINT ( 'NONE',  ( 2.575000000000001066, 0.2499999999999996669, -2.152499999999999858 ) ) ;
#5924 = CIRCLE ( 'NONE', #7127, 0.08121469089664200280 ) ;
#5925 = ORIENTED_EDGE ( 'NONE', *, *, #3328, .T. ) ;
#5926 = EDGE_CURVE ( 'NONE', #9205, #6403, #5968, .T. ) ;
#5927 = DIRECTION ( 'NONE',  ( -0.000000000000000000, -0.000000000000000000, -1.000000000000000000 ) ) ;
#5928 = EDGE_CURVE ( 'NONE', #5004, #8590, #4644, .T. ) ;
#5929 = DIRECTION ( 'NONE',  ( 0.000000000000000000, -0.000000000000000000, -1.000000000000000000 ) ) ;
#5930 = LINE ( 'NONE', #332, #2058 ) ;
#5931 = ADVANCED_FACE ( 'NONE', ( #6717 ), #4465, .F. ) ;
#5932 = CIRCLE ( 'NONE', #5326, 0.08121469089664200280 ) ;
#5933 = CARTESIAN_POINT ( 'NONE',  ( 2.199999999999999734, 0.7474999999999991651, 2.152499999999999858 ) ) ;
#5934 = PLANE ( 'NONE',  #550 ) ;
#5935 = EDGE_LOOP ( 'NONE', ( #3208, #5698, #389, #6521 ) ) ;
#5936 = PLANE ( 'NONE',  #4501 ) ;
#5937 = VECTOR ( 'NONE', #2563, 1000.000000000000227 ) ;
#5938 = VERTEX_POINT ( 'NONE', #2372 ) ;
#5939 = CARTESIAN_POINT ( 'NONE',  ( -2.489037635143886984, 0.5212853091033570196, 1.097499999999999920 ) ) ;
#5940 = LINE ( 'NONE', #6641, #8750 ) ;
#5941 = CARTESIAN_POINT ( 'NONE',  ( -2.801180237303523946, 0.2539479907276123161, -0.8524999999999999245 ) ) ;
#5942 = AXIS2_PLACEMENT_3D ( 'NONE', #138, #7868, #4289 ) ;
#5943 = CARTESIAN_POINT ( 'NONE',  ( 2.795514986850355044, 0.1729311347361582596, -2.397499999999999964 ) ) ;
#5944 = DIRECTION ( 'NONE',  ( -0.000000000000000000, -0.000000000000000000, -1.000000000000000000 ) ) ;
#5945 = EDGE_LOOP ( 'NONE', ( #5247, #7888, #2529, #5199 ) ) ;
#5946 = VERTEX_POINT ( 'NONE', #7332 ) ;
#5947 = ORIENTED_EDGE ( 'NONE', *, *, #7070, .F. ) ;
#5948 = CARTESIAN_POINT ( 'NONE',  ( -2.199999999999999734, 0.7474999999999991651, -2.152499999999999858 ) ) ;
#5949 = EDGE_CURVE ( 'NONE', #2671, #3573, #3126, .T. ) ;
#5950 = ORIENTED_EDGE ( 'NONE', *, *, #6774, .T. ) ;
#5951 = AXIS2_PLACEMENT_3D ( 'NONE', #1874, #2020, #7669 ) ;
#5952 = ORIENTED_EDGE ( 'NONE', *, *, #1722, .F. ) ;
#5953 = VECTOR ( 'NONE', #8172, 1000.000000000000000 ) ;
#5954 = CARTESIAN_POINT ( 'NONE',  ( -2.199999999999999734, 0.7474999999999991651, -0.4475000000000000089 ) ) ;
#5955 = CARTESIAN_POINT ( 'NONE',  ( 3.189885311307102622, 1.626303258728256651E-16, 3.047499999999999432 ) ) ;
#5956 = FACE_OUTER_BOUND ( 'NONE', #7406, .T. ) ;
#5957 = AXIS2_PLACEMENT_3D ( 'NONE', #83, #8547, #8647 ) ;
#5958 = LINE ( 'NONE', #3875, #7308 ) ;
#5959 = PLANE ( 'NONE',  #12 ) ;
#5960 = VERTEX_POINT ( 'NONE', #7563 ) ;
#5961 = LINE ( 'NONE', #2366, #4213 ) ;
#5962 = ADVANCED_FACE ( 'NONE', ( #4256 ), #2131, .F. ) ;
#5963 = ORIENTED_EDGE ( 'NONE', *, *, #7646, .T. ) ;
#5964 = ORIENTED_EDGE ( 'NONE', *, *, #752, .T. ) ;
#5965 = CARTESIAN_POINT ( 'NONE',  ( -2.801180237303523946, 0.2539479907276123161, 2.397499999999999964 ) ) ;
#5966 = ORIENTED_EDGE ( 'NONE', *, *, #7939, .F. ) ;
#5967 = AXIS2_PLACEMENT_3D ( 'NONE', #2268, #6824, #4398 ) ;
#5968 = LINE ( 'NONE', #5875, #3827 ) ;
#5969 = CARTESIAN_POINT ( 'NONE',  ( 3.200000000000000622, 0.1446467872876746885, 1.097499999999999920 ) ) ;
#5970 = ADVANCED_FACE ( 'NONE', ( #2512 ), #5495, .F. ) ;
#5971 = VECTOR ( 'NONE', #8996, 1000.000000000000000 ) ;
#5972 = ORIENTED_EDGE ( 'NONE', *, *, #8830, .F. ) ;
#5973 = EDGE_CURVE ( 'NONE', #5064, #4185, #3990, .T. ) ;
#5974 = PLANE ( 'NONE',  #140 ) ;
#5975 = ADVANCED_FACE ( 'NONE', ( #3322 ), #6859, .F. ) ;
#5976 = LINE ( 'NONE', #5258, #4975 ) ;
#5977 = CARTESIAN_POINT ( 'NONE',  ( -3.200000000000000622, 0.1446467872876746885, -2.152499999999999858 ) ) ;
#5978 = ADVANCED_FACE ( 'NONE', ( #8581 ), #6902, .F. ) ;
#5979 = EDGE_CURVE ( 'NONE', #4911, #3881, #6107, .T. ) ;
#5980 = CARTESIAN_POINT ( 'NONE',  ( 2.489037635143886984, 0.5212853091033570196, 0.2024999999999999856 ) ) ;
#5981 = DIRECTION ( 'NONE',  ( -0.9975640502598241977, -0.06975647374412534407, 0.000000000000000000 ) ) ;
#5982 = VERTEX_POINT ( 'NONE', #3941 ) ;
#5983 = ORIENTED_EDGE ( 'NONE', *, *, #9173, .F. ) ;
#5984 = FACE_OUTER_BOUND ( 'NONE', #6789, .T. ) ;
#5985 = CARTESIAN_POINT ( 'NONE',  ( -2.199999999999999734, 0.7474999999999991651, 3.047499999999999432 ) ) ;
#5986 = DIRECTION ( 'NONE',  ( -0.000000000000000000, -0.000000000000000000, -1.000000000000000000 ) ) ;
#5987 = CARTESIAN_POINT ( 'NONE',  ( 2.570239956649733593, 0.5227027008975635436, -2.152499999999999858 ) ) ;
#5988 = DIRECTION ( 'NONE',  ( 0.000000000000000000, 0.000000000000000000, 1.000000000000000000 ) ) ;
#5989 = VERTEX_POINT ( 'NONE', #3502 ) ;
#5990 = LINE ( 'NONE', #8998, #8847 ) ;
#5991 = ORIENTED_EDGE ( 'NONE', *, *, #5252, .F. ) ;
#5992 = ORIENTED_EDGE ( 'NONE', *, *, #958, .F. ) ;
#5993 = DIRECTION ( 'NONE',  ( 0.06975647374412519142, -0.9975640502598243087, 0.000000000000000000 ) ) ;
#5994 = ORIENTED_EDGE ( 'NONE', *, *, #1701, .T. ) ;
#5995 = VERTEX_POINT ( 'NONE', #8363 ) ;
#5996 = CARTESIAN_POINT ( 'NONE',  ( -2.795514986850355044, 0.1729311347361582596, -2.802499999999999769 ) ) ;
#5997 = CYLINDRICAL_SURFACE ( 'NONE', #5749, 0.2262146908966421732 ) ;
#5998 = DIRECTION ( 'NONE',  ( 1.000000000000000000, 0.000000000000000000, 0.000000000000000000 ) ) ;
#5999 = ADVANCED_FACE ( 'NONE', ( #6200 ), #1862, .T. ) ;
#6000 = CARTESIAN_POINT ( 'NONE',  ( 2.489037635143886984, 0.7474999999999992761, 0.4475000000000000089 ) ) ;
#6001 = DIRECTION ( 'NONE',  ( -1.000000000000000000, 0.000000000000000000, 0.000000000000000000 ) ) ;
#6002 = VERTEX_POINT ( 'NONE', #2787 ) ;
#6003 = AXIS2_PLACEMENT_3D ( 'NONE', #1831, #4661, #1643 ) ;
#6004 = CARTESIAN_POINT ( 'NONE',  ( -2.199999999999999734, 0.7474999999999991651, -0.8524999999999999245 ) ) ;
#6005 = ORIENTED_EDGE ( 'NONE', *, *, #5878, .T. ) ;
#6006 = ORIENTED_EDGE ( 'NONE', *, *, #1592, .F. ) ;
#6007 = CARTESIAN_POINT ( 'NONE',  ( -2.489037635143886984, 0.5212853091033570196, 1.747500000000000275 ) ) ;
#6008 = ORIENTED_EDGE ( 'NONE', *, *, #4934, .F. ) ;
#6009 = LINE ( 'NONE', #4741, #519 ) ;
#6010 = AXIS2_PLACEMENT_3D ( 'NONE', #8866, #8778, #3932 ) ;
#6011 = ADVANCED_FACE ( 'NONE', ( #373 ), #8312, .T. ) ;
#6012 = CIRCLE ( 'NONE', #2250, 0.08121469089664200280 ) ;
#6013 = DIRECTION ( 'NONE',  ( 0.01745240643728044813, -0.9998476951563912696, 0.000000000000000000 ) ) ;
#6014 = DIRECTION ( 'NONE',  ( -0.06975647374412519142, -0.9975640502598243087, 0.000000000000000000 ) ) ;
#6015 = ORIENTED_EDGE ( 'NONE', *, *, #6899, .F. ) ;
#6016 = LINE ( 'NONE', #3182, #6597 ) ;
#6017 = DIRECTION ( 'NONE',  ( 3.751076125244977118E-16, 1.000000000000000000, 0.000000000000000000 ) ) ;
#6018 = AXIS2_PLACEMENT_3D ( 'NONE', #8588, #2893, #2978 ) ;
#6019 = AXIS2_PLACEMENT_3D ( 'NONE', #1189, #4767, #7730 ) ;
#6020 = DIRECTION ( 'NONE',  ( -0.000000000000000000, -0.000000000000000000, -1.000000000000000000 ) ) ;
#6021 = AXIS2_PLACEMENT_3D ( 'NONE', #5194, #4444, #8060 ) ;
#6022 = EDGE_CURVE ( 'NONE', #1398, #3411, #2931, .T. ) ;
#6023 = PLANE ( 'NONE',  #4572 ) ;
#6024 = CARTESIAN_POINT ( 'NONE',  ( 2.785400298157456600, 0.02828434744848380353, 2.802499999999999325 ) ) ;
#6025 = VECTOR ( 'NONE', #9137, 1000.000000000000000 ) ;
#6026 = EDGE_LOOP ( 'NONE', ( #8102, #3691, #2583, #2417 ) ) ;
#6027 = CARTESIAN_POINT ( 'NONE',  ( -2.801180237303523946, 0.2539479907276123161, 1.097499999999999920 ) ) ;
#6028 = ORIENTED_EDGE ( 'NONE', *, *, #4604, .F. ) ;
#6029 = EDGE_CURVE ( 'NONE', #590, #3007, #1168, .T. ) ;
#6030 = LINE ( 'NONE', #3101, #4691 ) ;
#6031 = CARTESIAN_POINT ( 'NONE',  ( -2.715217872447410752, 0.5252332998309695578, 2.397499999999999964 ) ) ;
#6032 = CARTESIAN_POINT ( 'NONE',  ( -2.570239956649733593, 0.5227027008975635436, -2.802499999999999769 ) ) ;
#6033 = DIRECTION ( 'NONE',  ( 0.000000000000000000, 0.000000000000000000, 1.000000000000000000 ) ) ;
#6034 = VECTOR ( 'NONE', #1123, 1000.000000000000000 ) ;
#6035 = CIRCLE ( 'NONE', #1975, 0.08121469089664243302 ) ;
#6036 = ORIENTED_EDGE ( 'NONE', *, *, #8671, .F. ) ;
#6037 = CIRCLE ( 'NONE', #2566, 0.2000000000000000944 ) ;
#6038 = ORIENTED_EDGE ( 'NONE', *, *, #6368, .F. ) ;
#6039 = VERTEX_POINT ( 'NONE', #2834 ) ;
#6040 = EDGE_CURVE ( 'NONE', #5106, #6077, #6149, .T. ) ;
#6041 = DIRECTION ( 'NONE',  ( -1.000000000000000000, 0.000000000000000000, 0.000000000000000000 ) ) ;
#6042 = ADVANCED_FACE ( 'NONE', ( #1908 ), #4917, .F. ) ;
#6043 = ORIENTED_EDGE ( 'NONE', *, *, #3429, .T. ) ;
#6044 = ORIENTED_EDGE ( 'NONE', *, *, #1077, .T. ) ;
#6045 = DIRECTION ( 'NONE',  ( 1.000000000000000000, 0.000000000000000000, 0.000000000000000000 ) ) ;
#6046 = FACE_OUTER_BOUND ( 'NONE', #6473, .T. ) ;
#6047 = VECTOR ( 'NONE', #215, 1000.000000000000114 ) ;
#6048 = MECHANICAL_DESIGN_GEOMETRIC_PRESENTATION_REPRESENTATION (  '', ( #1094 ), #8891 ) ;
#6049 = FACE_OUTER_BOUND ( 'NONE', #8824, .T. ) ;
#6050 = FACE_OUTER_BOUND ( 'NONE', #2139, .T. ) ;
#6051 = SURFACE_STYLE_FILL_AREA ( #8209 ) ;
#6052 = VECTOR ( 'NONE', #4064, 1000.000000000000000 ) ;
#6053 = VERTEX_POINT ( 'NONE', #645 ) ;
#6054 = CYLINDRICAL_SURFACE ( 'NONE', #5259, 0.2000000000000000944 ) ;
#6055 = ORIENTED_EDGE ( 'NONE', *, *, #2062, .F. ) ;
#6056 = VERTEX_POINT ( 'NONE', #9245 ) ;
#6057 = FACE_OUTER_BOUND ( 'NONE', #760, .T. ) ;
#6058 = ORIENTED_EDGE ( 'NONE', *, *, #7305, .F. ) ;
#6059 = DIRECTION ( 'NONE',  ( 1.000000000000000000, 0.000000000000000000, 0.000000000000000000 ) ) ;
#6060 = AXIS2_PLACEMENT_3D ( 'NONE', #3320, #7044, #6344 ) ;
#6061 = DIRECTION ( 'NONE',  ( 0.000000000000000000, -0.000000000000000000, -1.000000000000000000 ) ) ;
#6062 = DIRECTION ( 'NONE',  ( 0.06975647374412519142, 0.9975640502598243087, 0.000000000000000000 ) ) ;
#6063 = PLANE ( 'NONE',  #5115 ) ;
#6064 = ORIENTED_EDGE ( 'NONE', *, *, #6605, .T. ) ;
#6065 = CARTESIAN_POINT ( 'NONE',  ( 2.785400298157456600, 0.02828434744848380353, 0.4475000000000000089 ) ) ;
#6066 = EDGE_LOOP ( 'NONE', ( #4075, #6038, #604, #2490 ) ) ;
#6067 = VECTOR ( 'NONE', #8142, 1000.000000000000000 ) ;
#6068 = CARTESIAN_POINT ( 'NONE',  ( 2.785400298157456600, 0.02828434744848385904, 0.2024999999999999856 ) ) ;
#6069 = ORIENTED_EDGE ( 'NONE', *, *, #1096, .T. ) ;
#6070 = ADVANCED_FACE ( 'NONE', ( #5673 ), #8534, .F. ) ;
#6071 = SURFACE_SIDE_STYLE ('',( #3091 ) ) ;
#6072 = CARTESIAN_POINT ( 'NONE',  ( -2.795514986850355044, 0.1729311347361582596, 0.8524999999999999245 ) ) ;
#6073 = AXIS2_PLACEMENT_3D ( 'NONE', #6642, #251, #5276 ) ;
#6074 = DIRECTION ( 'NONE',  ( 0.000000000000000000, -0.000000000000000000, -1.000000000000000000 ) ) ;
#6075 = ORIENTED_EDGE ( 'NONE', *, *, #810, .F. ) ;
#6076 = CARTESIAN_POINT ( 'NONE',  ( 2.801180237303523946, 0.2539479907276123161, -1.747499999999999831 ) ) ;
#6077 = VERTEX_POINT ( 'NONE', #8014 ) ;
#6078 = ADVANCED_FACE ( 'NONE', ( #8715 ), #1436, .F. ) ;
#6079 = CIRCLE ( 'NONE', #6391, 0.2262146908966421732 ) ;
#6080 = CARTESIAN_POINT ( 'NONE',  ( 3.200000000000000622, 0.1446467872876746885, -0.8524999999999999245 ) ) ;
#6081 = CARTESIAN_POINT ( 'NONE',  ( 2.785400298157456600, 0.02828434744848385904, -2.397499999999999964 ) ) ;
#6082 = DIRECTION ( 'NONE',  ( -0.06975647374412519142, 0.9975640502598243087, 0.000000000000000000 ) ) ;
#6083 = DIRECTION ( 'NONE',  ( 1.000000000000000000, 0.000000000000000000, 0.000000000000000000 ) ) ;
#6084 = PRESENTATION_LAYER_ASSIGNMENT (  '', '', ( #988 ) ) ;
#6085 = VERTEX_POINT ( 'NONE', #5943 ) ;
#6086 = VERTEX_POINT ( 'NONE', #5846 ) ;
#6087 = VERTEX_POINT ( 'NONE', #1479 ) ;
#6088 = CARTESIAN_POINT ( 'NONE',  ( -2.785400298157456600, 0.02828434744848380353, -2.152499999999999858 ) ) ;
#6089 = EDGE_CURVE ( 'NONE', #8930, #8342, #5098, .T. ) ;
#6090 = ORIENTED_EDGE ( 'NONE', *, *, #6953, .F. ) ;
#6091 = VERTEX_POINT ( 'NONE', #868 ) ;
#6092 = DIRECTION ( 'NONE',  ( -0.000000000000000000, -0.000000000000000000, -1.000000000000000000 ) ) ;
#6093 = FACE_OUTER_BOUND ( 'NONE', #9218, .T. ) ;
#6094 = VECTOR ( 'NONE', #4805, 1000.000000000000000 ) ;
#6095 = LINE ( 'NONE', #5242, #3359 ) ;
#6096 = ADVANCED_FACE ( 'NONE', ( #8677 ), #4347, .T. ) ;
#6097 = EDGE_CURVE ( 'NONE', #5989, #9297, #2266, .T. ) ;
#6098 = DIRECTION ( 'NONE',  ( 1.000000000000000000, 0.000000000000000000, 0.000000000000000000 ) ) ;
#6099 = CIRCLE ( 'NONE', #2039, 0.2262146908966421732 ) ;
#6100 = ORIENTED_EDGE ( 'NONE', *, *, #925, .T. ) ;
#6101 = CARTESIAN_POINT ( 'NONE',  ( 2.489037635143886984, 0.6024999999999990363, -0.4475000000000000089 ) ) ;
#6102 = VERTEX_POINT ( 'NONE', #5146 ) ;
#6103 = ORIENTED_EDGE ( 'NONE', *, *, #5560, .F. ) ;
#6104 = LINE ( 'NONE', #8972, #4079 ) ;
#6105 = DIRECTION ( 'NONE',  ( -0.000000000000000000, 0.000000000000000000, 1.000000000000000000 ) ) ;
#6106 = VECTOR ( 'NONE', #6966, 1000.000000000000000 ) ;
#6107 = LINE ( 'NONE', #8977, #8649 ) ;
#6108 = DIRECTION ( 'NONE',  ( -1.000000000000000000, 0.000000000000000000, 0.000000000000000000 ) ) ;
#6109 = LINE ( 'NONE', #6151, #8882 ) ;
#6110 = ORIENTED_EDGE ( 'NONE', *, *, #8541, .T. ) ;
#6111 = DIRECTION ( 'NONE',  ( -1.000000000000000000, 0.000000000000000000, 0.000000000000000000 ) ) ;
#6112 = ORIENTED_EDGE ( 'NONE', *, *, #2126, .T. ) ;
#6113 = VECTOR ( 'NONE', #6527, 1000.000000000000000 ) ;
#6114 = CARTESIAN_POINT ( 'NONE',  ( 2.199999999999999734, 0.6024999999999991473, -0.8524999999999999245 ) ) ;
#6115 = ORIENTED_EDGE ( 'NONE', *, *, #7061, .T. ) ;
#6116 = LINE ( 'NONE', #8985, #8299 ) ;
#6117 = CARTESIAN_POINT ( 'NONE',  ( -2.801180237303523946, 0.2539479907276123161, -2.152499999999999858 ) ) ;
#6118 = AXIS2_PLACEMENT_3D ( 'NONE', #6991, #7553, #6285 ) ;
#6119 = FACE_OUTER_BOUND ( 'NONE', #458, .T. ) ;
#6120 = DIRECTION ( 'NONE',  ( 0.000000000000000000, -0.000000000000000000, -1.000000000000000000 ) ) ;
#6121 = VERTEX_POINT ( 'NONE', #3723 ) ;
#6122 = SURFACE_SIDE_STYLE ('',( #3097 ) ) ;
#6123 = ORIENTED_EDGE ( 'NONE', *, *, #3477, .F. ) ;
#6124 = DIRECTION ( 'NONE',  ( -0.9998476951563912696, -0.01745240643728044813, 0.000000000000000000 ) ) ;
#6125 = PLANE ( 'NONE',  #1272 ) ;
#6126 = PLANE ( 'NONE',  #1131 ) ;
#6127 = ADVANCED_FACE ( 'NONE', ( #7349 ), #203, .F. ) ;
#6128 = DIRECTION ( 'NONE',  ( 0.000000000000000000, -0.000000000000000000, -1.000000000000000000 ) ) ;
#6129 = ORIENTED_EDGE ( 'NONE', *, *, #8022, .T. ) ;
#6130 = ORIENTED_EDGE ( 'NONE', *, *, #5624, .F. ) ;
#6131 = EDGE_LOOP ( 'NONE', ( #225, #6552, #731, #536 ) ) ;
#6132 = PLANE ( 'NONE',  #2863 ) ;
#6133 = ORIENTED_EDGE ( 'NONE', *, *, #5949, .F. ) ;
#6134 = ORIENTED_EDGE ( 'NONE', *, *, #4602, .T. ) ;
#6135 = DIRECTION ( 'NONE',  ( 0.000000000000000000, 0.000000000000000000, 1.000000000000000000 ) ) ;
#6136 = DIRECTION ( 'NONE',  ( 0.000000000000000000, 0.000000000000000000, 1.000000000000000000 ) ) ;
#6137 = PLANE ( 'NONE',  #6975 ) ;
#6138 = EDGE_CURVE ( 'NONE', #2812, #8636, #7211, .T. ) ;
#6139 = EDGE_CURVE ( 'NONE', #7154, #9003, #7310, .T. ) ;
#6140 = CARTESIAN_POINT ( 'NONE',  ( 2.489037635143886984, 0.7474999999999992761, 1.097499999999999920 ) ) ;
#6141 = SURFACE_SIDE_STYLE ('',( #6051 ) ) ;
#6142 = VERTEX_POINT ( 'NONE', #4396 ) ;
#6143 = CARTESIAN_POINT ( 'NONE',  ( 2.199999999999999734, 0.6024999999999991473, 1.097499999999999920 ) ) ;
#6144 = VERTEX_POINT ( 'NONE', #5808 ) ;
#6145 = ORIENTED_EDGE ( 'NONE', *, *, #2037, .F. ) ;
#6146 = FACE_OUTER_BOUND ( 'NONE', #9286, .T. ) ;
#6147 = ADVANCED_FACE ( 'NONE', ( #151 ), #4483, .F. ) ;
#6148 = DIRECTION ( 'NONE',  ( -0.000000000000000000, -0.000000000000000000, -1.000000000000000000 ) ) ;
#6149 = LINE ( 'NONE', #5445, #5937 ) ;
#6150 = CARTESIAN_POINT ( 'NONE',  ( 2.570239956649733593, 0.5227027008975635436, -0.4475000000000000089 ) ) ;
#6151 = CARTESIAN_POINT ( 'NONE',  ( 3.200000000000000622, 0.1446467872876746885, 2.152499999999999858 ) ) ;
#6152 = LINE ( 'NONE', #7515, #6462 ) ;
#6153 = ORIENTED_EDGE ( 'NONE', *, *, #4053, .F. ) ;
#6154 = CARTESIAN_POINT ( 'NONE',  ( -2.489037635143886984, 0.5212853091033570196, 2.152499999999999858 ) ) ;
#6155 = EDGE_CURVE ( 'NONE', #5707, #1441, #8760, .T. ) ;
#6156 = ORIENTED_EDGE ( 'NONE', *, *, #1581, .F. ) ;
#6157 = DIRECTION ( 'NONE',  ( -0.9998476951563912696, 0.01745240643728362614, 0.000000000000000000 ) ) ;
#6158 = MANIFOLD_SOLID_BREP ( 'LPattern1[6]', #9169 ) ;
#6159 = AXIS2_PLACEMENT_3D ( 'NONE', #8366, #9117, #1269 ) ;
#6160 = ADVANCED_FACE ( 'NONE', ( #6558 ), #3769, .F. ) ;
#6161 = LINE ( 'NONE', #2575, #6680 ) ;
#6162 = DIRECTION ( 'NONE',  ( 0.000000000000000000, -0.000000000000000000, -1.000000000000000000 ) ) ;
#6163 = CARTESIAN_POINT ( 'NONE',  ( 2.199999999999999734, 0.6024999999999991473, 0.4475000000000000089 ) ) ;
#6164 = ORIENTED_EDGE ( 'NONE', *, *, #8022, .F. ) ;
#6165 = VECTOR ( 'NONE', #3509, 1000.000000000000114 ) ;
#6166 = CARTESIAN_POINT ( 'NONE',  ( -2.199999999999999734, 0.7474999999999991651, -0.8524999999999999245 ) ) ;
#6167 = CIRCLE ( 'NONE', #5727, 0.08121469089664200280 ) ;
#6168 = EDGE_LOOP ( 'NONE', ( #4105, #935, #3279, #7918 ) ) ;
#6169 = DIRECTION ( 'NONE',  ( 0.9975640502598241977, 0.06975647374412534407, -0.000000000000000000 ) ) ;
#6170 = AXIS2_PLACEMENT_3D ( 'NONE', #5312, #3184, #2473 ) ;
#6171 = PLANE ( 'NONE',  #6981 ) ;
#6172 = AXIS2_PLACEMENT_3D ( 'NONE', #9134, #543, #8341 ) ;
#6173 = VECTOR ( 'NONE', #4210, 1000.000000000000227 ) ;
#6174 = CARTESIAN_POINT ( 'NONE',  ( 2.785400298157456600, 0.02828434744848380353, 0.2024999999999999856 ) ) ;
#6175 = ORIENTED_EDGE ( 'NONE', *, *, #6761, .T. ) ;
#6176 =( NAMED_UNIT ( * ) SI_UNIT ( $, .STERADIAN. ) SOLID_ANGLE_UNIT ( ) );
#6177 = DIRECTION ( 'NONE',  ( 0.000000000000000000, -0.000000000000000000, -1.000000000000000000 ) ) ;
#6178 = ORIENTED_EDGE ( 'NONE', *, *, #970, .F. ) ;
#6179 = VECTOR ( 'NONE', #8309, 1000.000000000000000 ) ;
#6180 = DIRECTION ( 'NONE',  ( 1.000000000000000000, 0.000000000000000000, 0.000000000000000000 ) ) ;
#6181 = ORIENTED_EDGE ( 'NONE', *, *, #4180, .T. ) ;
#6182 = EDGE_LOOP ( 'NONE', ( #8890, #7405, #5775, #2198 ) ) ;
#6183 = SURFACE_STYLE_USAGE ( .BOTH. , #3355 ) ;
#6184 = ADVANCED_FACE ( 'NONE', ( #1049 ), #348, .F. ) ;
#6185 = CARTESIAN_POINT ( 'NONE',  ( 2.199999999999999734, 0.6024999999999991473, -2.152499999999999858 ) ) ;
#6186 = CARTESIAN_POINT ( 'NONE',  ( -2.199999999999999734, 0.7474999999999991651, 3.249999999999996003 ) ) ;
#6187 = VECTOR ( 'NONE', #3909, 1000.000000000000000 ) ;
#6188 = VECTOR ( 'NONE', #307, 1000.000000000000000 ) ;
#6189 = CARTESIAN_POINT ( 'NONE',  ( -2.795514986850355044, 0.1729311347361582596, -2.397499999999999964 ) ) ;
#6190 = ORIENTED_EDGE ( 'NONE', *, *, #5766, .F. ) ;
#6191 = DIRECTION ( 'NONE',  ( 0.9975640502598241977, 0.06975647374412534407, -0.000000000000000000 ) ) ;
#6192 = ORIENTED_EDGE ( 'NONE', *, *, #270, .T. ) ;
#6193 = ORIENTED_EDGE ( 'NONE', *, *, #6551, .F. ) ;
#6194 = LINE ( 'NONE', #2607, #3481 ) ;
#6195 = VECTOR ( 'NONE', #9277, 1000.000000000000000 ) ;
#6196 = PRESENTATION_LAYER_ASSIGNMENT (  '', '', ( #2574 ) ) ;
#6197 = EDGE_CURVE ( 'NONE', #3948, #4877, #1144, .T. ) ;
#6198 = EDGE_CURVE ( 'NONE', #4434, #966, #1837, .T. ) ;
#6199 = CARTESIAN_POINT ( 'NONE',  ( 3.200000000000000622, 0.1446467872876746885, -2.397499999999999964 ) ) ;
#6200 = FACE_OUTER_BOUND ( 'NONE', #158, .T. ) ;
#6201 = AXIS2_PLACEMENT_3D ( 'NONE', #9208, #1129, #5456 ) ;
#6202 = LINE ( 'NONE', #1313, #8207 ) ;
#6203 = DIRECTION ( 'NONE',  ( 0.000000000000000000, 0.000000000000000000, 1.000000000000000000 ) ) ;
#6204 = CARTESIAN_POINT ( 'NONE',  ( -2.801180237303523946, 0.2539479907276123161, -0.2024999999999999856 ) ) ;
#6205 = DIRECTION ( 'NONE',  ( 0.000000000000000000, 0.000000000000000000, 1.000000000000000000 ) ) ;
#6206 = ORIENTED_EDGE ( 'NONE', *, *, #7948, .T. ) ;
#6207 = EDGE_CURVE ( 'NONE', #5490, #5543, #6691, .T. ) ;
#6208 = VECTOR ( 'NONE', #451, 1000.000000000000000 ) ;
#6209 = MANIFOLD_SOLID_BREP ( 'Cut-Extrude5', #4220 ) ;
#6210 = CARTESIAN_POINT ( 'NONE',  ( -2.199999999999999734, 0.6024999999999991473, -1.502499999999999947 ) ) ;
#6211 = EDGE_CURVE ( 'NONE', #7628, #78, #3815, .T. ) ;
#6212 = CARTESIAN_POINT ( 'NONE',  ( -2.785400298157456600, 0.02828434744848385904, -1.502499999999999947 ) ) ;
#6213 = EDGE_CURVE ( 'NONE', #49, #305, #6835, .T. ) ;
#6214 = CARTESIAN_POINT ( 'NONE',  ( 2.719977915797677337, 0.2525305989334057921, 1.502500000000000391 ) ) ;
#6215 = VECTOR ( 'NONE', #3227, 1000.000000000000000 ) ;
#6216 = VERTEX_POINT ( 'NONE', #3201 ) ;
#6217 = DIRECTION ( 'NONE',  ( -1.000000000000000000, 0.000000000000000000, 0.000000000000000000 ) ) ;
#6218 = ORIENTED_EDGE ( 'NONE', *, *, #8272, .F. ) ;
#6219 = DIRECTION ( 'NONE',  ( 0.000000000000000000, 0.000000000000000000, 1.000000000000000000 ) ) ;
#6220 = AXIS2_PLACEMENT_3D ( 'NONE', #6890, #454, #5998 ) ;
#6221 = CARTESIAN_POINT ( 'NONE',  ( -2.795514986850355044, 0.1729311347361582596, 0.2024999999999999856 ) ) ;
#6222 = CARTESIAN_POINT ( 'NONE',  ( 3.189885311307102622, 1.626303258728256651E-16, 3.047499999999999432 ) ) ;
#6223 = LINE ( 'NONE', #8382, #3935 ) ;
#6224 = ORIENTED_EDGE ( 'NONE', *, *, #7524, .T. ) ;
#6225 = ORIENTED_EDGE ( 'NONE', *, *, #8500, .T. ) ;
#6226 = AXIS2_PLACEMENT_3D ( 'NONE', #3092, #1598, #1039 ) ;
#6227 = VERTEX_POINT ( 'NONE', #1784 ) ;
#6228 = CARTESIAN_POINT ( 'NONE',  ( -2.719977915797677337, 0.2525305989334057921, 0.8524999999999999245 ) ) ;
#6229 = ORIENTED_EDGE ( 'NONE', *, *, #7916, .F. ) ;
#6230 = EDGE_LOOP ( 'NONE', ( #2149, #2088, #6538, #6491, #5665, #1350, #3221, #4332, #1875, #6998, #8480, #303 ) ) ;
#6231 =( NAMED_UNIT ( * ) SI_UNIT ( $, .STERADIAN. ) SOLID_ANGLE_UNIT ( ) );
#6232 = DIRECTION ( 'NONE',  ( 0.000000000000000000, 0.000000000000000000, 1.000000000000000000 ) ) ;
#6233 = CARTESIAN_POINT ( 'NONE',  ( -2.489037635143886984, 0.6024999999999990363, -2.152499999999999858 ) ) ;
#6234 = VECTOR ( 'NONE', #5787, 1000.000000000000227 ) ;
#6235 = PLANE ( 'NONE',  #8372 ) ;
#6236 = CARTESIAN_POINT ( 'NONE',  ( 2.785400298157456600, 0.02828434744848380353, 2.397499999999999964 ) ) ;
#6237 = EDGE_CURVE ( 'NONE', #1946, #77, #7486, .T. ) ;
#6238 = DIRECTION ( 'NONE',  ( 0.000000000000000000, -0.000000000000000000, -1.000000000000000000 ) ) ;
#6239 = ORIENTED_EDGE ( 'NONE', *, *, #838, .F. ) ;
#6240 = FACE_OUTER_BOUND ( 'NONE', #3845, .T. ) ;
#6241 = ORIENTED_EDGE ( 'NONE', *, *, #4194, .T. ) ;
#6242 = VERTEX_POINT ( 'NONE', #5324 ) ;
#6243 = AXIS2_PLACEMENT_3D ( 'NONE', #3546, #6421, #9021 ) ;
#6244 = DIRECTION ( 'NONE',  ( 0.000000000000000000, 0.000000000000000000, 1.000000000000000000 ) ) ;
#6245 = CARTESIAN_POINT ( 'NONE',  ( 2.785400298157456600, 0.02828434744848380353, -2.802499999999999769 ) ) ;
#6246 = VECTOR ( 'NONE', #1735, 1000.000000000000000 ) ;
#6247 = DIRECTION ( 'NONE',  ( 0.000000000000000000, 0.000000000000000000, 1.000000000000000000 ) ) ;
#6248 = ADVANCED_FACE ( 'NONE', ( #3915 ), #1698, .F. ) ;
#6249 = CARTESIAN_POINT ( 'NONE',  ( 2.489037635143886984, 0.6024999999999990363, -2.397499999999999964 ) ) ;
#6250 = CARTESIAN_POINT ( 'NONE',  ( -2.575000000000001066, 0.2499999999999996669, -1.502499999999999947 ) ) ;
#6251 = ORIENTED_EDGE ( 'NONE', *, *, #3879, .T. ) ;
#6252 = CARTESIAN_POINT ( 'NONE',  ( -2.199999999999999734, 0.7474999999999991651, 2.802499999999999325 ) ) ;
#6253 = EDGE_LOOP ( 'NONE', ( #8135, #3710, #3950, #306 ) ) ;
#6254 = CIRCLE ( 'NONE', #3390, 0.08121469089664243302 ) ;
#6255 = DIRECTION ( 'NONE',  ( 0.000000000000000000, -0.000000000000000000, -1.000000000000000000 ) ) ;
#6256 = ADVANCED_FACE ( 'NONE', ( #8947 ), #6126, .F. ) ;
#6257 = LINE ( 'NONE', #1225, #6106 ) ;
#6258 = ADVANCED_FACE ( 'NONE', ( #2487 ), #3150, .F. ) ;
#6260 = VECTOR ( 'NONE', #7985, 1000.000000000000000 ) ;
#6259 = FACE_OUTER_BOUND ( 'NONE', #2712, .T. ) ;
#6261 = ORIENTED_EDGE ( 'NONE', *, *, #8953, .F. ) ;
#6262 = DIRECTION ( 'NONE',  ( 1.000000000000000000, 0.000000000000000000, -0.000000000000000000 ) ) ;
#6263 = ORIENTED_EDGE ( 'NONE', *, *, #8225, .F. ) ;
#6264 = DIRECTION ( 'NONE',  ( -1.000000000000000000, -3.751076125244977118E-16, 0.000000000000000000 ) ) ;
#6265 = ADVANCED_FACE ( 'NONE', ( #5420 ), #8286, .F. ) ;
#6266 = ADVANCED_FACE ( 'NONE', ( #586 ), #9130, .F. ) ;
#6267 = VECTOR ( 'NONE', #7625, 1000.000000000000227 ) ;
#6268 = PLANE ( 'NONE',  #2608 ) ;
#6269 = EDGE_CURVE ( 'NONE', #8981, #14, #8336, .T. ) ;
#6270 = PRESENTATION_STYLE_ASSIGNMENT (( #2635 ) ) ;
#6271 = DIRECTION ( 'NONE',  ( -0.000000000000000000, -0.000000000000000000, -1.000000000000000000 ) ) ;
#6272 = ORIENTED_EDGE ( 'NONE', *, *, #116, .T. ) ;
#6273 =( LENGTH_UNIT ( ) NAMED_UNIT ( * ) SI_UNIT ( .MILLI., .METRE. ) );
#6274 = DIRECTION ( 'NONE',  ( 0.000000000000000000, -0.000000000000000000, -1.000000000000000000 ) ) ;
#6275 = CIRCLE ( 'NONE', #1450, 0.08121469089664243302 ) ;
#6276 = ORIENTED_EDGE ( 'NONE', *, *, #2162, .F. ) ;
#6277 = DIRECTION ( 'NONE',  ( 0.01745240643728362268, -0.9998476951563911586, 0.000000000000000000 ) ) ;
#6278 = ORIENTED_EDGE ( 'NONE', *, *, #5205, .F. ) ;
#6279 = ORIENTED_EDGE ( 'NONE', *, *, #983, .F. ) ;
#6280 = EDGE_CURVE ( 'NONE', #7530, #5619, #4763, .T. ) ;
#6281 = CARTESIAN_POINT ( 'NONE',  ( -2.715217872447410752, 0.5252332998309695578, -1.502499999999999947 ) ) ;
#6282 = DIRECTION ( 'NONE',  ( 0.06975647374412519142, -0.9975640502598243087, 0.000000000000000000 ) ) ;
#6283 = EDGE_CURVE ( 'NONE', #4877, #4146, #6314, .T. ) ;
#6284 = CYLINDRICAL_SURFACE ( 'NONE', #7927, 0.08121469089664243302 ) ;
#6285 = DIRECTION ( 'NONE',  ( 0.000000000000000000, 0.000000000000000000, 1.000000000000000000 ) ) ;
#6286 = CARTESIAN_POINT ( 'NONE',  ( -2.199999999999999734, 0.6024999999999991473, 3.249999999999996003 ) ) ;
#6287 = EDGE_LOOP ( 'NONE', ( #6790, #5367, #1518, #4535 ) ) ;
#6288 = ORIENTED_EDGE ( 'NONE', *, *, #8370, .F. ) ;
#6289 = MANIFOLD_SOLID_BREP ( 'LPattern1[15]', #5418 ) ;
#6290 = CARTESIAN_POINT ( 'NONE',  ( 2.489037635143886984, 0.7474999999999992761, 2.802499999999999325 ) ) ;
#6291 = ORIENTED_EDGE ( 'NONE', *, *, #3117, .T. ) ;
#6292 = ORIENTED_EDGE ( 'NONE', *, *, #7965, .T. ) ;
#6293 = FACE_OUTER_BOUND ( 'NONE', #5005, .T. ) ;
#6294 = FACE_OUTER_BOUND ( 'NONE', #2226, .T. ) ;
#6295 = CARTESIAN_POINT ( 'NONE',  ( -2.801180237303523946, 0.2539479907276123161, 2.397499999999999964 ) ) ;
#6296 = LINE ( 'NONE', #2100, #1508 ) ;
#6297 = LINE ( 'NONE', #5542, #8253 ) ;
#6298 = VERTEX_POINT ( 'NONE', #6926 ) ;
#6299 = DIRECTION ( 'NONE',  ( 0.000000000000000000, -0.000000000000000000, -1.000000000000000000 ) ) ;
#6300 = ORIENTED_EDGE ( 'NONE', *, *, #7259, .T. ) ;
#6301 = EDGE_CURVE ( 'NONE', #542, #419, #841, .T. ) ;
#6302 = DIRECTION ( 'NONE',  ( 1.000000000000000000, 0.000000000000000000, 0.000000000000000000 ) ) ;
#6303 = CARTESIAN_POINT ( 'NONE',  ( 2.489037635143886984, 0.6024999999999990363, 2.152499999999999858 ) ) ;
#6304 = FACE_OUTER_BOUND ( 'NONE', #4710, .T. ) ;
#6305 = ORIENTED_EDGE ( 'NONE', *, *, #7337, .T. ) ;
#6306 = CARTESIAN_POINT ( 'NONE',  ( -3.200000000000000622, 0.1446467872876746885, 1.502500000000000391 ) ) ;
#6307 = VERTEX_POINT ( 'NONE', #6222 ) ;
#6308 = VECTOR ( 'NONE', #7674, 1000.000000000000000 ) ;
#6309 = VECTOR ( 'NONE', #7589, 1000.000000000000000 ) ;
#6310 = CARTESIAN_POINT ( 'NONE',  ( -2.199999999999999734, 0.6024999999999991473, -2.152499999999999858 ) ) ;
#6311 = ADVANCED_FACE ( 'NONE', ( #3483 ), #9088, .T. ) ;
#6312 = EDGE_CURVE ( 'NONE', #2397, #4133, #1924, .T. ) ;
#6313 = DIRECTION ( 'NONE',  ( 0.000000000000000000, -0.000000000000000000, -1.000000000000000000 ) ) ;
#6314 = LINE ( 'NONE', #7680, #3991 ) ;
#6315 = MANIFOLD_SOLID_BREP ( 'LPattern1[17]', #4514 ) ;
#6316 = CIRCLE ( 'NONE', #2696, 0.2262146908966421732 ) ;
#6317 = LINE ( 'NONE', #3392, #334 ) ;
#6318 = ORIENTED_EDGE ( 'NONE', *, *, #8782, .F. ) ;
#6319 = VECTOR ( 'NONE', #5735, 1000.000000000000000 ) ;
#6320 = EDGE_CURVE ( 'NONE', #2923, #7039, #4103, .T. ) ;
#6321 = FILL_AREA_STYLE ('',( #4811 ) ) ;
#6322 = ORIENTED_EDGE ( 'NONE', *, *, #9302, .T. ) ;
#6323 = DIRECTION ( 'NONE',  ( 1.000000000000000000, 0.000000000000000000, 0.000000000000000000 ) ) ;
#6324 = ORIENTED_EDGE ( 'NONE', *, *, #3770, .F. ) ;
#6325 = EDGE_LOOP ( 'NONE', ( #7056, #5772, #1893, #1082 ) ) ;
#6326 = VECTOR ( 'NONE', #3647, 1000.000000000000227 ) ;
#6327 = CLOSED_SHELL ( 'NONE', ( #3014, #5970, #4947, #5089, #2221, #1939, #6248, #5472, #6970, #5625, #904, #6658, #5170, #4425 ) ) ;
#6328 = DIRECTION ( 'NONE',  ( 1.000000000000000000, 0.000000000000000000, 0.000000000000000000 ) ) ;
#6329 = PRESENTATION_LAYER_ASSIGNMENT (  '', '', ( #5124 ) ) ;
#6330 = CARTESIAN_POINT ( 'NONE',  ( 2.719977915797677337, 0.2525305989334057921, -0.8524999999999999245 ) ) ;
#6331 = DIRECTION ( 'NONE',  ( -0.000000000000000000, -0.000000000000000000, -1.000000000000000000 ) ) ;
#6332 = CARTESIAN_POINT ( 'NONE',  ( -2.199999999999999734, 0.6024999999999991473, 3.047499999999999432 ) ) ;
#6333 = EDGE_CURVE ( 'NONE', #1182, #804, #9256, .T. ) ;
#6334 = VECTOR ( 'NONE', #8833, 1000.000000000000114 ) ;
#6335 = EDGE_CURVE ( 'NONE', #2496, #1441, #8666, .T. ) ;
#6336 = LINE ( 'NONE', #1254, #3005 ) ;
#6337 = VERTEX_POINT ( 'NONE', #6453 ) ;
#6338 = ORIENTED_EDGE ( 'NONE', *, *, #404, .F. ) ;
#6339 = LINE ( 'NONE', #9202, #4665 ) ;
#6340 = EDGE_LOOP ( 'NONE', ( #4956, #4864 ) ) ;
#6341 = ORIENTED_EDGE ( 'NONE', *, *, #1492, .F. ) ;
#6342 = PLANE ( 'NONE',  #7693 ) ;
#6343 = AXIS2_PLACEMENT_3D ( 'NONE', #1273, #3419, #4134 ) ;
#6344 = DIRECTION ( 'NONE',  ( 1.000000000000000000, 0.000000000000000000, 0.000000000000000000 ) ) ;
#6345 = DIRECTION ( 'NONE',  ( 1.000000000000000000, 0.000000000000000000, 0.000000000000000000 ) ) ;
#6346 = CARTESIAN_POINT ( 'NONE',  ( -2.795514986850355044, 0.1729311347361582596, -3.047499999999999876 ) ) ;
#6347 = VECTOR ( 'NONE', #2425, 1000.000000000000000 ) ;
#6348 = CYLINDRICAL_SURFACE ( 'NONE', #8712, 0.2262146908966421732 ) ;
#6349 = ORIENTED_EDGE ( 'NONE', *, *, #5384, .F. ) ;
#6350 = CARTESIAN_POINT ( 'NONE',  ( 2.199999999999999734, 0.7474999999999991651, 2.397499999999999964 ) ) ;
#6351 = ORIENTED_EDGE ( 'NONE', *, *, #8279, .T. ) ;
#6352 = VECTOR ( 'NONE', #3214, 1000.000000000000000 ) ;
#6353 = FACE_OUTER_BOUND ( 'NONE', #401, .T. ) ;
#6354 = LINE ( 'NONE', #2019, #1451 ) ;
#6355 = CYLINDRICAL_SURFACE ( 'NONE', #5363, 0.2262146908966421732 ) ;
#6356 = ORIENTED_EDGE ( 'NONE', *, *, #4707, .F. ) ;
#6357 = ADVANCED_FACE ( 'NONE', ( #2961 ), #5754, .F. ) ;
#6358 = DIRECTION ( 'NONE',  ( -0.01745240643728362268, -0.9998476951563911586, 0.000000000000000000 ) ) ;
#6359 = AXIS2_PLACEMENT_3D ( 'NONE', #5671, #2081, #6936 ) ;
#6360 = ORIENTED_EDGE ( 'NONE', *, *, #3846, .F. ) ;
#6361 = DIRECTION ( 'NONE',  ( -0.000000000000000000, -0.000000000000000000, -1.000000000000000000 ) ) ;
#6362 = CARTESIAN_POINT ( 'NONE',  ( 2.199999999999999734, 0.6024999999999991473, 3.047499999999999432 ) ) ;
#6363 = VECTOR ( 'NONE', #8976, 1000.000000000000227 ) ;
#6364 =( LENGTH_UNIT ( ) NAMED_UNIT ( * ) SI_UNIT ( .MILLI., .METRE. ) );
#6365 = MANIFOLD_SOLID_BREP ( 'LPattern1[4]', #3148 ) ;
#6366 = DIRECTION ( 'NONE',  ( -1.000000000000000000, 0.000000000000000000, 0.000000000000000000 ) ) ;
#6367 = ORIENTED_EDGE ( 'NONE', *, *, #4881, .F. ) ;
#6368 = EDGE_CURVE ( 'NONE', #1819, #7359, #5180, .T. ) ;
#6369 =( NAMED_UNIT ( * ) PLANE_ANGLE_UNIT ( ) SI_UNIT ( $, .RADIAN. ) );
#6370 = VERTEX_POINT ( 'NONE', #2873 ) ;
#6371 = CARTESIAN_POINT ( 'NONE',  ( -2.489037635143886984, 0.5212853091033570196, 0.8524999999999999245 ) ) ;
#6372 = VERTEX_POINT ( 'NONE', #2252 ) ;
#6373 = ORIENTED_EDGE ( 'NONE', *, *, #8360, .T. ) ;
#6374 = AXIS2_PLACEMENT_3D ( 'NONE', #8911, #2361, #4545 ) ;
#6375 = CARTESIAN_POINT ( 'NONE',  ( -2.570239956649733593, 0.5227027008975635436, 2.802499999999999325 ) ) ;
#6376 = CARTESIAN_POINT ( 'NONE',  ( 2.715217872447410752, 0.5252332998309695578, 0.4475000000000000089 ) ) ;
#6377 = LINE ( 'NONE', #4821, #7121 ) ;
#6378 = DIRECTION ( 'NONE',  ( 0.000000000000000000, 1.000000000000000000, 0.000000000000000000 ) ) ;
#6379 = CARTESIAN_POINT ( 'NONE',  ( -2.715217872447410752, 0.5252332998309695578, -2.397499999999999964 ) ) ;
#6380 = CIRCLE ( 'NONE', #9078, 0.2262146908966421732 ) ;
#6381 = CARTESIAN_POINT ( 'NONE',  ( -2.489037635143886984, 0.5212853091033570196, 1.097499999999999920 ) ) ;
#6382 = EDGE_CURVE ( 'NONE', #6804, #8493, #2118, .T. ) ;
#6383 = DIRECTION ( 'NONE',  ( -0.9975640502598241977, -0.06975647374412527468, 0.000000000000000000 ) ) ;
#6384 = ORIENTED_EDGE ( 'NONE', *, *, #7116, .T. ) ;
#6385 = ORIENTED_EDGE ( 'NONE', *, *, #7583, .F. ) ;
#6386 = LINE ( 'NONE', #4265, #2544 ) ;
#6387 = ORIENTED_EDGE ( 'NONE', *, *, #4760, .T. ) ;
#6388 = ORIENTED_EDGE ( 'NONE', *, *, #1040, .F. ) ;
#6389 = CARTESIAN_POINT ( 'NONE',  ( 2.489037635143886984, 0.5212853091033570196, 1.097499999999999920 ) ) ;
#6390 = LINE ( 'NONE', #5361, #7103 ) ;
#6391 = AXIS2_PLACEMENT_3D ( 'NONE', #2909, #2063, #5125 ) ;
#6392 = ADVANCED_FACE ( 'NONE', ( #3758 ), #8618, .F. ) ;
#6393 = EDGE_CURVE ( 'NONE', #8066, #3635, #7200, .T. ) ;
#6394 = CARTESIAN_POINT ( 'NONE',  ( -2.199999999999999734, 0.7474999999999991651, -1.502499999999999947 ) ) ;
#6395 = LINE ( 'NONE', #2805, #7157 ) ;
#6396 = DIRECTION ( 'NONE',  ( 1.000000000000000000, 3.751076125244977118E-16, -0.000000000000000000 ) ) ;
#6397 = CARTESIAN_POINT ( 'NONE',  ( -2.575000000000001066, 0.2499999999999996669, 1.747500000000000275 ) ) ;
#6398 = EDGE_LOOP ( 'NONE', ( #1308, #4875, #5842, #727, #6568, #884, #6933, #933, #274, #6607, #8708, #6969 ) ) ;
#6399 = DIRECTION ( 'NONE',  ( -1.000000000000000000, 0.000000000000000000, 0.000000000000000000 ) ) ;
#6400 = ORIENTED_EDGE ( 'NONE', *, *, #1498, .T. ) ;
#6401 = DIRECTION ( 'NONE',  ( 1.000000000000000000, 0.000000000000000000, 0.000000000000000000 ) ) ;
#6402 = DIRECTION ( 'NONE',  ( 0.06975647374412535795, 0.9975640502598243087, 0.000000000000000000 ) ) ;
#6403 = VERTEX_POINT ( 'NONE', #7340 ) ;
#6404 = CARTESIAN_POINT ( 'NONE',  ( 2.489037635143886984, 0.5212853091033570196, 3.047499999999999432 ) ) ;
#6405 = VECTOR ( 'NONE', #7105, 1000.000000000000000 ) ;
#6406 = ORIENTED_EDGE ( 'NONE', *, *, #474, .F. ) ;
#6407 = FILL_AREA_STYLE ('',( #3531 ) ) ;
#6408 = ADVANCED_FACE ( 'NONE', ( #858 ), #3714, .F. ) ;
#6409 = PLANE ( 'NONE',  #4276 ) ;
#6410 = AXIS2_PLACEMENT_3D ( 'NONE', #469, #7046, #8264 ) ;
#6411 = PLANE ( 'NONE',  #6637 ) ;
#6412 = EDGE_LOOP ( 'NONE', ( #381, #9226, #9255, #5745 ) ) ;
#6413 = CARTESIAN_POINT ( 'NONE',  ( 2.715217872447410752, 0.5252332998309695578, 1.747500000000000275 ) ) ;
#6414 = EDGE_LOOP ( 'NONE', ( #6919, #2000, #1971, #7975 ) ) ;
#6415 = CARTESIAN_POINT ( 'NONE',  ( 2.715217872447410752, 0.5252332998309695578, -2.802499999999999769 ) ) ;
#6416 = ORIENTED_EDGE ( 'NONE', *, *, #8473, .T. ) ;
#6417 = AXIS2_PLACEMENT_3D ( 'NONE', #8466, #9166, #619 ) ;
#6418 = CARTESIAN_POINT ( 'NONE',  ( 2.199999999999999734, 0.7474999999999991651, 0.8524999999999999245 ) ) ;
#6419 = EDGE_CURVE ( 'NONE', #7394, #299, #725, .T. ) ;
#6420 = DIRECTION ( 'NONE',  ( -1.334402673828315804E-16, -0.000000000000000000, -1.000000000000000000 ) ) ;
#6421 = DIRECTION ( 'NONE',  ( -0.06975647374412527468, -0.9975640502598243087, 0.000000000000000000 ) ) ;
#6422 = CARTESIAN_POINT ( 'NONE',  ( 2.489037635143886984, 0.6024999999999990363, 2.397499999999999964 ) ) ;
#6423 = VECTOR ( 'NONE', #7265, 1000.000000000000000 ) ;
#6424 = PLANE ( 'NONE',  #3854 ) ;
#6425 = CARTESIAN_POINT ( 'NONE',  ( -2.199999999999999734, 0.7474999999999991651, -2.152499999999999858 ) ) ;
#6426 = ORIENTED_EDGE ( 'NONE', *, *, #5909, .T. ) ;
#6427 = EDGE_LOOP ( 'NONE', ( #352, #7374, #5774, #6840, #6653, #5891, #2637, #7758, #174, #2695, #5972, #3270 ) ) ;
#6428 = MANIFOLD_SOLID_BREP ( 'LPattern1[12]', #3913 ) ;
#6429 = DIRECTION ( 'NONE',  ( 1.000000000000000000, 3.751076125244977118E-16, -0.000000000000000000 ) ) ;
#6430 = EDGE_LOOP ( 'NONE', ( #2951, #3286, #6530, #5925 ) ) ;
#6431 = ORIENTED_EDGE ( 'NONE', *, *, #1166, .F. ) ;
#6432 = DIRECTION ( 'NONE',  ( -0.000000000000000000, -0.000000000000000000, -1.000000000000000000 ) ) ;
#6433 = EDGE_CURVE ( 'NONE', #6685, #5021, #5046, .T. ) ;
#6434 = CARTESIAN_POINT ( 'NONE',  ( 2.489037635143886984, 0.7474999999999992761, 1.502500000000000391 ) ) ;
#6435 = ADVANCED_FACE ( 'NONE', ( #6823 ), #998, .F. ) ;
#6436 = DIRECTION ( 'NONE',  ( 0.9975640502598241977, -0.06975647374412534407, 0.000000000000000000 ) ) ;
#6437 = CARTESIAN_POINT ( 'NONE',  ( -2.199999999999999734, 0.6024999999999991473, 2.397499999999999964 ) ) ;
#6438 = CARTESIAN_POINT ( 'NONE',  ( 2.795514986850355044, 0.1729311347361582596, 0.4475000000000000089 ) ) ;
#6439 = EDGE_CURVE ( 'NONE', #6298, #7595, #3957, .T. ) ;
#6440 = FACE_OUTER_BOUND ( 'NONE', #7229, .T. ) ;
#6441 = VERTEX_POINT ( 'NONE', #8088 ) ;
#6442 = DIRECTION ( 'NONE',  ( -0.000000000000000000, -0.000000000000000000, -1.000000000000000000 ) ) ;
#6443 = VERTEX_POINT ( 'NONE', #4706 ) ;
#6444 = CARTESIAN_POINT ( 'NONE',  ( -1.653818155844315463, 1.100000000000000533, -2.503818155844308002 ) ) ;
#6445 = CARTESIAN_POINT ( 'NONE',  ( -2.489037635143886984, 0.6024999999999990363, 2.397499999999999964 ) ) ;
#6446 = VERTEX_POINT ( 'NONE', #7526 ) ;
#6447 = EDGE_CURVE ( 'NONE', #9091, #7285, #1640, .T. ) ;
#6448 = CARTESIAN_POINT ( 'NONE',  ( -2.570239956649733593, 0.5227027008975635436, 1.097499999999999920 ) ) ;
#6449 = ORIENTED_EDGE ( 'NONE', *, *, #4432, .F. ) ;
#6450 = SURFACE_STYLE_USAGE ( .BOTH. , #721 ) ;
#6451 = ADVANCED_FACE ( 'NONE', ( #4001 ), #4518, .T. ) ;
#6452 = DIRECTION ( 'NONE',  ( -1.000000000000000000, 0.000000000000000000, 0.000000000000000000 ) ) ;
#6453 = CARTESIAN_POINT ( 'NONE',  ( 2.785400298157456600, 0.02828434744848385904, -0.2024999999999999856 ) ) ;
#6454 = DIRECTION ( 'NONE',  ( -0.9975640502598241977, -0.06975647374412527468, 0.000000000000000000 ) ) ;
#6455 = EDGE_LOOP ( 'NONE', ( #1430, #4315, #5904, #3521 ) ) ;
#6456 = CIRCLE ( 'NONE', #2378, 0.08121469089664243302 ) ;
#6457 = CARTESIAN_POINT ( 'NONE',  ( -2.795514986850355044, 0.1729311347361582596, -0.2024999999999999856 ) ) ;
#6458 = VERTEX_POINT ( 'NONE', #387 ) ;
#6459 = FACE_OUTER_BOUND ( 'NONE', #7318, .T. ) ;
#6460 = EDGE_LOOP ( 'NONE', ( #7072, #7567, #7860, #8470 ) ) ;
#6461 = FACE_OUTER_BOUND ( 'NONE', #8252, .T. ) ;
#6462 = VECTOR ( 'NONE', #5450, 1000.000000000000000 ) ;
#6463 = LINE ( 'NONE', #7348, #363 ) ;
#6464 = CARTESIAN_POINT ( 'NONE',  ( -2.489037635143886984, 0.5212853091033570196, -3.047499999999999876 ) ) ;
#6465 = CARTESIAN_POINT ( 'NONE',  ( 2.795514986850355044, 0.1729311347361582596, 1.747500000000000275 ) ) ;
#6466 = DIRECTION ( 'NONE',  ( -0.000000000000000000, -0.000000000000000000, -1.000000000000000000 ) ) ;
#6467 = DIRECTION ( 'NONE',  ( 1.000000000000000000, 0.000000000000000000, 0.000000000000000000 ) ) ;
#6468 = ORIENTED_EDGE ( 'NONE', *, *, #5840, .T. ) ;
#6469 = ORIENTED_EDGE ( 'NONE', *, *, #1285, .T. ) ;
#6470 = CIRCLE ( 'NONE', #6615, 0.08121469089664200280 ) ;
#6471 = CARTESIAN_POINT ( 'NONE',  ( -2.715217872447410752, 0.5252332998309695578, -0.8524999999999999245 ) ) ;
#6472 = EDGE_CURVE ( 'NONE', #6053, #77, #242, .T. ) ;
#6473 = EDGE_LOOP ( 'NONE', ( #5195, #674, #718, #1194 ) ) ;
#6474 = EDGE_LOOP ( 'NONE', ( #7203, #3111, #3329, #4264 ) ) ;
#6475 = CARTESIAN_POINT ( 'NONE',  ( -2.570239956649733593, 0.5227027008975635436, -2.397499999999999964 ) ) ;
#6476 = LINE ( 'NONE', #2942, #9206 ) ;
#6477 = DIRECTION ( 'NONE',  ( -0.000000000000000000, 0.000000000000000000, 1.000000000000000000 ) ) ;
#6478 = VECTOR ( 'NONE', #4614, 1000.000000000000000 ) ;
#6479 = LINE ( 'NONE', #7226, #7315 ) ;
#6480 = CARTESIAN_POINT ( 'NONE',  ( -2.785400298157456600, 0.02828434744848385904, -1.747499999999999831 ) ) ;
#6481 = DIRECTION ( 'NONE',  ( -0.000000000000000000, -0.000000000000000000, -1.000000000000000000 ) ) ;
#6482 = ADVANCED_FACE ( 'NONE', ( #6119 ), #5934, .F. ) ;
#6483 = ORIENTED_EDGE ( 'NONE', *, *, #2584, .T. ) ;
#6484 = LINE ( 'NONE', #6621, #2408 ) ;
#6485 = ORIENTED_EDGE ( 'NONE', *, *, #2665, .F. ) ;
#6486 = VECTOR ( 'NONE', #7854, 1000.000000000000000 ) ;
#6487 = DIRECTION ( 'NONE',  ( 0.000000000000000000, 1.000000000000000000, 0.000000000000000000 ) ) ;
#6488 = CIRCLE ( 'NONE', #7692, 0.08121469089664243302 ) ;
#6489 = DIRECTION ( 'NONE',  ( 1.000000000000000000, 0.000000000000000000, 0.000000000000000000 ) ) ;
#6490 = AXIS2_PLACEMENT_3D ( 'NONE', #1446, #4356, #4316 ) ;
#6491 = ORIENTED_EDGE ( 'NONE', *, *, #4881, .T. ) ;
#6492 = DIRECTION ( 'NONE',  ( 0.9975640502598241977, -0.06975647374412534407, 0.000000000000000000 ) ) ;
#6493 = EDGE_CURVE ( 'NONE', #9047, #3510, #3901, .T. ) ;
#6494 = EDGE_LOOP ( 'NONE', ( #5579, #4772, #4783, #4808 ) ) ;
#6496 = DIRECTION ( 'NONE',  ( 0.000000000000000000, -0.000000000000000000, -1.000000000000000000 ) ) ;
#6495 = VECTOR ( 'NONE', #2846, 1000.000000000000227 ) ;
#6497 = VECTOR ( 'NONE', #5465, 1000.000000000000000 ) ;
#6498 = MECHANICAL_DESIGN_GEOMETRIC_PRESENTATION_REPRESENTATION (  '', ( #8599 ), #8748 ) ;
#6499 = EDGE_CURVE ( 'NONE', #8375, #9003, #8836, .T. ) ;
#6500 = EDGE_CURVE ( 'NONE', #420, #967, #6254, .T. ) ;
#6501 = LINE ( 'NONE', #2251, #8924 ) ;
#6502 = CARTESIAN_POINT ( 'NONE',  ( 2.801180237303523946, 0.2539479907276123161, 2.152499999999999858 ) ) ;
#6503 = CARTESIAN_POINT ( 'NONE',  ( 2.199999999999999734, 0.6024999999999991473, 2.152499999999999858 ) ) ;
#6504 = AXIS2_PLACEMENT_3D ( 'NONE', #4574, #3102, #7396 ) ;
#6505 = ORIENTED_EDGE ( 'NONE', *, *, #1655, .T. ) ;
#6506 = CARTESIAN_POINT ( 'NONE',  ( 3.189885311307102622, 1.626303258728256651E-16, 2.397499999999999964 ) ) ;
#6507 = VERTEX_POINT ( 'NONE', #6682 ) ;
#6508 = ORIENTED_EDGE ( 'NONE', *, *, #8272, .T. ) ;
#6509 = CARTESIAN_POINT ( 'NONE',  ( -2.795514986850355044, 0.1729311347361582596, 3.047499999999999432 ) ) ;
#6510 = AXIS2_PLACEMENT_3D ( 'NONE', #5586, #607, #5686 ) ;
#6511 = CARTESIAN_POINT ( 'NONE',  ( -2.785400298157456600, 0.02828434744848385904, -2.802499999999999769 ) ) ;
#6512 = DIRECTION ( 'NONE',  ( 0.01745240643728044813, -0.9998476951563912696, 0.000000000000000000 ) ) ;
#6513 = CARTESIAN_POINT ( 'NONE',  ( 2.719977915797677337, 0.2525305989334057921, -2.152499999999999858 ) ) ;
#6514 = LINE ( 'NONE', #7785, #717 ) ;
#6515 = PLANE ( 'NONE',  #8864 ) ;
#6516 = EDGE_LOOP ( 'NONE', ( #7734, #3312, #5410, #5843 ) ) ;
#6517 = CIRCLE ( 'NONE', #6220, 0.08121469089664243302 ) ;
#6518 = ORIENTED_EDGE ( 'NONE', *, *, #847, .F. ) ;
#6519 = DIRECTION ( 'NONE',  ( 1.000000000000000000, 0.000000000000000000, 0.000000000000000000 ) ) ;
#6520 = VERTEX_POINT ( 'NONE', #8885 ) ;
#6521 = ORIENTED_EDGE ( 'NONE', *, *, #3562, .T. ) ;
#6522 = CARTESIAN_POINT ( 'NONE',  ( 3.189885311307102622, 1.626303258728256651E-16, -2.152499999999999858 ) ) ;
#6523 = CARTESIAN_POINT ( 'NONE',  ( -2.795514986850355044, 0.1729311347361582596, -1.747499999999999831 ) ) ;
#6524 = CARTESIAN_POINT ( 'NONE',  ( -2.801180237303523946, 0.2539479907276123161, -1.097499999999999920 ) ) ;
#6525 = VECTOR ( 'NONE', #3768, 1000.000000000000000 ) ;
#6526 = EDGE_CURVE ( 'NONE', #4121, #6372, #6772, .T. ) ;
#6527 = DIRECTION ( 'NONE',  ( -0.000000000000000000, -0.000000000000000000, -1.000000000000000000 ) ) ;
#6528 =( NAMED_UNIT ( * ) SI_UNIT ( $, .STERADIAN. ) SOLID_ANGLE_UNIT ( ) );
#6529 = LINE ( 'NONE', #6619, #5253 ) ;
#6530 = ORIENTED_EDGE ( 'NONE', *, *, #8552, .F. ) ;
#6531 = CIRCLE ( 'NONE', #3060, 0.08121469089664200280 ) ;
#6532 = LINE ( 'NONE', #1497, #177 ) ;
#6533 = ORIENTED_EDGE ( 'NONE', *, *, #411, .F. ) ;
#6534 = EDGE_CURVE ( 'NONE', #3159, #2121, #289, .T. ) ;
#6535 = CARTESIAN_POINT ( 'NONE',  ( 2.489037635143886984, 0.5212853091033570196, 2.802499999999999325 ) ) ;
#6536 = CIRCLE ( 'NONE', #981, 0.2262146908966421732 ) ;
#6537 = DIRECTION ( 'NONE',  ( -0.000000000000000000, 0.000000000000000000, 1.000000000000000000 ) ) ;
#6538 = ORIENTED_EDGE ( 'NONE', *, *, #7052, .T. ) ;
#6539 = CARTESIAN_POINT ( 'NONE',  ( -2.715217872447410752, 0.5252332998309695578, 2.802499999999999325 ) ) ;
#6540 = VECTOR ( 'NONE', #6596, 1000.000000000000000 ) ;
#6541 = DIRECTION ( 'NONE',  ( -3.751076125244977118E-16, 1.000000000000000000, 0.000000000000000000 ) ) ;
#6542 = EDGE_CURVE ( 'NONE', #5479, #7517, #2433, .T. ) ;
#6543 = EDGE_CURVE ( 'NONE', #2735, #7530, #6912, .T. ) ;
#6544 = CARTESIAN_POINT ( 'NONE',  ( -2.719977915797677337, 0.2525305989334057921, -1.502499999999999947 ) ) ;
#6545 = PRESENTATION_STYLE_ASSIGNMENT (( #3001 ) ) ;
#6546 = PLANE ( 'NONE',  #794 ) ;
#6547 = AXIS2_PLACEMENT_3D ( 'NONE', #1599, #5001, #8004 ) ;
#6548 = ORIENTED_EDGE ( 'NONE', *, *, #6565, .F. ) ;
#6549 = ORIENTED_EDGE ( 'NONE', *, *, #3680, .T. ) ;
#6550 = EDGE_CURVE ( 'NONE', #5120, #5567, #6354, .T. ) ;
#6551 = EDGE_CURVE ( 'NONE', #2436, #8851, #9165, .T. ) ;
#6552 = ORIENTED_EDGE ( 'NONE', *, *, #8206, .F. ) ;
#6553 = DIRECTION ( 'NONE',  ( -0.9975640502598241977, 0.06975647374412534407, 0.000000000000000000 ) ) ;
#6554 = EDGE_CURVE ( 'NONE', #1690, #1036, #9122, .T. ) ;
#6555 = DIRECTION ( 'NONE',  ( 0.9975640502598241977, 0.06975647374412526081, 0.000000000000000000 ) ) ;
#6556 = VECTOR ( 'NONE', #7950, 1000.000000000000000 ) ;
#6557 = DIRECTION ( 'NONE',  ( -0.000000000000000000, -0.000000000000000000, -1.000000000000000000 ) ) ;
#6558 = FACE_OUTER_BOUND ( 'NONE', #4721, .T. ) ;
#6559 = DIRECTION ( 'NONE',  ( -0.06975647374412535795, 0.9975640502598243087, 0.000000000000000000 ) ) ;
#6560 = LINE ( 'NONE', #1829, #8522 ) ;
#6561 = DIRECTION ( 'NONE',  ( -0.000000000000000000, -0.000000000000000000, -1.000000000000000000 ) ) ;
#6562 = ORIENTED_EDGE ( 'NONE', *, *, #184, .T. ) ;
#6563 = CIRCLE ( 'NONE', #2199, 0.2262146908966421732 ) ;
#6564 = ORIENTED_EDGE ( 'NONE', *, *, #3255, .T. ) ;
#6565 = EDGE_CURVE ( 'NONE', #52, #2541, #4795, .T. ) ;
#6566 = DIRECTION ( 'NONE',  ( 1.000000000000000000, 3.751076125244977118E-16, -0.000000000000000000 ) ) ;
#6567 = ORIENTED_EDGE ( 'NONE', *, *, #7337, .F. ) ;
#6568 = ORIENTED_EDGE ( 'NONE', *, *, #6333, .T. ) ;
#6569 = CARTESIAN_POINT ( 'NONE',  ( -2.199999999999999734, 0.6024999999999991473, 3.249999999999996003 ) ) ;
#6570 = DIRECTION ( 'NONE',  ( -0.000000000000000000, 1.000000000000000000, -0.000000000000000000 ) ) ;
#6571 = EDGE_CURVE ( 'NONE', #8375, #6337, #482, .T. ) ;
#6572 = DIRECTION ( 'NONE',  ( -1.000000000000000000, 0.000000000000000000, 0.000000000000000000 ) ) ;
#6573 = VECTOR ( 'NONE', #2741, 1000.000000000000227 ) ;
#6574 = DIRECTION ( 'NONE',  ( -0.000000000000000000, -0.000000000000000000, -1.000000000000000000 ) ) ;
#6575 = CARTESIAN_POINT ( 'NONE',  ( -2.570239956649733593, 0.5227027008975635436, -1.502499999999999947 ) ) ;
#6576 = LINE ( 'NONE', #128, #7814 ) ;
#6577 = VERTEX_POINT ( 'NONE', #6212 ) ;
#6578 = CARTESIAN_POINT ( 'NONE',  ( -3.200000000000000622, 0.1446467872876746885, 1.097499999999999920 ) ) ;
#6579 = EDGE_LOOP ( 'NONE', ( #5653, #7821, #1913, #448 ) ) ;
#6580 = DIRECTION ( 'NONE',  ( 0.06975647374412535795, 0.9975640502598243087, 0.000000000000000000 ) ) ;
#6581 = CARTESIAN_POINT ( 'NONE',  ( 2.795514986850355044, 0.1729311347361582596, 2.802499999999999325 ) ) ;
#6582 = ORIENTED_EDGE ( 'NONE', *, *, #7259, .F. ) ;
#6583 = FACE_OUTER_BOUND ( 'NONE', #9000, .T. ) ;
#6584 = EDGE_CURVE ( 'NONE', #7628, #7273, #4182, .T. ) ;
#6585 =( NAMED_UNIT ( * ) PLANE_ANGLE_UNIT ( ) SI_UNIT ( $, .RADIAN. ) );
#6586 = CARTESIAN_POINT ( 'NONE',  ( 3.200000000000000622, 0.1446467872876746885, 0.8524999999999999245 ) ) ;
#6587 = ORIENTED_EDGE ( 'NONE', *, *, #1180, .F. ) ;
#6588 = DIRECTION ( 'NONE',  ( 0.9998476951563912696, -0.01745240643728044813, 0.000000000000000000 ) ) ;
#6589 = ORIENTED_EDGE ( 'NONE', *, *, #7075, .F. ) ;
#6590 = EDGE_CURVE ( 'NONE', #8821, #2493, #3471, .T. ) ;
#6591 = ORIENTED_EDGE ( 'NONE', *, *, #6213, .T. ) ;
#6592 = EDGE_CURVE ( 'NONE', #9158, #1662, #9035, .T. ) ;
#6593 = DIRECTION ( 'NONE',  ( -1.000000000000000000, 0.000000000000000000, 0.000000000000000000 ) ) ;
#6594 = CARTESIAN_POINT ( 'NONE',  ( 2.570239956649733593, 0.5227027008975635436, -1.502499999999999947 ) ) ;
#6595 = DIRECTION ( 'NONE',  ( 0.000000000000000000, -0.000000000000000000, -1.000000000000000000 ) ) ;
#6596 = DIRECTION ( 'NONE',  ( -0.06975647374412519142, -0.9975640502598243087, 0.000000000000000000 ) ) ;
#6597 = VECTOR ( 'NONE', #8982, 1000.000000000000227 ) ;
#6599 = DIRECTION ( 'NONE',  ( 1.000000000000000000, 0.000000000000000000, 0.000000000000000000 ) ) ;
#6598 = CIRCLE ( 'NONE', #479, 0.2262146908966421732 ) ;
#6600 = PLANE ( 'NONE',  #4919 ) ;
#6601 = FACE_OUTER_BOUND ( 'NONE', #6287, .T. ) ;
#6602 = ORIENTED_EDGE ( 'NONE', *, *, #1608, .F. ) ;
#6603 = ORIENTED_EDGE ( 'NONE', *, *, #6283, .F. ) ;
#6604 = DIRECTION ( 'NONE',  ( -0.9975640502598241977, 0.06975647374412534407, 0.000000000000000000 ) ) ;
#6605 = EDGE_CURVE ( 'NONE', #3594, #4828, #2623, .T. ) ;
#6606 = ORIENTED_EDGE ( 'NONE', *, *, #4547, .T. ) ;
#6607 = ORIENTED_EDGE ( 'NONE', *, *, #6820, .T. ) ;
#6608 = DIRECTION ( 'NONE',  ( -1.000000000000000000, 0.000000000000000000, 1.971276677246371519E-16 ) ) ;
#6609 = VECTOR ( 'NONE', #992, 1000.000000000000000 ) ;
#6610 = LINE ( 'NONE', #2143, #5446 ) ;
#6611 = LINE ( 'NONE', #1448, #3191 ) ;
#6612 = EDGE_CURVE ( 'NONE', #1549, #405, #432, .T. ) ;
#6613 = ADVANCED_FACE ( 'NONE', ( #8373 ), #7667, .T. ) ;
#6614 = DIRECTION ( 'NONE',  ( 0.000000000000000000, -0.000000000000000000, -1.000000000000000000 ) ) ;
#6615 = AXIS2_PLACEMENT_3D ( 'NONE', #1442, #9253, #6519 ) ;
#6616 = CARTESIAN_POINT ( 'NONE',  ( 2.489037635143886984, 0.6024999999999990363, -0.2024999999999999856 ) ) ;
#6617 = VECTOR ( 'NONE', #2660, 1000.000000000000000 ) ;
#6618 = EDGE_LOOP ( 'NONE', ( #1539, #3554, #443, #6239, #5952, #2936, #2838, #302, #5761, #8282, #7661, #7038 ) ) ;
#6619 = CARTESIAN_POINT ( 'NONE',  ( 2.570239956649733593, 0.5227027008975635436, 3.047499999999999432 ) ) ;
#6620 = VERTEX_POINT ( 'NONE', #1367 ) ;
#6621 = CARTESIAN_POINT ( 'NONE',  ( -2.199999999999999734, 0.6024999999999991473, -2.152499999999999858 ) ) ;
#6622 = ORIENTED_EDGE ( 'NONE', *, *, #3796, .T. ) ;
#6623 = AXIS2_PLACEMENT_3D ( 'NONE', #7687, #1931, #1104 ) ;
#6624 = VECTOR ( 'NONE', #5182, 1000.000000000000000 ) ;
#6625 = VECTOR ( 'NONE', #9105, 1000.000000000000000 ) ;
#6626 =( NAMED_UNIT ( * ) PLANE_ANGLE_UNIT ( ) SI_UNIT ( $, .RADIAN. ) );
#6627 = CARTESIAN_POINT ( 'NONE',  ( -2.199999999999999734, 0.6024999999999991473, 0.4475000000000000089 ) ) ;
#6628 = ORIENTED_EDGE ( 'NONE', *, *, #8782, .T. ) ;
#6629 = VECTOR ( 'NONE', #8368, 1000.000000000000000 ) ;
#6630 = CYLINDRICAL_SURFACE ( 'NONE', #8455, 0.2262146908966421732 ) ;
#6631 = CARTESIAN_POINT ( 'NONE',  ( 2.795514986850355044, 0.1729311347361582596, 0.8524999999999999245 ) ) ;
#6632 = VECTOR ( 'NONE', #8108, 1000.000000000000000 ) ;
#6633 = FACE_OUTER_BOUND ( 'NONE', #8255, .T. ) ;
#6634 = EDGE_CURVE ( 'NONE', #8076, #3823, #6257, .T. ) ;
#6635 = ORIENTED_EDGE ( 'NONE', *, *, #994, .T. ) ;
#6636 = FACE_OUTER_BOUND ( 'NONE', #4652, .T. ) ;
#6637 = AXIS2_PLACEMENT_3D ( 'NONE', #3129, #5090, #5755 ) ;
#6638 = ORIENTED_EDGE ( 'NONE', *, *, #4707, .T. ) ;
#6639 = VECTOR ( 'NONE', #8642, 1000.000000000000000 ) ;
#6640 = CARTESIAN_POINT ( 'NONE',  ( -2.715217872447410752, 0.5252332998309695578, 0.8524999999999999245 ) ) ;
#6641 = CARTESIAN_POINT ( 'NONE',  ( 2.719977915797677337, 0.2525305989334057921, -0.2024999999999999856 ) ) ;
#6642 = CARTESIAN_POINT ( 'NONE',  ( -2.715217872447410752, 0.5252332998309695578, -0.2024999999999999856 ) ) ;
#6643 = VECTOR ( 'NONE', #6656, 1000.000000000000000 ) ;
#6644 = CARTESIAN_POINT ( 'NONE',  ( -2.715217872447410752, 0.5252332998309695578, -0.2024999999999999856 ) ) ;
#6645 = EDGE_CURVE ( 'NONE', #1221, #2102, #2667, .T. ) ;
#6646 = CYLINDRICAL_SURFACE ( 'NONE', #2346, 0.2262146908966421732 ) ;
#6647 = VERTEX_POINT ( 'NONE', #6303 ) ;
#6648 = CARTESIAN_POINT ( 'NONE',  ( 2.489037635143886984, 0.5212853091033570196, -0.2024999999999999856 ) ) ;
#6649 = ORIENTED_EDGE ( 'NONE', *, *, #649, .F. ) ;
#6650 = VERTEX_POINT ( 'NONE', #2577 ) ;
#6651 = DIRECTION ( 'NONE',  ( 0.9975640502598243087, 0.06975647374412519142, -0.000000000000000000 ) ) ;
#6652 = ORIENTED_EDGE ( 'NONE', *, *, #6565, .T. ) ;
#6653 = ORIENTED_EDGE ( 'NONE', *, *, #2501, .F. ) ;
#6654 = VECTOR ( 'NONE', #7292, 1000.000000000000000 ) ;
#6655 = DIRECTION ( 'NONE',  ( 0.01745240643728362268, 0.9998476951563911586, -0.000000000000000000 ) ) ;
#6656 = DIRECTION ( 'NONE',  ( -1.000000000000000000, 0.000000000000000000, 0.000000000000000000 ) ) ;
#6657 = DIRECTION ( 'NONE',  ( 0.000000000000000000, 0.000000000000000000, 1.000000000000000000 ) ) ;
#6658 = ADVANCED_FACE ( 'NONE', ( #8413 ), #1968, .F. ) ;
#6659 = EDGE_CURVE ( 'NONE', #3337, #3352, #8465, .T. ) ;
#6660 = CIRCLE ( 'NONE', #8154, 0.2000000000000000944 ) ;
#6661 = DIRECTION ( 'NONE',  ( 0.000000000000000000, 0.000000000000000000, 1.000000000000000000 ) ) ;
#6662 = CARTESIAN_POINT ( 'NONE',  ( 2.199999999999999734, 0.7474999999999991651, -0.8524999999999999245 ) ) ;
#6663 = ORIENTED_EDGE ( 'NONE', *, *, #2816, .T. ) ;
#6664 = CARTESIAN_POINT ( 'NONE',  ( -2.200000000000000622, 0.6024999999999991473, -3.249999999999992006 ) ) ;
#6665 = VERTEX_POINT ( 'NONE', #7763 ) ;
#6666 = ORIENTED_EDGE ( 'NONE', *, *, #8279, .F. ) ;
#6667 = CARTESIAN_POINT ( 'NONE',  ( -2.785400298157456600, 0.02828434744848385904, 1.747500000000000275 ) ) ;
#6668 = ADVANCED_FACE ( 'NONE', ( #3284 ), #1873, .F. ) ;
#6669 = ORIENTED_EDGE ( 'NONE', *, *, #7473, .F. ) ;
#6670 = EDGE_CURVE ( 'NONE', #6102, #3871, #1304, .T. ) ;
#6671 = AXIS2_PLACEMENT_3D ( 'NONE', #8204, #7497, #1798 ) ;
#6672 = EDGE_CURVE ( 'NONE', #5198, #2671, #557, .T. ) ;
#6673 = DIRECTION ( 'NONE',  ( 0.9975640502598241977, -0.06975647374412534407, 0.000000000000000000 ) ) ;
#6674 = CARTESIAN_POINT ( 'NONE',  ( 2.489037635143886984, 0.5212853091033570196, -0.2024999999999999856 ) ) ;
#6675 = VECTOR ( 'NONE', #539, 1000.000000000000114 ) ;
#6676 = ORIENTED_EDGE ( 'NONE', *, *, #7694, .F. ) ;
#6677 = DIRECTION ( 'NONE',  ( -1.000000000000000000, 3.751076125244977118E-16, 0.000000000000000000 ) ) ;
#6678 = CARTESIAN_POINT ( 'NONE',  ( -2.715217872447410752, 0.5252332998309695578, -1.502499999999999947 ) ) ;
#6679 = SURFACE_STYLE_USAGE ( .BOTH. , #6071 ) ;
#6680 = VECTOR ( 'NONE', #8322, 1000.000000000000000 ) ;
#6681 = DIRECTION ( 'NONE',  ( 0.000000000000000000, 1.000000000000000000, 0.000000000000000000 ) ) ;
#6682 = CARTESIAN_POINT ( 'NONE',  ( -2.489037635143886984, 0.7474999999999992761, -0.2024999999999999856 ) ) ;
#6683 = ORIENTED_EDGE ( 'NONE', *, *, #6393, .T. ) ;
#6684 = CARTESIAN_POINT ( 'NONE',  ( 2.719977915797677337, 0.2525305989334057921, -2.152499999999999858 ) ) ;
#6685 = VERTEX_POINT ( 'NONE', #8698 ) ;
#6686 = DIRECTION ( 'NONE',  ( 0.9975640502598243087, 0.06975647374412519142, -0.000000000000000000 ) ) ;
#6687 = ADVANCED_FACE ( 'NONE', ( #5789 ), #3572, .F. ) ;
#6688 = DIRECTION ( 'NONE',  ( 1.000000000000000000, 0.000000000000000000, -0.000000000000000000 ) ) ;
#6689 = FACE_OUTER_BOUND ( 'NONE', #3086, .T. ) ;
#6690 = AXIS2_PLACEMENT_3D ( 'NONE', #1088, #7389, #5408 ) ;
#6691 = LINE ( 'NONE', #6032, #8338 ) ;
#6692 = CARTESIAN_POINT ( 'NONE',  ( 2.199999999999999734, 0.7474999999999991651, 1.097499999999999920 ) ) ;
#6693 = ORIENTED_EDGE ( 'NONE', *, *, #4936, .F. ) ;
#6694 = LINE ( 'NONE', #8850, #6309 ) ;
#6695 = ORIENTED_EDGE ( 'NONE', *, *, #6820, .F. ) ;
#6696 = EDGE_LOOP ( 'NONE', ( #3835, #1012, #4970, #31 ) ) ;
#6697 = DIRECTION ( 'NONE',  ( 0.9975640502598241977, 0.06975647374412526081, 0.000000000000000000 ) ) ;
#6698 = ORIENTED_EDGE ( 'NONE', *, *, #3374, .T. ) ;
#6699 = EDGE_LOOP ( 'NONE', ( #329, #1856, #6384, #319 ) ) ;
#6700 = VECTOR ( 'NONE', #1324, 1000.000000000000227 ) ;
#6701 = DIRECTION ( 'NONE',  ( -0.9975640502598241977, -0.06975647374412534407, 0.000000000000000000 ) ) ;
#6702 = EDGE_CURVE ( 'NONE', #6763, #1718, #8657, .T. ) ;
#6703 = CARTESIAN_POINT ( 'NONE',  ( -2.801180237303523946, 0.2539479907276123161, 3.047499999999999432 ) ) ;
#6704 = PLANE ( 'NONE',  #6671 ) ;
#6705 = AXIS2_PLACEMENT_3D ( 'NONE', #5075, #2146, #5733 ) ;
#6706 = PLANE ( 'NONE',  #1596 ) ;
#6707 = SURFACE_SIDE_STYLE ('',( #3030 ) ) ;
#6708 = ORIENTED_EDGE ( 'NONE', *, *, #8384, .F. ) ;
#6709 = DIRECTION ( 'NONE',  ( 0.06975647374412519142, -0.9975640502598243087, 0.000000000000000000 ) ) ;
#6710 = VERTEX_POINT ( 'NONE', #4231 ) ;
#6711 = EDGE_LOOP ( 'NONE', ( #4725, #163, #1103, #979 ) ) ;
#6712 = CYLINDRICAL_SURFACE ( 'NONE', #4692, 0.2262146908966421732 ) ;
#6713 = VERTEX_POINT ( 'NONE', #3708 ) ;
#6714 = EDGE_CURVE ( 'NONE', #4386, #6144, #133, .T. ) ;
#6715 = AXIS2_PLACEMENT_3D ( 'NONE', #2690, #5386, #4682 ) ;
#6716 = CARTESIAN_POINT ( 'NONE',  ( 2.489037635143886984, 0.5212853091033570196, -1.502499999999999947 ) ) ;
#6717 = FACE_OUTER_BOUND ( 'NONE', #6874, .T. ) ;
#6718 = EDGE_CURVE ( 'NONE', #6087, #1091, #6099, .T. ) ;
#6719 = LINE ( 'NONE', #5214, #244 ) ;
#6720 = CARTESIAN_POINT ( 'NONE',  ( -2.795514986850355044, 0.1729311347361582596, 1.502500000000000391 ) ) ;
#6721 = VECTOR ( 'NONE', #4870, 1000.000000000000000 ) ;
#6722 = EDGE_LOOP ( 'NONE', ( #6708, #2815, #6752, #2495 ) ) ;
#6723 = DIRECTION ( 'NONE',  ( 1.000000000000000000, -3.751076125244977118E-16, 0.000000000000000000 ) ) ;
#6724 = CARTESIAN_POINT ( 'NONE',  ( -2.489037635143886984, 0.6024999999999990363, -1.097499999999999920 ) ) ;
#6725 = DIRECTION ( 'NONE',  ( 0.01745240643728044813, -0.9998476951563912696, 0.000000000000000000 ) ) ;
#6726 = DIRECTION ( 'NONE',  ( -0.06975647374412527468, -0.9975640502598243087, 0.000000000000000000 ) ) ;
#6727 = EDGE_CURVE ( 'NONE', #4815, #8783, #7153, .T. ) ;
#6728 = DIRECTION ( 'NONE',  ( -1.000000000000000000, 0.000000000000000000, 0.000000000000000000 ) ) ;
#6729 = ORIENTED_EDGE ( 'NONE', *, *, #7159, .T. ) ;
#6730 = FACE_OUTER_BOUND ( 'NONE', #3096, .T. ) ;
#6731 = VERTEX_POINT ( 'NONE', #6581 ) ;
#6732 = DIRECTION ( 'NONE',  ( -1.000000000000000000, 0.000000000000000000, 0.000000000000000000 ) ) ;
#6733 = CARTESIAN_POINT ( 'NONE',  ( 2.795514986850355044, 0.1729311347361582596, -1.097499999999999920 ) ) ;
#6734 = CARTESIAN_POINT ( 'NONE',  ( 2.575000000000001066, 0.2499999999999996669, -0.8524999999999999245 ) ) ;
#6735 =( NAMED_UNIT ( * ) SI_UNIT ( $, .STERADIAN. ) SOLID_ANGLE_UNIT ( ) );
#6736 = LINE ( 'NONE', #7586, #1231 ) ;
#6737 = ORIENTED_EDGE ( 'NONE', *, *, #7070, .T. ) ;
#6738 = VERTEX_POINT ( 'NONE', #47 ) ;
#6739 = VERTEX_POINT ( 'NONE', #807 ) ;
#6740 = CARTESIAN_POINT ( 'NONE',  ( -3.200000000000000622, 0.1446467872876746885, 0.4475000000000000089 ) ) ;
#6741 = ORIENTED_EDGE ( 'NONE', *, *, #1872, .F. ) ;
#6742 = ORIENTED_EDGE ( 'NONE', *, *, #7061, .F. ) ;
#6743 = CARTESIAN_POINT ( 'NONE',  ( 2.199999999999998845, 0.7474999999999991651, -3.249999999999992895 ) ) ;
#6744 = DIRECTION ( 'NONE',  ( -0.01745240643728044813, -0.9998476951563912696, 0.000000000000000000 ) ) ;
#6745 = LINE ( 'NONE', #362, #8169 ) ;
#6746 = DIRECTION ( 'NONE',  ( -0.01745240643728044813, -0.9998476951563912696, 0.000000000000000000 ) ) ;
#6747 = ADVANCED_FACE ( 'NONE', ( #2244 ), #5082, .F. ) ;
#6748 = CARTESIAN_POINT ( 'NONE',  ( -2.795514986850355044, 0.1729311347361582596, 2.397499999999999964 ) ) ;
#6749 = ORIENTED_EDGE ( 'NONE', *, *, #4202, .T. ) ;
#6750 = AXIS2_PLACEMENT_3D ( 'NONE', #5511, #9125, #5551 ) ;
#6751 = LINE ( 'NONE', #2412, #7664 ) ;
#6752 = ORIENTED_EDGE ( 'NONE', *, *, #9018, .T. ) ;
#6753 = ORIENTED_EDGE ( 'NONE', *, *, #4645, .F. ) ;
#6754 = CARTESIAN_POINT ( 'NONE',  ( 2.570239956649733593, 0.5227027008975635436, 0.4475000000000000089 ) ) ;
#6755 = ORIENTED_EDGE ( 'NONE', *, *, #6672, .T. ) ;
#6756 = CARTESIAN_POINT ( 'NONE',  ( -2.575000000000001066, 0.2499999999999996669, -0.2024999999999999856 ) ) ;
#6757 = VECTOR ( 'NONE', #315, 1000.000000000000000 ) ;
#6758 = PLANE ( 'NONE',  #1434 ) ;
#6759 = VECTOR ( 'NONE', #4363, 1000.000000000000000 ) ;
#6760 = FACE_OUTER_BOUND ( 'NONE', #3121, .T. ) ;
#6761 = EDGE_CURVE ( 'NONE', #5288, #1260, #8503, .T. ) ;
#6762 = CARTESIAN_POINT ( 'NONE',  ( 2.489037635143886984, 0.5212853091033570196, 1.097499999999999920 ) ) ;
#6763 = VERTEX_POINT ( 'NONE', #2291 ) ;
#6764 = CARTESIAN_POINT ( 'NONE',  ( -2.795514986850355044, 0.1729311347361582596, -1.747499999999999831 ) ) ;
#6765 = ORIENTED_EDGE ( 'NONE', *, *, #3586, .F. ) ;
#6766 = DIRECTION ( 'NONE',  ( -0.000000000000000000, -0.000000000000000000, -1.000000000000000000 ) ) ;
#6767 = ORIENTED_EDGE ( 'NONE', *, *, #5179, .F. ) ;
#6768 = VECTOR ( 'NONE', #6177, 1000.000000000000000 ) ;
#6769 = CARTESIAN_POINT ( 'NONE',  ( -2.103818155844314308, 1.200000000000000622, 3.153818155844310578 ) ) ;
#6770 = AXIS2_PLACEMENT_3D ( 'NONE', #2693, #8537, #9145 ) ;
#6771 = DIRECTION ( 'NONE',  ( -0.000000000000000000, 0.000000000000000000, 1.000000000000000000 ) ) ;
#6772 = LINE ( 'NONE', #7434, #4149 ) ;
#6773 = VECTOR ( 'NONE', #8790, 1000.000000000000000 ) ;
#6774 = EDGE_CURVE ( 'NONE', #1317, #817, #2109, .T. ) ;
#6775 = DIRECTION ( 'NONE',  ( -0.000000000000000000, -0.000000000000000000, -1.000000000000000000 ) ) ;
#6776 = ORIENTED_EDGE ( 'NONE', *, *, #1435, .F. ) ;
#6777 = CARTESIAN_POINT ( 'NONE',  ( 2.199999999999999734, 0.6024999999999991473, -0.8524999999999999245 ) ) ;
#6778 = VERTEX_POINT ( 'NONE', #5830 ) ;
#6779 = CARTESIAN_POINT ( 'NONE',  ( 2.575000000000001066, 0.2499999999999996669, 1.747500000000000275 ) ) ;
#6780 = ADVANCED_FACE ( 'NONE', ( #4989 ), #5126, .F. ) ;
#6781 = VECTOR ( 'NONE', #1912, 1000.000000000000000 ) ;
#6782 = ADVANCED_FACE ( 'NONE', ( #5173 ), #8039, .F. ) ;
#6783 = LINE ( 'NONE', #7442, #6525 ) ;
#6784 = DIRECTION ( 'NONE',  ( -0.000000000000000000, -0.000000000000000000, -1.000000000000000000 ) ) ;
#6785 = DIRECTION ( 'NONE',  ( -0.000000000000000000, -0.000000000000000000, -1.000000000000000000 ) ) ;
#6786 = VECTOR ( 'NONE', #6128, 1000.000000000000000 ) ;
#6787 = ORIENTED_EDGE ( 'NONE', *, *, #5451, .F. ) ;
#6788 = AXIS2_PLACEMENT_3D ( 'NONE', #7937, #32, #2276 ) ;
#6789 = EDGE_LOOP ( 'NONE', ( #271, #4982, #4295, #3620 ) ) ;
#6790 = ORIENTED_EDGE ( 'NONE', *, *, #4602, .F. ) ;
#6791 = CARTESIAN_POINT ( 'NONE',  ( -3.200000000000000622, 0.1446467872876746885, -1.502499999999999947 ) ) ;
#6792 = VERTEX_POINT ( 'NONE', #8557 ) ;
#6793 = ORIENTED_EDGE ( 'NONE', *, *, #1429, .T. ) ;
#6794 = CARTESIAN_POINT ( 'NONE',  ( -2.489037635143886984, 0.5212853091033570196, -2.802499999999999769 ) ) ;
#6795 = DIRECTION ( 'NONE',  ( 1.000000000000000000, 0.000000000000000000, 0.000000000000000000 ) ) ;
#6796 = AXIS2_PLACEMENT_3D ( 'NONE', #7275, #5158, #33 ) ;
#6797 =( GEOMETRIC_REPRESENTATION_CONTEXT ( 3 ) GLOBAL_UNCERTAINTY_ASSIGNED_CONTEXT ( ( #5380 ) ) GLOBAL_UNIT_ASSIGNED_CONTEXT ( ( #9240, #3541, #5095 ) ) REPRESENTATION_CONTEXT ( 'NONE', 'WORKASPACE' ) );
#6798 = DIRECTION ( 'NONE',  ( -1.000000000000000000, 0.000000000000000000, 0.000000000000000000 ) ) ;
#6799 = CARTESIAN_POINT ( 'NONE',  ( 2.200000000000000622, 0.7474999999999991651, 3.249999999999995115 ) ) ;
#6800 = CIRCLE ( 'NONE', #6964, 0.2262146908966421732 ) ;
#6801 = EDGE_LOOP ( 'NONE', ( #472, #772, #4748, #4004 ) ) ;
#6802 = CARTESIAN_POINT ( 'NONE',  ( 2.785400298157456600, 0.02828434744848385904, -2.802499999999999769 ) ) ;
#6803 = ORIENTED_EDGE ( 'NONE', *, *, #2231, .T. ) ;
#6804 = VERTEX_POINT ( 'NONE', #6445 ) ;
#6805 = DIRECTION ( 'NONE',  ( -1.000000000000000000, 0.000000000000000000, 0.000000000000000000 ) ) ;
#6806 = EDGE_CURVE ( 'NONE', #3597, #3524, #7859, .T. ) ;
#6807 = CARTESIAN_POINT ( 'NONE',  ( 3.200000000000000622, 0.1446467872876746885, 2.397499999999999964 ) ) ;
#6808 = VECTOR ( 'NONE', #5027, 1000.000000000000000 ) ;
#6809 = DIRECTION ( 'NONE',  ( 0.000000000000000000, -0.000000000000000000, -1.000000000000000000 ) ) ;
#6810 = DIRECTION ( 'NONE',  ( -0.000000000000000000, 0.000000000000000000, 1.000000000000000000 ) ) ;
#6811 = CARTESIAN_POINT ( 'NONE',  ( 2.199999999999999734, 0.6024999999999991473, -1.097499999999999920 ) ) ;
#6812 = ORIENTED_EDGE ( 'NONE', *, *, #3975, .T. ) ;
#6813 = VECTOR ( 'NONE', #8880, 1000.000000000000000 ) ;
#6814 = CARTESIAN_POINT ( 'NONE',  ( -2.801180237303523946, 0.2539479907276123161, -0.8524999999999999245 ) ) ;
#6815 = EDGE_LOOP ( 'NONE', ( #7887, #223, #1380, #4969 ) ) ;
#6816 = CIRCLE ( 'NONE', #5171, 0.2262146908966421732 ) ;
#6817 = PLANE ( 'NONE',  #5730 ) ;
#6818 = ORIENTED_EDGE ( 'NONE', *, *, #2871, .T. ) ;
#6819 = CARTESIAN_POINT ( 'NONE',  ( -2.570239956649733593, 0.5227027008975635436, -2.152499999999999858 ) ) ;
#6820 = EDGE_CURVE ( 'NONE', #6884, #3223, #4281, .T. ) ;
#6821 = CARTESIAN_POINT ( 'NONE',  ( 3.189885311307102622, 1.626303258728256651E-16, -2.802499999999999769 ) ) ;
#6822 = VECTOR ( 'NONE', #55, 1000.000000000000000 ) ;
#6823 = FACE_OUTER_BOUND ( 'NONE', #850, .T. ) ;
#6824 = DIRECTION ( 'NONE',  ( 0.000000000000000000, -0.000000000000000000, -1.000000000000000000 ) ) ;
#6825 = ORIENTED_EDGE ( 'NONE', *, *, #8919, .T. ) ;
#6826 = CARTESIAN_POINT ( 'NONE',  ( -2.795514986850355044, 0.1729311347361582596, -0.8524999999999999245 ) ) ;
#6827 = VERTEX_POINT ( 'NONE', #8608 ) ;
#6828 = ADVANCED_FACE ( 'NONE', ( #5039 ), #7904, .F. ) ;
#6829 = VECTOR ( 'NONE', #6302, 1000.000000000000000 ) ;
#6830 = CARTESIAN_POINT ( 'NONE',  ( 2.795514986850355044, 0.1729311347361582596, -0.2024999999999999856 ) ) ;
#6831 = ADVANCED_FACE ( 'NONE', ( #7381 ), #7470, .F. ) ;
#6832 = EDGE_CURVE ( 'NONE', #1000, #4966, #8048, .T. ) ;
#6833 = LINE ( 'NONE', #346, #5620 ) ;
#6834 = CARTESIAN_POINT ( 'NONE',  ( 2.489037635143886984, 0.5212853091033570196, -1.747499999999999831 ) ) ;
#6835 = CIRCLE ( 'NONE', #2771, 0.2262146908966421732 ) ;
#6836 = ORIENTED_EDGE ( 'NONE', *, *, #167, .T. ) ;
#6837 = EDGE_CURVE ( 'NONE', #7676, #2091, #1076, .T. ) ;
#6838 = SURFACE_STYLE_FILL_AREA ( #5473 ) ;
#6839 = VERTEX_POINT ( 'NONE', #1032 ) ;
#6840 = ORIENTED_EDGE ( 'NONE', *, *, #3253, .F. ) ;
#6841 = DIRECTION ( 'NONE',  ( 0.9998476951563912696, 0.01745240643728362614, 0.000000000000000000 ) ) ;
#6842 = ORIENTED_EDGE ( 'NONE', *, *, #6542, .F. ) ;
#6843 = ORIENTED_EDGE ( 'NONE', *, *, #2108, .T. ) ;
#6844 = LINE ( 'NONE', #1016, #936 ) ;
#6845 = DIRECTION ( 'NONE',  ( 1.000000000000000000, 0.000000000000000000, -0.000000000000000000 ) ) ;
#6846 = DIRECTION ( 'NONE',  ( 0.000000000000000000, -0.000000000000000000, -1.000000000000000000 ) ) ;
#6847 = CYLINDRICAL_SURFACE ( 'NONE', #3093, 0.08121469089664200280 ) ;
#6848 = EDGE_CURVE ( 'NONE', #2237, #5381, #7511, .T. ) ;
#6849 = LINE ( 'NONE', #415, #7078 ) ;
#6850 = VECTOR ( 'NONE', #5742, 1000.000000000000227 ) ;
#6851 = ORIENTED_EDGE ( 'NONE', *, *, #474, .T. ) ;
#6852 = CARTESIAN_POINT ( 'NONE',  ( 2.801180237303523946, 0.2539479907276123161, -2.152499999999999858 ) ) ;
#6853 = ORIENTED_EDGE ( 'NONE', *, *, #3898, .T. ) ;
#6854 = ORIENTED_EDGE ( 'NONE', *, *, #7256, .T. ) ;
#6855 = CARTESIAN_POINT ( 'NONE',  ( -2.199999999999999734, 0.7474999999999991651, -2.802499999999999769 ) ) ;
#6856 = EDGE_CURVE ( 'NONE', #1179, #2721, #8978, .T. ) ;
#6857 = CARTESIAN_POINT ( 'NONE',  ( 3.189885311307102622, 1.626303258728256651E-16, -1.747499999999999831 ) ) ;
#6858 = CIRCLE ( 'NONE', #2792, 0.2262146908966421732 ) ;
#6859 = PLANE ( 'NONE',  #7587 ) ;
#6860 = FACE_OUTER_BOUND ( 'NONE', #8107, .T. ) ;
#6861 = DIRECTION ( 'NONE',  ( -1.000000000000000000, 0.000000000000000000, 0.000000000000000000 ) ) ;
#6862 = CARTESIAN_POINT ( 'NONE',  ( 2.489037635143886984, 0.5212853091033570196, 0.8524999999999999245 ) ) ;
#6863 = ORIENTED_EDGE ( 'NONE', *, *, #3619, .F. ) ;
#6864 = VECTOR ( 'NONE', #6775, 1000.000000000000000 ) ;
#6865 = LINE ( 'NONE', #7518, #778 ) ;
#6866 = ORIENTED_EDGE ( 'NONE', *, *, #4835, .F. ) ;
#6867 = PLANE ( 'NONE',  #4732 ) ;
#6868 = VECTOR ( 'NONE', #2648, 1000.000000000000227 ) ;
#6869 = CARTESIAN_POINT ( 'NONE',  ( 2.200000000000000622, 0.7474999999999991651, 3.249999999999995115 ) ) ;
#6870 = CARTESIAN_POINT ( 'NONE',  ( 2.785400298157456600, 0.02828434744848385904, -3.047499999999999876 ) ) ;
#6871 = ORIENTED_EDGE ( 'NONE', *, *, #8784, .T. ) ;
#6872 = EDGE_CURVE ( 'NONE', #1395, #4877, #1591, .T. ) ;
#6873 = CYLINDRICAL_SURFACE ( 'NONE', #297, 0.08121469089664243302 ) ;
#6874 = EDGE_LOOP ( 'NONE', ( #1708, #8137, #9187, #1487 ) ) ;
#6875 = CARTESIAN_POINT ( 'NONE',  ( -3.189885311307102622, 1.626303258728256651E-16, -0.2024999999999999856 ) ) ;
#6876 = CARTESIAN_POINT ( 'NONE',  ( -2.489037635143886984, 0.5212853091033570196, -1.747499999999999831 ) ) ;
#6877 =( NAMED_UNIT ( * ) PLANE_ANGLE_UNIT ( ) SI_UNIT ( $, .RADIAN. ) );
#6878 = LINE ( 'NONE', #5558, #2129 ) ;
#6879 = ORIENTED_EDGE ( 'NONE', *, *, #4615, .T. ) ;
#6880 = EDGE_CURVE ( 'NONE', #833, #3064, #183, .T. ) ;
#6881 = DIRECTION ( 'NONE',  ( 0.000000000000000000, 0.000000000000000000, 1.000000000000000000 ) ) ;
#6883 = EDGE_CURVE ( 'NONE', #1398, #9050, #4608, .T. ) ;
#6882 = ORIENTED_EDGE ( 'NONE', *, *, #6727, .F. ) ;
#6884 = VERTEX_POINT ( 'NONE', #3749 ) ;
#6885 = CARTESIAN_POINT ( 'NONE',  ( 2.801180237303523946, 0.2539479907276123161, 1.097499999999999920 ) ) ;
#6886 = ORIENTED_EDGE ( 'NONE', *, *, #9076, .F. ) ;
#6887 = ORIENTED_EDGE ( 'NONE', *, *, #1742, .T. ) ;
#6888 = FILL_AREA_STYLE ('',( #6935 ) ) ;
#6889 = CARTESIAN_POINT ( 'NONE',  ( -2.570239956649733593, 0.5227027008975635436, 2.397499999999999964 ) ) ;
#6890 = CARTESIAN_POINT ( 'NONE',  ( 2.801180237303523946, 0.2539479907276123161, 1.747500000000000275 ) ) ;
#6891 = DIRECTION ( 'NONE',  ( -1.000000000000000000, 0.000000000000000000, 0.000000000000000000 ) ) ;
#6892 = EDGE_CURVE ( 'NONE', #2977, #2496, #3843, .T. ) ;
#6893 = PRESENTATION_STYLE_ASSIGNMENT (( #2410 ) ) ;
#6894 = ORIENTED_EDGE ( 'NONE', *, *, #4091, .F. ) ;
#6895 = CARTESIAN_POINT ( 'NONE',  ( 2.785400298157456600, 0.02828434744848385904, -2.802499999999999769 ) ) ;
#6896 = ORIENTED_EDGE ( 'NONE', *, *, #5294, .T. ) ;
#6897 = VERTEX_POINT ( 'NONE', #3798 ) ;
#6898 = DIRECTION ( 'NONE',  ( 0.01745240643728044813, -0.9998476951563912696, 0.000000000000000000 ) ) ;
#6899 = EDGE_CURVE ( 'NONE', #8448, #1260, #5306, .T. ) ;
#6900 = EDGE_CURVE ( 'NONE', #6710, #1786, #5255, .T. ) ;
#6901 = CARTESIAN_POINT ( 'NONE',  ( 3.189885311307102622, 1.626303258728256651E-16, 2.397499999999999964 ) ) ;
#6902 = PLANE ( 'NONE',  #6243 ) ;
#6903 = CARTESIAN_POINT ( 'NONE',  ( 2.575000000000001066, 0.2499999999999996669, 0.4475000000000000089 ) ) ;
#6904 = MECHANICAL_DESIGN_GEOMETRIC_PRESENTATION_REPRESENTATION (  '', ( #3741 ), #2094 ) ;
#6905 = FACE_OUTER_BOUND ( 'NONE', #9186, .T. ) ;
#6906 = DIRECTION ( 'NONE',  ( -0.000000000000000000, -0.000000000000000000, -1.000000000000000000 ) ) ;
#6907 = ORIENTED_EDGE ( 'NONE', *, *, #5515, .F. ) ;
#6908 = DIRECTION ( 'NONE',  ( -1.000000000000000000, 0.000000000000000000, 0.000000000000000000 ) ) ;
#6909 = VERTEX_POINT ( 'NONE', #1766 ) ;
#6910 = VECTOR ( 'NONE', #4790, 1000.000000000000000 ) ;
#6911 = DIRECTION ( 'NONE',  ( 1.000000000000000000, 3.751076125244977118E-16, -0.000000000000000000 ) ) ;
#6912 = LINE ( 'NONE', #8325, #7760 ) ;
#6913 = CYLINDRICAL_SURFACE ( 'NONE', #1157, 0.08121469089664200280 ) ;
#6914 = ORIENTED_EDGE ( 'NONE', *, *, #453, .T. ) ;
#6915 = CIRCLE ( 'NONE', #7074, 0.2262146908966421732 ) ;
#6916 = CLOSED_SHELL ( 'NONE', ( #7645, #2220, #3388, #3727, #3317, #8741, #5263, #516, #6613, #2181, #25, #503, #2387, #5876 ) ) ;
#6917 = DIRECTION ( 'NONE',  ( 0.000000000000000000, 0.000000000000000000, 1.000000000000000000 ) ) ;
#6918 = AXIS2_PLACEMENT_3D ( 'NONE', #4035, #6957, #6861 ) ;
#6919 = ORIENTED_EDGE ( 'NONE', *, *, #5228, .F. ) ;
#6920 = CARTESIAN_POINT ( 'NONE',  ( -2.199999999999999734, 0.6024999999999991473, 2.802499999999999325 ) ) ;
#6921 = AXIS2_PLACEMENT_3D ( 'NONE', #429, #1083, #6908 ) ;
#6922 = EDGE_CURVE ( 'NONE', #2274, #4143, #4466, .T. ) ;
#6923 = CARTESIAN_POINT ( 'NONE',  ( -2.719977915797677337, 0.2525305989334057921, -1.097499999999999920 ) ) ;
#6924 = AXIS2_PLACEMENT_3D ( 'NONE', #2384, #3245, #5225 ) ;
#6925 =( GEOMETRIC_REPRESENTATION_CONTEXT ( 3 ) GLOBAL_UNCERTAINTY_ASSIGNED_CONTEXT ( ( #7187 ) ) GLOBAL_UNIT_ASSIGNED_CONTEXT ( ( #2183, #7267, #828 ) ) REPRESENTATION_CONTEXT ( 'NONE', 'WORKASPACE' ) );
#6926 = CARTESIAN_POINT ( 'NONE',  ( 3.189885311307102622, 1.626303258728256651E-16, 2.152499999999999858 ) ) ;
#6927 = CARTESIAN_POINT ( 'NONE',  ( -2.575000000000001066, 0.2499999999999996669, 0.4475000000000000089 ) ) ;
#6928 = ORIENTED_EDGE ( 'NONE', *, *, #3489, .F. ) ;
#6929 = SURFACE_SIDE_STYLE ('',( #2031 ) ) ;
#6930 = ORIENTED_EDGE ( 'NONE', *, *, #6670, .T. ) ;
#6931 = CIRCLE ( 'NONE', #169, 0.08121469089664200280 ) ;
#6932 = CARTESIAN_POINT ( 'NONE',  ( -2.570239956649733593, 0.5227027008975635436, -0.2024999999999999856 ) ) ;
#6933 = ORIENTED_EDGE ( 'NONE', *, *, #8615, .T. ) ;
#6934 = ORIENTED_EDGE ( 'NONE', *, *, #6571, .F. ) ;
#6935 = FILL_AREA_STYLE_COLOUR ( '', #496 ) ;
#6936 = DIRECTION ( 'NONE',  ( 1.000000000000000000, 0.000000000000000000, 0.000000000000000000 ) ) ;
#6937 = EDGE_CURVE ( 'NONE', #2763, #2002, #1680, .T. ) ;
#6938 = PLANE ( 'NONE',  #4419 ) ;
#6939 = VECTOR ( 'NONE', #2922, 1000.000000000000000 ) ;
#6940 = VECTOR ( 'NONE', #7978, 1000.000000000000000 ) ;
#6941 = CARTESIAN_POINT ( 'NONE',  ( 2.489037635143886984, 0.6024999999999990363, -0.2024999999999999856 ) ) ;
#6942 = CARTESIAN_POINT ( 'NONE',  ( -2.801180237303523946, 0.2539479907276123161, 0.8524999999999999245 ) ) ;
#6943 = PLANE ( 'NONE',  #8714 ) ;
#6944 = VERTEX_POINT ( 'NONE', #2333 ) ;
#6945 = CARTESIAN_POINT ( 'NONE',  ( -3.189885311307102622, 1.626303258728256651E-16, 0.4475000000000000089 ) ) ;
#6946 = ORIENTED_EDGE ( 'NONE', *, *, #7528, .T. ) ;
#6947 = ORIENTED_EDGE ( 'NONE', *, *, #7139, .F. ) ;
#6948 = AXIS2_PLACEMENT_3D ( 'NONE', #747, #4452, #5109 ) ;
#6949 = DIRECTION ( 'NONE',  ( -1.000000000000000000, 0.000000000000000000, 0.000000000000000000 ) ) ;
#6950 = VECTOR ( 'NONE', #7206, 1000.000000000000000 ) ;
#6951 = EDGE_CURVE ( 'NONE', #6085, #4156, #6719, .T. ) ;
#6952 = ADVANCED_FACE ( 'NONE', ( #6760 ), #8081, .T. ) ;
#6953 = EDGE_CURVE ( 'NONE', #6077, #5357, #4559, .T. ) ;
#6954 = CARTESIAN_POINT ( 'NONE',  ( 2.489037635143886984, 0.7474999999999992761, -2.152499999999999858 ) ) ;
#6955 = AXIS2_PLACEMENT_3D ( 'NONE', #5143, #733, #7167 ) ;
#6956 = DIRECTION ( 'NONE',  ( 0.000000000000000000, -0.000000000000000000, -1.000000000000000000 ) ) ;
#6957 = DIRECTION ( 'NONE',  ( 0.000000000000000000, 0.000000000000000000, 1.000000000000000000 ) ) ;
#6958 = EDGE_CURVE ( 'NONE', #3871, #7255, #3127, .T. ) ;
#6959 = DIRECTION ( 'NONE',  ( 0.000000000000000000, -0.000000000000000000, 1.000000000000000000 ) ) ;
#6960 = EDGE_CURVE ( 'NONE', #2035, #5106, #8660, .T. ) ;
#6961 = ORIENTED_EDGE ( 'NONE', *, *, #9092, .F. ) ;
#6962 = DIRECTION ( 'NONE',  ( 0.06975647374412527468, -0.9975640502598243087, 0.000000000000000000 ) ) ;
#6963 = ORIENTED_EDGE ( 'NONE', *, *, #6550, .F. ) ;
#6964 = AXIS2_PLACEMENT_3D ( 'NONE', #5056, #4393, #2215 ) ;
#6965 = DIRECTION ( 'NONE',  ( 0.01745240643728044813, -0.9998476951563912696, 0.000000000000000000 ) ) ;
#6966 = DIRECTION ( 'NONE',  ( -0.000000000000000000, -0.000000000000000000, -1.000000000000000000 ) ) ;
#6967 = LINE ( 'NONE', #3382, #1319 ) ;
#6968 = VECTOR ( 'NONE', #5394, 1000.000000000000000 ) ;
#6969 = ORIENTED_EDGE ( 'NONE', *, *, #2379, .T. ) ;
#6970 = ADVANCED_FACE ( 'NONE', ( #6860 ), #7656, .T. ) ;
#6971 = CARTESIAN_POINT ( 'NONE',  ( -2.489037635143886984, 0.5212853091033570196, -0.2024999999999999856 ) ) ;
#6972 = ORIENTED_EDGE ( 'NONE', *, *, #8662, .T. ) ;
#6973 = DIRECTION ( 'NONE',  ( -1.000000000000000000, -3.751076125244977118E-16, 0.000000000000000000 ) ) ;
#6974 = EDGE_CURVE ( 'NONE', #2928, #9109, #2008, .T. ) ;
#6975 = AXIS2_PLACEMENT_3D ( 'NONE', #3162, #1062, #1850 ) ;
#6976 = LINE ( 'NONE', #3389, #9229 ) ;
#6977 = SURFACE_STYLE_USAGE ( .BOTH. , #8475 ) ;
#6978 = PLANE ( 'NONE',  #3332 ) ;
#6979 = ORIENTED_EDGE ( 'NONE', *, *, #3137, .F. ) ;
#6980 = CARTESIAN_POINT ( 'NONE',  ( -2.715217872447410752, 0.5252332998309695578, -1.502499999999999947 ) ) ;
#6981 = AXIS2_PLACEMENT_3D ( 'NONE', #5608, #9129, #4050 ) ;
#6982 = ORIENTED_EDGE ( 'NONE', *, *, #8417, .T. ) ;
#6983 = CARTESIAN_POINT ( 'NONE',  ( 2.200000000000000622, 0.7474999999999991651, 3.249999999999995115 ) ) ;
#6984 = VERTEX_POINT ( 'NONE', #1812 ) ;
#6985 = ORIENTED_EDGE ( 'NONE', *, *, #2678, .T. ) ;
#6986 = CARTESIAN_POINT ( 'NONE',  ( 2.489037635143886984, 0.6024999999999990363, -1.502499999999999947 ) ) ;
#6987 = CARTESIAN_POINT ( 'NONE',  ( 2.199999999999999734, 0.7474999999999991651, 1.097499999999999920 ) ) ;
#6988 = DIRECTION ( 'NONE',  ( 3.751076125244977118E-16, 1.000000000000000000, 0.000000000000000000 ) ) ;
#6989 = AXIS2_PLACEMENT_3D ( 'NONE', #386, #6726, #288 ) ;
#6990 = DIRECTION ( 'NONE',  ( -0.000000000000000000, -0.000000000000000000, -1.000000000000000000 ) ) ;
#6991 = CARTESIAN_POINT ( 'NONE',  ( -2.199999999999999734, 0.7474999999999991651, 3.047499999999999432 ) ) ;
#6992 = LINE ( 'NONE', #206, #7979 ) ;
#6993 = ORIENTED_EDGE ( 'NONE', *, *, #9210, .T. ) ;
#6994 = ORIENTED_EDGE ( 'NONE', *, *, #4024, .T. ) ;
#6995 = DIRECTION ( 'NONE',  ( 0.06975647374412519142, 0.9975640502598243087, 0.000000000000000000 ) ) ;
#6996 = EDGE_CURVE ( 'NONE', #4278, #3450, #4884, .T. ) ;
#6997 = ORIENTED_EDGE ( 'NONE', *, *, #4592, .F. ) ;
#6998 = ORIENTED_EDGE ( 'NONE', *, *, #4893, .T. ) ;
#6999 = AXIS2_PLACEMENT_3D ( 'NONE', #7783, #1342, #7080 ) ;
#7000 = CARTESIAN_POINT ( 'NONE',  ( 2.489037635143886984, 0.5212853091033570196, 2.802499999999999325 ) ) ;
#7001 = LINE ( 'NONE', #2658, #2907 ) ;
#7002 = STYLED_ITEM ( 'NONE', ( #3533 ), #6315 ) ;
#7003 = DIRECTION ( 'NONE',  ( -0.000000000000000000, 0.000000000000000000, 1.000000000000000000 ) ) ;
#7004 = DIRECTION ( 'NONE',  ( 0.01745240643728362268, 0.9998476951563911586, -0.000000000000000000 ) ) ;
#7005 = LINE ( 'NONE', #2615, #5114 ) ;
#7006 = EDGE_CURVE ( 'NONE', #5487, #3269, #1216, .T. ) ;
#7007 = EDGE_LOOP ( 'NONE', ( #4110, #5249, #3425, #5251, #8148, #4831, #4851, #8696, #6854, #3232, #4758, #2830 ) ) ;
#7008 = PLANE ( 'NONE',  #8284 ) ;
#7009 = VERTEX_POINT ( 'NONE', #608 ) ;
#7010 = VECTOR ( 'NONE', #7424, 1000.000000000000000 ) ;
#7011 = EDGE_CURVE ( 'NONE', #5692, #2760, #5065, .T. ) ;
#7012 = DIRECTION ( 'NONE',  ( -0.000000000000000000, -0.000000000000000000, -1.000000000000000000 ) ) ;
#7013 = DIRECTION ( 'NONE',  ( 0.000000000000000000, -0.000000000000000000, -1.000000000000000000 ) ) ;
#7015 = AXIS2_PLACEMENT_3D ( 'NONE', #3787, #4635, #2986 ) ;
#7014 = DIRECTION ( 'NONE',  ( 0.000000000000000000, -0.000000000000000000, -1.000000000000000000 ) ) ;
#7016 = ORIENTED_EDGE ( 'NONE', *, *, #9247, .T. ) ;
#7017 = DIRECTION ( 'NONE',  ( 1.000000000000000000, 0.000000000000000000, 0.000000000000000000 ) ) ;
#7018 = ORIENTED_EDGE ( 'NONE', *, *, #237, .T. ) ;
#7019 = CARTESIAN_POINT ( 'NONE',  ( -2.570239956649733593, 0.5227027008975635436, 0.4475000000000000089 ) ) ;
#7020 = AXIS2_PLACEMENT_3D ( 'NONE', #8393, #508, #4118 ) ;
#7021 = EDGE_CURVE ( 'NONE', #8590, #590, #857, .T. ) ;
#7022 = EDGE_CURVE ( 'NONE', #6650, #6839, #6202, .T. ) ;
#7023 = DIRECTION ( 'NONE',  ( 0.9975640502598241977, 0.06975647374412534407, -0.000000000000000000 ) ) ;
#7024 = DIRECTION ( 'NONE',  ( -0.9998476951563912696, 0.01745240643728362614, 0.000000000000000000 ) ) ;
#7025 = DIRECTION ( 'NONE',  ( -0.000000000000000000, -1.000000000000000000, -0.000000000000000000 ) ) ;
#7026 = ORIENTED_EDGE ( 'NONE', *, *, #4766, .T. ) ;
#7027 = ORIENTED_EDGE ( 'NONE', *, *, #2379, .F. ) ;
#7028 = ORIENTED_EDGE ( 'NONE', *, *, #90, .T. ) ;
#7029 = CARTESIAN_POINT ( 'NONE',  ( -3.200000000000000622, 0.1446467872876746885, -1.747499999999999831 ) ) ;
#7030 = VERTEX_POINT ( 'NONE', #3370 ) ;
#7031 = ORIENTED_EDGE ( 'NONE', *, *, #2691, .F. ) ;
#7032 = LINE ( 'NONE', #7736, #1241 ) ;
#7033 = CARTESIAN_POINT ( 'NONE',  ( -2.801180237303523946, 0.2539479907276123161, 1.747500000000000275 ) ) ;
#7034 = DIRECTION ( 'NONE',  ( 0.000000000000000000, 1.000000000000000000, 0.000000000000000000 ) ) ;
#7035 = LINE ( 'NONE', #7126, #4467 ) ;
#7036 = DIRECTION ( 'NONE',  ( -1.000000000000000000, 0.000000000000000000, 0.000000000000000000 ) ) ;
#7037 = CARTESIAN_POINT ( 'NONE',  ( 2.199999999999999734, 0.6024999999999991473, -2.397499999999999964 ) ) ;
#7038 = ORIENTED_EDGE ( 'NONE', *, *, #7929, .F. ) ;
#7039 = VERTEX_POINT ( 'NONE', #1863 ) ;
#7040 = LINE ( 'NONE', #1258, #3002 ) ;
#7041 = VERTEX_POINT ( 'NONE', #5497 ) ;
#7042 = ORIENTED_EDGE ( 'NONE', *, *, #5795, .T. ) ;
#7043 = DIRECTION ( 'NONE',  ( -0.06975647374412535795, 0.9975640502598243087, 0.000000000000000000 ) ) ;
#7044 = DIRECTION ( 'NONE',  ( -0.000000000000000000, -0.000000000000000000, -1.000000000000000000 ) ) ;
#7045 = EDGE_CURVE ( 'NONE', #3658, #7489, #2564, .T. ) ;
#7046 = DIRECTION ( 'NONE',  ( -0.9998476951563912696, -0.01745240643728044813, 0.000000000000000000 ) ) ;
#7047 = LINE ( 'NONE', #2850, #6319 ) ;
#7048 = DIRECTION ( 'NONE',  ( 0.000000000000000000, 1.000000000000000000, 0.000000000000000000 ) ) ;
#7049 = EDGE_LOOP ( 'NONE', ( #8661, #7483, #1888, #5377 ) ) ;
#7050 = DIRECTION ( 'NONE',  ( 1.000000000000000000, 0.000000000000000000, -0.000000000000000000 ) ) ;
#7051 = VERTEX_POINT ( 'NONE', #7613 ) ;
#7052 = EDGE_CURVE ( 'NONE', #5021, #1707, #5509, .T. ) ;
#7053 = LINE ( 'NONE', #4000, #6829 ) ;
#7054 = CARTESIAN_POINT ( 'NONE',  ( -2.489037635143886984, 0.7474999999999992761, -0.8524999999999999245 ) ) ;
#7055 = CARTESIAN_POINT ( 'NONE',  ( 2.199999999999999734, 0.7474999999999991651, 1.097499999999999920 ) ) ;
#7056 = ORIENTED_EDGE ( 'NONE', *, *, #8843, .F. ) ;
#7057 = LINE ( 'NONE', #9225, #1197 ) ;
#7058 = EDGE_LOOP ( 'NONE', ( #9040, #5310, #8339, #1902 ) ) ;
#7059 = CIRCLE ( 'NONE', #2248, 0.2262146908966421732 ) ;
#7060 = CARTESIAN_POINT ( 'NONE',  ( 2.199999999999999734, 0.7474999999999991651, -0.2024999999999999856 ) ) ;
#7061 = EDGE_CURVE ( 'NONE', #2518, #6002, #4788, .T. ) ;
#7062 = CARTESIAN_POINT ( 'NONE',  ( 2.785400298157456600, 0.02828434744848380353, 1.502500000000000391 ) ) ;
#7063 = DIRECTION ( 'NONE',  ( -1.000000000000000000, 0.000000000000000000, 0.000000000000000000 ) ) ;
#7064 = VERTEX_POINT ( 'NONE', #6150 ) ;
#7065 = VECTOR ( 'NONE', #9155, 1000.000000000000000 ) ;
#7066 = CARTESIAN_POINT ( 'NONE',  ( 2.199999999999999734, 0.7474999999999991651, 2.397499999999999964 ) ) ;
#7067 = ORIENTED_EDGE ( 'NONE', *, *, #1031, .F. ) ;
#7068 = EDGE_CURVE ( 'NONE', #1945, #5054, #9212, .T. ) ;
#7069 = DIRECTION ( 'NONE',  ( 0.01745240643728044813, -0.9998476951563912696, 0.000000000000000000 ) ) ;
#7070 = EDGE_CURVE ( 'NONE', #3465, #2506, #7611, .T. ) ;
#7071 = ORIENTED_EDGE ( 'NONE', *, *, #5006, .T. ) ;
#7072 = ORIENTED_EDGE ( 'NONE', *, *, #5574, .F. ) ;
#7073 = CARTESIAN_POINT ( 'NONE',  ( 2.785400298157456600, 0.02828434744848380353, 1.097499999999999920 ) ) ;
#7074 = AXIS2_PLACEMENT_3D ( 'NONE', #8397, #2747, #9014 ) ;
#7075 = EDGE_CURVE ( 'NONE', #8210, #7030, #4081, .T. ) ;
#7076 = CLOSED_SHELL ( 'NONE', ( #4376, #5648, #279, #1600, #1381, #1307, #4593, #2645, #152, #5975, #7620, #4999, #7572, #5849 ) ) ;
#7077 = FACE_OUTER_BOUND ( 'NONE', #7909, .T. ) ;
#7078 = VECTOR ( 'NONE', #457, 1000.000000000000000 ) ;
#7079 = LINE ( 'NONE', #2040, #7568 ) ;
#7080 = DIRECTION ( 'NONE',  ( -1.000000000000000000, 0.000000000000000000, 0.000000000000000000 ) ) ;
#7081 = DIRECTION ( 'NONE',  ( -0.000000000000000000, -0.000000000000000000, -1.000000000000000000 ) ) ;
#7082 = DIRECTION ( 'NONE',  ( 1.000000000000000000, 0.000000000000000000, -0.000000000000000000 ) ) ;
#7083 = AXIS2_PLACEMENT_3D ( 'NONE', #2880, #7777, #9285 ) ;
#7084 = DIRECTION ( 'NONE',  ( 0.000000000000000000, 0.000000000000000000, 1.000000000000000000 ) ) ;
#7085 = ORIENTED_EDGE ( 'NONE', *, *, #6880, .T. ) ;
#7086 = ORIENTED_EDGE ( 'NONE', *, *, #8900, .F. ) ;
#7087 = DIRECTION ( 'NONE',  ( -0.000000000000000000, -0.000000000000000000, -1.000000000000000000 ) ) ;
#7088 = EDGE_LOOP ( 'NONE', ( #4060, #3675, #3580, #5390 ) ) ;
#7089 = EDGE_LOOP ( 'NONE', ( #6416, #500, #8952, #6300 ) ) ;
#7090 = CARTESIAN_POINT ( 'NONE',  ( 2.785400298157456600, 0.02828434744848380353, 3.047499999999999432 ) ) ;
#7091 = AXIS2_PLACEMENT_3D ( 'NONE', #1763, #3079, #4640 ) ;
#7092 = FACE_OUTER_BOUND ( 'NONE', #1052, .T. ) ;
#7093 = DIRECTION ( 'NONE',  ( 0.000000000000000000, 0.000000000000000000, 1.000000000000000000 ) ) ;
#7094 = CARTESIAN_POINT ( 'NONE',  ( -2.719977915797677337, 0.2525305989334057921, 0.4475000000000000089 ) ) ;
#7095 = CIRCLE ( 'NONE', #3170, 0.2262146908966421732 ) ;
#7096 = AXIS2_PLACEMENT_3D ( 'NONE', #438, #4049, #1922 ) ;
#7097 = VECTOR ( 'NONE', #1401, 1000.000000000000227 ) ;
#7098 = DIRECTION ( 'NONE',  ( 0.000000000000000000, 0.000000000000000000, 1.000000000000000000 ) ) ;
#7099 = EDGE_LOOP ( 'NONE', ( #2940, #6776, #2365, #9149 ) ) ;
#7100 = CARTESIAN_POINT ( 'NONE',  ( 2.199999999999999734, 0.7474999999999991651, -1.097499999999999920 ) ) ;
#7101 = EDGE_LOOP ( 'NONE', ( #1584, #8318, #5298, #6468 ) ) ;
#7102 = EDGE_CURVE ( 'NONE', #89, #6085, #2485, .T. ) ;
#7103 = VECTOR ( 'NONE', #2095, 1000.000000000000000 ) ;
#7104 = DIRECTION ( 'NONE',  ( -1.000000000000000000, 0.000000000000000000, 0.000000000000000000 ) ) ;
#7105 = DIRECTION ( 'NONE',  ( -1.000000000000000000, 3.751076125244977118E-16, 0.000000000000000000 ) ) ;
#7106 = ORIENTED_EDGE ( 'NONE', *, *, #8517, .F. ) ;
#7107 = CARTESIAN_POINT ( 'NONE',  ( 2.719977915797677337, 0.2525305989334057921, 0.2024999999999999856 ) ) ;
#7108 = ORIENTED_EDGE ( 'NONE', *, *, #801, .F. ) ;
#7109 = EDGE_CURVE ( 'NONE', #7990, #1416, #8313, .T. ) ;
#7110 = DIRECTION ( 'NONE',  ( 0.000000000000000000, -1.000000000000000000, -0.000000000000000000 ) ) ;
#7111 = PLANE ( 'NONE',  #4871 ) ;
#7112 = VECTOR ( 'NONE', #1212, 1000.000000000000000 ) ;
#7113 = DIRECTION ( 'NONE',  ( -1.000000000000000000, 3.751076125244977118E-16, 0.000000000000000000 ) ) ;
#7114 = CARTESIAN_POINT ( 'NONE',  ( -2.489037635143886984, 0.7474999999999992761, 2.152499999999999858 ) ) ;
#7115 = ORIENTED_EDGE ( 'NONE', *, *, #5840, .F. ) ;
#7116 = EDGE_CURVE ( 'NONE', #2496, #5333, #5660, .T. ) ;
#7117 = ORIENTED_EDGE ( 'NONE', *, *, #2871, .F. ) ;
#7118 = DIRECTION ( 'NONE',  ( 0.000000000000000000, -0.000000000000000000, -1.000000000000000000 ) ) ;
#7119 = ADVANCED_FACE ( 'NONE', ( #565 ), #3415, .F. ) ;
#7120 = EDGE_LOOP ( 'NONE', ( #6749, #2205, #1399, #1603, #1530, #7954, #6628, #7920, #1228, #6606, #7580, #602 ) ) ;
#7121 = VECTOR ( 'NONE', #4775, 1000.000000000000000 ) ;
#7122 = FACE_OUTER_BOUND ( 'NONE', #4047, .T. ) ;
#7123 = DIRECTION ( 'NONE',  ( 0.000000000000000000, -0.000000000000000000, 1.000000000000000000 ) ) ;
#7124 = ADVANCED_FACE ( 'NONE', ( #1122 ), #3992, .F. ) ;
#7125 = DIRECTION ( 'NONE',  ( -0.06975647374412527468, -0.9975640502598243087, 0.000000000000000000 ) ) ;
#7126 = CARTESIAN_POINT ( 'NONE',  ( -2.489037635143886984, 0.6024999999999990363, 1.747500000000000275 ) ) ;
#7127 = AXIS2_PLACEMENT_3D ( 'NONE', #8087, #6771, #8986 ) ;
#7128 = DIRECTION ( 'NONE',  ( -0.000000000000000000, -0.000000000000000000, -1.000000000000000000 ) ) ;
#7129 = CARTESIAN_POINT ( 'NONE',  ( -2.575000000000001066, 0.2499999999999996669, -0.8524999999999999245 ) ) ;
#7130 = ORIENTED_EDGE ( 'NONE', *, *, #7143, .T. ) ;
#7131 = ORIENTED_EDGE ( 'NONE', *, *, #4825, .F. ) ;
#7132 = DIRECTION ( 'NONE',  ( 0.9975640502598241977, 0.06975647374412534407, -0.000000000000000000 ) ) ;
#7133 = ORIENTED_EDGE ( 'NONE', *, *, #7192, .T. ) ;
#7134 = ORIENTED_EDGE ( 'NONE', *, *, #985, .F. ) ;
#7135 = DIRECTION ( 'NONE',  ( 0.000000000000000000, -0.000000000000000000, -1.000000000000000000 ) ) ;
#7136 = SURFACE_SIDE_STYLE ('',( #5637 ) ) ;
#7137 = VECTOR ( 'NONE', #46, 1000.000000000000000 ) ;
#7138 = DIRECTION ( 'NONE',  ( 0.000000000000000000, 0.000000000000000000, 1.000000000000000000 ) ) ;
#7139 = EDGE_CURVE ( 'NONE', #9075, #3449, #2234, .T. ) ;
#7140 = CARTESIAN_POINT ( 'NONE',  ( -2.795514986850355044, 0.1729311347361582596, 1.747500000000000275 ) ) ;
#7141 = CARTESIAN_POINT ( 'NONE',  ( -2.489037635143886984, 0.5212853091033570196, 1.502500000000000391 ) ) ;
#7142 = VECTOR ( 'NONE', #4010, 1000.000000000000000 ) ;
#7143 = EDGE_CURVE ( 'NONE', #8493, #6897, #750, .T. ) ;
#7144 = DIRECTION ( 'NONE',  ( -0.000000000000000000, -0.000000000000000000, -1.000000000000000000 ) ) ;
#7145 = VERTEX_POINT ( 'NONE', #9262 ) ;
#7146 = DIRECTION ( 'NONE',  ( -1.000000000000000000, 0.000000000000000000, 0.000000000000000000 ) ) ;
#7147 = ORIENTED_EDGE ( 'NONE', *, *, #54, .T. ) ;
#7148 = DIRECTION ( 'NONE',  ( -1.000000000000000000, 0.000000000000000000, 0.000000000000000000 ) ) ;
#7149 = CARTESIAN_POINT ( 'NONE',  ( 2.785400298157456600, 0.02828434744848380353, -2.152499999999999858 ) ) ;
#7150 = ORIENTED_EDGE ( 'NONE', *, *, #5228, .T. ) ;
#7151 = DIRECTION ( 'NONE',  ( -0.000000000000000000, -0.000000000000000000, -1.000000000000000000 ) ) ;
#7152 = CIRCLE ( 'NONE', #3082, 0.08121469089664200280 ) ;
#7153 = CIRCLE ( 'NONE', #3237, 0.08121469089664243302 ) ;
#7154 = VERTEX_POINT ( 'NONE', #7942 ) ;
#7155 = DIRECTION ( 'NONE',  ( 0.000000000000000000, -1.000000000000000000, -0.000000000000000000 ) ) ;
#7156 = LINE ( 'NONE', #5087, #7426 ) ;
#7157 = VECTOR ( 'NONE', #5687, 1000.000000000000000 ) ;
#7158 = DIRECTION ( 'NONE',  ( 0.000000000000000000, -0.000000000000000000, -1.000000000000000000 ) ) ;
#7159 = EDGE_CURVE ( 'NONE', #6839, #830, #5815, .T. ) ;
#7160 = LINE ( 'NONE', #4385, #1389 ) ;
#7161 = ORIENTED_EDGE ( 'NONE', *, *, #1701, .F. ) ;
#7162 = ORIENTED_EDGE ( 'NONE', *, *, #1647, .T. ) ;
#7163 = CARTESIAN_POINT ( 'NONE',  ( 2.570239956649733593, 0.5227027008975635436, 1.097499999999999920 ) ) ;
#7164 = ORIENTED_EDGE ( 'NONE', *, *, #3953, .T. ) ;
#7165 = VECTOR ( 'NONE', #154, 1000.000000000000000 ) ;
#7166 = FILL_AREA_STYLE_COLOUR ( '', #5147 ) ;
#7167 = DIRECTION ( 'NONE',  ( -1.000000000000000000, 0.000000000000000000, 0.000000000000000000 ) ) ;
#7168 = DIRECTION ( 'NONE',  ( -0.06975647374412519142, -0.9975640502598243087, 0.000000000000000000 ) ) ;
#7169 = ADVANCED_FACE ( 'NONE', ( #4361 ), #5112, .T. ) ;
#7170 = EDGE_CURVE ( 'NONE', #8448, #7915, #5029, .T. ) ;
#7171 = DIRECTION ( 'NONE',  ( 0.9975640502598241977, -0.06975647374412527468, 0.000000000000000000 ) ) ;
#7172 = AXIS2_PLACEMENT_3D ( 'NONE', #2973, #6559, #7926 ) ;
#7173 = FACE_OUTER_BOUND ( 'NONE', #4926, .T. ) ;
#7174 = FACE_OUTER_BOUND ( 'NONE', #6398, .T. ) ;
#7175 = ORIENTED_EDGE ( 'NONE', *, *, #4590, .F. ) ;
#7176 = ORIENTED_EDGE ( 'NONE', *, *, #8738, .F. ) ;
#7177 = DIRECTION ( 'NONE',  ( -1.000000000000000000, 3.751076125244977118E-16, 0.000000000000000000 ) ) ;
#7178 = ORIENTED_EDGE ( 'NONE', *, *, #4183, .F. ) ;
#7179 = EDGE_LOOP ( 'NONE', ( #6755, #9030, #859, #8528 ) ) ;
#7180 = CARTESIAN_POINT ( 'NONE',  ( 2.795514986850355044, 0.1729311347361582596, -2.802499999999999769 ) ) ;
#7181 = PLANE ( 'NONE',  #6948 ) ;
#7182 = DIRECTION ( 'NONE',  ( 0.000000000000000000, 0.000000000000000000, 1.000000000000000000 ) ) ;
#7183 = EDGE_CURVE ( 'NONE', #9126, #5982, #37, .T. ) ;
#7184 = CARTESIAN_POINT ( 'NONE',  ( 3.189885311307102622, 1.626303258728256651E-16, 0.4475000000000000089 ) ) ;
#7185 = CARTESIAN_POINT ( 'NONE',  ( 2.785400298157456600, 0.02828434744848380353, 1.747500000000000275 ) ) ;
#7186 = DIRECTION ( 'NONE',  ( 0.01745240643728044813, 0.9998476951563912696, 0.000000000000000000 ) ) ;
#7187 = UNCERTAINTY_MEASURE_WITH_UNIT (LENGTH_MEASURE( 1.000000000000000082E-05 ), #2183, 'distance_accuracy_value', 'NONE');
#7188 = ORIENTED_EDGE ( 'NONE', *, *, #1234, .F. ) ;
#7189 = CARTESIAN_POINT ( 'NONE',  ( 2.715217872447410752, 0.5252332998309695578, -2.397499999999999964 ) ) ;
#7190 = EDGE_CURVE ( 'NONE', #7145, #2102, #2946, .T. ) ;
#7191 = ORIENTED_EDGE ( 'NONE', *, *, #2559, .T. ) ;
#7192 = EDGE_CURVE ( 'NONE', #3122, #625, #6479, .T. ) ;
#7193 = FACE_OUTER_BOUND ( 'NONE', #6494, .T. ) ;
#7194 = CARTESIAN_POINT ( 'NONE',  ( -2.801180237303523946, 0.2539479907276123161, -1.097499999999999920 ) ) ;
#7195 = ORIENTED_EDGE ( 'NONE', *, *, #2927, .F. ) ;
#7196 = DIRECTION ( 'NONE',  ( -0.01745240643728044813, -0.9998476951563912696, 0.000000000000000000 ) ) ;
#7197 = ORIENTED_EDGE ( 'NONE', *, *, #672, .F. ) ;
#7198 = DIRECTION ( 'NONE',  ( -0.01745240643728044813, -0.9998476951563912696, 0.000000000000000000 ) ) ;
#7199 = CARTESIAN_POINT ( 'NONE',  ( 2.570239956649733593, 0.5227027008975635436, 2.802499999999999325 ) ) ;
#7200 = LINE ( 'NONE', #898, #5496 ) ;
#7201 = LINE ( 'NONE', #2825, #6939 ) ;
#7202 = VERTEX_POINT ( 'NONE', #2193 ) ;
#7203 = ORIENTED_EDGE ( 'NONE', *, *, #8259, .F. ) ;
#7204 = LINE ( 'NONE', #3045, #4519 ) ;
#7205 = ORIENTED_EDGE ( 'NONE', *, *, #1806, .F. ) ;
#7206 = DIRECTION ( 'NONE',  ( 0.000000000000000000, -0.000000000000000000, -1.000000000000000000 ) ) ;
#7207 = ADVANCED_FACE ( 'NONE', ( #2901 ), #5780, .F. ) ;
#7208 = PLANE ( 'NONE',  #5906 ) ;
#7209 = LINE ( 'NONE', #7879, #524 ) ;
#7210 = CIRCLE ( 'NONE', #3605, 0.08121469089664200280 ) ;
#7211 = LINE ( 'NONE', #1567, #385 ) ;
#7212 = FACE_OUTER_BOUND ( 'NONE', #3689, .T. ) ;
#7213 = DIRECTION ( 'NONE',  ( -0.000000000000000000, -0.000000000000000000, -1.000000000000000000 ) ) ;
#7214 = CARTESIAN_POINT ( 'NONE',  ( -2.575000000000001066, 0.2499999999999996669, 2.397499999999999964 ) ) ;
#7215 = ORIENTED_EDGE ( 'NONE', *, *, #4887, .T. ) ;
#7216 = ORIENTED_EDGE ( 'NONE', *, *, #6155, .F. ) ;
#7217 = VECTOR ( 'NONE', #3021, 1000.000000000000000 ) ;
#7218 = DIRECTION ( 'NONE',  ( -1.000000000000000000, 0.000000000000000000, 0.000000000000000000 ) ) ;
#7219 = ORIENTED_EDGE ( 'NONE', *, *, #1782, .T. ) ;
#7220 = EDGE_LOOP ( 'NONE', ( #3168, #6388, #2398, #6663 ) ) ;
#7221 = CARTESIAN_POINT ( 'NONE',  ( -2.785400298157456600, 0.02828434744848385904, 0.2024999999999999856 ) ) ;
#7222 = AXIS2_PLACEMENT_3D ( 'NONE', #8951, #8239, #3107 ) ;
#7223 = EDGE_CURVE ( 'NONE', #1676, #919, #6563, .T. ) ;
#7224 = DIRECTION ( 'NONE',  ( -0.06975647374412535795, 0.9975640502598243087, 0.000000000000000000 ) ) ;
#7225 = DIRECTION ( 'NONE',  ( 0.000000000000000000, 0.000000000000000000, 1.000000000000000000 ) ) ;
#7226 = CARTESIAN_POINT ( 'NONE',  ( -2.570239956649733593, 0.5227027008975635436, 1.097499999999999920 ) ) ;
#7227 = FILL_AREA_STYLE ('',( #4457 ) ) ;
#7228 = DIRECTION ( 'NONE',  ( 1.000000000000000000, -3.751076125244977118E-16, 0.000000000000000000 ) ) ;
#7230 = ADVANCED_FACE ( 'NONE', ( #8596 ), #797, .F. ) ;
#7229 = EDGE_LOOP ( 'NONE', ( #5301, #1857, #379, #5759 ) ) ;
#7231 = DIRECTION ( 'NONE',  ( 0.000000000000000000, 0.000000000000000000, 1.000000000000000000 ) ) ;
#7232 = AXIS2_PLACEMENT_3D ( 'NONE', #2305, #3054, #8093 ) ;
#7233 = ADVANCED_FACE ( 'NONE', ( #5824 ), #4321, .F. ) ;
#7234 = ORIENTED_EDGE ( 'NONE', *, *, #554, .T. ) ;
#7235 = VECTOR ( 'NONE', #8036, 1000.000000000000000 ) ;
#7236 = EDGE_CURVE ( 'NONE', #1179, #8445, #839, .T. ) ;
#7237 = LINE ( 'NONE', #7949, #1569 ) ;
#7238 = VECTOR ( 'NONE', #4669, 1000.000000000000000 ) ;
#7239 = CIRCLE ( 'NONE', #3172, 0.2262146908966421732 ) ;
#7240 = ADVANCED_FACE ( 'NONE', ( #2097 ), #126, .F. ) ;
#7241 = DIRECTION ( 'NONE',  ( 1.000000000000000000, 0.000000000000000000, 0.000000000000000000 ) ) ;
#7242 = AXIS2_PLACEMENT_3D ( 'NONE', #6743, #5382, #2404 ) ;
#7243 = EDGE_CURVE ( 'NONE', #5175, #9091, #6395, .T. ) ;
#7244 = ORIENTED_EDGE ( 'NONE', *, *, #2869, .F. ) ;
#7245 = LINE ( 'NONE', #2997, #1991 ) ;
#7246 = ORIENTED_EDGE ( 'NONE', *, *, #6526, .F. ) ;
#7248 = DIRECTION ( 'NONE',  ( 0.000000000000000000, 0.000000000000000000, 1.000000000000000000 ) ) ;
#7247 = VECTOR ( 'NONE', #6744, 1000.000000000000000 ) ;
#7249 = AXIS2_PLACEMENT_3D ( 'NONE', #8436, #6135, #1848 ) ;
#7250 = CARTESIAN_POINT ( 'NONE',  ( 2.489037635143886984, 0.7474999999999992761, -1.097499999999999920 ) ) ;
#7251 = ADVANCED_FACE ( 'NONE', ( #1404 ), #4272, .F. ) ;
#7252 = FILL_AREA_STYLE ('',( #4431 ) ) ;
#7253 = DIRECTION ( 'NONE',  ( -0.000000000000000000, 1.000000000000000000, -0.000000000000000000 ) ) ;
#7254 = VECTOR ( 'NONE', #5881, 1000.000000000000000 ) ;
#7255 = VERTEX_POINT ( 'NONE', #7368 ) ;
#7256 = EDGE_CURVE ( 'NONE', #77, #3331, #4003, .T. ) ;
#7257 = DIRECTION ( 'NONE',  ( -0.9975640502598241977, -0.06975647374412527468, 0.000000000000000000 ) ) ;
#7258 = EDGE_LOOP ( 'NONE', ( #5963, #9083, #3130, #6426 ) ) ;
#7259 = EDGE_CURVE ( 'NONE', #6839, #9054, #5340, .T. ) ;
#7260 = ORIENTED_EDGE ( 'NONE', *, *, #7916, .T. ) ;
#7261 = CARTESIAN_POINT ( 'NONE',  ( -2.199999999999999734, 0.7474999999999991651, 1.747500000000000275 ) ) ;
#7262 = DIRECTION ( 'NONE',  ( 0.000000000000000000, 0.000000000000000000, 1.000000000000000000 ) ) ;
#7263 = CIRCLE ( 'NONE', #6060, 0.2262146908966421732 ) ;
#7264 = DIRECTION ( 'NONE',  ( 0.06975647374412519142, -0.9975640502598243087, 0.000000000000000000 ) ) ;
#7265 = DIRECTION ( 'NONE',  ( 0.000000000000000000, 1.000000000000000000, 0.000000000000000000 ) ) ;
#7266 = CARTESIAN_POINT ( 'NONE',  ( -2.199999999999999734, 0.7474999999999991651, -0.4475000000000000089 ) ) ;
#7267 =( NAMED_UNIT ( * ) PLANE_ANGLE_UNIT ( ) SI_UNIT ( $, .RADIAN. ) );
#7268 = EDGE_LOOP ( 'NONE', ( #1289, #3970, #8510, #980, #8971, #1633, #1778, #4830, #9095, #4488, #2683, #8838 ) ) ;
#7269 = AXIS2_PLACEMENT_3D ( 'NONE', #8580, #8631, #2176 ) ;
#7270 = ORIENTED_EDGE ( 'NONE', *, *, #4526, .T. ) ;
#7271 = DIRECTION ( 'NONE',  ( 0.01745240643728362268, 0.9998476951563911586, -0.000000000000000000 ) ) ;
#7272 = ORIENTED_EDGE ( 'NONE', *, *, #2099, .T. ) ;
#7273 = VERTEX_POINT ( 'NONE', #6000 ) ;
#7274 = DIRECTION ( 'NONE',  ( -1.971276677246371519E-16, 0.000000000000000000, -1.000000000000000000 ) ) ;
#7275 = CARTESIAN_POINT ( 'NONE',  ( 2.489037635143886984, 0.5212853091033570196, 0.4475000000000000089 ) ) ;
#7276 = CARTESIAN_POINT ( 'NONE',  ( 2.801180237303523946, 0.2539479907276123161, -1.097499999999999920 ) ) ;
#7277 = VECTOR ( 'NONE', #3249, 1000.000000000000000 ) ;
#7278 = CARTESIAN_POINT ( 'NONE',  ( 2.801180237303523946, 0.2539479907276123161, 2.397499999999999964 ) ) ;
#7279 = EDGE_CURVE ( 'NONE', #8305, #6739, #1758, .T. ) ;
#7280 = LINE ( 'NONE', #6575, #9163 ) ;
#7281 = CARTESIAN_POINT ( 'NONE',  ( 2.199999999999999734, 0.6024999999999991473, 1.747500000000000275 ) ) ;
#7282 = EDGE_LOOP ( 'NONE', ( #7216, #316, #4039, #3996 ) ) ;
#7283 = VECTOR ( 'NONE', #9314, 1000.000000000000000 ) ;
#7284 = DIRECTION ( 'NONE',  ( 1.000000000000000000, 3.751076125244977118E-16, -0.000000000000000000 ) ) ;
#7285 = VERTEX_POINT ( 'NONE', #1021 ) ;
#7286 = CARTESIAN_POINT ( 'NONE',  ( -2.719977915797677337, 0.2525305989334057921, 0.4475000000000000089 ) ) ;
#7287 = MECHANICAL_DESIGN_GEOMETRIC_PRESENTATION_REPRESENTATION (  '', ( #988 ), #5183 ) ;
#7288 = DIRECTION ( 'NONE',  ( -1.000000000000000000, 0.000000000000000000, 0.000000000000000000 ) ) ;
#7289 = ADVANCED_FACE ( 'NONE', ( #310 ), #8861, .F. ) ;
#7290 = ADVANCED_FACE ( 'NONE', ( #5862 ), #5293, .T. ) ;
#7291 = VERTEX_POINT ( 'NONE', #8161 ) ;
#7292 = DIRECTION ( 'NONE',  ( -0.06975647374412519142, -0.9975640502598243087, 0.000000000000000000 ) ) ;
#7293 = VECTOR ( 'NONE', #2299, 1000.000000000000000 ) ;
#7294 =( LENGTH_UNIT ( ) NAMED_UNIT ( * ) SI_UNIT ( .MILLI., .METRE. ) );
#7295 = ADVANCED_FACE ( 'NONE', ( #8732 ), #220, .T. ) ;
#7296 = DIRECTION ( 'NONE',  ( -0.000000000000000000, -0.000000000000000000, -1.000000000000000000 ) ) ;
#7297 = CARTESIAN_POINT ( 'NONE',  ( 2.199999999999999734, 0.6024999999999991473, -0.8524999999999999245 ) ) ;
#7298 = LINE ( 'NONE', #1033, #3631 ) ;
#7299 = VECTOR ( 'NONE', #5507, 1000.000000000000000 ) ;
#7300 = ORIENTED_EDGE ( 'NONE', *, *, #8045, .T. ) ;
#7301 = SURFACE_STYLE_USAGE ( .BOTH. , #4339 ) ;
#7302 = ORIENTED_EDGE ( 'NONE', *, *, #597, .F. ) ;
#7303 = VERTEX_POINT ( 'NONE', #3831 ) ;
#7304 = FILL_AREA_STYLE ('',( #7166 ) ) ;
#7305 = EDGE_CURVE ( 'NONE', #5692, #1488, #3929, .T. ) ;
#7306 = EDGE_CURVE ( 'NONE', #8243, #5603, #3029, .T. ) ;
#7307 = CARTESIAN_POINT ( 'NONE',  ( -2.489037635143886984, 0.6024999999999990363, 2.152499999999999858 ) ) ;
#7308 = VECTOR ( 'NONE', #8818, 1000.000000000000000 ) ;
#7309 = CARTESIAN_POINT ( 'NONE',  ( -2.801180237303523946, 0.2539479907276123161, 2.397499999999999964 ) ) ;
#7310 = LINE ( 'NONE', #2217, #6540 ) ;
#7311 = DIRECTION ( 'NONE',  ( 1.000000000000000000, 0.000000000000000000, -0.000000000000000000 ) ) ;
#7312 = CARTESIAN_POINT ( 'NONE',  ( -3.200000000000000622, 0.1446467872876746885, -0.8524999999999999245 ) ) ;
#7313 = CARTESIAN_POINT ( 'NONE',  ( -2.489037635143886984, 0.7474999999999992761, 0.4475000000000000089 ) ) ;
#7314 = ORIENTED_EDGE ( 'NONE', *, *, #5229, .F. ) ;
#7315 = VECTOR ( 'NONE', #2848, 1000.000000000000000 ) ;
#7316 = ORIENTED_EDGE ( 'NONE', *, *, #8950, .T. ) ;
#7317 = PLANE ( 'NONE',  #5721 ) ;
#7318 = EDGE_LOOP ( 'NONE', ( #4927, #290, #1703, #4389 ) ) ;
#7319 = ORIENTED_EDGE ( 'NONE', *, *, #6368, .T. ) ;
#7320 = DIRECTION ( 'NONE',  ( -1.000000000000000000, 0.000000000000000000, 0.000000000000000000 ) ) ;
#7321 = FACE_OUTER_BOUND ( 'NONE', #5597, .T. ) ;
#7322 = FACE_OUTER_BOUND ( 'NONE', #402, .T. ) ;
#7323 = AXIS2_PLACEMENT_3D ( 'NONE', #7928, #7213, #7036 ) ;
#7324 = CARTESIAN_POINT ( 'NONE',  ( -2.570239956649733593, 0.5227027008975635436, -2.152499999999999858 ) ) ;
#7325 =( NAMED_UNIT ( * ) PLANE_ANGLE_UNIT ( ) SI_UNIT ( $, .RADIAN. ) );
#7326 = VERTEX_POINT ( 'NONE', #1714 ) ;
#7327 = CARTESIAN_POINT ( 'NONE',  ( 2.489037635143886984, 0.7474999999999992761, 3.047499999999999432 ) ) ;
#7328 = ORIENTED_EDGE ( 'NONE', *, *, #2852, .F. ) ;
#7329 = CYLINDRICAL_SURFACE ( 'NONE', #4528, 0.08121469089664200280 ) ;
#7330 = ORIENTED_EDGE ( 'NONE', *, *, #8486, .F. ) ;
#7331 = EDGE_CURVE ( 'NONE', #1349, #6944, #975, .T. ) ;
#7332 = CARTESIAN_POINT ( 'NONE',  ( 2.570239956649733593, 0.5227027008975635436, -1.097499999999999920 ) ) ;
#7333 = CARTESIAN_POINT ( 'NONE',  ( -2.715217872447410752, 0.5252332998309695578, -2.152499999999999858 ) ) ;
#7334 = ORIENTED_EDGE ( 'NONE', *, *, #6702, .F. ) ;
#7335 = DIRECTION ( 'NONE',  ( 0.000000000000000000, 0.000000000000000000, 1.000000000000000000 ) ) ;
#7336 = FACE_OUTER_BOUND ( 'NONE', #2167, .T. ) ;
#7337 = EDGE_CURVE ( 'NONE', #2035, #3623, #5958, .T. ) ;
#7338 = COLOUR_RGB ( '',0.8000000000000000444, 0.8196078431372548767, 0.9333333333333333481 ) ;
#7339 = CARTESIAN_POINT ( 'NONE',  ( -2.715217872447410752, 0.5252332998309695578, 1.747500000000000275 ) ) ;
#7340 = CARTESIAN_POINT ( 'NONE',  ( -3.189885311307102622, 1.626303258728256651E-16, -2.397499999999999964 ) ) ;
#7341 = ORIENTED_EDGE ( 'NONE', *, *, #2478, .T. ) ;
#7342 = CARTESIAN_POINT ( 'NONE',  ( 2.199999999999999734, 0.6024999999999991473, -0.4475000000000000089 ) ) ;
#7343 = ORIENTED_EDGE ( 'NONE', *, *, #9007, .F. ) ;
#7344 = ORIENTED_EDGE ( 'NONE', *, *, #344, .F. ) ;
#7345 = FACE_OUTER_BOUND ( 'NONE', #5139, .T. ) ;
#7346 = ADVANCED_FACE ( 'NONE', ( #8775 ), #4548, .T. ) ;
#7347 = CARTESIAN_POINT ( 'NONE',  ( -2.801180237303523946, 0.2539479907276123161, 0.2024999999999999856 ) ) ;
#7348 = CARTESIAN_POINT ( 'NONE',  ( 2.795514986850355044, 0.1729311347361582596, -1.502499999999999947 ) ) ;
#7349 = FACE_OUTER_BOUND ( 'NONE', #5402, .T. ) ;
#7350 = VECTOR ( 'NONE', #8887, 1000.000000000000000 ) ;
#7352 = CARTESIAN_POINT ( 'NONE',  ( 2.199999999999999734, 0.7474999999999991651, -0.8524999999999999245 ) ) ;
#7351 = PRODUCT_DEFINITION_FORMATION_WITH_SPECIFIED_SOURCE ( 'ANY', '', #4530, .NOT_KNOWN. ) ;
#7353 = EDGE_LOOP ( 'NONE', ( #2580, #6842, #6044, #5422 ) ) ;
#7354 = FACE_OUTER_BOUND ( 'NONE', #6699, .T. ) ;
#7355 = ADVANCED_FACE ( 'NONE', ( #8072 ), #1623, .F. ) ;
#7356 = EDGE_CURVE ( 'NONE', #2923, #2515, #2363, .T. ) ;
#7357 = DIRECTION ( 'NONE',  ( -0.000000000000000000, 0.000000000000000000, 1.000000000000000000 ) ) ;
#7358 = ORIENTED_EDGE ( 'NONE', *, *, #5294, .F. ) ;
#7359 = VERTEX_POINT ( 'NONE', #7413 ) ;
#7360 = CARTESIAN_POINT ( 'NONE',  ( 2.489037635143886984, 0.5212853091033570196, 2.152499999999999858 ) ) ;
#7361 = VERTEX_POINT ( 'NONE', #7459 ) ;
#7362 = UNCERTAINTY_MEASURE_WITH_UNIT (LENGTH_MEASURE( 1.000000000000000082E-05 ), #497, 'distance_accuracy_value', 'NONE');
#7363 = ORIENTED_EDGE ( 'NONE', *, *, #3547, .T. ) ;
#7364 = FACE_OUTER_BOUND ( 'NONE', #3645, .T. ) ;
#7365 = VECTOR ( 'NONE', #3417, 1000.000000000000000 ) ;
#7366 = CARTESIAN_POINT ( 'NONE',  ( -2.199999999999999734, 0.7474999999999991651, 2.152499999999999858 ) ) ;
#7367 = CARTESIAN_POINT ( 'NONE',  ( -2.719977915797677337, 0.2525305989334057921, 0.2024999999999999856 ) ) ;
#7368 = CARTESIAN_POINT ( 'NONE',  ( 2.719977915797677337, 0.2525305989334057921, 3.047499999999999432 ) ) ;
#7369 = AXIS2_PLACEMENT_3D ( 'NONE', #120, #8021, #4402 ) ;
#7370 = LINE ( 'NONE', #5914, #8116 ) ;
#7371 = VECTOR ( 'NONE', #2806, 1000.000000000000114 ) ;
#7372 = EDGE_LOOP ( 'NONE', ( #1152, #2568, #3924, #6305 ) ) ;
#7373 = DIRECTION ( 'NONE',  ( -0.000000000000000000, 0.000000000000000000, 1.000000000000000000 ) ) ;
#7374 = ORIENTED_EDGE ( 'NONE', *, *, #2264, .F. ) ;
#7375 = FACE_OUTER_BOUND ( 'NONE', #3556, .T. ) ;
#7376 = ORIENTED_EDGE ( 'NONE', *, *, #7306, .F. ) ;
#7377 = AXIS2_PLACEMENT_3D ( 'NONE', #1790, #6841, #6277 ) ;
#7378 = VECTOR ( 'NONE', #7257, 1000.000000000000227 ) ;
#7379 = VECTOR ( 'NONE', #7742, 1000.000000000000000 ) ;
#7380 = CARTESIAN_POINT ( 'NONE',  ( -2.570239956649733593, 0.5227027008975635436, 0.4475000000000000089 ) ) ;
#7381 = FACE_OUTER_BOUND ( 'NONE', #1151, .T. ) ;
#7382 = ORIENTED_EDGE ( 'NONE', *, *, #2455, .T. ) ;
#7383 = AXIS2_PLACEMENT_3D ( 'NONE', #612, #8509, #7146 ) ;
#7384 = CARTESIAN_POINT ( 'NONE',  ( 2.489037635143886984, 0.6024999999999990363, 0.8524999999999999245 ) ) ;
#7385 = ADVANCED_FACE ( 'NONE', ( #6050 ), #6706, .F. ) ;
#7386 = CARTESIAN_POINT ( 'NONE',  ( 2.489037635143886984, 0.6024999999999990363, 3.047499999999999432 ) ) ;
#7387 = AXIS2_PLACEMENT_3D ( 'NONE', #2319, #5201, #8067 ) ;
#7388 = DIRECTION ( 'NONE',  ( -0.000000000000000000, 0.000000000000000000, 1.000000000000000000 ) ) ;
#7389 = DIRECTION ( 'NONE',  ( 0.000000000000000000, 0.000000000000000000, 1.000000000000000000 ) ) ;
#7390 = ORIENTED_EDGE ( 'NONE', *, *, #880, .T. ) ;
#7391 = EDGE_CURVE ( 'NONE', #3352, #2763, #6858, .T. ) ;
#7392 = PLANE ( 'NONE',  #896 ) ;
#7393 = CIRCLE ( 'NONE', #34, 0.08121469089664200280 ) ;
#7394 = VERTEX_POINT ( 'NONE', #4733 ) ;
#7395 = PLANE ( 'NONE',  #4543 ) ;
#7396 = DIRECTION ( 'NONE',  ( 0.000000000000000000, 0.000000000000000000, 1.000000000000000000 ) ) ;
#7397 = DIRECTION ( 'NONE',  ( -0.000000000000000000, 0.000000000000000000, 1.000000000000000000 ) ) ;
#7398 = FILL_AREA_STYLE_COLOUR ( '', #3676 ) ;
#7399 = DIRECTION ( 'NONE',  ( 0.000000000000000000, -1.000000000000000000, -0.000000000000000000 ) ) ;
#7400 = ORIENTED_EDGE ( 'NONE', *, *, #8079, .T. ) ;
#7401 = EDGE_CURVE ( 'NONE', #1488, #5512, #8055, .T. ) ;
#7402 = ORIENTED_EDGE ( 'NONE', *, *, #5229, .T. ) ;
#7403 = ORIENTED_EDGE ( 'NONE', *, *, #6554, .T. ) ;
#7404 = LINE ( 'NONE', #6791, #9168 ) ;
#7405 = ORIENTED_EDGE ( 'NONE', *, *, #3610, .F. ) ;
#7406 = EDGE_LOOP ( 'NONE', ( #7403, #5839, #2536, #1759 ) ) ;
#7407 = AXIS2_PLACEMENT_3D ( 'NONE', #7781, #6232, #504 ) ;
#7408 = PLANE ( 'NONE',  #2879 ) ;
#7409 = DIRECTION ( 'NONE',  ( 0.000000000000000000, 0.000000000000000000, 1.000000000000000000 ) ) ;
#7410 = ADVANCED_FACE ( 'NONE', ( #3309 ), #3360, .T. ) ;
#7411 = LINE ( 'NONE', #2453, #5466 ) ;
#7412 = VECTOR ( 'NONE', #1029, 1000.000000000000000 ) ;
#7413 = CARTESIAN_POINT ( 'NONE',  ( 2.199999999999999734, 0.6024999999999991473, -1.097499999999999920 ) ) ;
#7414 = CARTESIAN_POINT ( 'NONE',  ( -3.200000000000000622, 0.1446467872876746885, -0.4475000000000000089 ) ) ;
#7415 = ORIENTED_EDGE ( 'NONE', *, *, #6526, .T. ) ;
#7416 = PLANE ( 'NONE',  #6010 ) ;
#7417 = ORIENTED_EDGE ( 'NONE', *, *, #1470, .F. ) ;
#7418 = ORIENTED_EDGE ( 'NONE', *, *, #5318, .F. ) ;
#7419 = DIRECTION ( 'NONE',  ( 0.000000000000000000, 0.000000000000000000, 1.000000000000000000 ) ) ;
#7420 = EDGE_LOOP ( 'NONE', ( #3454, #684, #2075, #368 ) ) ;
#7421 = VECTOR ( 'NONE', #4634, 1000.000000000000000 ) ;
#7422 = ADVANCED_FACE ( 'NONE', ( #3264 ), #7696, .T. ) ;
#7423 = DIRECTION ( 'NONE',  ( 0.06975647374412519142, -0.9975640502598243087, 0.000000000000000000 ) ) ;
#7424 = DIRECTION ( 'NONE',  ( 0.000000000000000000, 1.000000000000000000, 0.000000000000000000 ) ) ;
#7425 = EDGE_CURVE ( 'NONE', #3740, #1255, #8250, .T. ) ;
#7426 = VECTOR ( 'NONE', #3000, 1000.000000000000227 ) ;
#7427 = EDGE_LOOP ( 'NONE', ( #2137, #6360, #1717, #8007, #4423, #6548, #1174, #6449, #3210, #6979, #2114, #6145 ) ) ;
#7428 = DIRECTION ( 'NONE',  ( -1.000000000000000000, 0.000000000000000000, 0.000000000000000000 ) ) ;
#7429 = DIRECTION ( 'NONE',  ( -1.000000000000000000, 0.000000000000000000, 0.000000000000000000 ) ) ;
#7430 = UNCERTAINTY_MEASURE_WITH_UNIT (LENGTH_MEASURE( 1.000000000000000082E-05 ), #798, 'distance_accuracy_value', 'NONE');
#7431 = AXIS2_PLACEMENT_3D ( 'NONE', #1636, #2377, #3755 ) ;
#7432 = STYLED_ITEM ( 'NONE', ( #231 ), #5867 ) ;
#7433 = LINE ( 'NONE', #997, #7894 ) ;
#7434 = CARTESIAN_POINT ( 'NONE',  ( -2.199999999999999734, 0.7474999999999991651, 2.802499999999999325 ) ) ;
#7435 = ORIENTED_EDGE ( 'NONE', *, *, #6534, .F. ) ;
#7436 = DIRECTION ( 'NONE',  ( 0.000000000000000000, 0.000000000000000000, 1.000000000000000000 ) ) ;
#7437 = AXIS2_PLACEMENT_3D ( 'NONE', #3250, #4576, #6082 ) ;
#7438 = VERTEX_POINT ( 'NONE', #9057 ) ;
#7439 = LINE ( 'NONE', #5892, #3470 ) ;
#7440 = DIRECTION ( 'NONE',  ( -0.000000000000000000, -0.000000000000000000, -1.000000000000000000 ) ) ;
#7441 = ADVANCED_FACE ( 'NONE', ( #1253 ), #9144, .F. ) ;
#7442 = CARTESIAN_POINT ( 'NONE',  ( -3.200000000000000622, 0.1446467872876746885, -2.802499999999999769 ) ) ;
#7443 = VECTOR ( 'NONE', #5837, 1000.000000000000000 ) ;
#7444 = CARTESIAN_POINT ( 'NONE',  ( 2.199999999999999734, 0.6024999999999991473, -2.802499999999999769 ) ) ;
#7445 = DIRECTION ( 'NONE',  ( 1.000000000000000000, 0.000000000000000000, 0.000000000000000000 ) ) ;
#7446 = ORIENTED_EDGE ( 'NONE', *, *, #5973, .F. ) ;
#7447 =( LENGTH_UNIT ( ) NAMED_UNIT ( * ) SI_UNIT ( .MILLI., .METRE. ) );
#7448 = ORIENTED_EDGE ( 'NONE', *, *, #2340, .T. ) ;
#7449 = EDGE_LOOP ( 'NONE', ( #5850, #2196, #3467, #1576 ) ) ;
#7450 = CARTESIAN_POINT ( 'NONE',  ( 2.489037635143886984, 0.6024999999999990363, 1.747500000000000275 ) ) ;
#7451 = ORIENTED_EDGE ( 'NONE', *, *, #7536, .T. ) ;
#7452 = ORIENTED_EDGE ( 'NONE', *, *, #344, .T. ) ;
#7453 = VECTOR ( 'NONE', #4940, 1000.000000000000000 ) ;
#7454 = CYLINDRICAL_SURFACE ( 'NONE', #7845, 0.2262146908966421732 ) ;
#7455 = CARTESIAN_POINT ( 'NONE',  ( -2.570239956649733593, 0.5227027008975635436, -0.2024999999999999856 ) ) ;
#7456 = ADVANCED_FACE ( 'NONE', ( #8442 ), #4872, .F. ) ;
#7457 = LINE ( 'NONE', #309, #5779 ) ;
#7458 = AXIS2_PLACEMENT_3D ( 'NONE', #2611, #4696, #7753 ) ;
#7459 = CARTESIAN_POINT ( 'NONE',  ( 2.199999999999999734, 0.7474999999999991651, -2.152499999999999858 ) ) ;
#7460 = EDGE_LOOP ( 'NONE', ( #122, #74, #4845, #5656 ) ) ;
#7461 = CARTESIAN_POINT ( 'NONE',  ( 2.199999999999999734, 0.7474999999999991651, -3.047499999999999876 ) ) ;
#7462 = ORIENTED_EDGE ( 'NONE', *, *, #2742, .F. ) ;
#7463 = VERTEX_POINT ( 'NONE', #1900 ) ;
#7464 = CARTESIAN_POINT ( 'NONE',  ( -2.199999999999999734, 0.6024999999999991473, 3.249999999999996003 ) ) ;
#7465 = VERTEX_POINT ( 'NONE', #6189 ) ;
#7466 = VECTOR ( 'NONE', #4069, 1000.000000000000000 ) ;
#7467 = EDGE_CURVE ( 'NONE', #7591, #292, #1301, .T. ) ;
#7468 = DIRECTION ( 'NONE',  ( -0.9975640502598241977, -0.06975647374412527468, 0.000000000000000000 ) ) ;
#7469 = CARTESIAN_POINT ( 'NONE',  ( 2.785400298157456600, 0.02828434744848380353, 1.097499999999999920 ) ) ;
#7470 = PLANE ( 'NONE',  #2784 ) ;
#7471 = CARTESIAN_POINT ( 'NONE',  ( 2.575000000000001066, 0.2499999999999996669, 1.747500000000000275 ) ) ;
#7472 = ORIENTED_EDGE ( 'NONE', *, *, #6958, .T. ) ;
#7473 = EDGE_CURVE ( 'NONE', #8981, #2426, #2502, .T. ) ;
#7474 = FACE_OUTER_BOUND ( 'NONE', #2023, .T. ) ;
#7475 = ADVANCED_FACE ( 'NONE', ( #414 ), #1852, .T. ) ;
#7476 = ORIENTED_EDGE ( 'NONE', *, *, #8900, .T. ) ;
#7477 = LINE ( 'NONE', #1037, #3921 ) ;
#7478 = CARTESIAN_POINT ( 'NONE',  ( -2.199999999999999734, 0.7474999999999991651, -3.047499999999999876 ) ) ;
#7479 = DIRECTION ( 'NONE',  ( -0.01745240643728044813, 0.9998476951563912696, 0.000000000000000000 ) ) ;
#7480 = CARTESIAN_POINT ( 'NONE',  ( 2.199999999999999734, 0.7474999999999991651, 1.747500000000000275 ) ) ;
#7481 = ORIENTED_EDGE ( 'NONE', *, *, #6283, .T. ) ;
#7482 =( NAMED_UNIT ( * ) SI_UNIT ( $, .STERADIAN. ) SOLID_ANGLE_UNIT ( ) );
#7483 = ORIENTED_EDGE ( 'NONE', *, *, #7767, .F. ) ;
#7484 = DIRECTION ( 'NONE',  ( 1.000000000000000000, 3.751076125244977118E-16, -0.000000000000000000 ) ) ;
#7485 = CARTESIAN_POINT ( 'NONE',  ( 2.489037635143886984, 0.7474999999999992761, -0.2024999999999999856 ) ) ;
#7486 = LINE ( 'NONE', #5372, #5491 ) ;
#7487 = DIRECTION ( 'NONE',  ( 0.000000000000000000, -1.000000000000000000, 0.000000000000000000 ) ) ;
#7488 = ORIENTED_EDGE ( 'NONE', *, *, #2624, .F. ) ;
#7489 = VERTEX_POINT ( 'NONE', #6140 ) ;
#7490 = ORIENTED_EDGE ( 'NONE', *, *, #8334, .F. ) ;
#7491 = CARTESIAN_POINT ( 'NONE',  ( -2.719977915797677337, 0.2525305989334057921, -2.397499999999999964 ) ) ;
#7492 = EDGE_CURVE ( 'NONE', #405, #2397, #2649, .T. ) ;
#7493 = ORIENTED_EDGE ( 'NONE', *, *, #1028, .F. ) ;
#7494 = VERTEX_POINT ( 'NONE', #5532 ) ;
#7495 = CARTESIAN_POINT ( 'NONE',  ( -2.795514986850355044, 0.1729311347361582596, 2.802499999999999325 ) ) ;
#7496 = CARTESIAN_POINT ( 'NONE',  ( -2.199999999999999734, 0.7474999999999991651, 2.152499999999999858 ) ) ;
#7497 = DIRECTION ( 'NONE',  ( -1.000000000000000000, 0.000000000000000000, 0.000000000000000000 ) ) ;
#7498 = DIRECTION ( 'NONE',  ( -0.9975640502598243087, 0.06975647374412519142, 0.000000000000000000 ) ) ;
#7499 = FACE_OUTER_BOUND ( 'NONE', #207, .T. ) ;
#7500 = ORIENTED_EDGE ( 'NONE', *, *, #6883, .F. ) ;
#7501 =( GEOMETRIC_REPRESENTATION_CONTEXT ( 3 ) GLOBAL_UNCERTAINTY_ASSIGNED_CONTEXT ( ( #3211 ) ) GLOBAL_UNIT_ASSIGNED_CONTEXT ( ( #195, #342, #7482 ) ) REPRESENTATION_CONTEXT ( 'NONE', 'WORKASPACE' ) );
#7502 = CARTESIAN_POINT ( 'NONE',  ( 2.199999999999999734, 0.6024999999999991473, 1.747500000000000275 ) ) ;
#7503 = ADVANCED_FACE ( 'NONE', ( #364 ), #5485, .F. ) ;
#7504 = ORIENTED_EDGE ( 'NONE', *, *, #6499, .F. ) ;
#7505 = MECHANICAL_DESIGN_GEOMETRIC_PRESENTATION_REPRESENTATION (  '', ( #1199 ), #3134 ) ;
#7506 = ORIENTED_EDGE ( 'NONE', *, *, #2240, .T. ) ;
#7507 = DIRECTION ( 'NONE',  ( 0.01745240643728362268, -0.9998476951563911586, 0.000000000000000000 ) ) ;
#7508 = LINE ( 'NONE', #4605, #2152 ) ;
#7509 =( LENGTH_UNIT ( ) NAMED_UNIT ( * ) SI_UNIT ( .MILLI., .METRE. ) );
#7510 = STYLED_ITEM ( 'NONE', ( #171 ), #8963 ) ;
#7511 = LINE ( 'NONE', #3943, #7604 ) ;
#7512 = DIRECTION ( 'NONE',  ( 1.000000000000000000, 0.000000000000000000, 0.000000000000000000 ) ) ;
#7513 = VERTEX_POINT ( 'NONE', #4823 ) ;
#7514 = EDGE_CURVE ( 'NONE', #2367, #8922, #1799, .T. ) ;
#7515 = CARTESIAN_POINT ( 'NONE',  ( -2.785400298157456600, 0.02828434744848385904, 0.4475000000000000089 ) ) ;
#7516 = ADVANCED_FACE ( 'NONE', ( #3981 ), #6847, .F. ) ;
#7517 = VERTEX_POINT ( 'NONE', #456 ) ;
#7518 = CARTESIAN_POINT ( 'NONE',  ( -2.199999999999999734, 0.7474999999999991651, 3.047499999999999432 ) ) ;
#7519 = ORIENTED_EDGE ( 'NONE', *, *, #8786, .T. ) ;
#7520 = CIRCLE ( 'NONE', #621, 0.08121469089664200280 ) ;
#7521 =( NAMED_UNIT ( * ) SI_UNIT ( $, .STERADIAN. ) SOLID_ANGLE_UNIT ( ) );
#7522 = VECTOR ( 'NONE', #6561, 1000.000000000000000 ) ;
#7523 = ADVANCED_FACE ( 'NONE', ( #8583 ), #6424, .T. ) ;
#7524 = EDGE_CURVE ( 'NONE', #7676, #272, #7836, .T. ) ;
#7525 = PLANE ( 'NONE',  #972 ) ;
#7526 = CARTESIAN_POINT ( 'NONE',  ( 2.795514986850355044, 0.1729311347361582596, -1.097499999999999920 ) ) ;
#7527 = CIRCLE ( 'NONE', #1519, 0.2262146908966421732 ) ;
#7528 = EDGE_CURVE ( 'NONE', #2506, #6520, #2933, .T. ) ;
#7529 = CARTESIAN_POINT ( 'NONE',  ( 2.715217872447410752, 0.5252332998309695578, -2.152499999999999858 ) ) ;
#7530 = VERTEX_POINT ( 'NONE', #9249 ) ;
#7531 = EDGE_CURVE ( 'NONE', #4198, #5224, #5017, .T. ) ;
#7532 = FILL_AREA_STYLE_COLOUR ( '', #1637 ) ;
#7533 = ORIENTED_EDGE ( 'NONE', *, *, #996, .F. ) ;
#7534 = FACE_OUTER_BOUND ( 'NONE', #4599, .T. ) ;
#7535 = CIRCLE ( 'NONE', #8740, 0.2262146908966421732 ) ;
#7536 = EDGE_CURVE ( 'NONE', #299, #3889, #3550, .T. ) ;
#7537 = DIRECTION ( 'NONE',  ( 0.000000000000000000, -0.000000000000000000, -1.000000000000000000 ) ) ;
#7538 = DIRECTION ( 'NONE',  ( 0.000000000000000000, -0.000000000000000000, -1.000000000000000000 ) ) ;
#7539 = FACE_OUTER_BOUND ( 'NONE', #5184, .T. ) ;
#7540 = AXIS2_PLACEMENT_3D ( 'NONE', #3059, #3251, #6033 ) ;
#7541 = ORIENTED_EDGE ( 'NONE', *, *, #4577, .T. ) ;
#7542 = EDGE_CURVE ( 'NONE', #4938, #4146, #8679, .T. ) ;
#7543 = ORIENTED_EDGE ( 'NONE', *, *, #1834, .F. ) ;
#7544 = ORIENTED_EDGE ( 'NONE', *, *, #48, .T. ) ;
#7545 = FACE_OUTER_BOUND ( 'NONE', #3511, .T. ) ;
#7546 = ORIENTED_EDGE ( 'NONE', *, *, #8086, .T. ) ;
#7547 = ORIENTED_EDGE ( 'NONE', *, *, #6612, .F. ) ;
#7548 = CARTESIAN_POINT ( 'NONE',  ( -2.785400298157456600, 0.02828434744848380353, -1.502499999999999947 ) ) ;
#7549 = CARTESIAN_POINT ( 'NONE',  ( -1.653818155844315463, 1.100000000000000533, -2.703818155844308180 ) ) ;
#7550 = AXIS2_PLACEMENT_3D ( 'NONE', #7549, #3114, #6136 ) ;
#7551 = VECTOR ( 'NONE', #6553, 1000.000000000000114 ) ;
#7552 = PLANE ( 'NONE',  #3199 ) ;
#7553 = DIRECTION ( 'NONE',  ( -1.000000000000000000, 0.000000000000000000, 0.000000000000000000 ) ) ;
#7554 = VECTOR ( 'NONE', #3306, 1000.000000000000000 ) ;
#7555 = ORIENTED_EDGE ( 'NONE', *, *, #4889, .T. ) ;
#7556 = CARTESIAN_POINT ( 'NONE',  ( -2.715217872447410752, 0.5252332998309695578, -2.802499999999999769 ) ) ;
#7557 = ORIENTED_EDGE ( 'NONE', *, *, #2742, .T. ) ;
#7558 = ORIENTED_EDGE ( 'NONE', *, *, #8800, .T. ) ;
#7559 = DIRECTION ( 'NONE',  ( -0.000000000000000000, -0.000000000000000000, -1.000000000000000000 ) ) ;
#7560 = DIRECTION ( 'NONE',  ( 0.000000000000000000, -0.000000000000000000, -1.000000000000000000 ) ) ;
#7561 = VECTOR ( 'NONE', #5339, 1000.000000000000000 ) ;
#7562 = ADVANCED_FACE ( 'NONE', ( #4306 ), #783, .T. ) ;
#7563 = CARTESIAN_POINT ( 'NONE',  ( -2.719977915797677337, 0.2525305989334057921, -0.8524999999999999245 ) ) ;
#7564 = CARTESIAN_POINT ( 'NONE',  ( 2.801180237303523946, 0.2539479907276123161, -2.397499999999999964 ) ) ;
#7565 = DIRECTION ( 'NONE',  ( -0.9975640502598241977, -0.06975647374412534407, 0.000000000000000000 ) ) ;
#7566 = CARTESIAN_POINT ( 'NONE',  ( -2.795514986850355044, 0.1729311347361582596, -2.152499999999999858 ) ) ;
#7567 = ORIENTED_EDGE ( 'NONE', *, *, #7542, .F. ) ;
#7568 = VECTOR ( 'NONE', #8438, 1000.000000000000000 ) ;
#7569 = PLANE ( 'NONE',  #159 ) ;
#7570 = ORIENTED_EDGE ( 'NONE', *, *, #2488, .T. ) ;
#7571 = CARTESIAN_POINT ( 'NONE',  ( -2.570239956649733593, 0.5227027008975635436, -1.097499999999999920 ) ) ;
#7572 = ADVANCED_FACE ( 'NONE', ( #7173 ), #2134, .T. ) ;
#7573 = LINE ( 'NONE', #3469, #5638 ) ;
#7574 = ADVANCED_FACE ( 'NONE', ( #2219 ), #4920, .T. ) ;
#7575 = AXIS2_PLACEMENT_3D ( 'NONE', #5836, #815, #3532 ) ;
#7576 = DIRECTION ( 'NONE',  ( -0.9975640502598241977, 0.06975647374412534407, 0.000000000000000000 ) ) ;
#7577 = CARTESIAN_POINT ( 'NONE',  ( -2.785400298157456600, 0.02828434744848380353, -3.047499999999999876 ) ) ;
#7578 = EDGE_LOOP ( 'NONE', ( #6603, #8826, #2077, #9002 ) ) ;
#7579 = DIRECTION ( 'NONE',  ( 1.000000000000000000, 0.000000000000000000, 0.000000000000000000 ) ) ;
#7580 = ORIENTED_EDGE ( 'NONE', *, *, #6832, .T. ) ;
#7581 = MECHANICAL_DESIGN_GEOMETRIC_PRESENTATION_REPRESENTATION (  '', ( #7432 ), #5483 ) ;
#7582 = CARTESIAN_POINT ( 'NONE',  ( -2.785400298157456600, 0.02828434744848380353, -1.097499999999999920 ) ) ;
#7583 = EDGE_CURVE ( 'NONE', #7595, #6884, #4761, .T. ) ;
#7584 = LINE ( 'NONE', #6734, #4127 ) ;
#7585 = SURFACE_STYLE_USAGE ( .BOTH. , #252 ) ;
#7586 = CARTESIAN_POINT ( 'NONE',  ( 2.199999999999999734, 0.7474999999999991651, -3.047499999999999876 ) ) ;
#7587 = AXIS2_PLACEMENT_3D ( 'NONE', #8262, #691, #7880 ) ;
#7588 = ORIENTED_EDGE ( 'NONE', *, *, #5693, .T. ) ;
#7589 = DIRECTION ( 'NONE',  ( -0.000000000000000000, -0.000000000000000000, -1.000000000000000000 ) ) ;
#7590 = ORIENTED_EDGE ( 'NONE', *, *, #5427, .F. ) ;
#7591 = VERTEX_POINT ( 'NONE', #2889 ) ;
#7592 = EDGE_CURVE ( 'NONE', #4816, #7932, #6514, .T. ) ;
#7593 = LINE ( 'NONE', #1986, #476 ) ;
#7594 = ADVANCED_FACE ( 'NONE', ( #72 ), #5768, .F. ) ;
#7595 = VERTEX_POINT ( 'NONE', #2180 ) ;
#7596 = ORIENTED_EDGE ( 'NONE', *, *, #8923, .T. ) ;
#7597 = DIRECTION ( 'NONE',  ( -0.000000000000000000, -0.000000000000000000, -1.000000000000000000 ) ) ;
#7598 = CARTESIAN_POINT ( 'NONE',  ( -2.489037635143886984, 0.5212853091033570196, -2.397499999999999964 ) ) ;
#7599 = AXIS2_PLACEMENT_3D ( 'NONE', #6502, #5797, #4384 ) ;
#7600 = CARTESIAN_POINT ( 'NONE',  ( 3.200000000000000622, 0.1446467872876746885, 0.8524999999999999245 ) ) ;
#7601 = DIRECTION ( 'NONE',  ( -0.000000000000000000, -0.000000000000000000, -1.000000000000000000 ) ) ;
#7602 = CARTESIAN_POINT ( 'NONE',  ( -2.795514986850355044, 0.1729311347361582596, -1.502499999999999947 ) ) ;
#7603 = CIRCLE ( 'NONE', #3859, 0.08121469089664200280 ) ;
#7604 = VECTOR ( 'NONE', #6108, 1000.000000000000000 ) ;
#7605 = ORIENTED_EDGE ( 'NONE', *, *, #8564, .F. ) ;
#7606 = CARTESIAN_POINT ( 'NONE',  ( -2.489037635143886984, 0.5212853091033570196, 0.4475000000000000089 ) ) ;
#7607 = EDGE_LOOP ( 'NONE', ( #4890, #6485, #8668, #699 ) ) ;
#7608 = ORIENTED_EDGE ( 'NONE', *, *, #7940, .F. ) ;
#7609 = CYLINDRICAL_SURFACE ( 'NONE', #5743, 0.08121469089664200280 ) ;
#7610 = LINE ( 'NONE', #2609, #6968 ) ;
#7611 = CIRCLE ( 'NONE', #1153, 0.08121469089664200280 ) ;
#7612 = DIRECTION ( 'NONE',  ( 0.000000000000000000, 0.000000000000000000, 1.000000000000000000 ) ) ;
#7613 = CARTESIAN_POINT ( 'NONE',  ( -2.199999999999999734, 0.7474999999999991651, 1.097499999999999920 ) ) ;
#7614 = CARTESIAN_POINT ( 'NONE',  ( -3.200000000000000622, 0.1446467872876746885, -0.2024999999999999856 ) ) ;
#7615 = CARTESIAN_POINT ( 'NONE',  ( 2.570239956649733593, 0.5227027008975635436, -0.2024999999999999856 ) ) ;
#7616 = ORIENTED_EDGE ( 'NONE', *, *, #983, .T. ) ;
#7617 = VECTOR ( 'NONE', #2085, 1000.000000000000000 ) ;
#7618 = DIRECTION ( 'NONE',  ( 1.000000000000000000, 0.000000000000000000, 0.000000000000000000 ) ) ;
#7619 = ORIENTED_EDGE ( 'NONE', *, *, #1180, .T. ) ;
#7620 = ADVANCED_FACE ( 'NONE', ( #5062 ), #4349, .F. ) ;
#7621 = SURFACE_STYLE_USAGE ( .BOTH. , #7136 ) ;
#7622 = DIRECTION ( 'NONE',  ( -0.01745240643728362268, -0.9998476951563911586, 0.000000000000000000 ) ) ;
#7623 = VECTOR ( 'NONE', #3015, 1000.000000000000227 ) ;
#7624 = DIRECTION ( 'NONE',  ( -0.9998476951563912696, -0.01745240643728044813, 0.000000000000000000 ) ) ;
#7625 = DIRECTION ( 'NONE',  ( 0.01745240643728362268, 0.9998476951563911586, -0.000000000000000000 ) ) ;
#7626 = ORIENTED_EDGE ( 'NONE', *, *, #1480, .T. ) ;
#7627 = FACE_OUTER_BOUND ( 'NONE', #8434, .T. ) ;
#7628 = VERTEX_POINT ( 'NONE', #599 ) ;
#7629 = EDGE_CURVE ( 'NONE', #2760, #2151, #3447, .T. ) ;
#7630 = FACE_OUTER_BOUND ( 'NONE', #1465, .T. ) ;
#7631 = DIRECTION ( 'NONE',  ( -0.000000000000000000, -0.000000000000000000, -1.000000000000000000 ) ) ;
#7632 = SURFACE_SIDE_STYLE ('',( #2073 ) ) ;
#7633 = LINE ( 'NONE', #5518, #938 ) ;
#7634 = VERTEX_POINT ( 'NONE', #8490 ) ;
#7635 = LINE ( 'NONE', #5664, #1370 ) ;
#7636 = ORIENTED_EDGE ( 'NONE', *, *, #3940, .T. ) ;
#7637 = ADVANCED_FACE ( 'NONE', ( #2042 ), #4209, .T. ) ;
#7638 = DIRECTION ( 'NONE',  ( 0.000000000000000000, -0.000000000000000000, 1.000000000000000000 ) ) ;
#7639 = ADVANCED_FACE ( 'NONE', ( #4443 ), #1570, .F. ) ;
#7640 = ORIENTED_EDGE ( 'NONE', *, *, #294, .F. ) ;
#7641 = ORIENTED_EDGE ( 'NONE', *, *, #723, .F. ) ;
#7642 = LINE ( 'NONE', #1154, #941 ) ;
#7643 = DIRECTION ( 'NONE',  ( -0.01745240643728044813, 0.9998476951563912696, 0.000000000000000000 ) ) ;
#7644 = CARTESIAN_POINT ( 'NONE',  ( 3.200000000000000622, 0.1446467872876746885, 0.4475000000000000089 ) ) ;
#7645 = ADVANCED_FACE ( 'NONE', ( #8938 ), #6600, .F. ) ;
#7646 = EDGE_CURVE ( 'NONE', #5566, #8445, #864, .T. ) ;
#7647 = CARTESIAN_POINT ( 'NONE',  ( -2.489037635143886984, 0.5212853091033570196, 2.802499999999999325 ) ) ;
#7648 = CARTESIAN_POINT ( 'NONE',  ( -2.489037635143886984, 0.5212853091033570196, -2.152499999999999858 ) ) ;
#7649 = SURFACE_STYLE_USAGE ( .BOTH. , #6141 ) ;
#7650 = ORIENTED_EDGE ( 'NONE', *, *, #8205, .T. ) ;
#7651 = DIRECTION ( 'NONE',  ( 0.9975640502598241977, 0.06975647374412526081, 0.000000000000000000 ) ) ;
#7652 = ORIENTED_EDGE ( 'NONE', *, *, #3681, .F. ) ;
#7653 = ORIENTED_EDGE ( 'NONE', *, *, #7401, .T. ) ;
#7654 = PLANE ( 'NONE',  #4084 ) ;
#7655 = CARTESIAN_POINT ( 'NONE',  ( -2.575000000000001066, 0.2499999999999996669, 2.152499999999999858 ) ) ;
#7656 = CYLINDRICAL_SURFACE ( 'NONE', #2643, 0.2262146908966421732 ) ;
#7657 = AXIS2_PLACEMENT_3D ( 'NONE', #8376, #3475, #7017 ) ;
#7658 = CARTESIAN_POINT ( 'NONE',  ( 2.801180237303523946, 0.2539479907276123161, -0.2024999999999999856 ) ) ;
#7659 = DIRECTION ( 'NONE',  ( 1.000000000000000000, 0.000000000000000000, 0.000000000000000000 ) ) ;
#7660 = UNCERTAINTY_MEASURE_WITH_UNIT (LENGTH_MEASURE( 1.000000000000000082E-05 ), #8915, 'distance_accuracy_value', 'NONE');
#7661 = ORIENTED_EDGE ( 'NONE', *, *, #6670, .F. ) ;
#7662 = CARTESIAN_POINT ( 'NONE',  ( -2.489037635143886984, 0.6024999999999990363, 1.097499999999999920 ) ) ;
#7663 = VERTEX_POINT ( 'NONE', #6163 ) ;
#7664 = VECTOR ( 'NONE', #5343, 1000.000000000000114 ) ;
#7665 = VECTOR ( 'NONE', #6396, 1000.000000000000000 ) ;
#7666 = CARTESIAN_POINT ( 'NONE',  ( -3.189885311307102622, 1.626303258728256651E-16, -2.802499999999999769 ) ) ;
#7667 = CYLINDRICAL_SURFACE ( 'NONE', #5351, 0.2262146908966421732 ) ;
#7668 = PRODUCT_RELATED_PRODUCT_CATEGORY ( 'part', '', ( #4530 ) ) ;
#7669 = DIRECTION ( 'NONE',  ( 0.000000000000000000, 0.9781476007338055778, -0.2079116908177597867 ) ) ;
#7670 = VERTEX_POINT ( 'NONE', #388 ) ;
#7671 = VECTOR ( 'NONE', #7177, 1000.000000000000000 ) ;
#7672 = VECTOR ( 'NONE', #5261, 1000.000000000000227 ) ;
#7673 = CLOSED_SHELL ( 'NONE', ( #4319, #2576, #4641, #155, #582, #286, #2799, #4304, #8139, #6687, #748, #2985, #8521, #3899 ) ) ;
#7674 = DIRECTION ( 'NONE',  ( -0.000000000000000000, -0.000000000000000000, -1.000000000000000000 ) ) ;
#7675 = VECTOR ( 'NONE', #2987, 1000.000000000000000 ) ;
#7676 = VERTEX_POINT ( 'NONE', #7529 ) ;
#7677 = PLANE ( 'NONE',  #4238 ) ;
#7678 = VECTOR ( 'NONE', #6604, 1000.000000000000114 ) ;
#7679 = DIRECTION ( 'NONE',  ( 0.06975647374412519142, 0.9975640502598243087, 0.000000000000000000 ) ) ;
#7680 = CARTESIAN_POINT ( 'NONE',  ( 3.200000000000000622, 0.1446467872876746885, -1.747499999999999831 ) ) ;
#7681 = EDGE_CURVE ( 'NONE', #9016, #2642, #8280, .T. ) ;
#7682 = PLANE ( 'NONE',  #4994 ) ;
#7683 = ORIENTED_EDGE ( 'NONE', *, *, #4403, .T. ) ;
#7684 = DIRECTION ( 'NONE',  ( 0.000000000000000000, 1.000000000000000000, 0.000000000000000000 ) ) ;
#7685 = ORIENTED_EDGE ( 'NONE', *, *, #3712, .F. ) ;
#7686 = VECTOR ( 'NONE', #1587, 1000.000000000000000 ) ;
#7687 = CARTESIAN_POINT ( 'NONE',  ( -2.801180237303523946, 0.2539479907276123161, 1.097499999999999920 ) ) ;
#7688 = VERTEX_POINT ( 'NONE', #7312 ) ;
#7689 = ORIENTED_EDGE ( 'NONE', *, *, #532, .T. ) ;
#7690 = CARTESIAN_POINT ( 'NONE',  ( 2.489037635143886984, 0.5212853091033570196, -1.502499999999999947 ) ) ;
#7691 = CARTESIAN_POINT ( 'NONE',  ( 2.489037635143886984, 0.5212853091033570196, 2.802499999999999325 ) ) ;
#7692 = AXIS2_PLACEMENT_3D ( 'NONE', #7957, #816, #8667 ) ;
#7693 = AXIS2_PLACEMENT_3D ( 'NONE', #7090, #9257, #5635 ) ;
#7694 = EDGE_CURVE ( 'NONE', #1338, #4493, #3958, .T. ) ;
#7695 = DIRECTION ( 'NONE',  ( -0.000000000000000000, -0.000000000000000000, -1.000000000000000000 ) ) ;
#7696 = PLANE ( 'NONE',  #7020 ) ;
#7697 = DIRECTION ( 'NONE',  ( -1.000000000000000000, 0.000000000000000000, 0.000000000000000000 ) ) ;
#7698 = ORIENTED_EDGE ( 'NONE', *, *, #1940, .F. ) ;
#7699 = ORIENTED_EDGE ( 'NONE', *, *, #6645, .F. ) ;
#7700 = CARTESIAN_POINT ( 'NONE',  ( 2.715217872447410752, 0.5252332998309695578, -2.802499999999999769 ) ) ;
#7701 = ORIENTED_EDGE ( 'NONE', *, *, #4470, .F. ) ;
#7702 = ORIENTED_EDGE ( 'NONE', *, *, #8716, .T. ) ;
#7703 = COLOUR_RGB ( '',0.8000000000000000444, 0.8196078431372548767, 0.9333333333333333481 ) ;
#7704 = CARTESIAN_POINT ( 'NONE',  ( 2.715217872447410752, 0.5252332998309695578, -2.397499999999999964 ) ) ;
#7705 = EDGE_CURVE ( 'NONE', #5279, #8037, #2526, .T. ) ;
#7706 = FACE_OUTER_BOUND ( 'NONE', #7353, .T. ) ;
#7707 = AXIS2_PLACEMENT_3D ( 'NONE', #5985, #198, #1609 ) ;
#7708 = DIRECTION ( 'NONE',  ( -0.01745240643728044813, -0.9998476951563912696, 0.000000000000000000 ) ) ;
#7709 = DIRECTION ( 'NONE',  ( -0.9975640502598241977, 0.06975647374412526081, 0.000000000000000000 ) ) ;
#7710 = DIRECTION ( 'NONE',  ( -0.000000000000000000, -0.000000000000000000, -1.000000000000000000 ) ) ;
#7711 = VERTEX_POINT ( 'NONE', #6870 ) ;
#7712 = FACE_OUTER_BOUND ( 'NONE', #4153, .T. ) ;
#7713 = EDGE_CURVE ( 'NONE', #6620, #5064, #8327, .T. ) ;
#7714 = ORIENTED_EDGE ( 'NONE', *, *, #4798, .T. ) ;
#7715 = EDGE_CURVE ( 'NONE', #9297, #4152, #5193, .T. ) ;
#7716 = AXIS2_PLACEMENT_3D ( 'NONE', #1402, #3560, #2144 ) ;
#7717 = CARTESIAN_POINT ( 'NONE',  ( 2.199999999999999734, 0.6024999999999991473, -1.502499999999999947 ) ) ;
#7718 = CARTESIAN_POINT ( 'NONE',  ( -2.785400298157456600, 0.02828434744848380353, 0.2024999999999999856 ) ) ;
#7719 = DIRECTION ( 'NONE',  ( -0.01745240643728362268, -0.9998476951563911586, 0.000000000000000000 ) ) ;
#7720 = AXIS2_PLACEMENT_3D ( 'NONE', #689, #9056, #3012 ) ;
#7721 = ORIENTED_EDGE ( 'NONE', *, *, #8676, .T. ) ;
#7722 = CARTESIAN_POINT ( 'NONE',  ( 2.715217872447410752, 0.5252332998309695578, 2.397499999999999964 ) ) ;
#7723 = ORIENTED_EDGE ( 'NONE', *, *, #7356, .F. ) ;
#7724 = CARTESIAN_POINT ( 'NONE',  ( 2.715217872447410752, 0.5252332998309695578, -1.502499999999999947 ) ) ;
#7725 = AXIS2_PLACEMENT_3D ( 'NONE', #1468, #5796, #1509 ) ;
#7726 = DIRECTION ( 'NONE',  ( -0.000000000000000000, -0.000000000000000000, -1.000000000000000000 ) ) ;
#7727 = CARTESIAN_POINT ( 'NONE',  ( -2.801180237303523946, 0.2539479907276123161, 0.4475000000000000089 ) ) ;
#7728 = CARTESIAN_POINT ( 'NONE',  ( -3.189885311307102622, 1.626303258728256651E-16, -0.4475000000000000089 ) ) ;
#7729 = ORIENTED_EDGE ( 'NONE', *, *, #5059, .F. ) ;
#7730 = DIRECTION ( 'NONE',  ( 1.000000000000000000, 0.000000000000000000, 0.000000000000000000 ) ) ;
#7731 = AXIS2_PLACEMENT_3D ( 'NONE', #806, #4230, #9220 ) ;
#7732 = ORIENTED_EDGE ( 'NONE', *, *, #5427, .T. ) ;
#7733 = DIRECTION ( 'NONE',  ( -0.000000000000000000, -0.000000000000000000, -1.000000000000000000 ) ) ;
#7734 = ORIENTED_EDGE ( 'NONE', *, *, #6333, .F. ) ;
#7735 = ORIENTED_EDGE ( 'NONE', *, *, #3328, .F. ) ;
#7736 = CARTESIAN_POINT ( 'NONE',  ( 2.199999999999999734, 0.7474999999999991651, -2.152499999999999858 ) ) ;
#7737 = EDGE_CURVE ( 'NONE', #3050, #8342, #827, .T. ) ;
#7738 = DIRECTION ( 'NONE',  ( 0.000000000000000000, 0.000000000000000000, 1.000000000000000000 ) ) ;
#7739 = CARTESIAN_POINT ( 'NONE',  ( -2.785400298157456600, 0.02828434744848385904, 2.152499999999999858 ) ) ;
#7740 = CARTESIAN_POINT ( 'NONE',  ( -2.489037635143886984, 0.5212853091033570196, -2.802499999999999769 ) ) ;
#7741 = DIRECTION ( 'NONE',  ( 0.000000000000000000, -0.000000000000000000, -1.000000000000000000 ) ) ;
#7742 = DIRECTION ( 'NONE',  ( 1.000000000000000000, 0.000000000000000000, -1.971276677246371519E-16 ) ) ;
#7743 = EDGE_LOOP ( 'NONE', ( #4827, #4586, #4801, #8855 ) ) ;
#7744 = ORIENTED_EDGE ( 'NONE', *, *, #1042, .T. ) ;
#7745 = CARTESIAN_POINT ( 'NONE',  ( -2.570239956649733593, 0.5227027008975635436, 3.047499999999999432 ) ) ;
#7746 = ORIENTED_EDGE ( 'NONE', *, *, #8428, .F. ) ;
#7747 = ORIENTED_EDGE ( 'NONE', *, *, #6312, .F. ) ;
#7748 = AXIS2_PLACEMENT_3D ( 'NONE', #8190, #1744, #3966 ) ;
#7749 = DIRECTION ( 'NONE',  ( 0.06975647374412527468, -0.9975640502598243087, 0.000000000000000000 ) ) ;
#7750 = EDGE_CURVE ( 'NONE', #2639, #2435, #8230, .T. ) ;
#7751 = CARTESIAN_POINT ( 'NONE',  ( -2.489037635143886984, 0.5212853091033570196, -3.047499999999999876 ) ) ;
#7752 = COLOUR_RGB ( '',0.8000000000000000444, 0.8196078431372548767, 0.9333333333333333481 ) ;
#7753 = DIRECTION ( 'NONE',  ( -1.000000000000000000, 0.000000000000000000, 0.000000000000000000 ) ) ;
#7754 = DIRECTION ( 'NONE',  ( 0.9975640502598241977, -0.06975647374412534407, 0.000000000000000000 ) ) ;
#7755 = DIRECTION ( 'NONE',  ( -0.01745240643728362268, 0.9998476951563911586, 0.000000000000000000 ) ) ;
#7756 = ORIENTED_EDGE ( 'NONE', *, *, #6320, .T. ) ;
#7757 = CARTESIAN_POINT ( 'NONE',  ( 2.489037635143886984, 0.6024999999999990363, -2.802499999999999769 ) ) ;
#7758 = ORIENTED_EDGE ( 'NONE', *, *, #8499, .F. ) ;
#7759 = EDGE_CURVE ( 'NONE', #2642, #7303, #1043, .T. ) ;
#7760 = VECTOR ( 'NONE', #6162, 1000.000000000000000 ) ;
#7761 = LINE ( 'NONE', #7717, #4579 ) ;
#7762 = EDGE_CURVE ( 'NONE', #2843, #9038, #8762, .T. ) ;
#7763 = CARTESIAN_POINT ( 'NONE',  ( 3.200000000000000622, 0.1446467872876746885, 3.047499999999999432 ) ) ;
#7764 = ADVANCED_FACE ( 'NONE', ( #7354 ), #340, .F. ) ;
#7765 = CARTESIAN_POINT ( 'NONE',  ( 2.199999999999999734, 0.7474999999999991651, 3.047499999999999432 ) ) ;
#7766 = ORIENTED_EDGE ( 'NONE', *, *, #2406, .F. ) ;
#7767 = EDGE_CURVE ( 'NONE', #3152, #1105, #6560, .T. ) ;
#7768 = CARTESIAN_POINT ( 'NONE',  ( 2.199999999999999734, 0.7474999999999991651, -2.397499999999999964 ) ) ;
#7769 = ORIENTED_EDGE ( 'NONE', *, *, #3188, .F. ) ;
#7770 = DIRECTION ( 'NONE',  ( -0.000000000000000000, 0.000000000000000000, -1.000000000000000000 ) ) ;
#7771 = VECTOR ( 'NONE', #3591, 1000.000000000000000 ) ;
#7772 = DIRECTION ( 'NONE',  ( 0.000000000000000000, 0.000000000000000000, 1.000000000000000000 ) ) ;
#7773 = CARTESIAN_POINT ( 'NONE',  ( 2.489037635143886984, 0.5212853091033570196, -2.152499999999999858 ) ) ;
#7774 = ORIENTED_EDGE ( 'NONE', *, *, #2584, .F. ) ;
#7775 = CARTESIAN_POINT ( 'NONE',  ( 2.570239956649733593, 0.5227027008975635436, 3.047499999999999432 ) ) ;
#7776 = VERTEX_POINT ( 'NONE', #8988 ) ;
#7777 = DIRECTION ( 'NONE',  ( -0.000000000000000000, -1.000000000000000000, -0.000000000000000000 ) ) ;
#7778 = ORIENTED_EDGE ( 'NONE', *, *, #2971, .T. ) ;
#7779 = ORIENTED_EDGE ( 'NONE', *, *, #5215, .T. ) ;
#7780 = DIRECTION ( 'NONE',  ( 0.9975640502598241977, -0.06975647374412527468, 0.000000000000000000 ) ) ;
#7781 = CARTESIAN_POINT ( 'NONE',  ( -2.801180237303523946, 0.2539479907276123161, -2.397499999999999964 ) ) ;
#7782 = CARTESIAN_POINT ( 'NONE',  ( -2.489037635143886984, 0.5212853091033570196, 1.747500000000000275 ) ) ;
#7783 = CARTESIAN_POINT ( 'NONE',  ( -2.489037635143886984, 0.5212853091033570196, 0.4475000000000000089 ) ) ;
#7784 = LINE ( 'NONE', #1252, #1882 ) ;
#7785 = CARTESIAN_POINT ( 'NONE',  ( -2.199999999999999734, 0.7474999999999991651, 0.8524999999999999245 ) ) ;
#7786 = EDGE_CURVE ( 'NONE', #8221, #6650, #3248, .T. ) ;
#7787 = FACE_OUTER_BOUND ( 'NONE', #7460, .T. ) ;
#7788 = ORIENTED_EDGE ( 'NONE', *, *, #3144, .F. ) ;
#7789 = ORIENTED_EDGE ( 'NONE', *, *, #235, .F. ) ;
#7790 = CARTESIAN_POINT ( 'NONE',  ( 2.795514986850355044, 0.1729311347361582596, -0.8524999999999999245 ) ) ;
#7791 = ORIENTED_EDGE ( 'NONE', *, *, #2801, .F. ) ;
#7792 = ORIENTED_EDGE ( 'NONE', *, *, #4868, .T. ) ;
#7793 = DIRECTION ( 'NONE',  ( -0.000000000000000000, -0.000000000000000000, -1.000000000000000000 ) ) ;
#7794 = SURFACE_STYLE_FILL_AREA ( #9033 ) ;
#7795 = AXIS2_PLACEMENT_3D ( 'NONE', #2206, #7110, #7770 ) ;
#7796 = CARTESIAN_POINT ( 'NONE',  ( -2.199999999999999734, 0.6024999999999991473, 1.097499999999999920 ) ) ;
#7797 = CARTESIAN_POINT ( 'NONE',  ( -2.489037635143886984, 0.5212853091033570196, 2.802499999999999325 ) ) ;
#7798 = EDGE_CURVE ( 'NONE', #5583, #8930, #2579, .T. ) ;
#7799 = DIRECTION ( 'NONE',  ( 1.000000000000000000, 0.000000000000000000, 0.000000000000000000 ) ) ;
#7800 = PLANE ( 'NONE',  #3451 ) ;
#7801 = ORIENTED_EDGE ( 'NONE', *, *, #5274, .F. ) ;
#7802 = DIRECTION ( 'NONE',  ( -0.000000000000000000, -0.000000000000000000, -1.000000000000000000 ) ) ;
#7803 = ORIENTED_EDGE ( 'NONE', *, *, #4043, .F. ) ;
#7804 = CIRCLE ( 'NONE', #4506, 0.2262146908966421732 ) ;
#7805 = DIRECTION ( 'NONE',  ( -0.000000000000000000, 0.000000000000000000, 1.000000000000000000 ) ) ;
#7806 = EDGE_CURVE ( 'NONE', #7009, #6792, #8718, .T. ) ;
#7807 = CIRCLE ( 'NONE', #4221, 0.08121469089664243302 ) ;
#7808 = EDGE_CURVE ( 'NONE', #419, #4700, #5899, .T. ) ;
#7809 = DIRECTION ( 'NONE',  ( -1.000000000000000000, 0.000000000000000000, 0.000000000000000000 ) ) ;
#7810 = EDGE_CURVE ( 'NONE', #1001, #3658, #9123, .T. ) ;
#7811 = VERTEX_POINT ( 'NONE', #3424 ) ;
#7812 = CYLINDRICAL_SURFACE ( 'NONE', #1352, 0.2262146908966421732 ) ;
#7813 = VERTEX_POINT ( 'NONE', #8374 ) ;
#7814 = VECTOR ( 'NONE', #4981, 1000.000000000000000 ) ;
#7815 = PRESENTATION_LAYER_ASSIGNMENT (  '', '', ( #1199 ) ) ;
#7816 = FACE_OUTER_BOUND ( 'NONE', #4619, .T. ) ;
#7817 = ADVANCED_FACE ( 'NONE', ( #6259 ), #6355, .T. ) ;
#7818 = LINE ( 'NONE', #8566, #1859 ) ;
#7819 = VECTOR ( 'NONE', #4214, 1000.000000000000000 ) ;
#7820 = DIRECTION ( 'NONE',  ( -1.000000000000000000, 0.000000000000000000, 0.000000000000000000 ) ) ;
#7821 = ORIENTED_EDGE ( 'NONE', *, *, #8541, .F. ) ;
#7822 = AXIS2_PLACEMENT_3D ( 'NONE', #7658, #8928, #7512 ) ;
#7823 = LINE ( 'NONE', #7066, #4063 ) ;
#7824 = ORIENTED_EDGE ( 'NONE', *, *, #2578, .T. ) ;
#7825 = LINE ( 'NONE', #1635, #8278 ) ;
#7826 = EDGE_LOOP ( 'NONE', ( #1093, #2542 ) ) ;
#7827 = EDGE_CURVE ( 'NONE', #5831, #6403, #6967, .T. ) ;
#7828 = VECTOR ( 'NONE', #3299, 1000.000000000000114 ) ;
#7829 = STYLED_ITEM ( 'NONE', ( #2779 ), #67 ) ;
#7830 = DIRECTION ( 'NONE',  ( 0.9998476951563912696, 0.01745240643728362614, 0.000000000000000000 ) ) ;
#7831 = LINE ( 'NONE', #4205, #3964 ) ;
#7832 = EDGE_CURVE ( 'NONE', #2664, #8854, #4897, .T. ) ;
#7833 = ADVANCED_FACE ( 'NONE', ( #5508 ), #6913, .F. ) ;
#7834 = DIRECTION ( 'NONE',  ( -0.000000000000000000, 0.000000000000000000, -1.000000000000000000 ) ) ;
#7835 = CARTESIAN_POINT ( 'NONE',  ( -2.801180237303523946, 0.2539479907276123161, 1.502500000000000391 ) ) ;
#7836 = LINE ( 'NONE', #5628, #7771 ) ;
#7837 = VECTOR ( 'NONE', #318, 1000.000000000000000 ) ;
#7838 = CARTESIAN_POINT ( 'NONE',  ( -2.795514986850355044, 0.1729311347361582596, 0.4475000000000000089 ) ) ;
#7839 = ORIENTED_EDGE ( 'NONE', *, *, #2233, .T. ) ;
#7840 = ORIENTED_EDGE ( 'NONE', *, *, #2153, .F. ) ;
#7841 = CARTESIAN_POINT ( 'NONE',  ( -2.199999999999999734, 0.6024999999999991473, 2.802499999999999325 ) ) ;
#7842 = ORIENTED_EDGE ( 'NONE', *, *, #4899, .T. ) ;
#7843 = ORIENTED_EDGE ( 'NONE', *, *, #9025, .F. ) ;
#7844 = LINE ( 'NONE', #5025, #7097 ) ;
#7845 = AXIS2_PLACEMENT_3D ( 'NONE', #6794, #6092, #921 ) ;
#7846 = PLANE ( 'NONE',  #7716 ) ;
#7847 = DIRECTION ( 'NONE',  ( -1.000000000000000000, 0.000000000000000000, 0.000000000000000000 ) ) ;
#7848 = CARTESIAN_POINT ( 'NONE',  ( -2.489037635143886984, 0.5212853091033570196, -0.2024999999999999856 ) ) ;
#7849 = VECTOR ( 'NONE', #9281, 1000.000000000000000 ) ;
#7850 = AXIS2_PLACEMENT_3D ( 'NONE', #4480, #4527, #4621 ) ;
#7851 = VECTOR ( 'NONE', #1989, 1000.000000000000000 ) ;
#7852 = LINE ( 'NONE', #3606, #764 ) ;
#7853 = ORIENTED_EDGE ( 'NONE', *, *, #7531, .F. ) ;
#7854 = DIRECTION ( 'NONE',  ( 0.000000000000000000, 1.000000000000000000, 0.000000000000000000 ) ) ;
#7855 = EDGE_LOOP ( 'NONE', ( #1024, #501, #3868, #8268, #913, #3833, #1424, #6133, #2925, #5644, #7640, #3212 ) ) ;
#7856 = EDGE_CURVE ( 'NONE', #6739, #8968, #9273, .T. ) ;
#7857 = AXIS2_PLACEMENT_3D ( 'NONE', #8643, #835, #2190 ) ;
#7858 = DIRECTION ( 'NONE',  ( 0.000000000000000000, -0.000000000000000000, -1.000000000000000000 ) ) ;
#7859 = LINE ( 'NONE', #1413, #3841 ) ;
#7860 = ORIENTED_EDGE ( 'NONE', *, *, #1417, .T. ) ;
#7861 = VECTOR ( 'NONE', #7196, 1000.000000000000000 ) ;
#7862 = EDGE_LOOP ( 'NONE', ( #8065, #4340, #2677, #2605 ) ) ;
#7863 = PLANE ( 'NONE',  #4370 ) ;
#7864 = ADVANCED_FACE ( 'NONE', ( #6304 ), #5602, .T. ) ;
#7865 = EDGE_CURVE ( 'NONE', #3750, #343, #4796, .T. ) ;
#7866 = CARTESIAN_POINT ( 'NONE',  ( 2.489037635143886984, 0.7474999999999992761, -1.747499999999999831 ) ) ;
#7867 = AXIS2_PLACEMENT_3D ( 'NONE', #168, #217, #3653 ) ;
#7868 = DIRECTION ( 'NONE',  ( -0.000000000000000000, -0.000000000000000000, -1.000000000000000000 ) ) ;
#7869 = DIRECTION ( 'NONE',  ( 0.01745240643728362268, 0.9998476951563911586, -0.000000000000000000 ) ) ;
#7870 = VERTEX_POINT ( 'NONE', #6214 ) ;
#7871 = LINE ( 'NONE', #7960, #4667 ) ;
#7872 = ORIENTED_EDGE ( 'NONE', *, *, #4943, .F. ) ;
#7873 = DIRECTION ( 'NONE',  ( 0.000000000000000000, -0.000000000000000000, -1.000000000000000000 ) ) ;
#7874 = ORIENTED_EDGE ( 'NONE', *, *, #6301, .F. ) ;
#7875 = VECTOR ( 'NONE', #4591, 1000.000000000000000 ) ;
#7876 = DIRECTION ( 'NONE',  ( 0.9975640502598243087, 0.06975647374412519142, -0.000000000000000000 ) ) ;
#7877 = EDGE_CURVE ( 'NONE', #2358, #2068, #2767, .T. ) ;
#7878 = PLANE ( 'NONE',  #3039 ) ;
#7879 = CARTESIAN_POINT ( 'NONE',  ( -2.199999999999999734, 0.6024999999999991473, -2.397499999999999964 ) ) ;
#7880 = DIRECTION ( 'NONE',  ( -0.01745240643728362268, -0.9998476951563911586, 0.000000000000000000 ) ) ;
#7881 = LINE ( 'NONE', #7968, #8817 ) ;
#7882 = VECTOR ( 'NONE', #1377, 1000.000000000000114 ) ;
#7883 = CARTESIAN_POINT ( 'NONE',  ( -2.489037635143886984, 0.5212853091033570196, -1.502499999999999947 ) ) ;
#7884 = ADVANCED_FACE ( 'NONE', ( #9080 ), #2717, .F. ) ;
#7885 = ADVANCED_FACE ( 'NONE', ( #3336 ), #8514, .F. ) ;
#7886 = CARTESIAN_POINT ( 'NONE',  ( 3.189885311307102622, 1.626303258728256651E-16, 1.502500000000000391 ) ) ;
#7887 = ORIENTED_EDGE ( 'NONE', *, *, #3273, .T. ) ;
#7888 = ORIENTED_EDGE ( 'NONE', *, *, #2802, .F. ) ;
#7889 = CARTESIAN_POINT ( 'NONE',  ( 2.489037635143886984, 0.5212853091033570196, -3.047499999999999876 ) ) ;
#7890 = ORIENTED_EDGE ( 'NONE', *, *, #4260, .F. ) ;
#7891 = ORIENTED_EDGE ( 'NONE', *, *, #2692, .F. ) ;
#7892 = CARTESIAN_POINT ( 'NONE',  ( -2.489037635143886984, 0.6024999999999990363, 0.8524999999999999245 ) ) ;
#7893 = CARTESIAN_POINT ( 'NONE',  ( -2.795514986850355044, 0.1729311347361582596, 0.4475000000000000089 ) ) ;
#7894 = VECTOR ( 'NONE', #3853, 1000.000000000000114 ) ;
#7895 = FACE_OUTER_BOUND ( 'NONE', #1294, .T. ) ;
#7896 = DIRECTION ( 'NONE',  ( -0.000000000000000000, -0.000000000000000000, -1.000000000000000000 ) ) ;
#7897 = CARTESIAN_POINT ( 'NONE',  ( 2.795514986850355044, 0.1729311347361582596, 2.397499999999999964 ) ) ;
#7898 = PRESENTATION_LAYER_ASSIGNMENT (  '', '', ( #5642 ) ) ;
#7899 = DIRECTION ( 'NONE',  ( 0.000000000000000000, -0.000000000000000000, -1.000000000000000000 ) ) ;
#7900 = EDGE_LOOP ( 'NONE', ( #1015, #1046, #3034, #2239 ) ) ;
#7901 = CARTESIAN_POINT ( 'NONE',  ( -3.189885311307102622, 1.626303258728256651E-16, -1.097499999999999920 ) ) ;
#7902 = VERTEX_POINT ( 'NONE', #2625 ) ;
#7903 = DIRECTION ( 'NONE',  ( 0.000000000000000000, 1.000000000000000000, 0.000000000000000000 ) ) ;
#7904 = PLANE ( 'NONE',  #2331 ) ;
#7905 = ORIENTED_EDGE ( 'NONE', *, *, #4887, .F. ) ;
#7906 = CARTESIAN_POINT ( 'NONE',  ( -2.199999999999999734, 0.7474999999999991651, 2.802499999999999325 ) ) ;
#7907 = ADVANCED_FACE ( 'NONE', ( #1970 ), #1227, .F. ) ;
#7908 = VECTOR ( 'NONE', #324, 1000.000000000000000 ) ;
#7909 = EDGE_LOOP ( 'NONE', ( #8586, #3004, #7596, #2744 ) ) ;
#7910 = DIRECTION ( 'NONE',  ( 1.000000000000000000, 0.000000000000000000, 0.000000000000000000 ) ) ;
#7911 = CARTESIAN_POINT ( 'NONE',  ( -2.199999999999999734, 0.6024999999999991473, 0.2024999999999999856 ) ) ;
#7912 = VECTOR ( 'NONE', #2707, 1000.000000000000000 ) ;
#7913 = FILL_AREA_STYLE_COLOUR ( '', #7752 ) ;
#7914 = CARTESIAN_POINT ( 'NONE',  ( 2.715217872447410752, 0.5252332998309695578, 1.747500000000000275 ) ) ;
#7915 = VERTEX_POINT ( 'NONE', #9103 ) ;
#7916 = EDGE_CURVE ( 'NONE', #8243, #9132, #4161, .T. ) ;
#7917 = DIRECTION ( 'NONE',  ( -0.000000000000000000, -0.000000000000000000, -1.000000000000000000 ) ) ;
#7918 = ORIENTED_EDGE ( 'NONE', *, *, #338, .T. ) ;
#7919 = LINE ( 'NONE', #8481, #8423 ) ;
#7920 = ORIENTED_EDGE ( 'NONE', *, *, #5121, .T. ) ;
#7921 = VECTOR ( 'NONE', #5434, 1000.000000000000000 ) ;
#7922 = DIRECTION ( 'NONE',  ( -0.000000000000000000, 1.000000000000000000, -0.000000000000000000 ) ) ;
#7923 = CARTESIAN_POINT ( 'NONE',  ( -2.489037635143886984, 0.5212853091033570196, 3.047499999999999432 ) ) ;
#7924 = CARTESIAN_POINT ( 'NONE',  ( 3.200000000000000622, 0.1446467872876746885, -2.152499999999999858 ) ) ;
#7925 = EDGE_CURVE ( 'NONE', #7513, #3790, #7784, .T. ) ;
#7926 = DIRECTION ( 'NONE',  ( -0.9975640502598241977, -0.06975647374412534407, 0.000000000000000000 ) ) ;
#7927 = AXIS2_PLACEMENT_3D ( 'NONE', #9143, #1898, #4962 ) ;
#7928 = CARTESIAN_POINT ( 'NONE',  ( -2.489037635143886984, 0.5212853091033570196, -1.502499999999999947 ) ) ;
#7929 = EDGE_CURVE ( 'NONE', #2358, #6102, #2740, .T. ) ;
#7930 = EDGE_CURVE ( 'NONE', #3366, #3838, #7035, .T. ) ;
#7931 = DIRECTION ( 'NONE',  ( -1.000000000000000000, 0.000000000000000000, 0.000000000000000000 ) ) ;
#7932 = VERTEX_POINT ( 'NONE', #3403 ) ;
#7933 = ORIENTED_EDGE ( 'NONE', *, *, #1454, .F. ) ;
#7934 = CARTESIAN_POINT ( 'NONE',  ( -2.199999999999999734, 0.7474999999999991651, 2.397499999999999964 ) ) ;
#7935 = ORIENTED_EDGE ( 'NONE', *, *, #4547, .F. ) ;
#7936 = ORIENTED_EDGE ( 'NONE', *, *, #1077, .F. ) ;
#7937 = CARTESIAN_POINT ( 'NONE',  ( 2.489037635143886984, 0.5212853091033570196, 1.502500000000000391 ) ) ;
#7938 = CARTESIAN_POINT ( 'NONE',  ( -2.570239956649733593, 0.5227027008975635436, 3.047499999999999432 ) ) ;
#7939 = EDGE_CURVE ( 'NONE', #6121, #8870, #5531, .T. ) ;
#7940 = EDGE_CURVE ( 'NONE', #4828, #8166, #9196, .T. ) ;
#7941 = PLANE ( 'NONE',  #3654 ) ;
#7942 = CARTESIAN_POINT ( 'NONE',  ( 3.200000000000000622, 0.1446467872876746885, -0.4475000000000000089 ) ) ;
#7943 = FACE_OUTER_BOUND ( 'NONE', #1926, .T. ) ;
#7944 = DIRECTION ( 'NONE',  ( -0.01745240643728362268, 0.9998476951563911586, 0.000000000000000000 ) ) ;
#7945 = ORIENTED_EDGE ( 'NONE', *, *, #7759, .T. ) ;
#7946 = DIRECTION ( 'NONE',  ( 0.000000000000000000, -0.000000000000000000, -1.000000000000000000 ) ) ;
#7947 = VERTEX_POINT ( 'NONE', #3503 ) ;
#7948 = EDGE_CURVE ( 'NONE', #5871, #1279, #4116, .T. ) ;
#7949 = CARTESIAN_POINT ( 'NONE',  ( 2.199999999999999734, 0.7474999999999991651, -1.747499999999999831 ) ) ;
#7950 = DIRECTION ( 'NONE',  ( 0.000000000000000000, -0.000000000000000000, -1.000000000000000000 ) ) ;
#7951 = EDGE_CURVE ( 'NONE', #5917, #8720, #4299, .T. ) ;
#7952 = VERTEX_POINT ( 'NONE', #8489 ) ;
#7953 = LINE ( 'NONE', #4424, #7254 ) ;
#7954 = ORIENTED_EDGE ( 'NONE', *, *, #2730, .T. ) ;
#7955 = PLANE ( 'NONE',  #939 ) ;
#7956 = DIRECTION ( 'NONE',  ( -0.06975647374412527468, -0.9975640502598243087, 0.000000000000000000 ) ) ;
#7957 = CARTESIAN_POINT ( 'NONE',  ( -2.801180237303523946, 0.2539479907276123161, 2.802499999999999325 ) ) ;
#7958 = ORIENTED_EDGE ( 'NONE', *, *, #2362, .T. ) ;
#7959 = AXIS2_PLACEMENT_3D ( 'NONE', #3287, #2720, #6358 ) ;
#7960 = CARTESIAN_POINT ( 'NONE',  ( 2.199999999999999734, 0.7474999999999991651, 0.4475000000000000089 ) ) ;
#7961 = ORIENTED_EDGE ( 'NONE', *, *, #4833, .F. ) ;
#7962 = ORIENTED_EDGE ( 'NONE', *, *, #4017, .T. ) ;
#7963 = CARTESIAN_POINT ( 'NONE',  ( 2.785400298157456600, 0.02828434744848385904, 1.097499999999999920 ) ) ;
#7964 = AXIS2_PLACEMENT_3D ( 'NONE', #1805, #8822, #1760 ) ;
#7965 = EDGE_CURVE ( 'NONE', #6370, #4391, #266, .T. ) ;
#7966 = CARTESIAN_POINT ( 'NONE',  ( -2.199999999999999734, 0.7474999999999991651, 0.8524999999999999245 ) ) ;
#7967 = VECTOR ( 'NONE', #2947, 1000.000000000000000 ) ;
#7968 = CARTESIAN_POINT ( 'NONE',  ( 2.785400298157456600, 0.02828434744848385904, 2.397499999999999964 ) ) ;
#7969 = CARTESIAN_POINT ( 'NONE',  ( 2.801180237303523946, 0.2539479907276123161, 2.152499999999999858 ) ) ;
#7970 = FILL_AREA_STYLE_COLOUR ( '', #1372 ) ;
#7971 = ORIENTED_EDGE ( 'NONE', *, *, #3612, .F. ) ;
#7972 = ORIENTED_EDGE ( 'NONE', *, *, #1316, .F. ) ;
#7973 = AXIS2_PLACEMENT_3D ( 'NONE', #8197, #8853, #8242 ) ;
#7974 = LINE ( 'NONE', #4313, #7671 ) ;
#7975 = ORIENTED_EDGE ( 'NONE', *, *, #6542, .T. ) ;
#7976 = CIRCLE ( 'NONE', #1067, 0.2262146908966421732 ) ;
#7977 = EDGE_LOOP ( 'NONE', ( #3257, #8399, #3124, #6879 ) ) ;
#7978 = DIRECTION ( 'NONE',  ( -0.000000000000000000, -0.000000000000000000, -1.000000000000000000 ) ) ;
#7979 = VECTOR ( 'NONE', #73, 1000.000000000000000 ) ;
#7980 = DIRECTION ( 'NONE',  ( 0.000000000000000000, 0.000000000000000000, 1.000000000000000000 ) ) ;
#7981 = ADVANCED_FACE ( 'NONE', ( #4208 ), #5674, .F. ) ;
#7982 = DIRECTION ( 'NONE',  ( 0.000000000000000000, 0.000000000000000000, 1.000000000000000000 ) ) ;
#7983 = ADVANCED_FACE ( 'NONE', ( #4918 ), #6235, .T. ) ;
#7984 = AXIS2_PLACEMENT_3D ( 'NONE', #6371, #5708, #944 ) ;
#7985 = DIRECTION ( 'NONE',  ( 0.000000000000000000, -0.000000000000000000, -1.000000000000000000 ) ) ;
#7986 = EDGE_CURVE ( 'NONE', #8956, #901, #8392, .T. ) ;
#7987 = DIRECTION ( 'NONE',  ( -1.000000000000000000, 0.000000000000000000, 0.000000000000000000 ) ) ;
#7988 = ORIENTED_EDGE ( 'NONE', *, *, #4293, .F. ) ;
#7989 = CARTESIAN_POINT ( 'NONE',  ( 3.200000000000000622, 0.1446467872876746885, 3.047499999999999432 ) ) ;
#7990 = VERTEX_POINT ( 'NONE', #6379 ) ;
#7991 = VECTOR ( 'NONE', #4891, 1000.000000000000000 ) ;
#7992 = LINE ( 'NONE', #5694, #7283 ) ;
#7993 = VECTOR ( 'NONE', #2588, 1000.000000000000114 ) ;
#7994 = VECTOR ( 'NONE', #5834, 1000.000000000000000 ) ;
#7995 = DIRECTION ( 'NONE',  ( -1.000000000000000000, 0.000000000000000000, 0.000000000000000000 ) ) ;
#7996 = CIRCLE ( 'NONE', #795, 0.08121469089664200280 ) ;
#7997 = ORIENTED_EDGE ( 'NONE', *, *, #8843, .T. ) ;
#7998 = ADVANCED_FACE ( 'NONE', ( #8535 ), #6284, .F. ) ;
#7999 = DIRECTION ( 'NONE',  ( -0.000000000000000000, -0.000000000000000000, -1.000000000000000000 ) ) ;
#8000 = EDGE_CURVE ( 'NONE', #3635, #9276, #6275, .T. ) ;
#8001 = VECTOR ( 'NONE', #923, 1000.000000000000000 ) ;
#8002 = COLOUR_RGB ( '',1.000000000000000000, 1.000000000000000000, 1.000000000000000000 ) ;
#8003 = DIRECTION ( 'NONE',  ( -0.000000000000000000, -0.000000000000000000, -1.000000000000000000 ) ) ;
#8004 = DIRECTION ( 'NONE',  ( 0.000000000000000000, -0.000000000000000000, -1.000000000000000000 ) ) ;
#8005 = CARTESIAN_POINT ( 'NONE',  ( -2.570239956649733593, 0.5227027008975635436, -1.747499999999999831 ) ) ;
#8006 = AXIS2_PLACEMENT_3D ( 'NONE', #6376, #4958, #7643 ) ;
#8007 = ORIENTED_EDGE ( 'NONE', *, *, #862, .F. ) ;
#8008 =( LENGTH_UNIT ( ) NAMED_UNIT ( * ) SI_UNIT ( .MILLI., .METRE. ) );
#8009 = ORIENTED_EDGE ( 'NONE', *, *, #8616, .F. ) ;
#8010 = VERTEX_POINT ( 'NONE', #6422 ) ;
#8011 = CYLINDRICAL_SURFACE ( 'NONE', #3499, 0.2262146908966421732 ) ;
#8012 = AXIS2_PLACEMENT_3D ( 'NONE', #5110, #8027, #7982 ) ;
#8013 = DIRECTION ( 'NONE',  ( 0.000000000000000000, 0.000000000000000000, 1.000000000000000000 ) ) ;
#8014 = CARTESIAN_POINT ( 'NONE',  ( 3.200000000000000622, 0.1446467872876746885, 1.097499999999999920 ) ) ;
#8015 = CARTESIAN_POINT ( 'NONE',  ( -2.795514986850355044, 0.1729311347361582596, 3.047499999999999432 ) ) ;
#8016 = DIRECTION ( 'NONE',  ( 0.000000000000000000, -0.000000000000000000, -1.000000000000000000 ) ) ;
#8017 = CARTESIAN_POINT ( 'NONE',  ( 3.200000000000000622, 0.1446467872876746885, 1.502500000000000391 ) ) ;
#8018 = ORIENTED_EDGE ( 'NONE', *, *, #270, .F. ) ;
#8019 = VECTOR ( 'NONE', #1757, 1000.000000000000000 ) ;
#8020 = EDGE_LOOP ( 'NONE', ( #1629, #8684, #8477, #5630 ) ) ;
#8021 = DIRECTION ( 'NONE',  ( 0.9998476951563912696, -0.01745240643728044813, 0.000000000000000000 ) ) ;
#8022 = EDGE_CURVE ( 'NONE', #247, #5398, #1941, .T. ) ;
#8023 = VERTEX_POINT ( 'NONE', #4822 ) ;
#8024 = ORIENTED_EDGE ( 'NONE', *, *, #1889, .T. ) ;
#8025 = CARTESIAN_POINT ( 'NONE',  ( -2.489037635143886984, 0.6024999999999990363, 2.802499999999999325 ) ) ;
#8026 = CARTESIAN_POINT ( 'NONE',  ( -2.575000000000001066, 0.2499999999999996669, -1.097499999999999920 ) ) ;
#8027 = DIRECTION ( 'NONE',  ( 0.000000000000000000, 1.000000000000000000, 0.000000000000000000 ) ) ;
#8028 = AXIS2_PLACEMENT_3D ( 'NONE', #99, #2960, #6452 ) ;
#8029 = DIRECTION ( 'NONE',  ( 0.000000000000000000, 1.000000000000000000, 0.000000000000000000 ) ) ;
#8030 = CARTESIAN_POINT ( 'NONE',  ( 2.489037635143886984, 0.5212853091033570196, -1.097499999999999920 ) ) ;
#8031 = VERTEX_POINT ( 'NONE', #2689 ) ;
#8032 = CARTESIAN_POINT ( 'NONE',  ( 2.795514986850355044, 0.1729311347361582596, 2.152499999999999858 ) ) ;
#8033 = EDGE_CURVE ( 'NONE', #5490, #3648, #7152, .T. ) ;
#8034 = ORIENTED_EDGE ( 'NONE', *, *, #4308, .T. ) ;
#8035 = AXIS2_PLACEMENT_3D ( 'NONE', #4420, #9271, #5741 ) ;
#8036 = DIRECTION ( 'NONE',  ( -1.000000000000000000, 0.000000000000000000, 0.000000000000000000 ) ) ;
#8037 = VERTEX_POINT ( 'NONE', #5575 ) ;
#8038 = DIRECTION ( 'NONE',  ( -1.000000000000000000, 0.000000000000000000, 0.000000000000000000 ) ) ;
#8039 = PLANE ( 'NONE',  #4606 ) ;
#8040 = ORIENTED_EDGE ( 'NONE', *, *, #2801, .T. ) ;
#8041 = PLANE ( 'NONE',  #3186 ) ;
#8042 = EDGE_CURVE ( 'NONE', #2826, #2505, #7603, .T. ) ;
#8043 = AXIS2_PLACEMENT_3D ( 'NONE', #5469, #1185, #631 ) ;
#8044 = LINE ( 'NONE', #5977, #3789 ) ;
#8045 = EDGE_CURVE ( 'NONE', #4185, #7990, #8796, .T. ) ;
#8046 = EDGE_CURVE ( 'NONE', #6507, #7303, #912, .T. ) ;
#8047 = CARTESIAN_POINT ( 'NONE',  ( -2.489037635143886984, 0.7474999999999992761, 0.2024999999999999856 ) ) ;
#8048 = CIRCLE ( 'NONE', #8200, 0.08121469089664200280 ) ;
#8049 = EDGE_LOOP ( 'NONE', ( #2891, #5519, #5414, #8907 ) ) ;
#8050 = DIRECTION ( 'NONE',  ( -1.000000000000000000, 3.751076125244977118E-16, 0.000000000000000000 ) ) ;
#8051 = ORIENTED_EDGE ( 'NONE', *, *, #5717, .F. ) ;
#8052 = ORIENTED_EDGE ( 'NONE', *, *, #2508, .F. ) ;
#8053 = CARTESIAN_POINT ( 'NONE',  ( -2.199999999999999734, 0.6024999999999991473, -0.2024999999999999856 ) ) ;
#8054 = CARTESIAN_POINT ( 'NONE',  ( -2.489037635143886984, 0.7474999999999992761, 3.047499999999999432 ) ) ;
#8055 = CIRCLE ( 'NONE', #5668, 0.08121469089664243302 ) ;
#8056 = DIRECTION ( 'NONE',  ( -0.000000000000000000, -0.000000000000000000, -1.000000000000000000 ) ) ;
#8057 = SURFACE_STYLE_FILL_AREA ( #2350 ) ;
#8058 = DIRECTION ( 'NONE',  ( -0.000000000000000000, -0.000000000000000000, -1.000000000000000000 ) ) ;
#8059 = CARTESIAN_POINT ( 'NONE',  ( -2.199999999999999734, 0.7474999999999991651, -2.397499999999999964 ) ) ;
#8060 = DIRECTION ( 'NONE',  ( -0.01745240643728044813, 0.9998476951563912696, 0.000000000000000000 ) ) ;
#8061 = ORIENTED_EDGE ( 'NONE', *, *, #2456, .T. ) ;
#8062 = AXIS2_PLACEMENT_3D ( 'NONE', #2600, #7741, #1201 ) ;
#8063 = ORIENTED_EDGE ( 'NONE', *, *, #5215, .F. ) ;
#8064 = DIRECTION ( 'NONE',  ( -0.000000000000000000, 1.000000000000000000, -0.000000000000000000 ) ) ;
#8065 = ORIENTED_EDGE ( 'NONE', *, *, #2005, .F. ) ;
#8066 = VERTEX_POINT ( 'NONE', #1612 ) ;
#8067 = DIRECTION ( 'NONE',  ( -0.000000000000000000, 0.000000000000000000, -1.000000000000000000 ) ) ;
#8068 = FACE_OUTER_BOUND ( 'NONE', #2057, .T. ) ;
#8069 = CARTESIAN_POINT ( 'NONE',  ( -2.785400298157456600, 0.02828434744848385904, 3.047499999999999432 ) ) ;
#8070 = VECTOR ( 'NONE', #3358, 1000.000000000000000 ) ;
#8071 = EDGE_CURVE ( 'NONE', #7902, #7154, #2309, .T. ) ;
#8072 = FACE_OUTER_BOUND ( 'NONE', #6427, .T. ) ;
#8073 = CARTESIAN_POINT ( 'NONE',  ( -2.489037635143886984, 0.7474999999999992761, 1.097499999999999920 ) ) ;
#8074 = ORIENTED_EDGE ( 'NONE', *, *, #7022, .T. ) ;
#8075 = CARTESIAN_POINT ( 'NONE',  ( 2.489037635143886984, 0.7474999999999992761, 0.4475000000000000089 ) ) ;
#8076 = VERTEX_POINT ( 'NONE', #825 ) ;
#8077 = CARTESIAN_POINT ( 'NONE',  ( 2.795514986850355044, 0.1729311347361582596, 3.047499999999999432 ) ) ;
#8078 = ORIENTED_EDGE ( 'NONE', *, *, #2233, .F. ) ;
#8079 = EDGE_CURVE ( 'NONE', #7465, #9205, #4442, .T. ) ;
#8080 = PLANE ( 'NONE',  #232 ) ;
#8081 = CYLINDRICAL_SURFACE ( 'NONE', #9106, 0.2262146908966421732 ) ;
#8082 = ORIENTED_EDGE ( 'NONE', *, *, #2869, .T. ) ;
#8083 = CARTESIAN_POINT ( 'NONE',  ( -3.200000000000000622, 0.1446467872876746885, 3.047499999999999432 ) ) ;
#8084 = PLANE ( 'NONE',  #8576 ) ;
#8085 = ADVANCED_FACE ( 'NONE', ( #5847 ), #5192, .F. ) ;
#8086 = EDGE_CURVE ( 'NONE', #6827, #1594, #4397, .T. ) ;
#8087 = CARTESIAN_POINT ( 'NONE',  ( 2.489037635143886984, 0.5212853091033570196, 0.4475000000000000089 ) ) ;
#8088 = CARTESIAN_POINT ( 'NONE',  ( 2.199999999999999734, 0.7474999999999991651, -1.097499999999999920 ) ) ;
#8089 = ORIENTED_EDGE ( 'NONE', *, *, #7715, .T. ) ;
#8090 = CARTESIAN_POINT ( 'NONE',  ( 2.199999999999999734, 0.7474999999999991651, 1.747500000000000275 ) ) ;
#8091 = ORIENTED_EDGE ( 'NONE', *, *, #1031, .T. ) ;
#8092 = ADVANCED_FACE ( 'NONE', ( #7212 ), #5016, .F. ) ;
#8093 = DIRECTION ( 'NONE',  ( 1.000000000000000000, 0.000000000000000000, 0.000000000000000000 ) ) ;
#8094 = LINE ( 'NONE', #6733, #9211 ) ;
#8095 = CARTESIAN_POINT ( 'NONE',  ( 2.199999999999999734, 0.6024999999999991473, 1.097499999999999920 ) ) ;
#8096 = DIRECTION ( 'NONE',  ( 0.01745240643728362268, -0.9998476951563911586, 0.000000000000000000 ) ) ;
#8097 = AXIS2_PLACEMENT_3D ( 'NONE', #2482, #900, #2528 ) ;
#8099 = DIRECTION ( 'NONE',  ( -0.000000000000000000, 0.000000000000000000, 1.000000000000000000 ) ) ;
#8098 = VECTOR ( 'NONE', #3819, 1000.000000000000000 ) ;
#8100 = ORIENTED_EDGE ( 'NONE', *, *, #4546, .T. ) ;
#8101 = FACE_OUTER_BOUND ( 'NONE', #205, .T. ) ;
#8102 = ORIENTED_EDGE ( 'NONE', *, *, #3137, .T. ) ;
#8103 = ORIENTED_EDGE ( 'NONE', *, *, #5270, .F. ) ;
#8104 = EDGE_CURVE ( 'NONE', #272, #89, #782, .T. ) ;
#8105 = CARTESIAN_POINT ( 'NONE',  ( -2.715217872447410752, 0.5252332998309695578, -3.047499999999999876 ) ) ;
#8106 = ORIENTED_EDGE ( 'NONE', *, *, #7856, .F. ) ;
#8107 = EDGE_LOOP ( 'NONE', ( #6251, #745, #3341, #6110 ) ) ;
#8108 = DIRECTION ( 'NONE',  ( 0.000000000000000000, -0.000000000000000000, -1.000000000000000000 ) ) ;
#8109 = AXIS2_PLACEMENT_3D ( 'NONE', #6814, #378, #6111 ) ;
#8110 = DIRECTION ( 'NONE',  ( -0.9975640502598241977, 0.06975647374412534407, 0.000000000000000000 ) ) ;
#8111 = ADVANCED_FACE ( 'NONE', ( #70 ), #8761, .F. ) ;
#8112 = DIRECTION ( 'NONE',  ( 0.01745240643728044813, -0.9998476951563912696, 0.000000000000000000 ) ) ;
#8113 = DIRECTION ( 'NONE',  ( 0.000000000000000000, -0.000000000000000000, -1.000000000000000000 ) ) ;
#8114 = VECTOR ( 'NONE', #7132, 1000.000000000000114 ) ;
#8115 = CARTESIAN_POINT ( 'NONE',  ( -2.719977915797677337, 0.2525305989334057921, 2.152499999999999858 ) ) ;
#8116 = VECTOR ( 'NONE', #8820, 1000.000000000000000 ) ;
#8117 = EDGE_LOOP ( 'NONE', ( #5117, #106, #1309, #3267 ) ) ;
#8118 = DIRECTION ( 'NONE',  ( 0.000000000000000000, -0.000000000000000000, -1.000000000000000000 ) ) ;
#8119 = ORIENTED_EDGE ( 'NONE', *, *, #4496, .F. ) ;
#8120 = ORIENTED_EDGE ( 'NONE', *, *, #5121, .F. ) ;
#8121 = DIRECTION ( 'NONE',  ( 0.000000000000000000, -0.000000000000000000, -1.000000000000000000 ) ) ;
#8122 = ORIENTED_EDGE ( 'NONE', *, *, #9195, .T. ) ;
#8123 = AXIS2_PLACEMENT_3D ( 'NONE', #8386, #1890, #7638 ) ;
#8124 = STYLED_ITEM ( 'NONE', ( #952 ), #221 ) ;
#8125 = CARTESIAN_POINT ( 'NONE',  ( 2.801180237303523946, 0.2539479907276123161, 1.097499999999999920 ) ) ;
#8126 = ORIENTED_EDGE ( 'NONE', *, *, #5451, .T. ) ;
#8127 = CIRCLE ( 'NONE', #4834, 0.2262146908966421732 ) ;
#8128 = CARTESIAN_POINT ( 'NONE',  ( -2.715217872447410752, 0.5252332998309695578, -2.802499999999999769 ) ) ;
#8129 = DIRECTION ( 'NONE',  ( 1.000000000000000000, 0.000000000000000000, 0.000000000000000000 ) ) ;
#8130 = ADVANCED_FACE ( 'NONE', ( #2267 ), #5148, .F. ) ;
#8131 = CIRCLE ( 'NONE', #2722, 0.08121469089664200280 ) ;
#8132 = VECTOR ( 'NONE', #2644, 1000.000000000000000 ) ;
#8133 = CARTESIAN_POINT ( 'NONE',  ( -2.715217872447410752, 0.5252332998309695578, 0.4475000000000000089 ) ) ;
#8134 = DIRECTION ( 'NONE',  ( -0.06975647374412535795, 0.9975640502598243087, 0.000000000000000000 ) ) ;
#8135 = ORIENTED_EDGE ( 'NONE', *, *, #9027, .T. ) ;
#8136 = FACE_OUTER_BOUND ( 'NONE', #8808, .T. ) ;
#8137 = ORIENTED_EDGE ( 'NONE', *, *, #1979, .F. ) ;
#8138 = MECHANICAL_DESIGN_GEOMETRIC_PRESENTATION_REPRESENTATION (  '', ( #2574 ), #6797 ) ;
#8139 = ADVANCED_FACE ( 'NONE', ( #1481 ), #6646, .T. ) ;
#8140 = CYLINDRICAL_SURFACE ( 'NONE', #7232, 0.08121469089664243302 ) ;
#8141 = CARTESIAN_POINT ( 'NONE',  ( 2.801180237303523946, 0.2539479907276123161, -2.802499999999999769 ) ) ;
#8142 = DIRECTION ( 'NONE',  ( -1.000000000000000000, -0.000000000000000000, 1.971276677246372505E-16 ) ) ;
#8143 = VECTOR ( 'NONE', #2263, 1000.000000000000000 ) ;
#8144 = DIRECTION ( 'NONE',  ( 0.000000000000000000, 0.000000000000000000, 1.000000000000000000 ) ) ;
#8145 = LINE ( 'NONE', #1699, #7238 ) ;
#8146 = VERTEX_POINT ( 'NONE', #8678 ) ;
#8147 = CARTESIAN_POINT ( 'NONE',  ( -2.199999999999999734, 0.7474999999999991651, 1.097499999999999920 ) ) ;
#8148 = ORIENTED_EDGE ( 'NONE', *, *, #9203, .T. ) ;
#8149 = ORIENTED_EDGE ( 'NONE', *, *, #4471, .T. ) ;
#8150 = FACE_OUTER_BOUND ( 'NONE', #8344, .T. ) ;
#8151 = EDGE_CURVE ( 'NONE', #5567, #2068, #5100, .T. ) ;
#8152 = ORIENTED_EDGE ( 'NONE', *, *, #8384, .T. ) ;
#8153 = ORIENTED_EDGE ( 'NONE', *, *, #7401, .F. ) ;
#8154 = AXIS2_PLACEMENT_3D ( 'NONE', #5072, #1536, #4320 ) ;
#8155 = DIRECTION ( 'NONE',  ( 0.000000000000000000, 0.000000000000000000, 1.000000000000000000 ) ) ;
#8156 = DIRECTION ( 'NONE',  ( -0.000000000000000000, -0.000000000000000000, -1.000000000000000000 ) ) ;
#8157 = CARTESIAN_POINT ( 'NONE',  ( 2.795514986850355044, 0.1729311347361582596, -0.8524999999999999245 ) ) ;
#8158 = EDGE_CURVE ( 'NONE', #8968, #572, #8582, .T. ) ;
#8159 = EDGE_CURVE ( 'NONE', #2292, #7595, #7881, .T. ) ;
#8160 = AXIS2_PLACEMENT_3D ( 'NONE', #7751, #1311, #659 ) ;
#8161 = CARTESIAN_POINT ( 'NONE',  ( 2.715217872447410752, 0.5252332998309695578, -0.4475000000000000089 ) ) ;
#8162 =( NAMED_UNIT ( * ) SI_UNIT ( $, .STERADIAN. ) SOLID_ANGLE_UNIT ( ) );
#8163 = ORIENTED_EDGE ( 'NONE', *, *, #4141, .F. ) ;
#8164 = LINE ( 'NONE', #6004, #3459 ) ;
#8165 = VERTEX_POINT ( 'NONE', #869 ) ;
#8166 = VERTEX_POINT ( 'NONE', #153 ) ;
#8167 = CARTESIAN_POINT ( 'NONE',  ( 2.103818155844313864, 0.1500000000000007161, -3.249999999999992895 ) ) ;
#8168 = ORIENTED_EDGE ( 'NONE', *, *, #6040, .T. ) ;
#8169 = VECTOR ( 'NONE', #8112, 1000.000000000000000 ) ;
#8170 = CARTESIAN_POINT ( 'NONE',  ( -2.489037635143886984, 0.5212853091033570196, -0.4475000000000000089 ) ) ;
#8171 = DIRECTION ( 'NONE',  ( -0.000000000000000000, -0.000000000000000000, -1.000000000000000000 ) ) ;
#8172 = DIRECTION ( 'NONE',  ( -0.000000000000000000, -0.000000000000000000, -1.000000000000000000 ) ) ;
#8173 = DIRECTION ( 'NONE',  ( 0.06975647374412519142, -0.9975640502598243087, 0.000000000000000000 ) ) ;
#8174 = CIRCLE ( 'NONE', #5174, 0.08121469089664200280 ) ;
#8175 = ORIENTED_EDGE ( 'NONE', *, *, #1551, .F. ) ;
#8176 = DIRECTION ( 'NONE',  ( 0.9975640502598241977, -0.06975647374412534407, 0.000000000000000000 ) ) ;
#8177 = ORIENTED_EDGE ( 'NONE', *, *, #3438, .T. ) ;
#8178 = LINE ( 'NONE', #1731, #6478 ) ;
#8179 = AXIS2_PLACEMENT_3D ( 'NONE', #4794, #2666, #8412 ) ;
#8180 = DIRECTION ( 'NONE',  ( 0.01745240643728044813, -0.9998476951563912696, 0.000000000000000000 ) ) ;
#8181 =( NAMED_UNIT ( * ) SI_UNIT ( $, .STERADIAN. ) SOLID_ANGLE_UNIT ( ) );
#8182 = ADVANCED_FACE ( 'NONE', ( #3724 ), #2179, .T. ) ;
#8183 = VERTEX_POINT ( 'NONE', #1100 ) ;
#8184 = CARTESIAN_POINT ( 'NONE',  ( 2.199999999999999734, 0.7474999999999991651, 3.047499999999999432 ) ) ;
#8185 = VECTOR ( 'NONE', #6512, 1000.000000000000000 ) ;
#8186 = ORIENTED_EDGE ( 'NONE', *, *, #1630, .F. ) ;
#8187 = DIRECTION ( 'NONE',  ( 0.000000000000000000, -0.000000000000000000, -1.000000000000000000 ) ) ;
#8188 = DIRECTION ( 'NONE',  ( 1.000000000000000000, 0.000000000000000000, 0.000000000000000000 ) ) ;
#8189 = VECTOR ( 'NONE', #7113, 1000.000000000000000 ) ;
#8190 = CARTESIAN_POINT ( 'NONE',  ( 3.200000000000000622, 0.1446467872876746885, -0.2024999999999999856 ) ) ;
#8191 = EDGE_CURVE ( 'NONE', #3297, #49, #3105, .T. ) ;
#8192 = PLANE ( 'NONE',  #2877 ) ;
#8193 = EDGE_LOOP ( 'NONE', ( #5269, #4771, #5562, #2980, #655, #2355, #8551, #7390, #4200, #8074, #6729, #3809 ) ) ;
#8194 = SURFACE_SIDE_STYLE ('',( #6838 ) ) ;
#8195 = EDGE_LOOP ( 'NONE', ( #3977, #4262, #7971, #6373 ) ) ;
#8196 = VERTEX_POINT ( 'NONE', #1785 ) ;
#8197 = CARTESIAN_POINT ( 'NONE',  ( -2.801180237303523946, 0.2539479907276123161, -1.502499999999999947 ) ) ;
#8198 = ORIENTED_EDGE ( 'NONE', *, *, #5185, .F. ) ;
#8199 = ORIENTED_EDGE ( 'NONE', *, *, #3665, .T. ) ;
#8200 = AXIS2_PLACEMENT_3D ( 'NONE', #2423, #6810, #1632 ) ;
#8201 = CARTESIAN_POINT ( 'NONE',  ( -2.801180237303523946, 0.2539479907276123161, -1.502499999999999947 ) ) ;
#8202 = CARTESIAN_POINT ( 'NONE',  ( -3.200000000000000622, 0.1446467872876746885, 2.397499999999999964 ) ) ;
#8203 = ADVANCED_FACE ( 'NONE', ( #8848 ), #4578, .F. ) ;
#8204 = CARTESIAN_POINT ( 'NONE',  ( -2.199999999999999734, 0.7474999999999991651, -2.802499999999999769 ) ) ;
#8205 = EDGE_CURVE ( 'NONE', #2444, #656, #3151, .T. ) ;
#8206 = EDGE_CURVE ( 'NONE', #5021, #8589, #349, .T. ) ;
#8207 = VECTOR ( 'NONE', #520, 1000.000000000000227 ) ;
#8208 = DIRECTION ( 'NONE',  ( 0.9975640502598241977, 0.06975647374412526081, 0.000000000000000000 ) ) ;
#8209 = FILL_AREA_STYLE ('',( #5486 ) ) ;
#8210 = VERTEX_POINT ( 'NONE', #2441 ) ;
#8211 = DIRECTION ( 'NONE',  ( 0.000000000000000000, -0.000000000000000000, -1.000000000000000000 ) ) ;
#8212 = ORIENTED_EDGE ( 'NONE', *, *, #6872, .F. ) ;
#8213 = ORIENTED_EDGE ( 'NONE', *, *, #48, .F. ) ;
#8214 = CARTESIAN_POINT ( 'NONE',  ( -2.801180237303523946, 0.2539479907276123161, -3.047499999999999876 ) ) ;
#8215 = ADVANCED_FACE ( 'NONE', ( #4624 ), #3864, .F. ) ;
#8216 = ADVANCED_FACE ( 'NONE', ( #1653 ), #2535, .F. ) ;
#8217 = EDGE_CURVE ( 'NONE', #2444, #5737, #5325, .T. ) ;
#8218 = DIRECTION ( 'NONE',  ( -0.9975640502598243087, 0.06975647374412519142, 0.000000000000000000 ) ) ;
#8219 = DIRECTION ( 'NONE',  ( 1.000000000000000000, 0.000000000000000000, 0.000000000000000000 ) ) ;
#8220 = CYLINDRICAL_SURFACE ( 'NONE', #7822, 0.2262146908966421732 ) ;
#8221 = VERTEX_POINT ( 'NONE', #1838 ) ;
#8222 = CARTESIAN_POINT ( 'NONE',  ( 2.489037635143886984, 0.6024999999999990363, 0.2024999999999999856 ) ) ;
#8223 = VERTEX_POINT ( 'NONE', #5373 ) ;
#8224 = CARTESIAN_POINT ( 'NONE',  ( -2.199999999999999734, 0.7474999999999991651, 3.047499999999999432 ) ) ;
#8225 = EDGE_CURVE ( 'NONE', #9059, #6443, #7095, .T. ) ;
#8226 = ORIENTED_EDGE ( 'NONE', *, *, #2673, .T. ) ;
#8227 = PLANE ( 'NONE',  #8888 ) ;
#8228 = EDGE_CURVE ( 'NONE', #966, #8146, #6736, .T. ) ;
#8229 = DIRECTION ( 'NONE',  ( 1.000000000000000000, 0.000000000000000000, 0.000000000000000000 ) ) ;
#8230 = LINE ( 'NONE', #4486, #6864 ) ;
#8231 = ORIENTED_EDGE ( 'NONE', *, *, #8638, .T. ) ;
#8232 = FACE_OUTER_BOUND ( 'NONE', #4636, .T. ) ;
#8233 = ORIENTED_EDGE ( 'NONE', *, *, #838, .T. ) ;
#8234 = CARTESIAN_POINT ( 'NONE',  ( -3.200000000000000622, 0.1446467872876746885, 1.097499999999999920 ) ) ;
#8235 = CARTESIAN_POINT ( 'NONE',  ( -2.199999999999999734, 0.7474999999999991651, -2.397499999999999964 ) ) ;
#8236 = CARTESIAN_POINT ( 'NONE',  ( -2.801180237303523946, 0.2539479907276123161, -2.152499999999999858 ) ) ;
#8237 = CARTESIAN_POINT ( 'NONE',  ( 2.199999999999999734, 0.7474999999999991651, 0.2024999999999999856 ) ) ;
#8238 = EDGE_LOOP ( 'NONE', ( #1135, #3734, #6591, #5854, #8622, #8369, #2892, #3557, #4505, #449, #635, #3166 ) ) ;
#8239 = DIRECTION ( 'NONE',  ( -1.000000000000000000, 0.000000000000000000, 2.668805347656631116E-16 ) ) ;
#8240 = VERTEX_POINT ( 'NONE', #959 ) ;
#8241 = ORIENTED_EDGE ( 'NONE', *, *, #7925, .F. ) ;
#8242 = DIRECTION ( 'NONE',  ( -1.000000000000000000, 0.000000000000000000, 0.000000000000000000 ) ) ;
#8243 = VERTEX_POINT ( 'NONE', #8898 ) ;
#8244 = VERTEX_POINT ( 'NONE', #298 ) ;
#8245 = LINE ( 'NONE', #360, #6188 ) ;
#8246 = ADVANCED_FACE ( 'NONE', ( #7539 ), #8192, .F. ) ;
#8247 = FACE_OUTER_BOUND ( 'NONE', #2314, .T. ) ;
#8248 = MECHANICAL_DESIGN_GEOMETRIC_PRESENTATION_REPRESENTATION (  '', ( #4786 ), #908 ) ;
#8249 = DIRECTION ( 'NONE',  ( -0.000000000000000000, 0.000000000000000000, 1.000000000000000000 ) ) ;
#8250 = LINE ( 'NONE', #3405, #1011 ) ;
#8251 = CARTESIAN_POINT ( 'NONE',  ( -2.795514986850355044, 0.1729311347361582596, -2.802499999999999769 ) ) ;
#8252 = EDGE_LOOP ( 'NONE', ( #4211, #8385, #8233, #7147 ) ) ;
#8253 = VECTOR ( 'NONE', #5593, 1000.000000000000000 ) ;
#8254 = CARTESIAN_POINT ( 'NONE',  ( -2.575000000000001066, 0.2499999999999996669, 0.8524999999999999245 ) ) ;
#8255 = EDGE_LOOP ( 'NONE', ( #4712, #3383, #6638, #7636 ) ) ;
#8256 = ORIENTED_EDGE ( 'NONE', *, *, #65, .F. ) ;
#8257 = CARTESIAN_POINT ( 'NONE',  ( -2.489037635143886984, 0.5212853091033570196, -2.802499999999999769 ) ) ;
#8258 = EDGE_CURVE ( 'NONE', #7947, #7530, #181, .T. ) ;
#8259 = EDGE_CURVE ( 'NONE', #4560, #78, #4011, .T. ) ;
#8260 = CARTESIAN_POINT ( 'NONE',  ( 3.200000000000000622, 0.1446467872876746885, -2.152499999999999858 ) ) ;
#8261 = VECTOR ( 'NONE', #4876, 1000.000000000000114 ) ;
#8262 = CARTESIAN_POINT ( 'NONE',  ( -2.570239956649733593, 0.5227027008975635436, -1.502499999999999947 ) ) ;
#8263 = VECTOR ( 'NONE', #5589, 1000.000000000000000 ) ;
#8264 = DIRECTION ( 'NONE',  ( -0.01745240643728044813, 0.9998476951563912696, 0.000000000000000000 ) ) ;
#8265 = CARTESIAN_POINT ( 'NONE',  ( 2.785400298157456600, 0.02828434744848380353, 2.397499999999999964 ) ) ;
#8266 = ORIENTED_EDGE ( 'NONE', *, *, #7524, .F. ) ;
#8267 = CARTESIAN_POINT ( 'NONE',  ( 2.795514986850355044, 0.1729311347361582596, -1.502499999999999947 ) ) ;
#8268 = ORIENTED_EDGE ( 'NONE', *, *, #3374, .F. ) ;
#8269 = CARTESIAN_POINT ( 'NONE',  ( 2.801180237303523946, 0.2539479907276123161, 3.047499999999999432 ) ) ;
#8270 = VERTEX_POINT ( 'NONE', #1051 ) ;
#8271 = CIRCLE ( 'NONE', #1660, 0.08121469089664243302 ) ;
#8272 = EDGE_CURVE ( 'NONE', #341, #7064, #2351, .T. ) ;
#8273 = CIRCLE ( 'NONE', #6172, 0.08121469089664243302 ) ;
#8274 = CARTESIAN_POINT ( 'NONE',  ( -2.489037635143886984, 0.6024999999999990363, 1.747500000000000275 ) ) ;
#8275 = LINE ( 'NONE', #2620, #1865 ) ;
#8276 = ADVANCED_FACE ( 'NONE', ( #3816 ), #253, .T. ) ;
#8277 = CARTESIAN_POINT ( 'NONE',  ( -2.785400298157456600, 0.02828434744848380353, -0.2024999999999999856 ) ) ;
#8278 = VECTOR ( 'NONE', #7118, 1000.000000000000000 ) ;
#8279 = EDGE_CURVE ( 'NONE', #5901, #9276, #8145, .T. ) ;
#8280 = LINE ( 'NONE', #7266, #570 ) ;
#8281 = ORIENTED_EDGE ( 'NONE', *, *, #9173, .T. ) ;
#8282 = ORIENTED_EDGE ( 'NONE', *, *, #6958, .F. ) ;
#8283 = FACE_OUTER_BOUND ( 'NONE', #1561, .T. ) ;
#8284 = AXIS2_PLACEMENT_3D ( 'NONE', #6350, #7050, #6205 ) ;
#8285 = PLANE ( 'NONE',  #2304 ) ;
#8286 = PLANE ( 'NONE',  #8043 ) ;
#8287 = DIRECTION ( 'NONE',  ( 0.000000000000000000, 1.000000000000000000, 0.000000000000000000 ) ) ;
#8288 = VECTOR ( 'NONE', #7869, 1000.000000000000227 ) ;
#8289 = VECTOR ( 'NONE', #6169, 1000.000000000000114 ) ;
#8290 = ORIENTED_EDGE ( 'NONE', *, *, #7021, .T. ) ;
#8291 = AXIS2_PLACEMENT_3D ( 'NONE', #5070, #5820, #1531 ) ;
#8292 = VERTEX_POINT ( 'NONE', #2027 ) ;
#8293 = EDGE_LOOP ( 'NONE', ( #680, #4727, #7905, #9308 ) ) ;
#8294 = CARTESIAN_POINT ( 'NONE',  ( 2.489037635143886984, 0.5212853091033570196, 0.4475000000000000089 ) ) ;
#8295 = ORIENTED_EDGE ( 'NONE', *, *, #5811, .T. ) ;
#8296 = ORIENTED_EDGE ( 'NONE', *, *, #2918, .T. ) ;
#8297 = CARTESIAN_POINT ( 'NONE',  ( -2.801180237303523946, 0.2539479907276123161, -2.802499999999999769 ) ) ;
#8298 = CARTESIAN_POINT ( 'NONE',  ( -2.199999999999999734, 0.6024999999999991473, -1.097499999999999920 ) ) ;
#8299 = VECTOR ( 'NONE', #5405, 999.9999999999998863 ) ;
#8300 = DIRECTION ( 'NONE',  ( -1.000000000000000000, 0.000000000000000000, 0.000000000000000000 ) ) ;
#8301 = DIRECTION ( 'NONE',  ( 0.000000000000000000, 0.000000000000000000, 1.000000000000000000 ) ) ;
#8302 = EDGE_CURVE ( 'NONE', #419, #2653, #587, .T. ) ;
#8303 = CARTESIAN_POINT ( 'NONE',  ( -2.199999999999999734, 0.7474999999999991651, -3.047499999999999876 ) ) ;
#8304 = VECTOR ( 'NONE', #5290, 1000.000000000000000 ) ;
#8305 = VERTEX_POINT ( 'NONE', #9232 ) ;
#8306 = LINE ( 'NONE', #6895, #2998 ) ;
#8307 = ORIENTED_EDGE ( 'NONE', *, *, #554, .F. ) ;
#8308 = ORIENTED_EDGE ( 'NONE', *, *, #8042, .T. ) ;
#8309 = DIRECTION ( 'NONE',  ( -0.000000000000000000, -0.000000000000000000, -1.000000000000000000 ) ) ;
#8310 = DIRECTION ( 'NONE',  ( 0.06975647374412519142, -0.9975640502598243087, 0.000000000000000000 ) ) ;
#8311 = AXIS2_PLACEMENT_3D ( 'NONE', #6807, #8218, #1167 ) ;
#8312 = CYLINDRICAL_SURFACE ( 'NONE', #2467, 0.2262146908966421732 ) ;
#8313 = LINE ( 'NONE', #5447, #1459 ) ;
#8314 = EDGE_CURVE ( 'NONE', #8719, #2397, #4807, .T. ) ;
#8315 = LINE ( 'NONE', #2565, #3756 ) ;
#8316 = DIRECTION ( 'NONE',  ( -1.000000000000000000, 0.000000000000000000, 0.000000000000000000 ) ) ;
#8317 = UNCERTAINTY_MEASURE_WITH_UNIT (LENGTH_MEASURE( 1.000000000000000082E-05 ), #4013, 'distance_accuracy_value', 'NONE');
#8318 = ORIENTED_EDGE ( 'NONE', *, *, #8786, .F. ) ;
#8319 = VECTOR ( 'NONE', #7264, 1000.000000000000000 ) ;
#8320 = CARTESIAN_POINT ( 'NONE',  ( -2.489037635143886984, 0.5212853091033570196, 3.047499999999999432 ) ) ;
#8321 = ORIENTED_EDGE ( 'NONE', *, *, #8837, .F. ) ;
#8322 = DIRECTION ( 'NONE',  ( -0.000000000000000000, -0.000000000000000000, -1.000000000000000000 ) ) ;
#8323 = VECTOR ( 'NONE', #724, 1000.000000000000000 ) ;
#8324 = EDGE_CURVE ( 'NONE', #4460, #8010, #8131, .T. ) ;
#8325 = CARTESIAN_POINT ( 'NONE',  ( 2.489037635143886984, 0.6024999999999990363, -1.502499999999999947 ) ) ;
#8326 = ADVANCED_FACE ( 'NONE', ( #3484 ), #7682, .F. ) ;
#8327 = LINE ( 'NONE', #8059, #5823 ) ;
#8328 = ORIENTED_EDGE ( 'NONE', *, *, #1861, .T. ) ;
#8329 = CARTESIAN_POINT ( 'NONE',  ( 2.801180237303523946, 0.2539479907276123161, -0.8524999999999999245 ) ) ;
#8330 = ORIENTED_EDGE ( 'NONE', *, *, #1960, .F. ) ;
#8331 = VECTOR ( 'NONE', #7104, 1000.000000000000000 ) ;
#8332 = DIRECTION ( 'NONE',  ( 1.000000000000000000, 0.000000000000000000, 0.000000000000000000 ) ) ;
#8333 = EDGE_CURVE ( 'NONE', #7494, #3510, #4388, .T. ) ;
#8334 = EDGE_CURVE ( 'NONE', #3594, #4951, #1378, .T. ) ;
#8335 = LINE ( 'NONE', #4949, #4422 ) ;
#8336 = LINE ( 'NONE', #8381, #5048 ) ;
#8337 = FACE_OUTER_BOUND ( 'NONE', #872, .T. ) ;
#8338 = VECTOR ( 'NONE', #6784, 1000.000000000000000 ) ;
#8339 = ORIENTED_EDGE ( 'NONE', *, *, #4192, .F. ) ;
#8340 = SURFACE_STYLE_USAGE ( .BOTH. , #8194 ) ;
#8341 = DIRECTION ( 'NONE',  ( 1.000000000000000000, 0.000000000000000000, 0.000000000000000000 ) ) ;
#8342 = VERTEX_POINT ( 'NONE', #7728 ) ;
#8343 = DIRECTION ( 'NONE',  ( 1.000000000000000000, 0.000000000000000000, -0.000000000000000000 ) ) ;
#8344 = EDGE_LOOP ( 'NONE', ( #8122, #2777, #9147, #30 ) ) ;
#8345 = ORIENTED_EDGE ( 'NONE', *, *, #5697, .F. ) ;
#8346 = SURFACE_STYLE_USAGE ( .BOTH. , #3400 ) ;
#8347 = DIRECTION ( 'NONE',  ( -0.000000000000000000, -0.000000000000000000, -1.000000000000000000 ) ) ;
#8348 = AXIS2_PLACEMENT_3D ( 'NONE', #7480, #8987, #5222 ) ;
#8349 = DIRECTION ( 'NONE',  ( -0.000000000000000000, -0.000000000000000000, -1.000000000000000000 ) ) ;
#8350 = DIRECTION ( 'NONE',  ( 0.000000000000000000, -0.000000000000000000, -1.000000000000000000 ) ) ;
#8351 = DIRECTION ( 'NONE',  ( 0.06975647374412535795, 0.9975640502598243087, 0.000000000000000000 ) ) ;
#8352 = DIRECTION ( 'NONE',  ( 0.01745240643728362268, 0.9998476951563911586, -0.000000000000000000 ) ) ;
#8353 = VECTOR ( 'NONE', #7081, 1000.000000000000000 ) ;
#8354 = VECTOR ( 'NONE', #7809, 1000.000000000000000 ) ;
#8355 = ORIENTED_EDGE ( 'NONE', *, *, #336, .T. ) ;
#8356 = PLANE ( 'NONE',  #1064 ) ;
#8357 = ORIENTED_EDGE ( 'NONE', *, *, #1210, .F. ) ;
#8358 = ORIENTED_EDGE ( 'NONE', *, *, #2326, .F. ) ;
#8359 = CYLINDRICAL_SURFACE ( 'NONE', #3938, 0.2262146908966421732 ) ;
#8360 = EDGE_CURVE ( 'NONE', #14, #4735, #6878, .T. ) ;
#8361 = LINE ( 'NONE', #2510, #5771 ) ;
#8362 = VECTOR ( 'NONE', #1580, 1000.000000000000000 ) ;
#8363 = CARTESIAN_POINT ( 'NONE',  ( 2.570239956649733593, 0.5227027008975635436, 0.8524999999999999245 ) ) ;
#8364 = DIRECTION ( 'NONE',  ( 1.000000000000000000, 0.000000000000000000, 0.000000000000000000 ) ) ;
#8365 = CARTESIAN_POINT ( 'NONE',  ( 2.199999999999998845, 0.7474999999999991651, -3.249999999999992895 ) ) ;
#8366 = CARTESIAN_POINT ( 'NONE',  ( -2.801180237303523946, 0.2539479907276123161, -0.2024999999999999856 ) ) ;
#8367 = AXIS2_PLACEMENT_3D ( 'NONE', #1344, #8634, #1525 ) ;
#8368 = DIRECTION ( 'NONE',  ( -0.000000000000000000, 1.000000000000000000, -0.000000000000000000 ) ) ;
#8369 = ORIENTED_EDGE ( 'NONE', *, *, #9138, .T. ) ;
#8370 = EDGE_CURVE ( 'NONE', #5737, #2274, #3026, .T. ) ;
#8371 = CARTESIAN_POINT ( 'NONE',  ( 2.199999999999999734, 0.6024999999999991473, 2.802499999999999325 ) ) ;
#8372 = AXIS2_PLACEMENT_3D ( 'NONE', #4068, #647, #692 ) ;
#8373 = FACE_OUTER_BOUND ( 'NONE', #2662, .T. ) ;
#8374 = CARTESIAN_POINT ( 'NONE',  ( -2.489037635143886984, 0.7474999999999992761, 1.097499999999999920 ) ) ;
#8375 = VERTEX_POINT ( 'NONE', #2775 ) ;
#8376 = CARTESIAN_POINT ( 'NONE',  ( 2.801180237303523946, 0.2539479907276123161, 2.397499999999999964 ) ) ;
#8377 = ORIENTED_EDGE ( 'NONE', *, *, #7832, .F. ) ;
#8378 = DIRECTION ( 'NONE',  ( -0.01745240643728362268, -0.9998476951563911586, 0.000000000000000000 ) ) ;
#8379 = EDGE_CURVE ( 'NONE', #2102, #1718, #1237, .T. ) ;
#8380 = CARTESIAN_POINT ( 'NONE',  ( 2.489037635143886984, 0.5212853091033570196, -2.397499999999999964 ) ) ;
#8381 = CARTESIAN_POINT ( 'NONE',  ( -2.795514986850355044, 0.1729311347361582596, 2.397499999999999964 ) ) ;
#8382 = CARTESIAN_POINT ( 'NONE',  ( 2.199999999999999734, 0.7474999999999991651, -0.2024999999999999856 ) ) ;
#8383 = ORIENTED_EDGE ( 'NONE', *, *, #4194, .F. ) ;
#8384 = EDGE_CURVE ( 'NONE', #9160, #8851, #6317, .T. ) ;
#8385 = ORIENTED_EDGE ( 'NONE', *, *, #1330, .F. ) ;
#8386 = CARTESIAN_POINT ( 'NONE',  ( -1.653818155844315463, 1.100000000000000533, -2.703818155844308180 ) ) ;
#8387 = VERTEX_POINT ( 'NONE', #2676 ) ;
#8388 = EDGE_LOOP ( 'NONE', ( #3439, #7723, #7756, #5285 ) ) ;
#8389 = CARTESIAN_POINT ( 'NONE',  ( -2.199999999999999734, 0.6024999999999991473, 0.4475000000000000089 ) ) ;
#8390 = LINE ( 'NONE', #2597, #2145 ) ;
#8391 = PLANE ( 'NONE',  #2156 ) ;
#8392 = LINE ( 'NONE', #6941, #6721 ) ;
#8393 = CARTESIAN_POINT ( 'NONE',  ( -2.489037635143886984, 0.5212853091033570196, 1.747500000000000275 ) ) ;
#8394 = EDGE_CURVE ( 'NONE', #4143, #3269, #5662, .T. ) ;
#8395 = CARTESIAN_POINT ( 'NONE',  ( 0.000000000000000000, 0.1500000000000007161, 0.000000000000000000 ) ) ;
#8396 = ORIENTED_EDGE ( 'NONE', *, *, #2841, .F. ) ;
#8397 = CARTESIAN_POINT ( 'NONE',  ( 2.801180237303523946, 0.2539479907276123161, -0.2024999999999999856 ) ) ;
#8398 = ORIENTED_EDGE ( 'NONE', *, *, #4364, .F. ) ;
#8399 = ORIENTED_EDGE ( 'NONE', *, *, #1782, .F. ) ;
#8400 = CARTESIAN_POINT ( 'NONE',  ( 2.785400298157456600, 0.02828434744848385904, 2.397499999999999964 ) ) ;
#8401 = ADVANCED_FACE ( 'NONE', ( #8337 ), #6978, .T. ) ;
#8402 = DIRECTION ( 'NONE',  ( -1.000000000000000000, 0.000000000000000000, 0.000000000000000000 ) ) ;
#8403 = DIRECTION ( 'NONE',  ( -0.000000000000000000, 0.000000000000000000, 1.000000000000000000 ) ) ;
#8404 = CIRCLE ( 'NONE', #9313, 0.2262146908966421732 ) ;
#8405 = DIRECTION ( 'NONE',  ( 1.334402673828315558E-16, 0.000000000000000000, 1.000000000000000000 ) ) ;
#8406 = DIRECTION ( 'NONE',  ( 0.000000000000000000, -0.000000000000000000, -1.000000000000000000 ) ) ;
#8407 = ORIENTED_EDGE ( 'NONE', *, *, #6022, .F. ) ;
#8408 = CARTESIAN_POINT ( 'NONE',  ( -2.489037635143886984, 0.5212853091033570196, -1.097499999999999920 ) ) ;
#8409 = EDGE_LOOP ( 'NONE', ( #5296, #5819, #8482, #8798 ) ) ;
#8410 = VECTOR ( 'NONE', #4745, 1000.000000000000000 ) ;
#8411 = MECHANICAL_DESIGN_GEOMETRIC_PRESENTATION_REPRESENTATION (  '', ( #8570 ), #5732 ) ;
#8412 = DIRECTION ( 'NONE',  ( -1.000000000000000000, 0.000000000000000000, 0.000000000000000000 ) ) ;
#8413 = FACE_OUTER_BOUND ( 'NONE', #4055, .T. ) ;
#8414 = DIRECTION ( 'NONE',  ( -0.9998476951563912696, 0.01745240643728362614, 0.000000000000000000 ) ) ;
#8415 = ORIENTED_EDGE ( 'NONE', *, *, #5401, .T. ) ;
#8416 = CIRCLE ( 'NONE', #148, 0.08121469089664200280 ) ;
#8417 = EDGE_CURVE ( 'NONE', #2664, #6085, #4859, .T. ) ;
#8418 = CLOSED_SHELL ( 'NONE', ( #7456, #3902, #3828, #874, #1932, #3848, #4088, #2336, #3534, #1141, #1815, #3145, #3973, #7240 ) ) ;
#8419 = CARTESIAN_POINT ( 'NONE',  ( 2.575000000000001066, 0.2499999999999996669, -0.4475000000000000089 ) ) ;
#8420 = VECTOR ( 'NONE', #1439, 1000.000000000000000 ) ;
#8421 = ORIENTED_EDGE ( 'NONE', *, *, #973, .T. ) ;
#8422 = CARTESIAN_POINT ( 'NONE',  ( 2.715217872447410752, 0.5252332998309695578, 0.4475000000000000089 ) ) ;
#8423 = VECTOR ( 'NONE', #15, 1000.000000000000114 ) ;
#8424 = CARTESIAN_POINT ( 'NONE',  ( -2.715217872447410752, 0.5252332998309695578, 1.097499999999999920 ) ) ;
#8425 = CARTESIAN_POINT ( 'NONE',  ( -2.570239956649733593, 0.5227027008975635436, -2.802499999999999769 ) ) ;
#8426 = DIRECTION ( 'NONE',  ( -0.9975640502598243087, 0.06975647374412519142, 0.000000000000000000 ) ) ;
#8427 = VERTEX_POINT ( 'NONE', #540 ) ;
#8428 = EDGE_CURVE ( 'NONE', #4951, #8166, #7633, .T. ) ;
#8429 = PRESENTATION_STYLE_ASSIGNMENT (( #5705 ) ) ;
#8430 = CARTESIAN_POINT ( 'NONE',  ( -2.489037635143886984, 0.7474999999999992761, 0.4475000000000000089 ) ) ;
#8431 = ORIENTED_EDGE ( 'NONE', *, *, #5111, .T. ) ;
#8432 = AXIS2_PLACEMENT_3D ( 'NONE', #6754, #3794, #7507 ) ;
#8433 = LINE ( 'NONE', #1244, #5880 ) ;
#8434 = EDGE_LOOP ( 'NONE', ( #119, #5723, #2324, #964 ) ) ;
#8435 = EDGE_LOOP ( 'NONE', ( #6218, #6866, #5816, #556 ) ) ;
#8436 = CARTESIAN_POINT ( 'NONE',  ( -2.489037635143886984, 0.5212853091033570196, 1.097499999999999920 ) ) ;
#8437 = CARTESIAN_POINT ( 'NONE',  ( 2.199999999999999734, 0.7474999999999991651, -2.802499999999999769 ) ) ;
#8438 = DIRECTION ( 'NONE',  ( 0.000000000000000000, -0.000000000000000000, -1.000000000000000000 ) ) ;
#8439 = AXIS2_PLACEMENT_3D ( 'NONE', #6834, #8099, #8806 ) ;
#8440 = CIRCLE ( 'NONE', #3634, 0.08121469089664243302 ) ;
#8441 = DIRECTION ( 'NONE',  ( -0.000000000000000000, -0.000000000000000000, -1.000000000000000000 ) ) ;
#8442 = FACE_OUTER_BOUND ( 'NONE', #6168, .T. ) ;
#8443 = ADVANCED_FACE ( 'NONE', ( #1186 ), #1288, .T. ) ;
#8444 = DIRECTION ( 'NONE',  ( 0.000000000000000000, -1.000000000000000000, 0.000000000000000000 ) ) ;
#8445 = VERTEX_POINT ( 'NONE', #492 ) ;
#8446 = EDGE_LOOP ( 'NONE', ( #6564, #8459, #2092, #2411 ) ) ;
#8447 = CARTESIAN_POINT ( 'NONE',  ( 2.715217872447410752, 0.5252332998309695578, -0.2024999999999999856 ) ) ;
#8448 = VERTEX_POINT ( 'NONE', #3346 ) ;
#8449 = ORIENTED_EDGE ( 'NONE', *, *, #6837, .T. ) ;
#8450 = FACE_OUTER_BOUND ( 'NONE', #1973, .T. ) ;
#8451 = AXIS2_PLACEMENT_3D ( 'NONE', #9188, #5480, #502 ) ;
#8452 = EDGE_CURVE ( 'NONE', #5487, #2812, #1534, .T. ) ;
#8453 = EDGE_CURVE ( 'NONE', #3972, #3895, #6223, .T. ) ;
#8454 = CARTESIAN_POINT ( 'NONE',  ( -2.199999999999999734, 0.7474999999999991651, -0.8524999999999999245 ) ) ;
#8455 = AXIS2_PLACEMENT_3D ( 'NONE', #3668, #5927, #8700 ) ;
#8456 = DIRECTION ( 'NONE',  ( -1.000000000000000000, 0.000000000000000000, 0.000000000000000000 ) ) ;
#8457 = PLANE ( 'NONE',  #910 ) ;
#8458 = LINE ( 'NONE', #522, #4660 ) ;
#8459 = ORIENTED_EDGE ( 'NONE', *, *, #7750, .F. ) ;
#8460 = DIRECTION ( 'NONE',  ( 1.000000000000000000, 0.000000000000000000, 0.000000000000000000 ) ) ;
#8461 = VERTEX_POINT ( 'NONE', #990 ) ;
#8462 = VECTOR ( 'NONE', #2232, 1000.000000000000227 ) ;
#8463 = VECTOR ( 'NONE', #8173, 1000.000000000000000 ) ;
#8464 = CARTESIAN_POINT ( 'NONE',  ( 2.575000000000001066, 0.2499999999999996669, -1.747499999999999831 ) ) ;
#8465 = LINE ( 'NONE', #4896, #8354 ) ;
#8466 = CARTESIAN_POINT ( 'NONE',  ( -2.801180237303523946, 0.2539479907276123161, 3.047499999999999432 ) ) ;
#8467 = VECTOR ( 'NONE', #2833, 1000.000000000000000 ) ;
#8468 = ORIENTED_EDGE ( 'NONE', *, *, #5560, .T. ) ;
#8469 = DIRECTION ( 'NONE',  ( 1.000000000000000000, 0.000000000000000000, 0.000000000000000000 ) ) ;
#8470 = ORIENTED_EDGE ( 'NONE', *, *, #985, .T. ) ;
#8471 = DIRECTION ( 'NONE',  ( -1.000000000000000000, 0.000000000000000000, 0.000000000000000000 ) ) ;
#8472 = VECTOR ( 'NONE', #7023, 1000.000000000000114 ) ;
#8473 = EDGE_CURVE ( 'NONE', #9054, #9238, #5137, .T. ) ;
#8474 = LINE ( 'NONE', #9176, #371 ) ;
#8475 = SURFACE_SIDE_STYLE ('',( #3431 ) ) ;
#8476 = DIRECTION ( 'NONE',  ( 0.000000000000000000, 0.000000000000000000, 1.000000000000000000 ) ) ;
#8477 = ORIENTED_EDGE ( 'NONE', *, *, #3477, .T. ) ;
#8478 = LINE ( 'NONE', #4247, #8724 ) ;
#8479 = VECTOR ( 'NONE', #668, 1000.000000000000114 ) ;
#8480 = ORIENTED_EDGE ( 'NONE', *, *, #2326, .T. ) ;
#8481 = CARTESIAN_POINT ( 'NONE',  ( -2.785400298157456600, 0.02828434744848380353, -0.4475000000000000089 ) ) ;
#8482 = ORIENTED_EDGE ( 'NONE', *, *, #2807, .T. ) ;
#8483 = EDGE_LOOP ( 'NONE', ( #2474, #6130, #1295, #4124 ) ) ;
#8484 = FILL_AREA_STYLE ('',( #2543 ) ) ;
#8485 = CARTESIAN_POINT ( 'NONE',  ( -2.489037635143886984, 0.6024999999999990363, -2.802499999999999769 ) ) ;
#8486 = EDGE_CURVE ( 'NONE', #1558, #6053, #7160, .T. ) ;
#8487 = DIRECTION ( 'NONE',  ( -1.000000000000000000, 0.000000000000000000, 0.000000000000000000 ) ) ;
#8488 = AXIS2_PLACEMENT_3D ( 'NONE', #5922, #1631, #4507 ) ;
#8489 = CARTESIAN_POINT ( 'NONE',  ( -2.719977915797677337, 0.2525305989334057921, 2.397499999999999964 ) ) ;
#8490 = CARTESIAN_POINT ( 'NONE',  ( 2.715217872447410752, 0.5252332998309695578, 0.2024999999999999856 ) ) ;
#8491 = DIRECTION ( 'NONE',  ( 0.06975647374412519142, -0.9975640502598243087, 0.000000000000000000 ) ) ;
#8492 = ORIENTED_EDGE ( 'NONE', *, *, #4697, .T. ) ;
#8493 = VERTEX_POINT ( 'NONE', #5703 ) ;
#8494 = DIRECTION ( 'NONE',  ( 0.000000000000000000, -0.000000000000000000, -1.000000000000000000 ) ) ;
#8495 = ORIENTED_EDGE ( 'NONE', *, *, #627, .F. ) ;
#8496 = EDGE_LOOP ( 'NONE', ( #172, #5404, #4935, #4330 ) ) ;
#8497 = PRESENTATION_LAYER_ASSIGNMENT (  '', '', ( #4145 ) ) ;
#8498 = LINE ( 'NONE', #8544, #9194 ) ;
#8499 = EDGE_CURVE ( 'NONE', #9276, #343, #679, .T. ) ;
#8500 = EDGE_CURVE ( 'NONE', #3112, #6984, #3628, .T. ) ;
#8501 = EDGE_CURVE ( 'NONE', #4551, #1549, #3844, .T. ) ;
#8502 = PLANE ( 'NONE',  #1256 ) ;
#8503 = CIRCLE ( 'NONE', #9261, 0.2262146908966421732 ) ;
#8504 = DIRECTION ( 'NONE',  ( 1.971276677246372012E-16, -0.000000000000000000, 1.000000000000000000 ) ) ;
#8505 = CARTESIAN_POINT ( 'NONE',  ( -2.199999999999999734, 0.7474999999999991651, 1.502500000000000391 ) ) ;
#8506 = EDGE_CURVE ( 'NONE', #7438, #7870, #10, .T. ) ;
#8507 = LINE ( 'NONE', #2709, #2993 ) ;
#8508 = EDGE_LOOP ( 'NONE', ( #186, #7543, #7791, #3865 ) ) ;
#8509 = DIRECTION ( 'NONE',  ( 0.000000000000000000, 0.000000000000000000, 1.000000000000000000 ) ) ;
#8510 = ORIENTED_EDGE ( 'NONE', *, *, #4657, .F. ) ;
#8511 = AXIS2_PLACEMENT_3D ( 'NONE', #928, #6661, #4498 ) ;
#8512 = CARTESIAN_POINT ( 'NONE',  ( 2.785400298157456600, 0.02828434744848385904, -2.152499999999999858 ) ) ;
#8513 = DIRECTION ( 'NONE',  ( -0.9975640502598241977, 0.06975647374412534407, 0.000000000000000000 ) ) ;
#8515 = VECTOR ( 'NONE', #3016, 1000.000000000000227 ) ;
#8514 = PLANE ( 'NONE',  #1605 ) ;
#8516 = EDGE_LOOP ( 'NONE', ( #1069, #4030, #3281, #7234 ) ) ;
#8517 = EDGE_CURVE ( 'NONE', #2796, #3495, #3579, .T. ) ;
#8518 = DIRECTION ( 'NONE',  ( -0.000000000000000000, -0.000000000000000000, -1.000000000000000000 ) ) ;
#8519 = ORIENTED_EDGE ( 'NONE', *, *, #8671, .T. ) ;
#8520 = DIRECTION ( 'NONE',  ( 0.000000000000000000, 0.000000000000000000, 1.000000000000000000 ) ) ;
#8521 = ADVANCED_FACE ( 'NONE', ( #2874 ), #6411, .T. ) ;
#8522 = VECTOR ( 'NONE', #6074, 1000.000000000000000 ) ;
#8523 = CARTESIAN_POINT ( 'NONE',  ( -2.785400298157456600, 0.02828434744848380353, -1.747499999999999831 ) ) ;
#8524 = FILL_AREA_STYLE ('',( #5611 ) ) ;
#8525 = CARTESIAN_POINT ( 'NONE',  ( 3.200000000000000622, 0.1446467872876746885, -0.8524999999999999245 ) ) ;
#8526 = ORIENTED_EDGE ( 'NONE', *, *, #4656, .T. ) ;
#8527 = PRODUCT_CONTEXT ( 'NONE', #4, 'mechanical' ) ;
#8528 = ORIENTED_EDGE ( 'NONE', *, *, #3892, .T. ) ;
#8529 = CARTESIAN_POINT ( 'NONE',  ( -3.189885311307102622, 1.626303258728256651E-16, 1.502500000000000391 ) ) ;
#8530 = ORIENTED_EDGE ( 'NONE', *, *, #853, .F. ) ;
#8531 = CARTESIAN_POINT ( 'NONE',  ( 2.785400298157456600, 0.02828434744848380353, -0.8524999999999999245 ) ) ;
#8532 = CYLINDRICAL_SURFACE ( 'NONE', #1544, 0.2262146908966421732 ) ;
#8533 = DIRECTION ( 'NONE',  ( -1.000000000000000000, 0.000000000000000000, 0.000000000000000000 ) ) ;
#8534 = PLANE ( 'NONE',  #9090 ) ;
#8535 = FACE_OUTER_BOUND ( 'NONE', #3730, .T. ) ;
#8536 = DIRECTION ( 'NONE',  ( 1.000000000000000000, 0.000000000000000000, 0.000000000000000000 ) ) ;
#8537 = DIRECTION ( 'NONE',  ( -0.000000000000000000, -0.000000000000000000, -1.000000000000000000 ) ) ;
#8538 = VERTEX_POINT ( 'NONE', #6503 ) ;
#8539 = EDGE_LOOP ( 'NONE', ( #3985, #5320, #485, #2329 ) ) ;
#8540 = CARTESIAN_POINT ( 'NONE',  ( 2.570239956649733593, 0.5227027008975635436, 0.8524999999999999245 ) ) ;
#8541 = EDGE_CURVE ( 'NONE', #9139, #4648, #2962, .T. ) ;
#8542 = EDGE_LOOP ( 'NONE', ( #7533, #3474, #435, #7839 ) ) ;
#8543 = EDGE_LOOP ( 'NONE', ( #558, #3023, #3395, #6129 ) ) ;
#8544 = CARTESIAN_POINT ( 'NONE',  ( -2.199999999999999734, 0.7474999999999991651, 0.4475000000000000089 ) ) ;
#8545 = FILL_AREA_STYLE_COLOUR ( '', #7703 ) ;
#8546 = DIRECTION ( 'NONE',  ( 0.000000000000000000, 0.000000000000000000, 1.000000000000000000 ) ) ;
#8547 = DIRECTION ( 'NONE',  ( -0.000000000000000000, -0.000000000000000000, -1.000000000000000000 ) ) ;
#8548 = CARTESIAN_POINT ( 'NONE',  ( 3.200000000000000622, 0.1446467872876746885, -2.152499999999999858 ) ) ;
#8549 = CARTESIAN_POINT ( 'NONE',  ( -2.785400298157456600, 0.02828434744848380353, -0.2024999999999999856 ) ) ;
#8550 = EDGE_CURVE ( 'NONE', #6665, #1558, #1557, .T. ) ;
#8551 = ORIENTED_EDGE ( 'NONE', *, *, #3307, .T. ) ;
#8552 = EDGE_CURVE ( 'NONE', #7776, #4612, #7393, .T. ) ;
#8553 = CARTESIAN_POINT ( 'NONE',  ( -2.103818155844315640, 0.1500000000000007161, -3.153818155844307025 ) ) ;
#8554 = EDGE_LOOP ( 'NONE', ( #1846, #5818, #6190, #7962 ) ) ;
#8555 = PRESENTATION_LAYER_ASSIGNMENT (  '', '', ( #8124 ) ) ;
#8556 = DIRECTION ( 'NONE',  ( -0.2035585949527792815, -0.9576678948579724349, 0.2035585949527793370 ) ) ;
#8557 = CARTESIAN_POINT ( 'NONE',  ( 2.719977915797677337, 0.2525305989334057921, -3.047499999999999876 ) ) ;
#8558 = EDGE_LOOP ( 'NONE', ( #845, #1292, #7547, #2021 ) ) ;
#8559 = ADVANCED_FACE ( 'NONE', ( #4244 ), #6546, .F. ) ;
#8560 = DIRECTION ( 'NONE',  ( 1.000000000000000000, 0.000000000000000000, 0.000000000000000000 ) ) ;
#8561 = ORIENTED_EDGE ( 'NONE', *, *, #7279, .T. ) ;
#8562 = UNCERTAINTY_MEASURE_WITH_UNIT (LENGTH_MEASURE( 1.000000000000000082E-05 ), #736, 'distance_accuracy_value', 'NONE');
#8563 = CARTESIAN_POINT ( 'NONE',  ( -2.199999999999999734, 0.6024999999999991473, 3.249999999999996003 ) ) ;
#8564 = EDGE_CURVE ( 'NONE', #4639, #2843, #3535, .T. ) ;
#8565 = EDGE_CURVE ( 'NONE', #6337, #4923, #7201, .T. ) ;
#8566 = CARTESIAN_POINT ( 'NONE',  ( 2.719977915797677337, 0.2525305989334057921, 3.047499999999999432 ) ) ;
#8567 = VECTOR ( 'NONE', #5722, 1000.000000000000000 ) ;
#8568 = FACE_OUTER_BOUND ( 'NONE', #2734, .T. ) ;
#8569 = EDGE_LOOP ( 'NONE', ( #317, #1193, #6175, #8100, #1934, #7164, #1409, #3037, #3206, #6400, #5154, #6972 ) ) ;
#8570 = STYLED_ITEM ( 'NONE', ( #6893 ), #8979 ) ;
#8571 = PRESENTATION_STYLE_ASSIGNMENT (( #7301 ) ) ;
#8572 = ORIENTED_EDGE ( 'NONE', *, *, #6447, .T. ) ;
#8573 = FACE_OUTER_BOUND ( 'NONE', #2345, .T. ) ;
#8574 = VERTEX_POINT ( 'NONE', #2255 ) ;
#8575 = LINE ( 'NONE', #2125, #3641 ) ;
#8576 = AXIS2_PLACEMENT_3D ( 'NONE', #4511, #2829, #2033 ) ;
#8577 = CLOSED_SHELL ( 'NONE', ( #4617, #6392, #2612, #566, #333, #2295, #1656, #8092, #5833, #6266, #7516, #5786, #8401, #6078 ) ) ;
#8578 = CARTESIAN_POINT ( 'NONE',  ( -2.719977915797677337, 0.2525305989334057921, -0.8524999999999999245 ) ) ;
#8579 =( GEOMETRIC_REPRESENTATION_CONTEXT ( 3 ) GLOBAL_UNCERTAINTY_ASSIGNED_CONTEXT ( ( #7660 ) ) GLOBAL_UNIT_ASSIGNED_CONTEXT ( ( #8915, #3118, #365 ) ) REPRESENTATION_CONTEXT ( 'NONE', 'WORKASPACE' ) );
#8580 = CARTESIAN_POINT ( 'NONE',  ( -2.489037635143886984, 0.5212853091033570196, 2.397499999999999964 ) ) ;
#8581 = FACE_OUTER_BOUND ( 'NONE', #1904, .T. ) ;
#8582 = LINE ( 'NONE', #8015, #7623 ) ;
#8583 = FACE_OUTER_BOUND ( 'NONE', #5770, .T. ) ;
#8584 = VECTOR ( 'NONE', #6299, 1000.000000000000000 ) ;
#8585 = LINE ( 'NONE', #7838, #6173 ) ;
#8586 = ORIENTED_EDGE ( 'NONE', *, *, #8654, .F. ) ;
#8587 = ORIENTED_EDGE ( 'NONE', *, *, #6974, .T. ) ;
#8588 = CARTESIAN_POINT ( 'NONE',  ( 2.489037635143886984, 0.5212853091033570196, -2.802499999999999769 ) ) ;
#8589 = VERTEX_POINT ( 'NONE', #7114 ) ;
#8590 = VERTEX_POINT ( 'NONE', #102 ) ;
#8591 = FACE_OUTER_BOUND ( 'NONE', #8558, .T. ) ;
#8592 = FACE_OUTER_BOUND ( 'NONE', #5080, .T. ) ;
#8593 = CIRCLE ( 'NONE', #1233, 0.08121469089664200280 ) ;
#8594 = CARTESIAN_POINT ( 'NONE',  ( -2.199999999999999734, 0.7474999999999991651, 3.047499999999999432 ) ) ;
#8595 = ADVANCED_FACE ( 'NONE', ( #8568 ), #5134, .F. ) ;
#8596 = FACE_OUTER_BOUND ( 'NONE', #5476, .T. ) ;
#8597 = CARTESIAN_POINT ( 'NONE',  ( 2.785400298157456600, 0.02828434744848385904, -1.097499999999999920 ) ) ;
#8598 = VECTOR ( 'NONE', #2394, 1000.000000000000114 ) ;
#8599 = STYLED_ITEM ( 'NONE', ( #1339 ), #2751 ) ;
#8600 = LINE ( 'NONE', #5736, #2849 ) ;
#8601 = UNCERTAINTY_MEASURE_WITH_UNIT (LENGTH_MEASURE( 1.000000000000000082E-05 ), #6273, 'distance_accuracy_value', 'NONE');
#8602 = VERTEX_POINT ( 'NONE', #5798 ) ;
#8603 = CARTESIAN_POINT ( 'NONE',  ( -2.199999999999999734, 0.6024999999999991473, -0.8524999999999999245 ) ) ;
#8604 = ORIENTED_EDGE ( 'NONE', *, *, #7356, .T. ) ;
#8605 =( GEOMETRIC_REPRESENTATION_CONTEXT ( 3 ) GLOBAL_UNCERTAINTY_ASSIGNED_CONTEXT ( ( #3478 ) ) GLOBAL_UNIT_ASSIGNED_CONTEXT ( ( #3282, #3457, #4929 ) ) REPRESENTATION_CONTEXT ( 'NONE', 'WORKASPACE' ) );
#8606 = EDGE_CURVE ( 'NONE', #9140, #8183, #6488, .T. ) ;
#8607 = LINE ( 'NONE', #1366, #8331 ) ;
#8608 = CARTESIAN_POINT ( 'NONE',  ( 2.795514986850355044, 0.1729311347361582596, 1.747500000000000275 ) ) ;
#8609 = VERTEX_POINT ( 'NONE', #3674 ) ;
#8610 = CARTESIAN_POINT ( 'NONE',  ( -2.489037635143886984, 0.5212853091033570196, 3.047499999999999432 ) ) ;
#8611 = AXIS2_PLACEMENT_3D ( 'NONE', #549, #7738, #595 ) ;
#8612 = ORIENTED_EDGE ( 'NONE', *, *, #5216, .T. ) ;
#8613 = CARTESIAN_POINT ( 'NONE',  ( -2.570239956649733593, 0.5227027008975635436, -0.8524999999999999245 ) ) ;
#8614 = EDGE_CURVE ( 'NONE', #817, #4458, #7298, .T. ) ;
#8615 = EDGE_CURVE ( 'NONE', #5398, #6298, #6109, .T. ) ;
#8616 = EDGE_CURVE ( 'NONE', #131, #2292, #3887, .T. ) ;
#8617 = LINE ( 'NONE', #5884, #1564 ) ;
#8618 = PLANE ( 'NONE',  #6547 ) ;
#8619 = DIRECTION ( 'NONE',  ( -0.000000000000000000, -0.000000000000000000, -1.000000000000000000 ) ) ;
#8620 = ORIENTED_EDGE ( 'NONE', *, *, #4464, .F. ) ;
#8621 = FACE_OUTER_BOUND ( 'NONE', #1682, .T. ) ;
#8622 = ORIENTED_EDGE ( 'NONE', *, *, #3197, .T. ) ;
#8623 = EDGE_CURVE ( 'NONE', #3658, #3881, #4647, .T. ) ;
#8624 = CARTESIAN_POINT ( 'NONE',  ( 3.189885311307102622, 1.626303258728256651E-16, -1.097499999999999920 ) ) ;
#8625 = ADVANCED_FACE ( 'NONE', ( #5448 ), #8220, .T. ) ;
#8626 = ORIENTED_EDGE ( 'NONE', *, *, #1263, .F. ) ;
#8627 = VECTOR ( 'NONE', #6282, 1000.000000000000000 ) ;
#8628 = FACE_OUTER_BOUND ( 'NONE', #1892, .T. ) ;
#8629 = ADVANCED_FACE ( 'NONE', ( #6905 ), #1727, .T. ) ;
#8630 = DIRECTION ( 'NONE',  ( -1.000000000000000000, 0.000000000000000000, 0.000000000000000000 ) ) ;
#8631 = DIRECTION ( 'NONE',  ( -0.000000000000000000, -0.000000000000000000, -1.000000000000000000 ) ) ;
#8632 = DIRECTION ( 'NONE',  ( 0.000000000000000000, -1.000000000000000000, -0.000000000000000000 ) ) ;
#8633 = AXIS2_PLACEMENT_3D ( 'NONE', #5941, #2440, #2349 ) ;
#8634 = DIRECTION ( 'NONE',  ( -0.06975647374412527468, -0.9975640502598243087, 0.000000000000000000 ) ) ;
#8635 = PLANE ( 'NONE',  #773 ) ;
#8636 = VERTEX_POINT ( 'NONE', #6249 ) ;
#8637 = ORIENTED_EDGE ( 'NONE', *, *, #2108, .F. ) ;
#8638 = EDGE_CURVE ( 'NONE', #5989, #2302, #1170, .T. ) ;
#8639 = LINE ( 'NONE', #7934, #2105 ) ;
#8640 = ORIENTED_EDGE ( 'NONE', *, *, #6922, .F. ) ;
#8641 = ORIENTED_EDGE ( 'NONE', *, *, #628, .T. ) ;
#8642 = DIRECTION ( 'NONE',  ( -0.2035585949527792815, 0.9576678948579724349, 0.2035585949527793370 ) ) ;
#8643 = CARTESIAN_POINT ( 'NONE',  ( 2.199999999999999734, 0.7474999999999991651, 3.047499999999999432 ) ) ;
#8644 = AXIS2_PLACEMENT_3D ( 'NONE', #6117, #4473, #8793 ) ;
#8645 = ADVANCED_FACE ( 'NONE', ( #2514 ), #6063, .F. ) ;
#8646 = CARTESIAN_POINT ( 'NONE',  ( -2.785400298157456600, 0.02828434744848385904, 3.047499999999999432 ) ) ;
#8647 = DIRECTION ( 'NONE',  ( 1.000000000000000000, 0.000000000000000000, 0.000000000000000000 ) ) ;
#8648 = LINE ( 'NONE', #1624, #7967 ) ;
#8649 = VECTOR ( 'NONE', #6378, 1000.000000000000000 ) ;
#8650 = LINE ( 'NONE', #7327, #4052 ) ;
#8651 = ORIENTED_EDGE ( 'NONE', *, *, #7806, .F. ) ;
#8652 = LINE ( 'NONE', #2197, #9036 ) ;
#8653 = EDGE_LOOP ( 'NONE', ( #8753, #1737, #134, #2157 ) ) ;
#8654 = EDGE_CURVE ( 'NONE', #7634, #420, #1078, .T. ) ;
#8655 =( GEOMETRIC_REPRESENTATION_CONTEXT ( 3 ) GLOBAL_UNCERTAINTY_ASSIGNED_CONTEXT ( ( #945 ) ) GLOBAL_UNIT_ASSIGNED_CONTEXT ( ( #6364, #4193, #9280 ) ) REPRESENTATION_CONTEXT ( 'NONE', 'WORKASPACE' ) );
#8656 = DIRECTION ( 'NONE',  ( -1.000000000000000000, 0.000000000000000000, 0.000000000000000000 ) ) ;
#8657 = LINE ( 'NONE', #3663, #6556 ) ;
#8658 = ORIENTED_EDGE ( 'NONE', *, *, #1607, .F. ) ;
#8659 = CARTESIAN_POINT ( 'NONE',  ( 2.785400298157456600, 0.02828434744848380353, -1.502499999999999947 ) ) ;
#8660 = CIRCLE ( 'NONE', #250, 0.08121469089664243302 ) ;
#8661 = ORIENTED_EDGE ( 'NONE', *, *, #480, .F. ) ;
#8662 = EDGE_CURVE ( 'NONE', #292, #7359, #9116, .T. ) ;
#8663 = CARTESIAN_POINT ( 'NONE',  ( 2.489037635143886984, 0.7474999999999992761, 2.397499999999999964 ) ) ;
#8664 = DIRECTION ( 'NONE',  ( -0.9975640502598241977, 0.06975647374412526081, 0.000000000000000000 ) ) ;
#8665 = AXIS2_PLACEMENT_3D ( 'NONE', #7797, #3517, #4222 ) ;
#8666 = LINE ( 'NONE', #769, #5341 ) ;
#8667 = DIRECTION ( 'NONE',  ( -1.000000000000000000, 0.000000000000000000, 0.000000000000000000 ) ) ;
#8668 = ORIENTED_EDGE ( 'NONE', *, *, #2773, .F. ) ;
#8669 = DIRECTION ( 'NONE',  ( -1.000000000000000000, 0.000000000000000000, 0.000000000000000000 ) ) ;
#8670 = ORIENTED_EDGE ( 'NONE', *, *, #2508, .T. ) ;
#8671 = EDGE_CURVE ( 'NONE', #8699, #3050, #4609, .T. ) ;
#8672 = ORIENTED_EDGE ( 'NONE', *, *, #6237, .T. ) ;
#8673 = VECTOR ( 'NONE', #3903, 1000.000000000000114 ) ;
#8674 = DIRECTION ( 'NONE',  ( -1.000000000000000000, 0.000000000000000000, 0.000000000000000000 ) ) ;
#8675 = CARTESIAN_POINT ( 'NONE',  ( -2.199999999999999734, 0.6024999999999991473, -2.802499999999999769 ) ) ;
#8676 = EDGE_CURVE ( 'NONE', #6827, #6056, #8315, .T. ) ;
#8677 = FACE_OUTER_BOUND ( 'NONE', #7268, .T. ) ;
#8678 = CARTESIAN_POINT ( 'NONE',  ( 2.199999999999999734, 0.7474999999999991651, -3.047499999999999876 ) ) ;
#8679 = LINE ( 'NONE', #9294, #7617 ) ;
#8680 = CARTESIAN_POINT ( 'NONE',  ( -3.200000000000000622, 0.1446467872876746885, 0.4475000000000000089 ) ) ;
#8681 = ORIENTED_EDGE ( 'NONE', *, *, #1449, .F. ) ;
#8682 = ORIENTED_EDGE ( 'NONE', *, *, #9025, .T. ) ;
#8683 = LINE ( 'NONE', #4968, #8114 ) ;
#8684 = ORIENTED_EDGE ( 'NONE', *, *, #4615, .F. ) ;
#8685 = ORIENTED_EDGE ( 'NONE', *, *, #1655, .F. ) ;
#8686 = LINE ( 'NONE', #6569, #6639 ) ;
#8687 = DIRECTION ( 'NONE',  ( -0.9975640502598243087, 0.06975647374412519142, 0.000000000000000000 ) ) ;
#8688 = DIRECTION ( 'NONE',  ( -0.06975647374412535795, 0.9975640502598243087, 0.000000000000000000 ) ) ;
#8689 = ADVANCED_FACE ( 'NONE', ( #4698 ), #3231, .F. ) ;
#8690 = EDGE_CURVE ( 'NONE', #4342, #6665, #470, .T. ) ;
#8691 = DIRECTION ( 'NONE',  ( 1.000000000000000000, 0.000000000000000000, -1.971276677246372012E-16 ) ) ;
#8692 = DIRECTION ( 'NONE',  ( -0.000000000000000000, -0.000000000000000000, -1.000000000000000000 ) ) ;
#8693 = DIRECTION ( 'NONE',  ( -0.01745240643728362268, 0.9998476951563911586, 0.000000000000000000 ) ) ;
#8694 = EDGE_LOOP ( 'NONE', ( #561, #6741, #3142, #7133 ) ) ;
#8695 = CARTESIAN_POINT ( 'NONE',  ( 2.715217872447410752, 0.5252332998309695578, 1.097499999999999920 ) ) ;
#8696 = ORIENTED_EDGE ( 'NONE', *, *, #6472, .T. ) ;
#8697 = PLANE ( 'NONE',  #2765 ) ;
#8698 = CARTESIAN_POINT ( 'NONE',  ( -2.199999999999999734, 0.7474999999999991651, 2.397499999999999964 ) ) ;
#8699 = VERTEX_POINT ( 'NONE', #7614 ) ;
#8700 = DIRECTION ( 'NONE',  ( -1.000000000000000000, 0.000000000000000000, 0.000000000000000000 ) ) ;
#8701 = DIRECTION ( 'NONE',  ( -0.000000000000000000, -0.000000000000000000, -1.000000000000000000 ) ) ;
#8702 = CARTESIAN_POINT ( 'NONE',  ( 3.200000000000000622, 0.1446467872876746885, 2.152499999999999858 ) ) ;
#8703 = ADVANCED_FACE ( 'NONE', ( #9069 ), #1813, .F. ) ;
#8704 = DIRECTION ( 'NONE',  ( -0.000000000000000000, -0.000000000000000000, -1.000000000000000000 ) ) ;
#8705 = ORIENTED_EDGE ( 'NONE', *, *, #3291, .F. ) ;
#8706 = CIRCLE ( 'NONE', #6924, 0.2262146908966421732 ) ;
#8707 = SURFACE_STYLE_FILL_AREA ( #8752 ) ;
#8708 = ORIENTED_EDGE ( 'NONE', *, *, #1384, .T. ) ;
#8709 = ORIENTED_EDGE ( 'NONE', *, *, #1722, .T. ) ;
#8710 = CARTESIAN_POINT ( 'NONE',  ( 2.489037635143886984, 0.6024999999999990363, -2.152499999999999858 ) ) ;
#8711 = DIRECTION ( 'NONE',  ( 0.06975647374412527468, -0.9975640502598243087, 0.000000000000000000 ) ) ;
#8712 = AXIS2_PLACEMENT_3D ( 'NONE', #1961, #8406, #7659 ) ;
#8713 = LINE ( 'NONE', #20, #3661 ) ;
#8714 = AXIS2_PLACEMENT_3D ( 'NONE', #4779, #3876, #6001 ) ;
#8715 = FACE_OUTER_BOUND ( 'NONE', #4737, .T. ) ;
#8716 = EDGE_CURVE ( 'NONE', #8196, #7902, #5413, .T. ) ;
#8717 = CARTESIAN_POINT ( 'NONE',  ( 2.199999999999999734, 0.7474999999999991651, -0.2024999999999999856 ) ) ;
#8718 = LINE ( 'NONE', #5149, #5212 ) ;
#8719 = VERTEX_POINT ( 'NONE', #8365 ) ;
#8720 = VERTEX_POINT ( 'NONE', #7471 ) ;
#8721 = VECTOR ( 'NONE', #2504, 1000.000000000000000 ) ;
#8722 = CARTESIAN_POINT ( 'NONE',  ( 2.715217872447410752, 0.5252332998309695578, -1.097499999999999920 ) ) ;
#8723 = ORIENTED_EDGE ( 'NONE', *, *, #1861, .F. ) ;
#8724 = VECTOR ( 'NONE', #3434, 1000.000000000000000 ) ;
#8725 = ORIENTED_EDGE ( 'NONE', *, *, #8830, .T. ) ;
#8726 = DIRECTION ( 'NONE',  ( -0.000000000000000000, 0.000000000000000000, 1.000000000000000000 ) ) ;
#8727 = AXIS2_PLACEMENT_3D ( 'NONE', #3644, #3018, #1614 ) ;
#8728 = LINE ( 'NONE', #3652, #5145 ) ;
#8729 = DIRECTION ( 'NONE',  ( -0.9975640502598241977, -0.06975647374412534407, 0.000000000000000000 ) ) ;
#8730 = AXIS2_PLACEMENT_3D ( 'NONE', #6088, #1751, #4628 ) ;
#8731 = EDGE_CURVE ( 'NONE', #5347, #7145, #4789, .T. ) ;
#8732 = FACE_OUTER_BOUND ( 'NONE', #5682, .T. ) ;
#8733 = FACE_OUTER_BOUND ( 'NONE', #1654, .T. ) ;
#8734 = DIRECTION ( 'NONE',  ( 0.000000000000000000, 0.000000000000000000, 1.000000000000000000 ) ) ;
#8735 = ORIENTED_EDGE ( 'NONE', *, *, #2852, .T. ) ;
#8736 = CYLINDRICAL_SURFACE ( 'NONE', #3928, 0.2262146908966421732 ) ;
#8737 = CIRCLE ( 'NONE', #9042, 0.08121469089664200280 ) ;
#8738 = EDGE_CURVE ( 'NONE', #3418, #4551, #6296, .T. ) ;
#8739 = ORIENTED_EDGE ( 'NONE', *, *, #4998, .T. ) ;
#8740 = AXIS2_PLACEMENT_3D ( 'NONE', #934, #370, #273 ) ;
#8741 = ADVANCED_FACE ( 'NONE', ( #39 ), #1959, .F. ) ;
#8742 = DIRECTION ( 'NONE',  ( -1.000000000000000000, -3.751076125244977118E-16, 0.000000000000000000 ) ) ;
#8743 = VECTOR ( 'NONE', #7063, 1000.000000000000000 ) ;
#8744 = CARTESIAN_POINT ( 'NONE',  ( -2.715217872447410752, 0.5252332998309695578, 0.4475000000000000089 ) ) ;
#8745 = VECTOR ( 'NONE', #4784, 1000.000000000000000 ) ;
#8746 = VERTEX_POINT ( 'NONE', #4838 ) ;
#8747 = CARTESIAN_POINT ( 'NONE',  ( 2.199999999999999734, 0.6024999999999991473, -0.2024999999999999856 ) ) ;
#8748 =( GEOMETRIC_REPRESENTATION_CONTEXT ( 3 ) GLOBAL_UNCERTAINTY_ASSIGNED_CONTEXT ( ( #8957 ) ) GLOBAL_UNIT_ASSIGNED_CONTEXT ( ( #4729, #4773, #6231 ) ) REPRESENTATION_CONTEXT ( 'NONE', 'WORKASPACE' ) );
#8749 = DIRECTION ( 'NONE',  ( -0.06975647374412519142, -0.9975640502598243087, 0.000000000000000000 ) ) ;
#8750 = VECTOR ( 'NONE', #2348, 1000.000000000000000 ) ;
#8751 = ORIENTED_EDGE ( 'NONE', *, *, #1954, .F. ) ;
#8752 = FILL_AREA_STYLE ('',( #13 ) ) ;
#8753 = ORIENTED_EDGE ( 'NONE', *, *, #5926, .T. ) ;
#8754 = ORIENTED_EDGE ( 'NONE', *, *, #2499, .T. ) ;
#8755 = CARTESIAN_POINT ( 'NONE',  ( -2.570239956649733593, 0.5227027008975635436, -0.4475000000000000089 ) ) ;
#8756 = EDGE_CURVE ( 'NONE', #1573, #2639, #7210, .T. ) ;
#8757 = CARTESIAN_POINT ( 'NONE',  ( -2.200000000000000622, 0.7474999999999991651, -3.249999999999992006 ) ) ;
#8758 = CIRCLE ( 'NONE', #8160, 0.08121469089664200280 ) ;
#8759 = LINE ( 'NONE', #1566, #4716 ) ;
#8760 = LINE ( 'NONE', #2308, #8185 ) ;
#8761 = PLANE ( 'NONE',  #5217 ) ;
#8762 = LINE ( 'NONE', #4658, #107 ) ;
#8763 = CARTESIAN_POINT ( 'NONE',  ( -3.200000000000000622, 0.1446467872876746885, 0.2024999999999999856 ) ) ;
#8764 = ORIENTED_EDGE ( 'NONE', *, *, #9114, .F. ) ;
#8765 = VECTOR ( 'NONE', #3638, 1000.000000000000227 ) ;
#8766 = VERTEX_POINT ( 'NONE', #4885 ) ;
#8767 = CARTESIAN_POINT ( 'NONE',  ( -2.570239956649733593, 0.5227027008975635436, 1.502500000000000391 ) ) ;
#8768 = ORIENTED_EDGE ( 'NONE', *, *, #5766, .T. ) ;
#8769 = EDGE_LOOP ( 'NONE', ( #7945, #8899, #8398, #7842 ) ) ;
#8770 = DIRECTION ( 'NONE',  ( -0.9975640502598241977, -0.06975647374412527468, 0.000000000000000000 ) ) ;
#8771 = EDGE_CURVE ( 'NONE', #8010, #6647, #1453, .T. ) ;
#8772 = DIRECTION ( 'NONE',  ( 0.000000000000000000, 0.000000000000000000, 1.000000000000000000 ) ) ;
#8773 = PLANE ( 'NONE',  #8908 ) ;
#8774 = VECTOR ( 'NONE', #1048, 1000.000000000000000 ) ;
#8775 = FACE_OUTER_BOUND ( 'NONE', #3173, .T. ) ;
#8776 = DIRECTION ( 'NONE',  ( 0.01745240643728044813, 0.9998476951563912696, 0.000000000000000000 ) ) ;
#8777 = VERTEX_POINT ( 'NONE', #7094 ) ;
#8778 = DIRECTION ( 'NONE',  ( -3.751076125244977118E-16, 1.000000000000000000, 0.000000000000000000 ) ) ;
#8780 = EDGE_CURVE ( 'NONE', #4198, #1573, #4130, .T. ) ;
#8779 = ORIENTED_EDGE ( 'NONE', *, *, #4189, .F. ) ;
#8781 = DIRECTION ( 'NONE',  ( -0.000000000000000000, -0.000000000000000000, -1.000000000000000000 ) ) ;
#8782 = EDGE_CURVE ( 'NONE', #9252, #9179, #662, .T. ) ;
#8783 = VERTEX_POINT ( 'NONE', #7897 ) ;
#8784 = EDGE_CURVE ( 'NONE', #9132, #7947, #2758, .T. ) ;
#8785 = CARTESIAN_POINT ( 'NONE',  ( 2.489037635143886984, 0.5212853091033570196, 0.2024999999999999856 ) ) ;
#8786 = EDGE_CURVE ( 'NONE', #8387, #1549, #4273, .T. ) ;
#8787 = DIRECTION ( 'NONE',  ( -0.01745240643728044813, -0.9998476951563912696, 0.000000000000000000 ) ) ;
#8788 = ORIENTED_EDGE ( 'NONE', *, *, #8615, .F. ) ;
#8789 = CARTESIAN_POINT ( 'NONE',  ( 2.715217872447410752, 0.5252332998309695578, -3.047499999999999876 ) ) ;
#8790 = DIRECTION ( 'NONE',  ( 0.000000000000000000, -0.000000000000000000, -1.000000000000000000 ) ) ;
#8791 = COLOUR_RGB ( '',0.8000000000000000444, 0.8196078431372548767, 0.9333333333333333481 ) ;
#8792 = LINE ( 'NONE', #2339, #2141 ) ;
#8793 = DIRECTION ( 'NONE',  ( -1.000000000000000000, 0.000000000000000000, 0.000000000000000000 ) ) ;
#8794 = ADVANCED_FACE ( 'NONE', ( #3564 ), #8457, .F. ) ;
#8795 = CARTESIAN_POINT ( 'NONE',  ( -2.199999999999999734, 0.7474999999999991651, 2.397499999999999964 ) ) ;
#8796 = CIRCLE ( 'NONE', #3542, 0.2262146908966421732 ) ;
#8797 = VECTOR ( 'NONE', #8927, 1000.000000000000227 ) ;
#8798 = ORIENTED_EDGE ( 'NONE', *, *, #4604, .T. ) ;
#8799 = EDGE_LOOP ( 'NONE', ( #2491, #7961, #262, #8813 ) ) ;
#8800 = EDGE_CURVE ( 'NONE', #2812, #5175, #751, .T. ) ;
#8801 = DIRECTION ( 'NONE',  ( 1.000000000000000000, 0.000000000000000000, 0.000000000000000000 ) ) ;
#8802 = PLANE ( 'NONE',  #2430 ) ;
#8803 = VECTOR ( 'NONE', #6746, 1000.000000000000000 ) ;
#8804 = CARTESIAN_POINT ( 'NONE',  ( 2.801180237303523946, 0.2539479907276123161, -0.4475000000000000089 ) ) ;
#8805 = DIRECTION ( 'NONE',  ( -1.000000000000000000, 0.000000000000000000, 0.000000000000000000 ) ) ;
#8806 = DIRECTION ( 'NONE',  ( -1.000000000000000000, 0.000000000000000000, 0.000000000000000000 ) ) ;
#8807 = VERTEX_POINT ( 'NONE', #2055 ) ;
#8808 = EDGE_LOOP ( 'NONE', ( #7653, #8345, #3407, #3063 ) ) ;
#8809 = AXIS2_PLACEMENT_3D ( 'NONE', #1482, #739, #5101 ) ;
#8810 = ORIENTED_EDGE ( 'NONE', *, *, #994, .F. ) ;
#8811 = PLANE ( 'NONE',  #466 ) ;
#8812 = ORIENTED_EDGE ( 'NONE', *, *, #8302, .T. ) ;
#8813 = ORIENTED_EDGE ( 'NONE', *, *, #4714, .T. ) ;
#8814 = DIRECTION ( 'NONE',  ( -0.06975647374412535795, 0.9975640502598243087, 0.000000000000000000 ) ) ;
#8815 = CARTESIAN_POINT ( 'NONE',  ( -2.199999999999999734, 0.7474999999999991651, -1.502499999999999947 ) ) ;
#8816 = CARTESIAN_POINT ( 'NONE',  ( 3.200000000000000622, 0.1446467872876746885, 1.747500000000000275 ) ) ;
#8817 = VECTOR ( 'NONE', #4305, 1000.000000000000000 ) ;
#8818 = DIRECTION ( 'NONE',  ( 0.000000000000000000, -0.000000000000000000, -1.000000000000000000 ) ) ;
#8819 = EDGE_CURVE ( 'NONE', #6738, #1000, #567, .T. ) ;
#8820 = DIRECTION ( 'NONE',  ( -0.01745240643728044813, -0.9998476951563912696, 0.000000000000000000 ) ) ;
#8821 = VERTEX_POINT ( 'NONE', #6346 ) ;
#8822 = DIRECTION ( 'NONE',  ( -0.000000000000000000, -0.000000000000000000, -1.000000000000000000 ) ) ;
#8823 = VERTEX_POINT ( 'NONE', #6480 ) ;
#8824 = EDGE_LOOP ( 'NONE', ( #2461, #2527, #1929, #7270 ) ) ;
#8825 = CARTESIAN_POINT ( 'NONE',  ( -2.715217872447410752, 0.5252332998309695578, -2.802499999999999769 ) ) ;
#8826 = ORIENTED_EDGE ( 'NONE', *, *, #6197, .F. ) ;
#8827 = CARTESIAN_POINT ( 'NONE',  ( -2.785400298157456600, 0.02828434744848380353, 1.747500000000000275 ) ) ;
#8828 = CARTESIAN_POINT ( 'NONE',  ( -1.653818155844315463, 0.5343145750507619640, -2.903818155844308357 ) ) ;
#8829 = EDGE_CURVE ( 'NONE', #2515, #1673, #7047, .T. ) ;
#8830 = EDGE_CURVE ( 'NONE', #3889, #8066, #766, .T. ) ;
#8831 = EDGE_LOOP ( 'NONE', ( #1830, #1149, #1982, #3584 ) ) ;
#8832 = DIRECTION ( 'NONE',  ( 0.06975647374412535795, 0.9975640502598243087, 0.000000000000000000 ) ) ;
#8833 = DIRECTION ( 'NONE',  ( 0.9975640502598241977, 0.06975647374412534407, -0.000000000000000000 ) ) ;
#8834 = CARTESIAN_POINT ( 'NONE',  ( -2.489037635143886984, 0.5212853091033570196, -0.2024999999999999856 ) ) ;
#8835 = DIRECTION ( 'NONE',  ( -0.000000000000000000, 0.000000000000000000, 1.000000000000000000 ) ) ;
#8836 = LINE ( 'NONE', #192, #2192 ) ;
#8837 = EDGE_CURVE ( 'NONE', #4898, #1274, #6012, .T. ) ;
#8838 = ORIENTED_EDGE ( 'NONE', *, *, #5762, .F. ) ;
#8839 = CARTESIAN_POINT ( 'NONE',  ( 3.200000000000000622, 0.1446467872876746885, 2.397499999999999964 ) ) ;
#8840 = VERTEX_POINT ( 'NONE', #8505 ) ;
#8841 = PLANE ( 'NONE',  #2573 ) ;
#8842 = EDGE_CURVE ( 'NONE', #6242, #8240, #4932, .T. ) ;
#8843 = EDGE_CURVE ( 'NONE', #656, #5040, #710, .T. ) ;
#8844 = CARTESIAN_POINT ( 'NONE',  ( -2.199999999999999734, 0.7474999999999991651, -2.802499999999999769 ) ) ;
#8845 = CARTESIAN_POINT ( 'NONE',  ( 2.489037635143886984, 0.6024999999999990363, 1.502500000000000391 ) ) ;
#8846 = DIRECTION ( 'NONE',  ( 0.000000000000000000, -0.000000000000000000, -1.000000000000000000 ) ) ;
#8848 = FACE_OUTER_BOUND ( 'NONE', #2965, .T. ) ;
#8847 = VECTOR ( 'NONE', #1841, 1000.000000000000000 ) ;
#8849 = ORIENTED_EDGE ( 'NONE', *, *, #4925, .F. ) ;
#8850 = CARTESIAN_POINT ( 'NONE',  ( -3.189885311307102622, 1.626303258728256651E-16, 1.747500000000000275 ) ) ;
#8851 = VERTEX_POINT ( 'NONE', #5688 ) ;
#8852 = ORIENTED_EDGE ( 'NONE', *, *, #8506, .F. ) ;
#8853 = DIRECTION ( 'NONE',  ( -0.000000000000000000, -0.000000000000000000, -1.000000000000000000 ) ) ;
#8854 = VERTEX_POINT ( 'NONE', #8548 ) ;
#8855 = ORIENTED_EDGE ( 'NONE', *, *, #6922, .T. ) ;
#8856 = DIRECTION ( 'NONE',  ( -0.000000000000000000, -0.000000000000000000, -1.000000000000000000 ) ) ;
#8857 = AXIS2_PLACEMENT_3D ( 'NONE', #3657, #800, #2101 ) ;
#8858 = CARTESIAN_POINT ( 'NONE',  ( 2.489037635143886984, 0.7474999999999992761, -0.8524999999999999245 ) ) ;
#8859 = AXIS2_PLACEMENT_3D ( 'NONE', #6762, #6203, #3277 ) ;
#8860 = FACE_OUTER_BOUND ( 'NONE', #6722, .T. ) ;
#8861 = PLANE ( 'NONE',  #2045 ) ;
#8862 = VECTOR ( 'NONE', #5237, 1000.000000000000000 ) ;
#8863 = CARTESIAN_POINT ( 'NONE',  ( 3.189885311307102622, 1.626303258728256651E-16, -0.4475000000000000089 ) ) ;
#8864 = AXIS2_PLACEMENT_3D ( 'NONE', #5900, #2934, #871 ) ;
#8865 = ORIENTED_EDGE ( 'NONE', *, *, #8842, .F. ) ;
#8866 = CARTESIAN_POINT ( 'NONE',  ( -2.199999999999999734, 0.6024999999999991473, -2.152499999999999858 ) ) ;
#8867 = VERTEX_POINT ( 'NONE', #8597 ) ;
#8868 = EDGE_LOOP ( 'NONE', ( #6683, #7803, #8495, #7071 ) ) ;
#8869 = DIRECTION ( 'NONE',  ( -0.000000000000000000, -0.000000000000000000, -1.000000000000000000 ) ) ;
#8870 = VERTEX_POINT ( 'NONE', #2147 ) ;
#8871 = AXIS2_PLACEMENT_3D ( 'NONE', #8320, #1685, #7429 ) ;
#8872 = LINE ( 'NONE', #1765, #6363 ) ;
#8873 =( NAMED_UNIT ( * ) SI_UNIT ( $, .STERADIAN. ) SOLID_ANGLE_UNIT ( ) );
#8874 = DIRECTION ( 'NONE',  ( -0.000000000000000000, 0.000000000000000000, 1.000000000000000000 ) ) ;
#8875 = DIRECTION ( 'NONE',  ( -0.9998476951563912696, -0.01745240643728044813, 0.000000000000000000 ) ) ;
#8876 = ORIENTED_EDGE ( 'NONE', *, *, #2622, .T. ) ;
#8877 = CIRCLE ( 'NONE', #1967, 0.08121469089664243302 ) ;
#8878 = CARTESIAN_POINT ( 'NONE',  ( 2.199999999999999734, 0.6024999999999991473, 3.047499999999999432 ) ) ;
#8879 = LINE ( 'NONE', #3235, #6334 ) ;
#8880 = DIRECTION ( 'NONE',  ( -0.000000000000000000, 1.000000000000000000, -0.000000000000000000 ) ) ;
#8881 = EDGE_CURVE ( 'NONE', #5946, #292, #6167, .T. ) ;
#8882 = VECTOR ( 'NONE', #1767, 1000.000000000000000 ) ;
#8883 = CIRCLE ( 'NONE', #1086, 0.08121469089664200280 ) ;
#8884 = CARTESIAN_POINT ( 'NONE',  ( -2.570239956649733593, 0.5227027008975635436, -2.802499999999999769 ) ) ;
#8885 = CARTESIAN_POINT ( 'NONE',  ( -2.199999999999999734, 0.6024999999999991473, 3.047499999999999432 ) ) ;
#8886 = ORIENTED_EDGE ( 'NONE', *, *, #7170, .F. ) ;
#8887 = DIRECTION ( 'NONE',  ( 0.000000000000000000, -0.000000000000000000, -1.000000000000000000 ) ) ;
#8888 = AXIS2_PLACEMENT_3D ( 'NONE', #2752, #478, #4704 ) ;
#8889 = AXIS2_PLACEMENT_3D ( 'NONE', #3290, #4713, #1095 ) ;
#8890 = ORIENTED_EDGE ( 'NONE', *, *, #1355, .T. ) ;
#8891 =( GEOMETRIC_REPRESENTATION_CONTEXT ( 3 ) GLOBAL_UNCERTAINTY_ASSIGNED_CONTEXT ( ( #1792 ) ) GLOBAL_UNIT_ASSIGNED_CONTEXT ( ( #4298, #5669, #3679 ) ) REPRESENTATION_CONTEXT ( 'NONE', 'WORKASPACE' ) );
#8892 = FACE_OUTER_BOUND ( 'NONE', #4780, .T. ) ;
#8893 = EDGE_CURVE ( 'NONE', #5464, #5198, #7370, .T. ) ;
#8894 = EDGE_CURVE ( 'NONE', #5800, #8821, #1952, .T. ) ;
#8895 = DIRECTION ( 'NONE',  ( 0.9998476951563912696, -0.01745240643728044813, 0.000000000000000000 ) ) ;
#8896 = VECTOR ( 'NONE', #7999, 1000.000000000000000 ) ;
#8897 = SURFACE_STYLE_FILL_AREA ( #5277 ) ;
#8898 = CARTESIAN_POINT ( 'NONE',  ( 2.575000000000001066, 0.2499999999999996669, -1.502499999999999947 ) ) ;
#8899 = ORIENTED_EDGE ( 'NONE', *, *, #8046, .F. ) ;
#8900 = EDGE_CURVE ( 'NONE', #7813, #7932, #929, .T. ) ;
#8901 = EDGE_CURVE ( 'NONE', #8240, #7051, #2364, .T. ) ;
#8902 = CARTESIAN_POINT ( 'NONE',  ( -2.719977915797677337, 0.2525305989334057921, -2.802499999999999769 ) ) ;
#8903 = ORIENTED_EDGE ( 'NONE', *, *, #5119, .T. ) ;
#8904 = ORIENTED_EDGE ( 'NONE', *, *, #5744, .T. ) ;
#8905 = FACE_OUTER_BOUND ( 'NONE', #3540, .T. ) ;
#8906 = ORIENTED_EDGE ( 'NONE', *, *, #2958, .T. ) ;
#8907 = ORIENTED_EDGE ( 'NONE', *, *, #2161, .T. ) ;
#8908 = AXIS2_PLACEMENT_3D ( 'NONE', #3601, #2282, #881 ) ;
#8909 = CARTESIAN_POINT ( 'NONE',  ( -1.653818155844315463, 1.100000000000000533, -2.703818155844308180 ) ) ;
#8910 = DIRECTION ( 'NONE',  ( -1.000000000000000000, 0.000000000000000000, 0.000000000000000000 ) ) ;
#8911 = CARTESIAN_POINT ( 'NONE',  ( -3.200000000000000622, 0.1446467872876746885, -1.502499999999999947 ) ) ;
#8912 = AXIS2_PLACEMENT_3D ( 'NONE', #3215, #8249, #3308 ) ;
#8913 = DIRECTION ( 'NONE',  ( -0.9781476007338055778, 0.2079116908177597867, 1.305242773817941659E-16 ) ) ;
#8914 = ADVANCED_FACE ( 'NONE', ( #7943 ), #5162, .F. ) ;
#8915 =( LENGTH_UNIT ( ) NAMED_UNIT ( * ) SI_UNIT ( .MILLI., .METRE. ) );
#8916 = ORIENTED_EDGE ( 'NONE', *, *, #3003, .T. ) ;
#8917 = CARTESIAN_POINT ( 'NONE',  ( 2.570239956649733593, 0.5227027008975635436, 1.502500000000000391 ) ) ;
#8918 = ORIENTED_EDGE ( 'NONE', *, *, #8033, .T. ) ;
#8919 = EDGE_CURVE ( 'NONE', #572, #4639, #2323, .T. ) ;
#8920 = EDGE_LOOP ( 'NONE', ( #2272, #5725, #7840, #2159 ) ) ;
#8921 = PLANE ( 'NONE',  #7091 ) ;
#8922 = VERTEX_POINT ( 'NONE', #8115 ) ;
#8923 = EDGE_CURVE ( 'NONE', #3108, #3807, #3788, .T. ) ;
#8924 = VECTOR ( 'NONE', #5000, 1000.000000000000000 ) ;
#8925 = CARTESIAN_POINT ( 'NONE',  ( 2.489037635143886984, 0.5212853091033570196, 2.397499999999999964 ) ) ;
#8926 = SURFACE_STYLE_USAGE ( .BOTH. , #3177 ) ;
#8927 = DIRECTION ( 'NONE',  ( 0.9975640502598241977, -0.06975647374412527468, 0.000000000000000000 ) ) ;
#8928 = DIRECTION ( 'NONE',  ( 0.000000000000000000, -0.000000000000000000, -1.000000000000000000 ) ) ;
#8929 = CIRCLE ( 'NONE', #8644, 0.08121469089664243302 ) ;
#8930 = VERTEX_POINT ( 'NONE', #7414 ) ;
#8931 = LINE ( 'NONE', #236, #6609 ) ;
#8932 = ORIENTED_EDGE ( 'NONE', *, *, #703, .T. ) ;
#8933 = DIRECTION ( 'NONE',  ( 0.9975640502598241977, 0.06975647374412526081, 0.000000000000000000 ) ) ;
#8934 = ORIENTED_EDGE ( 'NONE', *, *, #1202, .T. ) ;
#8935 = AXIS2_PLACEMENT_3D ( 'NONE', #323, #2994, #8742 ) ;
#8936 = DIRECTION ( 'NONE',  ( -0.000000000000000000, 0.000000000000000000, 1.000000000000000000 ) ) ;
#8937 =( LENGTH_UNIT ( ) NAMED_UNIT ( * ) SI_UNIT ( .MILLI., .METRE. ) );
#8938 = FACE_OUTER_BOUND ( 'NONE', #6474, .T. ) ;
#8939 = ORIENTED_EDGE ( 'NONE', *, *, #789, .T. ) ;
#8940 = EDGE_CURVE ( 'NONE', #3858, #2671, #8648, .T. ) ;
#8941 = CYLINDRICAL_SURFACE ( 'NONE', #8097, 0.2262146908966421732 ) ;
#8942 = AXIS2_PLACEMENT_3D ( 'NONE', #8236, #8995, #2533 ) ;
#8943 = ORIENTED_EDGE ( 'NONE', *, *, #5252, .T. ) ;
#8944 = DIRECTION ( 'NONE',  ( 0.9975640502598241977, 0.06975647374412534407, -0.000000000000000000 ) ) ;
#8945 = CARTESIAN_POINT ( 'NONE',  ( -3.200000000000000622, 0.1446467872876746885, -3.047499999999999876 ) ) ;
#8946 = AXIS2_PLACEMENT_3D ( 'NONE', #1287, #4243, #4150 ) ;
#8947 = FACE_OUTER_BOUND ( 'NONE', #366, .T. ) ;
#8948 = DIRECTION ( 'NONE',  ( -1.000000000000000000, 0.000000000000000000, 0.000000000000000000 ) ) ;
#8949 = ORIENTED_EDGE ( 'NONE', *, *, #3519, .F. ) ;
#8950 = EDGE_CURVE ( 'NONE', #915, #2011, #976, .T. ) ;
#8951 = CARTESIAN_POINT ( 'NONE',  ( 2.199999999999998845, 0.7474999999999991651, -3.249999999999992895 ) ) ;
#8953 = EDGE_CURVE ( 'NONE', #1819, #75, #3739, .T. ) ;
#8952 = ORIENTED_EDGE ( 'NONE', *, *, #7159, .F. ) ;
#8954 = ORIENTED_EDGE ( 'NONE', *, *, #2230, .T. ) ;
#8955 = DIRECTION ( 'NONE',  ( -0.000000000000000000, 0.000000000000000000, 1.000000000000000000 ) ) ;
#8956 = VERTEX_POINT ( 'NONE', #6616 ) ;
#8957 = UNCERTAINTY_MEASURE_WITH_UNIT (LENGTH_MEASURE( 1.000000000000000082E-05 ), #4729, 'distance_accuracy_value', 'NONE');
#8958 = ORIENTED_EDGE ( 'NONE', *, *, #2571, .T. ) ;
#8959 = VECTOR ( 'NONE', #531, 1000.000000000000000 ) ;
#8960 = CARTESIAN_POINT ( 'NONE',  ( -2.489037635143886984, 0.6024999999999990363, -0.2024999999999999856 ) ) ;
#8961 = CYLINDRICAL_SURFACE ( 'NONE', #7550, 0.2000000000000000944 ) ;
#8962 = ADVANCED_FACE ( 'NONE', ( #8733 ), #5959, .F. ) ;
#8963 = MANIFOLD_SOLID_BREP ( 'LPattern1[18]', #4371 ) ;
#8964 = LINE ( 'NONE', #410, #7875 ) ;
#8965 = VECTOR ( 'NONE', #8029, 1000.000000000000000 ) ;
#8966 = DIRECTION ( 'NONE',  ( -1.000000000000000000, 0.000000000000000000, 0.000000000000000000 ) ) ;
#8967 = SURFACE_STYLE_FILL_AREA ( #4595 ) ;
#8968 = VERTEX_POINT ( 'NONE', #4413 ) ;
#8969 = DIRECTION ( 'NONE',  ( -1.000000000000000000, 0.000000000000000000, 0.000000000000000000 ) ) ;
#8970 = ORIENTED_EDGE ( 'NONE', *, *, #141, .T. ) ;
#8971 = ORIENTED_EDGE ( 'NONE', *, *, #7951, .F. ) ;
#8972 = CARTESIAN_POINT ( 'NONE',  ( 2.575000000000001066, 0.2499999999999996669, 1.097499999999999920 ) ) ;
#8973 = VECTOR ( 'NONE', #693, 1000.000000000000000 ) ;
#8974 = EDGE_CURVE ( 'NONE', #7202, #7776, #7280, .T. ) ;
#8975 = ADVANCED_FACE ( 'NONE', ( #7499 ), #6943, .T. ) ;
#8976 = DIRECTION ( 'NONE',  ( 0.01745240643728362268, 0.9998476951563911586, -0.000000000000000000 ) ) ;
#8977 = CARTESIAN_POINT ( 'NONE',  ( 2.199999999999999734, 0.7474999999999991651, 0.8524999999999999245 ) ) ;
#8978 = LINE ( 'NONE', #6627, #3544 ) ;
#8979 = MANIFOLD_SOLID_BREP ( 'LPattern1[1]', #5569 ) ;
#8980 = DIRECTION ( 'NONE',  ( -0.06975647374412535795, 0.9975640502598243087, 0.000000000000000000 ) ) ;
#8981 = VERTEX_POINT ( 'NONE', #6748 ) ;
#8982 = DIRECTION ( 'NONE',  ( -0.01745240643728362268, 0.9998476951563911586, 0.000000000000000000 ) ) ;
#8983 = CARTESIAN_POINT ( 'NONE',  ( 2.489037635143886984, 0.6024999999999990363, 3.047499999999999432 ) ) ;
#8984 = ORIENTED_EDGE ( 'NONE', *, *, #8046, .T. ) ;
#8985 = CARTESIAN_POINT ( 'NONE',  ( 2.199999999999998845, 0.6024999999999991473, -3.249999999999992895 ) ) ;
#8986 = DIRECTION ( 'NONE',  ( -1.000000000000000000, 0.000000000000000000, 0.000000000000000000 ) ) ;
#8987 = DIRECTION ( 'NONE',  ( 0.000000000000000000, -1.000000000000000000, -0.000000000000000000 ) ) ;
#8988 = CARTESIAN_POINT ( 'NONE',  ( -2.570239956649733593, 0.5227027008975635436, -1.502499999999999947 ) ) ;
#8989 = ORIENTED_EDGE ( 'NONE', *, *, #4785, .F. ) ;
#8990 = CARTESIAN_POINT ( 'NONE',  ( 2.199999999999999734, 0.7474999999999991651, -0.8524999999999999245 ) ) ;
#8991 = ORIENTED_EDGE ( 'NONE', *, *, #8104, .T. ) ;
#8992 = CARTESIAN_POINT ( 'NONE',  ( -2.199999999999999734, 0.6024999999999991473, -1.747499999999999831 ) ) ;
#8993 = EDGE_CURVE ( 'NONE', #8840, #3889, #1066, .T. ) ;
#8994 = CARTESIAN_POINT ( 'NONE',  ( -2.199999999999999734, 0.6024999999999991473, -1.502499999999999947 ) ) ;
#8995 = DIRECTION ( 'NONE',  ( -0.000000000000000000, -0.000000000000000000, -1.000000000000000000 ) ) ;
#8996 = DIRECTION ( 'NONE',  ( -1.000000000000000000, 0.000000000000000000, 0.000000000000000000 ) ) ;
#8997 = EDGE_LOOP ( 'NONE', ( #7890, #6028, #7732, #4057 ) ) ;
#8998 = CARTESIAN_POINT ( 'NONE',  ( 2.199999999999999734, 0.7474999999999991651, 2.397499999999999964 ) ) ;
#8999 = EDGE_LOOP ( 'NONE', ( #786, #157, #1025, #5151 ) ) ;
#9000 = EDGE_LOOP ( 'NONE', ( #6896, #4029, #7031, #7476 ) ) ;
#9001 = LINE ( 'NONE', #5617, #2112 ) ;
#9002 = ORIENTED_EDGE ( 'NONE', *, *, #7542, .T. ) ;
#9003 = VERTEX_POINT ( 'NONE', #8863 ) ;
#9004 = CARTESIAN_POINT ( 'NONE',  ( 2.200000000000000622, 0.6024999999999991473, 3.249999999999995115 ) ) ;
#9005 = CARTESIAN_POINT ( 'NONE',  ( -2.199999999999999734, 0.6024999999999991473, -0.2024999999999999856 ) ) ;
#9006 = MANIFOLD_SOLID_BREP ( 'LPattern1[5]', #3305 ) ;
#9007 = EDGE_CURVE ( 'NONE', #4073, #2928, #5387, .T. ) ;
#9008 = CARTESIAN_POINT ( 'NONE',  ( -2.489037635143886984, 0.5212853091033570196, -0.8524999999999999245 ) ) ;
#9009 = AXIS2_PLACEMENT_3D ( 'NONE', #3448, #5018, #7697 ) ;
#9010 = CARTESIAN_POINT ( 'NONE',  ( -2.489037635143886984, 0.5212853091033570196, -2.802499999999999769 ) ) ;
#9011 = LINE ( 'NONE', #4684, #4522 ) ;
#9012 = ORIENTED_EDGE ( 'NONE', *, *, #2802, .T. ) ;
#9013 = AXIS2_PLACEMENT_3D ( 'NONE', #5643, #7098, #3520 ) ;
#9014 = DIRECTION ( 'NONE',  ( 1.000000000000000000, 0.000000000000000000, 0.000000000000000000 ) ) ;
#9015 = ORIENTED_EDGE ( 'NONE', *, *, #974, .T. ) ;
#9016 = VERTEX_POINT ( 'NONE', #312 ) ;
#9017 = CARTESIAN_POINT ( 'NONE',  ( 2.715217872447410752, 0.5252332998309695578, 0.8524999999999999245 ) ) ;
#9018 = EDGE_CURVE ( 'NONE', #653, #2436, #9011, .T. ) ;
#9019 = CARTESIAN_POINT ( 'NONE',  ( 2.489037635143886984, 0.5212853091033570196, -0.2024999999999999856 ) ) ;
#9020 = VECTOR ( 'NONE', #3595, 1000.000000000000000 ) ;
#9021 = DIRECTION ( 'NONE',  ( -0.9975640502598241977, 0.06975647374412526081, 0.000000000000000000 ) ) ;
#9022 = AXIS2_PLACEMENT_3D ( 'NONE', #4744, #8980, #7565 ) ;
#9023 = DIRECTION ( 'NONE',  ( -0.000000000000000000, -0.000000000000000000, -1.000000000000000000 ) ) ;
#9024 = DIRECTION ( 'NONE',  ( 0.000000000000000000, -0.000000000000000000, -1.000000000000000000 ) ) ;
#9025 = EDGE_CURVE ( 'NONE', #5376, #7494, #6849, .T. ) ;
#9026 = CARTESIAN_POINT ( 'NONE',  ( 2.801180237303523946, 0.2539479907276123161, -1.502499999999999947 ) ) ;
#9027 = EDGE_CURVE ( 'NONE', #3288, #9059, #3266, .T. ) ;
#9028 = ORIENTED_EDGE ( 'NONE', *, *, #2578, .F. ) ;
#9029 = DIRECTION ( 'NONE',  ( -0.000000000000000000, 1.000000000000000000, -0.000000000000000000 ) ) ;
#9030 = ORIENTED_EDGE ( 'NONE', *, *, #8940, .F. ) ;
#9031 = VECTOR ( 'NONE', #1150, 1000.000000000000000 ) ;
#9032 = VECTOR ( 'NONE', #1984, 1000.000000000000000 ) ;
#9033 = FILL_AREA_STYLE ('',( #4653 ) ) ;
#9034 = FACE_OUTER_BOUND ( 'NONE', #3078, .T. ) ;
#9035 = LINE ( 'NONE', #7054, #8959 ) ;
#9036 = VECTOR ( 'NONE', #175, 1000.000000000000000 ) ;
#9037 = DIRECTION ( 'NONE',  ( 0.000000000000000000, 0.000000000000000000, 1.000000000000000000 ) ) ;
#9038 = VERTEX_POINT ( 'NONE', #4734 ) ;
#9039 = LINE ( 'NONE', #623, #4357 ) ;
#9040 = ORIENTED_EDGE ( 'NONE', *, *, #576, .T. ) ;
#9041 = CARTESIAN_POINT ( 'NONE',  ( -2.575000000000001066, 0.2499999999999996669, -1.747499999999999831 ) ) ;
#9042 = AXIS2_PLACEMENT_3D ( 'NONE', #5939, #3860, #8801 ) ;
#9043 = VECTOR ( 'NONE', #562, 1000.000000000000000 ) ;
#9044 = LINE ( 'NONE', #4191, #3053 ) ;
#9045 = CARTESIAN_POINT ( 'NONE',  ( -2.801180237303523946, 0.2539479907276123161, -1.747499999999999831 ) ) ;
#9046 = VECTOR ( 'NONE', #1925, 1000.000000000000000 ) ;
#9047 = VERTEX_POINT ( 'NONE', #7602 ) ;
#9048 = CIRCLE ( 'NONE', #8451, 0.08121469089664200280 ) ;
#9049 = LINE ( 'NONE', #3490, #2113 ) ;
#9050 = VERTEX_POINT ( 'NONE', #1160 ) ;
#9051 = DIRECTION ( 'NONE',  ( 0.000000000000000000, -0.9781476007338055778, 0.2079116908177597867 ) ) ;
#9052 = EDGE_CURVE ( 'NONE', #7811, #7676, #5419, .T. ) ;
#9053 = ORIENTED_EDGE ( 'NONE', *, *, #1880, .F. ) ;
#9054 = VERTEX_POINT ( 'NONE', #2135 ) ;
#9055 = DIRECTION ( 'NONE',  ( 1.000000000000000000, -3.751076125244977118E-16, 0.000000000000000000 ) ) ;
#9056 = DIRECTION ( 'NONE',  ( -0.000000000000000000, -0.000000000000000000, -1.000000000000000000 ) ) ;
#9057 = CARTESIAN_POINT ( 'NONE',  ( 2.719977915797677337, 0.2525305989334057921, 1.747500000000000275 ) ) ;
#9058 = VECTOR ( 'NONE', #7151, 1000.000000000000000 ) ;
#9059 = VERTEX_POINT ( 'NONE', #2790 ) ;
#9060 = LINE ( 'NONE', #7700, #7819 ) ;
#9061 = EDGE_CURVE ( 'NONE', #3181, #405, #1302, .T. ) ;
#9062 = ORIENTED_EDGE ( 'NONE', *, *, #8086, .F. ) ;
#9063 = ORIENTED_EDGE ( 'NONE', *, *, #2130, .T. ) ;
#9064 = PLANE ( 'NONE',  #3174 ) ;
#9065 = DIRECTION ( 'NONE',  ( 1.000000000000000000, 0.000000000000000000, 0.000000000000000000 ) ) ;
#9066 = AXIS2_PLACEMENT_3D ( 'NONE', #6524, #7182, #3072 ) ;
#9067 = DIRECTION ( 'NONE',  ( 1.000000000000000000, 0.000000000000000000, 0.000000000000000000 ) ) ;
#9068 = DIRECTION ( 'NONE',  ( 0.000000000000000000, -0.000000000000000000, -1.000000000000000000 ) ) ;
#9069 = FACE_OUTER_BOUND ( 'NONE', #7120, .T. ) ;
#9070 = CARTESIAN_POINT ( 'NONE',  ( -2.715217872447410752, 0.5252332998309695578, 1.747500000000000275 ) ) ;
#9071 = ADVANCED_FACE ( 'NONE', ( #7787 ), #4826, .T. ) ;
#9072 = ORIENTED_EDGE ( 'NONE', *, *, #9120, .T. ) ;
#9073 = VECTOR ( 'NONE', #1522, 1000.000000000000000 ) ;
#9074 = DIRECTION ( 'NONE',  ( -0.000000000000000000, -0.000000000000000000, -1.000000000000000000 ) ) ;
#9075 = VERTEX_POINT ( 'NONE', #7129 ) ;
#9076 = EDGE_CURVE ( 'NONE', #3933, #9205, #695, .T. ) ;
#9077 = CARTESIAN_POINT ( 'NONE',  ( 2.715217872447410752, 0.5252332998309695578, -1.747499999999999831 ) ) ;
#9078 = AXIS2_PLACEMENT_3D ( 'NONE', #1553, #768, #3626 ) ;
#9079 = DIRECTION ( 'NONE',  ( 0.9975640502598241977, 0.06975647374412534407, -0.000000000000000000 ) ) ;
#9080 = FACE_OUTER_BOUND ( 'NONE', #2842, .T. ) ;
#9081 = ORIENTED_EDGE ( 'NONE', *, *, #4136, .T. ) ;
#9082 = DIRECTION ( 'NONE',  ( -0.000000000000000000, 1.000000000000000000, -0.000000000000000000 ) ) ;
#9083 = ORIENTED_EDGE ( 'NONE', *, *, #7236, .F. ) ;
#9084 = VECTOR ( 'NONE', #5547, 1000.000000000000000 ) ;
#9085 = CARTESIAN_POINT ( 'NONE',  ( 2.199999999999999734, 0.7474999999999991651, 2.397499999999999964 ) ) ;
#9086 = EDGE_CURVE ( 'NONE', #4551, #3181, #4164, .T. ) ;
#9087 = CARTESIAN_POINT ( 'NONE',  ( 3.200000000000000622, 0.1446467872876746885, -0.2024999999999999856 ) ) ;
#9088 = CYLINDRICAL_SURFACE ( 'NONE', #8946, 0.2262146908966421732 ) ;
#9089 = DIRECTION ( 'NONE',  ( 1.000000000000000000, 0.000000000000000000, 0.000000000000000000 ) ) ;
#9090 = AXIS2_PLACEMENT_3D ( 'NONE', #2083, #4961, #7834 ) ;
#9091 = VERTEX_POINT ( 'NONE', #7037 ) ;
#9092 = EDGE_CURVE ( 'NONE', #8956, #3972, #3505, .T. ) ;
#9093 = SURFACE_SIDE_STYLE ('',( #3488 ) ) ;
#9094 = CARTESIAN_POINT ( 'NONE',  ( -3.189885311307102622, 1.626303258728256651E-16, 0.2024999999999999856 ) ) ;
#9095 = ORIENTED_EDGE ( 'NONE', *, *, #4568, .F. ) ;
#9096 = LINE ( 'NONE', #7029, #9031 ) ;
#9097 = ORIENTED_EDGE ( 'NONE', *, *, #4318, .F. ) ;
#9098 = ORIENTED_EDGE ( 'NONE', *, *, #7806, .T. ) ;
#9099 = CARTESIAN_POINT ( 'NONE',  ( 2.199999999999998845, 0.7474999999999991651, -3.249999999999992895 ) ) ;
#9100 = DIRECTION ( 'NONE',  ( -1.000000000000000000, 0.000000000000000000, 0.000000000000000000 ) ) ;
#9101 = VECTOR ( 'NONE', #1041, 1000.000000000000114 ) ;
#9102 = CARTESIAN_POINT ( 'NONE',  ( -3.200000000000000622, 0.1446467872876746885, 0.8524999999999999245 ) ) ;
#9103 = CARTESIAN_POINT ( 'NONE',  ( 2.719977915797677337, 0.2525305989334057921, -0.8524999999999999245 ) ) ;
#9104 = DIRECTION ( 'NONE',  ( -0.000000000000000000, -0.000000000000000000, -1.000000000000000000 ) ) ;
#9105 = DIRECTION ( 'NONE',  ( -0.000000000000000000, -0.000000000000000000, -1.000000000000000000 ) ) ;
#9106 = AXIS2_PLACEMENT_3D ( 'NONE', #6674, #233, #2468 ) ;
#9107 = ORIENTED_EDGE ( 'NONE', *, *, #5282, .T. ) ;
#9108 = FACE_OUTER_BOUND ( 'NONE', #4620, .T. ) ;
#9109 = VERTEX_POINT ( 'NONE', #600 ) ;
#9110 = ORIENTED_EDGE ( 'NONE', *, *, #5717, .T. ) ;
#9111 = CARTESIAN_POINT ( 'NONE',  ( -2.795514986850355044, 0.1729311347361582596, -2.802499999999999769 ) ) ;
#9112 = DIRECTION ( 'NONE',  ( 0.000000000000000000, -0.000000000000000000, -1.000000000000000000 ) ) ;
#9113 = VECTOR ( 'NONE', #9115, 1000.000000000000000 ) ;
#9114 = EDGE_CURVE ( 'NONE', #7688, #3573, #1345, .T. ) ;
#9115 = DIRECTION ( 'NONE',  ( 1.000000000000000000, 3.751076125244977118E-16, -0.000000000000000000 ) ) ;
#9116 = LINE ( 'NONE', #6811, #6617 ) ;
#9117 = DIRECTION ( 'NONE',  ( -0.000000000000000000, -0.000000000000000000, -1.000000000000000000 ) ) ;
#9118 = DIRECTION ( 'NONE',  ( -1.000000000000000000, 0.000000000000000000, 0.000000000000000000 ) ) ;
#9119 = ORIENTED_EDGE ( 'NONE', *, *, #996, .T. ) ;
#9120 = EDGE_CURVE ( 'NONE', #5512, #6039, #5677, .T. ) ;
#9121 = CARTESIAN_POINT ( 'NONE',  ( 2.785400298157456600, 0.02828434744848380353, -1.747499999999999831 ) ) ;
#9122 = LINE ( 'NONE', #2065, #852 ) ;
#9123 = LINE ( 'NONE', #7055, #413 ) ;
#9124 = EDGE_LOOP ( 'NONE', ( #5709, #3194, #4797, #7988, #6288, #5757, #4492, #8377, #5992, #8266, #4597, #5915 ) ) ;
#9125 = DIRECTION ( 'NONE',  ( 0.000000000000000000, -0.000000000000000000, -1.000000000000000000 ) ) ;
#9126 = VERTEX_POINT ( 'NONE', #5578 ) ;
#9127 = CARTESIAN_POINT ( 'NONE',  ( -2.199999999999999734, 0.7474999999999991651, -0.2024999999999999856 ) ) ;
#9128 = EDGE_CURVE ( 'NONE', #6763, #8210, #922, .T. ) ;
#9129 = DIRECTION ( 'NONE',  ( 0.000000000000000000, 0.000000000000000000, 1.000000000000000000 ) ) ;
#9130 = PLANE ( 'NONE',  #1583 ) ;
#9131 = DIRECTION ( 'NONE',  ( 1.000000000000000000, 0.000000000000000000, -0.000000000000000000 ) ) ;
#9132 = VERTEX_POINT ( 'NONE', #4309 ) ;
#9133 =( NAMED_UNIT ( * ) SI_UNIT ( $, .STERADIAN. ) SOLID_ANGLE_UNIT ( ) );
#9134 = CARTESIAN_POINT ( 'NONE',  ( 2.801180237303523946, 0.2539479907276123161, 3.047499999999999432 ) ) ;
#9135 = ORIENTED_EDGE ( 'NONE', *, *, #958, .T. ) ;
#9136 = ADVANCED_FACE ( 'NONE', ( #2087 ), #4964, .F. ) ;
#9137 = DIRECTION ( 'NONE',  ( -0.000000000000000000, 1.000000000000000000, -0.000000000000000000 ) ) ;
#9138 = EDGE_CURVE ( 'NONE', #787, #8076, #8585, .T. ) ;
#9139 = VERTEX_POINT ( 'NONE', #3361 ) ;
#9140 = VERTEX_POINT ( 'NONE', #2837 ) ;
#9141 = LINE ( 'NONE', #8437, #6208 ) ;
#9142 = LINE ( 'NONE', #6233, #2007 ) ;
#9143 = CARTESIAN_POINT ( 'NONE',  ( 2.801180237303523946, 0.2539479907276123161, -0.2024999999999999856 ) ) ;
#9144 = PLANE ( 'NONE',  #2492 ) ;
#9145 = DIRECTION ( 'NONE',  ( 1.000000000000000000, 0.000000000000000000, 0.000000000000000000 ) ) ;
#9146 = ORIENTED_EDGE ( 'NONE', *, *, #6584, .F. ) ;
#9147 = ORIENTED_EDGE ( 'NONE', *, *, #9231, .F. ) ;
#9148 = LINE ( 'NONE', #2090, #6326 ) ;
#9149 = ORIENTED_EDGE ( 'NONE', *, *, #4925, .T. ) ;
#9150 = ORIENTED_EDGE ( 'NONE', *, *, #7965, .F. ) ;
#9151 = LINE ( 'NONE', #5538, #9043 ) ;
#9152 = CARTESIAN_POINT ( 'NONE',  ( 2.715217872447410752, 0.5252332998309695578, -0.2024999999999999856 ) ) ;
#9153 = DIRECTION ( 'NONE',  ( 1.000000000000000000, 0.000000000000000000, 0.000000000000000000 ) ) ;
#9154 = CIRCLE ( 'NONE', #7657, 0.2262146908966421732 ) ;
#9155 = DIRECTION ( 'NONE',  ( 0.000000000000000000, -0.000000000000000000, -1.000000000000000000 ) ) ;
#9156 = LINE ( 'NONE', #4132, #459 ) ;
#9157 = UNCERTAINTY_MEASURE_WITH_UNIT (LENGTH_MEASURE( 1.000000000000000082E-05 ), #7447, 'distance_accuracy_value', 'NONE');
#9158 = VERTEX_POINT ( 'NONE', #555 ) ;
#9159 = FACE_OUTER_BOUND ( 'NONE', #2503, .T. ) ;
#9160 = VERTEX_POINT ( 'NONE', #4261 ) ;
#9161 = EDGE_CURVE ( 'NONE', #2541, #2653, #6598, .T. ) ;
#9162 = VECTOR ( 'NONE', #1683, 1000.000000000000000 ) ;
#9163 = VECTOR ( 'NONE', #8352, 1000.000000000000227 ) ;
#9164 = DIRECTION ( 'NONE',  ( 0.000000000000000000, -1.000000000000000000, 0.000000000000000000 ) ) ;
#9165 = LINE ( 'NONE', #618, #1143 ) ;
#9166 = DIRECTION ( 'NONE',  ( -0.000000000000000000, -0.000000000000000000, -1.000000000000000000 ) ) ;
#9167 = ORIENTED_EDGE ( 'NONE', *, *, #3198, .F. ) ;
#9168 = VECTOR ( 'NONE', #5993, 1000.000000000000000 ) ;
#9169 = CLOSED_SHELL ( 'NONE', ( #9246, #9317, #4078, #8914, #281, #1130, #2984, #8689, #1543, #7885, #2523, #4359, #7562, #1593 ) ) ;
#9170 = CARTESIAN_POINT ( 'NONE',  ( 2.489037635143886984, 0.6024999999999990363, -1.097499999999999920 ) ) ;
#9171 = PRESENTATION_LAYER_ASSIGNMENT (  '', '', ( #3744 ) ) ;
#9172 = ORIENTED_EDGE ( 'NONE', *, *, #56, .F. ) ;
#9173 = EDGE_CURVE ( 'NONE', #430, #5901, #313, .T. ) ;
#9174 = PLANE ( 'NONE',  #5138 ) ;
#9175 = VECTOR ( 'NONE', #545, 1000.000000000000227 ) ;
#9176 = CARTESIAN_POINT ( 'NONE',  ( -2.570239956649733593, 0.5227027008975635436, 2.397499999999999964 ) ) ;
#9177 = FILL_AREA_STYLE ('',( #5661 ) ) ;
#9178 = DIRECTION ( 'NONE',  ( -0.000000000000000000, -0.000000000000000000, -1.000000000000000000 ) ) ;
#9179 = VERTEX_POINT ( 'NONE', #7886 ) ;
#9180 = VECTOR ( 'NONE', #1694, 1000.000000000000000 ) ;
#9181 = VERTEX_POINT ( 'NONE', #4873 ) ;
#9182 = EDGE_CURVE ( 'NONE', #572, #8031, #6336, .T. ) ;
#9183 = CIRCLE ( 'NONE', #1816, 0.2262146908966421732 ) ;
#9184 = DIRECTION ( 'NONE',  ( -0.000000000000000000, -0.000000000000000000, -1.000000000000000000 ) ) ;
#9185 = ADVANCED_FACE ( 'NONE', ( #509 ), #651, .T. ) ;
#9186 = EDGE_LOOP ( 'NONE', ( #16, #6123, #8321, #8658, #5287, #4638, #6090, #4991, #4037, #3704, #8637, #514 ) ) ;
#9187 = ORIENTED_EDGE ( 'NONE', *, *, #734, .F. ) ;
#9188 = CARTESIAN_POINT ( 'NONE',  ( -2.489037635143886984, 0.5212853091033570196, -0.8524999999999999245 ) ) ;
#9189 = PLANE ( 'NONE',  #8006 ) ;
#9190 = CARTESIAN_POINT ( 'NONE',  ( 2.795514986850355044, 0.1729311347361582596, 1.097499999999999920 ) ) ;
#9191 = VECTOR ( 'NONE', #7025, 1000.000000000000000 ) ;
#9192 = VECTOR ( 'NONE', #1879, 1000.000000000000114 ) ;
#9193 = EDGE_CURVE ( 'NONE', #305, #8777, #6992, .T. ) ;
#9194 = VECTOR ( 'NONE', #2050, 1000.000000000000000 ) ;
#9195 = EDGE_CURVE ( 'NONE', #3823, #52, #2270, .T. ) ;
#9196 = LINE ( 'NONE', #5626, #8070 ) ;
#9197 = CARTESIAN_POINT ( 'NONE',  ( -2.795514986850355044, 0.1729311347361582596, 1.097499999999999920 ) ) ;
#9198 = CARTESIAN_POINT ( 'NONE',  ( 2.199999999999999734, 0.6024999999999991473, -0.2024999999999999856 ) ) ;
#9199 = EDGE_CURVE ( 'NONE', #6227, #8461, #2553, .T. ) ;
#9200 = ORIENTED_EDGE ( 'NONE', *, *, #1492, .T. ) ;
#9201 = ORIENTED_EDGE ( 'NONE', *, *, #6198, .F. ) ;
#9202 = CARTESIAN_POINT ( 'NONE',  ( -2.570239956649733593, 0.5227027008975635436, -2.802499999999999769 ) ) ;
#9203 = EDGE_CURVE ( 'NONE', #8165, #6731, #7807, .T. ) ;
#9204 = ORIENTED_EDGE ( 'NONE', *, *, #1089, .T. ) ;
#9205 = VERTEX_POINT ( 'NONE', #3592 ) ;
#9206 = VECTOR ( 'NONE', #6570, 1000.000000000000000 ) ;
#9207 = CARTESIAN_POINT ( 'NONE',  ( -2.719977915797677337, 0.2525305989334057921, -0.2024999999999999856 ) ) ;
#9208 = CARTESIAN_POINT ( 'NONE',  ( 2.801180237303523946, 0.2539479907276123161, 0.4475000000000000089 ) ) ;
#9209 = DIRECTION ( 'NONE',  ( -1.000000000000000000, 0.000000000000000000, 0.000000000000000000 ) ) ;
#9210 = EDGE_CURVE ( 'NONE', #8270, #4386, #785, .T. ) ;
#9211 = VECTOR ( 'NONE', #1648, 1000.000000000000227 ) ;
#9212 = LINE ( 'NONE', #2659, #3553 ) ;
#9213 = DIRECTION ( 'NONE',  ( -1.000000000000000000, 0.000000000000000000, 0.000000000000000000 ) ) ;
#9214 = ADVANCED_FACE ( 'NONE', ( #6601 ), #6515, .F. ) ;
#9215 = CARTESIAN_POINT ( 'NONE',  ( 3.189885311307102622, 1.626303258728256651E-16, 1.747500000000000275 ) ) ;
#9216 = ORIENTED_EDGE ( 'NONE', *, *, #8842, .T. ) ;
#9217 = PLANE ( 'NONE',  #3625 ) ;
#9218 = EDGE_LOOP ( 'NONE', ( #7106, #9028, #3109, #4585 ) ) ;
#9219 = CIRCLE ( 'NONE', #4263, 0.2262146908966421732 ) ;
#9220 = DIRECTION ( 'NONE',  ( 1.000000000000000000, 0.000000000000000000, -0.000000000000000000 ) ) ;
#9221 = CARTESIAN_POINT ( 'NONE',  ( 2.801180237303523946, 0.2539479907276123161, 0.4475000000000000089 ) ) ;
#9222 = DIRECTION ( 'NONE',  ( 0.9975640502598241977, -0.06975647374412527468, 0.000000000000000000 ) ) ;
#9223 = VECTOR ( 'NONE', #3357, 1000.000000000000000 ) ;
#9224 = ORIENTED_EDGE ( 'NONE', *, *, #3272, .F. ) ;
#9225 = CARTESIAN_POINT ( 'NONE',  ( 2.785400298157456600, 0.02828434744848385904, 1.097499999999999920 ) ) ;
#9226 = ORIENTED_EDGE ( 'NONE', *, *, #6207, .F. ) ;
#9227 = UNCERTAINTY_MEASURE_WITH_UNIT (LENGTH_MEASURE( 1.000000000000000082E-05 ), #4973, 'distance_accuracy_value', 'NONE');
#9228 = CARTESIAN_POINT ( 'NONE',  ( 2.570239956649733593, 0.5227027008975635436, 2.152499999999999858 ) ) ;
#9229 = VECTOR ( 'NONE', #4904, 1000.000000000000000 ) ;
#9230 = DIRECTION ( 'NONE',  ( 0.000000000000000000, -0.000000000000000000, -1.000000000000000000 ) ) ;
#9231 = EDGE_CURVE ( 'NONE', #8076, #1084, #5813, .T. ) ;
#9232 = CARTESIAN_POINT ( 'NONE',  ( -2.715217872447410752, 0.5252332998309695578, 3.047499999999999432 ) ) ;
#9233 = ORIENTED_EDGE ( 'NONE', *, *, #6213, .F. ) ;
#9234 = APPLICATION_PROTOCOL_DEFINITION ( 'draft international standard', 'automotive_design', 1998, #5113 ) ;
#9235 = DIRECTION ( 'NONE',  ( 0.000000000000000000, -0.000000000000000000, -1.000000000000000000 ) ) ;
#9236 = ORIENTED_EDGE ( 'NONE', *, *, #530, .T. ) ;
#9237 = CARTESIAN_POINT ( 'NONE',  ( 2.489037635143886984, 0.7474999999999992761, -1.502499999999999947 ) ) ;
#9238 = VERTEX_POINT ( 'NONE', #3062 ) ;
#9239 = ORIENTED_EDGE ( 'NONE', *, *, #2520, .T. ) ;
#9240 =( LENGTH_UNIT ( ) NAMED_UNIT ( * ) SI_UNIT ( .MILLI., .METRE. ) );
#9241 = LINE ( 'NONE', #641, #3344 ) ;
#9242 = MANIFOLD_SOLID_BREP ( 'LPattern1[8]', #6327 ) ;
#9243 = CYLINDRICAL_SURFACE ( 'NONE', #2439, 0.08121469089664200280 ) ;
#9244 = AXIS2_PLACEMENT_3D ( 'NONE', #5987, #1099, #8096 ) ;
#9245 = CARTESIAN_POINT ( 'NONE',  ( 3.200000000000000622, 0.1446467872876746885, 1.747500000000000275 ) ) ;
#9246 = ADVANCED_FACE ( 'NONE', ( #8101 ), #8635, .F. ) ;
#9247 = EDGE_CURVE ( 'NONE', #49, #5439, #5150, .T. ) ;
#9248 = CARTESIAN_POINT ( 'NONE',  ( 2.570239956649733593, 0.5227027008975635436, -1.502499999999999947 ) ) ;
#9249 = CARTESIAN_POINT ( 'NONE',  ( 2.489037635143886984, 0.6024999999999990363, -1.747499999999999831 ) ) ;
#9250 = DIRECTION ( 'NONE',  ( -0.000000000000000000, -0.000000000000000000, -1.000000000000000000 ) ) ;
#9251 = ORIENTED_EDGE ( 'NONE', *, *, #5646, .T. ) ;
#9252 = VERTEX_POINT ( 'NONE', #8017 ) ;
#9253 = DIRECTION ( 'NONE',  ( -0.000000000000000000, -0.000000000000000000, -1.000000000000000000 ) ) ;
#9254 = ORIENTED_EDGE ( 'NONE', *, *, #5205, .T. ) ;
#9255 = ORIENTED_EDGE ( 'NONE', *, *, #1003, .F. ) ;
#9256 = CIRCLE ( 'NONE', #7599, 0.08121469089664243302 ) ;
#9257 = DIRECTION ( 'NONE',  ( 0.06975647374412535795, 0.9975640502598243087, 0.000000000000000000 ) ) ;
#9258 = LINE ( 'NONE', #3952, #5598 ) ;
#9259 = CARTESIAN_POINT ( 'NONE',  ( 2.199999999999999734, 0.7474999999999991651, 1.502500000000000391 ) ) ;
#9260 = ADVANCED_FACE ( 'NONE', ( #2312 ), #1571, .F. ) ;
#9261 = AXIS2_PLACEMENT_3D ( 'NONE', #4374, #93, #9316 ) ;
#9262 = CARTESIAN_POINT ( 'NONE',  ( 3.189885311307102622, 1.626303258728256651E-16, 0.4475000000000000089 ) ) ;
#9263 = CARTESIAN_POINT ( 'NONE',  ( 2.785400298157456600, 0.02828434744848380353, -2.397499999999999964 ) ) ;
#9264 = CARTESIAN_POINT ( 'NONE',  ( -2.575000000000001066, 0.2499999999999996669, 3.047499999999999432 ) ) ;
#9265 = ORIENTED_EDGE ( 'NONE', *, *, #5563, .T. ) ;
#9266 = DIRECTION ( 'NONE',  ( 0.9975640502598241977, 0.06975647374412526081, 0.000000000000000000 ) ) ;
#9267 = ADVANCED_FACE ( 'NONE', ( #5063 ), #4487, .T. ) ;
#9268 = ORIENTED_EDGE ( 'NONE', *, *, #8428, .T. ) ;
#9269 = ADVANCED_FACE ( 'NONE', ( #7174 ), #740, .F. ) ;
#9270 = AXIS2_PLACEMENT_3D ( 'NONE', #1266, #7003, #2757 ) ;
#9271 = DIRECTION ( 'NONE',  ( -0.000000000000000000, -0.000000000000000000, -1.000000000000000000 ) ) ;
#9272 = DIRECTION ( 'NONE',  ( -0.9998476951563912696, 0.01745240643728362614, 0.000000000000000000 ) ) ;
#9273 = CIRCLE ( 'NONE', #6417, 0.08121469089664243302 ) ;
#9274 = VERTEX_POINT ( 'NONE', #8902 ) ;
#9275 = CYLINDRICAL_SURFACE ( 'NONE', #477, 0.08121469089664200280 ) ;
#9276 = VERTEX_POINT ( 'NONE', #4722 ) ;
#9277 = DIRECTION ( 'NONE',  ( -0.000000000000000000, -0.000000000000000000, -1.000000000000000000 ) ) ;
#9278 = AXIS2_PLACEMENT_3D ( 'NONE', #3771, #3590, #2218 ) ;
#9279 = DIRECTION ( 'NONE',  ( 0.9975640502598241977, -0.06975647374412534407, 0.000000000000000000 ) ) ;
#9280 =( NAMED_UNIT ( * ) SI_UNIT ( $, .STERADIAN. ) SOLID_ANGLE_UNIT ( ) );
#9281 = DIRECTION ( 'NONE',  ( -0.000000000000000000, -0.000000000000000000, -1.000000000000000000 ) ) ;
#9282 = EDGE_LOOP ( 'NONE', ( #2989, #8396, #5905, #7402 ) ) ;
#9283 = DIRECTION ( 'NONE',  ( 0.000000000000000000, -0.000000000000000000, -1.000000000000000000 ) ) ;
#9284 = ORIENTED_EDGE ( 'NONE', *, *, #9120, .F. ) ;
#9285 = DIRECTION ( 'NONE',  ( 0.000000000000000000, 0.000000000000000000, 1.000000000000000000 ) ) ;
#9286 = EDGE_LOOP ( 'NONE', ( #4992, #5049, #7872, #9239 ) ) ;
#9287 = DIRECTION ( 'NONE',  ( -1.000000000000000000, 0.000000000000000000, 0.000000000000000000 ) ) ;
#9288 = ADVANCED_FACE ( 'NONE', ( #444 ), #3296, .F. ) ;
#9289 = LINE ( 'NONE', #4344, #8143 ) ;
#9290 = MANIFOLD_SOLID_BREP ( 'LPattern1[16]', #3460 ) ;
#9291 = CARTESIAN_POINT ( 'NONE',  ( -2.103818155844314752, 0.1500000000000007161, 3.249999999999996003 ) ) ;
#9292 = CARTESIAN_POINT ( 'NONE',  ( 2.489037635143886984, 0.5212853091033570196, 1.097499999999999920 ) ) ;
#9293 = CARTESIAN_POINT ( 'NONE',  ( 3.200000000000000622, 0.1446467872876746885, 2.397499999999999964 ) ) ;
#9294 = CARTESIAN_POINT ( 'NONE',  ( 3.189885311307102622, 1.626303258728256651E-16, -1.502499999999999947 ) ) ;
#9295 = CARTESIAN_POINT ( 'NONE',  ( -2.795514986850355044, 0.1729311347361582596, 0.8524999999999999245 ) ) ;
#9296 = EDGE_LOOP ( 'NONE', ( #6469, #6669, #6008, #1950 ) ) ;
#9297 = VERTEX_POINT ( 'NONE', #4671 ) ;
#9298 = CARTESIAN_POINT ( 'NONE',  ( 3.200000000000000622, 0.1446467872876746885, 0.2024999999999999856 ) ) ;
#9299 = ORIENTED_EDGE ( 'NONE', *, *, #2456, .F. ) ;
#9300 = ORIENTED_EDGE ( 'NONE', *, *, #6155, .T. ) ;
#9301 = DIRECTION ( 'NONE',  ( -0.000000000000000000, 0.000000000000000000, 1.000000000000000000 ) ) ;
#9302 = EDGE_CURVE ( 'NONE', #331, #3524, #2396, .T. ) ;
#9303 = PLANE ( 'NONE',  #3639 ) ;
#9304 = LINE ( 'NONE', #1354, #7112 ) ;
#9305 = CARTESIAN_POINT ( 'NONE',  ( -2.200000000000000622, 0.7474999999999991651, -3.249999999999992006 ) ) ;
#9306 = CARTESIAN_POINT ( 'NONE',  ( 3.200000000000000622, 0.1446467872876746885, 1.502500000000000391 ) ) ;
#9307 = PLANE ( 'NONE',  #2383 ) ;
#9308 = ORIENTED_EDGE ( 'NONE', *, *, #5670, .T. ) ;
#9309 = DIRECTION ( 'NONE',  ( 0.000000000000000000, -0.000000000000000000, -1.000000000000000000 ) ) ;
#9310 = EDGE_CURVE ( 'NONE', #829, #3152, #5990, .T. ) ;
#9311 = ORIENTED_EDGE ( 'NONE', *, *, #7425, .F. ) ;
#9312 = EDGE_CURVE ( 'NONE', #5004, #1690, #6694, .T. ) ;
#9313 = AXIS2_PLACEMENT_3D ( 'NONE', #2022, #1181, #7579 ) ;
#9314 = DIRECTION ( 'NONE',  ( 0.000000000000000000, -0.000000000000000000, -1.000000000000000000 ) ) ;
#9315 = ADVANCED_FACE ( 'NONE', ( #2443 ), #5283, .F. ) ;
#9316 = DIRECTION ( 'NONE',  ( -1.000000000000000000, 0.000000000000000000, 0.000000000000000000 ) ) ;
#9317 = ADVANCED_FACE ( 'NONE', ( #2537 ), #400, .F. ) ;
ENDSEC;
END-ISO-10303-21;
