ISO-10303-21;
HEADER;
FILE_DESCRIPTION (( 'STEP AP214' ),
    '1' );
FILE_NAME ('705530004.STEP',
    '2024-03-18T07:58:51',
    ( 'LENOVO' ),
    ( '' ),
    'SwSTEP 2.0',
    'SolidWorks 2021',
    '' );
FILE_SCHEMA (( 'AUTOMOTIVE_DESIGN' ));
ENDSEC;

DATA;
#1 = EDGE_LOOP ( 'NONE', ( #1639, #637, #1945, #105 ) ) ;
#2 = PLANE ( 'NONE',  #3148 ) ;
#3 = CARTESIAN_POINT ( 'NONE',  ( -0.2124999999999999944, -0.01500000000000008618, 0.07000000000000000666 ) ) ;
#4 = FACE_OUTER_BOUND ( 'NONE', #1524, .T. ) ;
#5 = DIRECTION ( 'NONE',  ( 0.000000000000000000, 1.000000000000000000, 0.000000000000000000 ) ) ;
#6 = ORIENTED_EDGE ( 'NONE', *, *, #3578, .F. ) ;
#7 = CARTESIAN_POINT ( 'NONE',  ( -0.2999999999999999889, 0.01499999999999997689, -0.1000000000000000056 ) ) ;
#8 = EDGE_CURVE ( 'NONE', #1484, #1619, #21, .T. ) ;
#9 = ORIENTED_EDGE ( 'NONE', *, *, #1876, .F. ) ;
#10 = DIRECTION ( 'NONE',  ( 0.000000000000000000, -0.000000000000000000, -1.000000000000000000 ) ) ;
#11 = STYLED_ITEM ( 'NONE', ( #1617 ), #286 ) ;
#12 = ORIENTED_EDGE ( 'NONE', *, *, #728, .T. ) ;
#13 = VECTOR ( 'NONE', #1643, 39.37007874015748143 ) ;
#14 =( LENGTH_UNIT ( ) NAMED_UNIT ( * ) SI_UNIT ( $, .METRE. ) );
#15 = ORIENTED_EDGE ( 'NONE', *, *, #2838, .F. ) ;
#16 = EDGE_LOOP ( 'NONE', ( #2171, #1437, #3130, #710 ) ) ;
#17 = PLANE ( 'NONE',  #1118 ) ;
#18 = FACE_OUTER_BOUND ( 'NONE', #1805, .T. ) ;
#19 = CARTESIAN_POINT ( 'NONE',  ( -0.2999999999999999889, 0.4649999999999999689, -0.1000000000000000056 ) ) ;
#20 = EDGE_CURVE ( 'NONE', #786, #3476, #1224, .T. ) ;
#21 = LINE ( 'NONE', #1275, #2417 ) ;
#22 = EDGE_LOOP ( 'NONE', ( #595, #1164, #1228, #757 ) ) ;
#23 = ADVANCED_FACE ( 'NONE', ( #2548 ), #1510, .T. ) ;
#24 = DIRECTION ( 'NONE',  ( 0.000000000000000000, 0.000000000000000000, -1.000000000000000000 ) ) ;
#25 = ORIENTED_EDGE ( 'NONE', *, *, #3285, .F. ) ;
#26 = LINE ( 'NONE', #457, #36 ) ;
#27 = CARTESIAN_POINT ( 'NONE',  ( 0.01250000000000001110, 0.3174999999999997824, -0.01250000000000000069 ) ) ;
#28 = EDGE_LOOP ( 'NONE', ( #60, #1859, #1824, #157 ) ) ;
#29 = PLANE ( 'NONE',  #2074 ) ;
#30 = EDGE_CURVE ( 'NONE', #2857, #1516, #2494, .T. ) ;
#31 = ORIENTED_EDGE ( 'NONE', *, *, #3427, .F. ) ;
#32 = DIRECTION ( 'NONE',  ( -1.000000000000000000, 0.000000000000000000, 0.000000000000000000 ) ) ;
#33 = ORIENTED_EDGE ( 'NONE', *, *, #2459, .T. ) ;
#34 = DIRECTION ( 'NONE',  ( 0.000000000000000000, -1.000000000000000000, -1.552186360036505819E-16 ) ) ;
#35 = ORIENTED_EDGE ( 'NONE', *, *, #1845, .F. ) ;
#36 = VECTOR ( 'NONE', #1129, 39.37007874015748143 ) ;
#37 = AXIS2_PLACEMENT_3D ( 'NONE', #576, #3168, #1177 ) ;
#38 = CARTESIAN_POINT ( 'NONE',  ( 0.2449999999999999956, -0.01854101966249700403, 0.1150000000000000050 ) ) ;
#39 = VERTEX_POINT ( 'NONE', #3491 ) ;
#40 = PLANE ( 'NONE',  #37 ) ;
#41 = CARTESIAN_POINT ( 'NONE',  ( -0.1124999999999999750, -0.07000000000000033973, 0.07000000000000000666 ) ) ;
#42 = ORIENTED_EDGE ( 'NONE', *, *, #921, .T. ) ;
#43 = CARTESIAN_POINT ( 'NONE',  ( -0.2199999999999997236, -0.04250000000000015571, 0.01250000000000000069 ) ) ;
#44 = CARTESIAN_POINT ( 'NONE',  ( 0.1499999999999999944, 0.3150000000000000022, -0.1600000000000000033 ) ) ;
#45 = DIRECTION ( 'NONE',  ( 0.000000000000000000, 1.000000000000000000, 0.000000000000000000 ) ) ;
#46 = ORIENTED_EDGE ( 'NONE', *, *, #1108, .F. ) ;
#47 = DIRECTION ( 'NONE',  ( 0.000000000000000000, 1.000000000000000000, 1.552186360036513461E-16 ) ) ;
#48 = DIRECTION ( 'NONE',  ( -1.000000000000000000, 0.000000000000000000, 0.000000000000000000 ) ) ;
#49 = ADVANCED_FACE ( 'NONE', ( #119 ), #2, .F. ) ;
#50 = ADVANCED_FACE ( 'NONE', ( #328 ), #1039, .T. ) ;
#51 = ORIENTED_EDGE ( 'NONE', *, *, #1531, .T. ) ;
#52 = ORIENTED_EDGE ( 'NONE', *, *, #1108, .T. ) ;
#53 = CARTESIAN_POINT ( 'NONE',  ( -0.2800000000000001377, 0.4649999999999999689, -0.000000000000000000 ) ) ;
#54 = VERTEX_POINT ( 'NONE', #857 ) ;
#55 = LINE ( 'NONE', #1387, #13 ) ;
#56 = CARTESIAN_POINT ( 'NONE',  ( 0.000000000000000000, 0.000000000000000000, 0.000000000000000000 ) ) ;
#57 = ORIENTED_EDGE ( 'NONE', *, *, #2189, .T. ) ;
#58 = EDGE_CURVE ( 'NONE', #3406, #2269, #289, .T. ) ;
#59 = CARTESIAN_POINT ( 'NONE',  ( -0.2999999999999999889, 0.01499999999999997689, 0.1000000000000000056 ) ) ;
#60 = ORIENTED_EDGE ( 'NONE', *, *, #913, .T. ) ;
#61 = CARTESIAN_POINT ( 'NONE',  ( 0.1099999999999999867, 0.3150000000000000022, -0.1600000000000000033 ) ) ;
#62 = VECTOR ( 'NONE', #1130, 39.37007874015748143 ) ;
#63 = CARTESIAN_POINT ( 'NONE',  ( -0.2124999999999999944, -0.07000000000000033973, 0.07000000000000000666 ) ) ;
#64 = ORIENTED_EDGE ( 'NONE', *, *, #352, .T. ) ;
#65 = PLANE ( 'NONE',  #3189 ) ;
#66 = ORIENTED_EDGE ( 'NONE', *, *, #2577, .F. ) ;
#67 = EDGE_CURVE ( 'NONE', #1030, #2614, #2648, .T. ) ;
#68 = CARTESIAN_POINT ( 'NONE',  ( -0.1099999999999999867, 0.3150000000000000022, -0.1199999999999999956 ) ) ;
#69 = ORIENTED_EDGE ( 'NONE', *, *, #2175, .F. ) ;
#70 = EDGE_CURVE ( 'NONE', #1774, #630, #2674, .T. ) ;
#71 = ORIENTED_EDGE ( 'NONE', *, *, #619, .T. ) ;
#72 = CARTESIAN_POINT ( 'NONE',  ( -0.01999999999999994144, -0.03500000000000007272, 0.01250000000000000069 ) ) ;
#73 = ADVANCED_FACE ( 'NONE', ( #297 ), #2394, .T. ) ;
#74 = CARTESIAN_POINT ( 'NONE',  ( 0.000000000000000000, -0.07000000000000007605, 0.000000000000000000 ) ) ;
#75 = EDGE_CURVE ( 'NONE', #947, #1619, #1454, .T. ) ;
#76 = CARTESIAN_POINT ( 'NONE',  ( 0.1700000000000000400, 0.4649999999999999689, 0.1000000000000000056 ) ) ;
#77 = DIRECTION ( 'NONE',  ( 0.3047757271037808691, 0.000000000000000000, 0.9524241471993251107 ) ) ;
#78 = ADVANCED_FACE ( 'NONE', ( #1500 ), #1559, .F. ) ;
#79 = VERTEX_POINT ( 'NONE', #1874 ) ;
#80 = APPLICATION_PROTOCOL_DEFINITION ( 'draft international standard', 'automotive_design', 1998, #3386 ) ;
#81 = ORIENTED_EDGE ( 'NONE', *, *, #2189, .F. ) ;
#82 = SHAPE_REPRESENTATION ( '705530003_Body_5', ( #1810 ), #183 ) ;
#83 = CARTESIAN_POINT ( 'NONE',  ( 0.1099999999999999867, 0.3150000000000000022, -0.1199999999999999956 ) ) ;
#84 = CARTESIAN_POINT ( 'NONE',  ( 0.004500000000000004864, 0.3425000000000000266, 0.01250000000000000069 ) ) ;
#85 = EDGE_LOOP ( 'NONE', ( #66, #3139, #1336, #1280 ) ) ;
#86 = DIRECTION ( 'NONE',  ( 0.000000000000000000, -0.7071067811865487940, 0.7071067811865463515 ) ) ;
#87 = CARTESIAN_POINT ( 'NONE',  ( 0.2600000000000000644, 0.4649999999999999689, 0.09999999999999997780 ) ) ;
#88 = EDGE_LOOP ( 'NONE', ( #508, #428, #654, #2816 ) ) ;
#89 = AXIS2_PLACEMENT_3D ( 'NONE', #1708, #287, #677 ) ;
#90 = DIRECTION ( 'NONE',  ( 0.000000000000000000, 1.000000000000000000, 1.552186360036513461E-16 ) ) ;
#91 = VERTEX_POINT ( 'NONE', #2155 ) ;
#92 = DIRECTION ( 'NONE',  ( 1.000000000000000000, -0.000000000000000000, -0.000000000000000000 ) ) ;
#93 = CARTESIAN_POINT ( 'NONE',  ( -0.2449999999999999956, -0.05950000000000014999, -0.004499999999999994456 ) ) ;
#94 = CARTESIAN_POINT ( 'NONE',  ( 0.08750000000000002220, -0.07000000000000007605, -0.03000000000000002318 ) ) ;
#95 = DIRECTION ( 'NONE',  ( 0.000000000000000000, 0.000000000000000000, -1.000000000000000000 ) ) ;
#96 = DIRECTION ( 'NONE',  ( -0.3713906763541041101, -0.9284766908852590817, -0.000000000000000000 ) ) ;
#97 = ORIENTED_EDGE ( 'NONE', *, *, #728, .F. ) ;
#98 = EDGE_CURVE ( 'NONE', #2924, #3478, #2683, .T. ) ;
#99 = EDGE_CURVE ( 'NONE', #1441, #1119, #1473, .T. ) ;
#100 = DIRECTION ( 'NONE',  ( 1.000000000000000000, 0.000000000000000000, 0.000000000000000000 ) ) ;
#101 = EDGE_CURVE ( 'NONE', #3081, #2399, #335, .T. ) ;
#102 = ORIENTED_EDGE ( 'NONE', *, *, #1574, .F. ) ;
#103 = DIRECTION ( 'NONE',  ( 1.000000000000000000, 0.000000000000000000, -0.000000000000000000 ) ) ;
#104 = CARTESIAN_POINT ( 'NONE',  ( -0.05700000000000000205, 0.3519999999999999796, -0.1200000000000000233 ) ) ;
#105 = ORIENTED_EDGE ( 'NONE', *, *, #2040, .F. ) ;
#106 = DIRECTION ( 'NONE',  ( 0.000000000000000000, -0.000000000000000000, -1.000000000000000000 ) ) ;
#107 = EDGE_CURVE ( 'NONE', #1125, #1196, #2623, .T. ) ;
#108 = CARTESIAN_POINT ( 'NONE',  ( 0.2600000000000000089, 0.01499999999999999944, 0.07000000000000000666 ) ) ;
#109 = LINE ( 'NONE', #197, #1298 ) ;
#110 = CARTESIAN_POINT ( 'NONE',  ( -0.2600000000000000089, 0.1150000000000000050, -0.05999999999999999084 ) ) ;
#111 = AXIS2_PLACEMENT_3D ( 'NONE', #1428, #195, #2316 ) ;
#112 = DIRECTION ( 'NONE',  ( -0.000000000000000000, -0.000000000000000000, 1.000000000000000000 ) ) ;
#113 = ORIENTED_EDGE ( 'NONE', *, *, #929, .F. ) ;
#114 = EDGE_CURVE ( 'NONE', #2676, #1464, #2690, .T. ) ;
#115 = DIRECTION ( 'NONE',  ( 0.000000000000000000, 1.000000000000000000, 1.067128122525102974E-16 ) ) ;
#116 = VECTOR ( 'NONE', #1580, 39.37007874015748143 ) ;
#117 = LINE ( 'NONE', #3532, #170 ) ;
#118 = ORIENTED_EDGE ( 'NONE', *, *, #3066, .T. ) ;
#119 = FACE_OUTER_BOUND ( 'NONE', #327, .T. ) ;
#120 = FACE_OUTER_BOUND ( 'NONE', #2214, .T. ) ;
#121 = DIRECTION ( 'NONE',  ( -0.000000000000000000, -1.000000000000000000, -0.000000000000000000 ) ) ;
#122 = FACE_OUTER_BOUND ( 'NONE', #2393, .T. ) ;
#123 = CARTESIAN_POINT ( 'NONE',  ( -0.2999999999999999889, 0.01499999999999997689, 0.1000000000000000056 ) ) ;
#124 = ORIENTED_EDGE ( 'NONE', *, *, #75, .F. ) ;
#125 = DIRECTION ( 'NONE',  ( 1.000000000000000000, 0.000000000000000000, 0.000000000000000000 ) ) ;
#126 = AXIS2_PLACEMENT_3D ( 'NONE', #811, #3561, #3317 ) ;
#127 = CARTESIAN_POINT ( 'NONE',  ( 0.05999999999999996309, 0.1150000000000000050, -0.05999999999999999084 ) ) ;
#128 = EDGE_LOOP ( 'NONE', ( #1241, #2969, #2915, #1766 ) ) ;
#129 = CARTESIAN_POINT ( 'NONE',  ( 0.08750000000000002220, -0.01500000000000008618, 0.07000000000000000666 ) ) ;
#130 = DIRECTION ( 'NONE',  ( 1.000000000000000000, -0.000000000000000000, -0.000000000000000000 ) ) ;
#131 = FACE_OUTER_BOUND ( 'NONE', #1246, .T. ) ;
#132 = EDGE_CURVE ( 'NONE', #2614, #1693, #250, .T. ) ;
#133 = LINE ( 'NONE', #3230, #1317 ) ;
#134 = ORIENTED_EDGE ( 'NONE', *, *, #3437, .T. ) ;
#135 = CARTESIAN_POINT ( 'NONE',  ( 0.01250000000000001110, 0.3174999999999997824, -0.01250000000000000069 ) ) ;
#136 = DIRECTION ( 'NONE',  ( 1.000000000000000000, 0.000000000000000000, 0.000000000000000000 ) ) ;
#137 = DIRECTION ( 'NONE',  ( 1.000000000000000000, -0.000000000000000000, -0.000000000000000000 ) ) ;
#138 = PLANE ( 'NONE',  #2278 ) ;
#139 = ORIENTED_EDGE ( 'NONE', *, *, #3387, .F. ) ;
#140 = EDGE_CURVE ( 'NONE', #3490, #2362, #1483, .T. ) ;
#141 = PRODUCT_CONTEXT ( 'NONE', #1486, 'mechanical' ) ;
#142 = VECTOR ( 'NONE', #2225, 39.37007874015748143 ) ;
#143 = ADVANCED_FACE ( 'NONE', ( #315 ), #2755, .F. ) ;
#144 = PRODUCT_DEFINITION ( 'UNKNOWN', '', #1610, #2326 ) ;
#145 = FACE_OUTER_BOUND ( 'NONE', #3504, .T. ) ;
#146 = CARTESIAN_POINT ( 'NONE',  ( 0.2999999999999999889, 0.01499999999999997689, -0.1000000000000000472 ) ) ;
#147 = ORIENTED_EDGE ( 'NONE', *, *, #156, .F. ) ;
#148 = PLANE ( 'NONE',  #3537 ) ;
#149 = DIRECTION ( 'NONE',  ( 1.000000000000000000, 0.000000000000000000, 0.000000000000000000 ) ) ;
#150 = VECTOR ( 'NONE', #894, 39.37007874015748854 ) ;
#151 = AXIS2_PLACEMENT_3D ( 'NONE', #231, #865, #1890 ) ;
#152 = ORIENTED_EDGE ( 'NONE', *, *, #222, .F. ) ;
#153 = DIRECTION ( 'NONE',  ( 0.000000000000000000, 0.000000000000000000, -1.000000000000000000 ) ) ;
#154 = CARTESIAN_POINT ( 'NONE',  ( 0.1125000000000000305, -0.01500000000000008618, 0.07000000000000000666 ) ) ;
#155 = CARTESIAN_POINT ( 'NONE',  ( 0.000000000000000000, 0.4649999999999999689, 0.000000000000000000 ) ) ;
#156 = EDGE_CURVE ( 'NONE', #3099, #862, #260, .T. ) ;
#157 = ORIENTED_EDGE ( 'NONE', *, *, #1648, .T. ) ;
#158 = DIRECTION ( 'NONE',  ( -1.000000000000000000, 0.000000000000000000, 0.000000000000000000 ) ) ;
#159 = CARTESIAN_POINT ( 'NONE',  ( 0.1300000000000001155, 0.4649999999999999689, -0.000000000000000000 ) ) ;
#160 = CARTESIAN_POINT ( 'NONE',  ( -0.1099999999999999867, 0.3150000000000000022, -0.1000000000000000056 ) ) ;
#161 = CARTESIAN_POINT ( 'NONE',  ( 0.000000000000000000, -0.07000000000000007605, 0.000000000000000000 ) ) ;
#162 = EDGE_CURVE ( 'NONE', #304, #1937, #1515, .T. ) ;
#163 = VECTOR ( 'NONE', #2283, 39.37007874015748143 ) ;
#164 = CARTESIAN_POINT ( 'NONE',  ( 0.01250000000000003539, -0.07000000000000033973, 0.07000000000000000666 ) ) ;
#165 = DIRECTION ( 'NONE',  ( 0.000000000000000000, 0.000000000000000000, 1.000000000000000000 ) ) ;
#166 = ORIENTED_EDGE ( 'NONE', *, *, #1584, .F. ) ;
#167 = AXIS2_PLACEMENT_3D ( 'NONE', #3117, #3374, #1682 ) ;
#168 = FACE_OUTER_BOUND ( 'NONE', #85, .T. ) ;
#169 = ADVANCED_FACE ( 'NONE', ( #1401 ), #365, .T. ) ;
#170 = VECTOR ( 'NONE', #1488, 39.37007874015748143 ) ;
#171 = ADVANCED_FACE ( 'NONE', ( #2602 ), #65, .F. ) ;
#172 = DIRECTION ( 'NONE',  ( -1.000000000000000000, 0.000000000000000000, 0.000000000000000000 ) ) ;
#173 = CARTESIAN_POINT ( 'NONE',  ( 0.2199999999999998623, 0.4049999999999999156, -0.01999999999999990674 ) ) ;
#174 = FACE_OUTER_BOUND ( 'NONE', #1754, .T. ) ;
#175 = VERTEX_POINT ( 'NONE', #1353 ) ;
#176 = LINE ( 'NONE', #1327, #2591 ) ;
#177 = EDGE_CURVE ( 'NONE', #997, #2718, #230, .T. ) ;
#178 = LINE ( 'NONE', #1815, #1330 ) ;
#179 = VERTEX_POINT ( 'NONE', #1602 ) ;
#180 = EDGE_CURVE ( 'NONE', #3478, #862, #1433, .T. ) ;
#181 =( REPRESENTATION_RELATIONSHIP ('NONE','NONE', #465, #2504 ) REPRESENTATION_RELATIONSHIP_WITH_TRANSFORMATION ( #3459 )SHAPE_REPRESENTATION_RELATIONSHIP( ) );
#182 = FACE_OUTER_BOUND ( 'NONE', #1808, .T. ) ;
#183 =( GEOMETRIC_REPRESENTATION_CONTEXT ( 3 ) GLOBAL_UNCERTAINTY_ASSIGNED_CONTEXT ( ( #396 ) ) GLOBAL_UNIT_ASSIGNED_CONTEXT ( ( #1517, #1735, #2116 ) ) REPRESENTATION_CONTEXT ( 'NONE', 'WORKASPACE' ) );
#184 = DIRECTION ( 'NONE',  ( 1.000000000000000000, 0.000000000000000000, 0.000000000000000000 ) ) ;
#185 = EDGE_LOOP ( 'NONE', ( #647, #1672, #3428, #33, #518, #1073, #1621, #2864 ) ) ;
#186 = CARTESIAN_POINT ( 'NONE',  ( -0.2124999999999999944, 0.000000000000000000, 0.000000000000000000 ) ) ;
#187 = AXIS2_PLACEMENT_3D ( 'NONE', #1154, #546, #2776 ) ;
#188 = DIRECTION ( 'NONE',  ( -0.000000000000000000, -0.000000000000000000, -1.000000000000000000 ) ) ;
#189 = ORIENTED_EDGE ( 'NONE', *, *, #1783, .T. ) ;
#190 = PLANE ( 'NONE',  #2770 ) ;
#191 = VECTOR ( 'NONE', #2490, 39.37007874015748143 ) ;
#192 = ADVANCED_FACE ( 'NONE', ( #2640 ), #643, .F. ) ;
#193 = ORIENTED_EDGE ( 'NONE', *, *, #398, .T. ) ;
#194 = ADVANCED_FACE ( 'NONE', ( #1442 ), #2001, .F. ) ;
#195 = DIRECTION ( 'NONE',  ( -0.9284766908852595257, -0.3713906763541034439, 0.000000000000000000 ) ) ;
#196 = CARTESIAN_POINT ( 'NONE',  ( 0.1700000000000000400, 0.1150000000000000050, 0.06000000000000001166 ) ) ;
#197 = CARTESIAN_POINT ( 'NONE',  ( -0.2999999999999999889, 0.4649999999999999689, -0.1000000000000000056 ) ) ;
#198 = CARTESIAN_POINT ( 'NONE',  ( -0.01249999999999999029, 0.1024999999999999661, 0.01250000000000000069 ) ) ;
#199 = ORIENTED_EDGE ( 'NONE', *, *, #1864, .F. ) ;
#200 = LINE ( 'NONE', #1931, #2550 ) ;
#201 = CARTESIAN_POINT ( 'NONE',  ( 0.2600000000000000089, -0.07000000000000007605, 0.07000000000000000666 ) ) ;
#202 = PLANE ( 'NONE',  #255 ) ;
#203 = ORIENTED_EDGE ( 'NONE', *, *, #2060, .T. ) ;
#204 = CARTESIAN_POINT ( 'NONE',  ( 0.1875000000000000555, -0.01500000000000008618, 0.07000000000000000666 ) ) ;
#205 = LINE ( 'NONE', #333, #163 ) ;
#206 = DIRECTION ( 'NONE',  ( 0.000000000000000000, 0.000000000000000000, -1.000000000000000000 ) ) ;
#207 = EDGE_LOOP ( 'NONE', ( #2741, #2794, #585, #1738 ) ) ;
#208 = CARTESIAN_POINT ( 'NONE',  ( 0.1875000000000000555, 0.000000000000000000, 0.000000000000000000 ) ) ;
#209 = DIRECTION ( 'NONE',  ( -0.3713906763541033884, 0.9284766908852594147, 0.000000000000000000 ) ) ;
#210 = VERTEX_POINT ( 'NONE', #943 ) ;
#211 = EDGE_CURVE ( 'NONE', #1132, #818, #1490, .T. ) ;
#212 = FACE_OUTER_BOUND ( 'NONE', #2854, .T. ) ;
#213 = ADVANCED_FACE ( 'NONE', ( #265 ), #2729, .F. ) ;
#214 = DIRECTION ( 'NONE',  ( -1.000000000000000000, 0.000000000000000000, -0.000000000000000000 ) ) ;
#215 = EDGE_CURVE ( 'NONE', #3419, #1416, #2664, .T. ) ;
#216 = PLANE ( 'NONE',  #2442 ) ;
#217 = CARTESIAN_POINT ( 'NONE',  ( -0.2600000000000000089, 0.1150000000000000050, -0.05999999999999999084 ) ) ;
#218 = AXIS2_PLACEMENT_3D ( 'NONE', #1985, #2539, #2803 ) ;
#219 = ADVANCED_FACE ( 'NONE', ( #1465 ), #3283, .F. ) ;
#220 = VECTOR ( 'NONE', #359, 39.37007874015748143 ) ;
#221 = PLANE ( 'NONE',  #2027 ) ;
#222 = EDGE_CURVE ( 'NONE', #2335, #2243, #2813, .T. ) ;
#223 = VERTEX_POINT ( 'NONE', #127 ) ;
#224 = CARTESIAN_POINT ( 'NONE',  ( -0.3000000000000000444, -0.07000000000000007605, -0.03000000000000001277 ) ) ;
#225 = CARTESIAN_POINT ( 'NONE',  ( -0.2600000000000000089, 0.1150000000000000050, 0.06000000000000001166 ) ) ;
#226 = FACE_OUTER_BOUND ( 'NONE', #22, .T. ) ;
#227 = DIRECTION ( 'NONE',  ( 0.000000000000000000, -1.000000000000000000, 0.000000000000000000 ) ) ;
#228 = VERTEX_POINT ( 'NONE', #763 ) ;
#229 = CARTESIAN_POINT ( 'NONE',  ( 0.1200000000000000233, 0.4649999999999999689, 0.1000000000000000056 ) ) ;
#230 = LINE ( 'NONE', #312, #2609 ) ;
#231 = CARTESIAN_POINT ( 'NONE',  ( 0.2599999999999999534, 0.4449999999999998956, 0.06000000000000001166 ) ) ;
#232 = FILL_AREA_STYLE_COLOUR ( '', #3475 ) ;
#233 = CARTESIAN_POINT ( 'NONE',  ( 0.000000000000000000, 0.000000000000000000, 0.000000000000000000 ) ) ;
#234 = ORIENTED_EDGE ( 'NONE', *, *, #1485, .F. ) ;
#235 = VECTOR ( 'NONE', #674, 39.37007874015748143 ) ;
#236 = CARTESIAN_POINT ( 'NONE',  ( 0.000000000000000000, 0.4649999999999999689, -0.08000000000000012657 ) ) ;
#237 = CARTESIAN_POINT ( 'NONE',  ( -0.2999999999999999889, 0.4649999999999999689, -0.1000000000000000056 ) ) ;
#238 = DIRECTION ( 'NONE',  ( 0.7071067811865486830, 0.000000000000000000, -0.7071067811865462405 ) ) ;
#239 = ORIENTED_EDGE ( 'NONE', *, *, #984, .F. ) ;
#240 = AXIS2_PLACEMENT_3D ( 'NONE', #1112, #2088, #1814 ) ;
#241 = VECTOR ( 'NONE', #2820, 39.37007874015748143 ) ;
#242 = DIRECTION ( 'NONE',  ( 0.000000000000000000, -0.000000000000000000, -1.000000000000000000 ) ) ;
#243 = DIRECTION ( 'NONE',  ( 0.000000000000000000, 1.000000000000000000, 0.000000000000000000 ) ) ;
#244 = PLANE ( 'NONE',  #3242 ) ;
#245 = CARTESIAN_POINT ( 'NONE',  ( -0.2600000000000000089, -0.01500000000000007057, -0.07000000000000000666 ) ) ;
#246 = ADVANCED_FACE ( 'NONE', ( #2773 ), #1495, .T. ) ;
#247 = EDGE_CURVE ( 'NONE', #2000, #2614, #431, .T. ) ;
#248 = PLANE ( 'NONE',  #2154 ) ;
#249 = VERTEX_POINT ( 'NONE', #2339 ) ;
#250 = LINE ( 'NONE', #43, #275 ) ;
#251 = DIRECTION ( 'NONE',  ( 1.000000000000000000, 0.000000000000000000, 0.000000000000000000 ) ) ;
#252 = ORIENTED_EDGE ( 'NONE', *, *, #2748, .F. ) ;
#253 = EDGE_CURVE ( 'NONE', #1342, #3170, #2768, .T. ) ;
#254 = LINE ( 'NONE', #1278, #1502 ) ;
#255 = AXIS2_PLACEMENT_3D ( 'NONE', #466, #1561, #1603 ) ;
#256 = CARTESIAN_POINT ( 'NONE',  ( 0.1700000000000000400, 0.1150000000000000050, 0.06000000000000001166 ) ) ;
#257 = CARTESIAN_POINT ( 'NONE',  ( 0.2800000000000000822, 0.4649999999999999689, -0.08000000000000012657 ) ) ;
#258 = DIRECTION ( 'NONE',  ( 1.000000000000000000, 0.000000000000000000, 0.000000000000000000 ) ) ;
#259 = EDGE_LOOP ( 'NONE', ( #2163, #1287, #3316, #2445 ) ) ;
#260 = LINE ( 'NONE', #1958, #2656 ) ;
#261 = VECTOR ( 'NONE', #426, 39.37007874015748143 ) ;
#262 = DIRECTION ( 'NONE',  ( 1.000000000000000000, 0.000000000000000000, 0.000000000000000000 ) ) ;
#263 = DIRECTION ( 'NONE',  ( -1.897116662266849457E-16, 1.000000000000000000, 0.000000000000000000 ) ) ;
#264 = DIRECTION ( 'NONE',  ( 0.000000000000000000, 1.000000000000000000, 1.552186360036513461E-16 ) ) ;
#265 = FACE_OUTER_BOUND ( 'NONE', #640, .T. ) ;
#266 = DIRECTION ( 'NONE',  ( 1.000000000000000000, -0.000000000000000000, 0.000000000000000000 ) ) ;
#267 = VECTOR ( 'NONE', #2967, 39.37007874015748143 ) ;
#268 = EDGE_CURVE ( 'NONE', #2718, #2223, #1590, .T. ) ;
#269 = EDGE_LOOP ( 'NONE', ( #1211, #64, #3562, #473 ) ) ;
#270 = ADVANCED_FACE ( 'NONE', ( #2791 ), #2078, .T. ) ;
#271 = VECTOR ( 'NONE', #1333, 39.37007874015748143 ) ;
#272 = DIRECTION ( 'NONE',  ( -0.000000000000000000, -0.000000000000000000, -1.000000000000000000 ) ) ;
#273 = SURFACE_STYLE_USAGE ( .BOTH. , #3330 ) ;
#274 = VERTEX_POINT ( 'NONE', #2875 ) ;
#275 = VECTOR ( 'NONE', #3421, 39.37007874015748143 ) ;
#276 = ORIENTED_EDGE ( 'NONE', *, *, #352, .F. ) ;
#277 = DIRECTION ( 'NONE',  ( 0.000000000000000000, 1.000000000000000000, 0.000000000000000000 ) ) ;
#278 = DIRECTION ( 'NONE',  ( 0.000000000000000000, -0.000000000000000000, 1.000000000000000000 ) ) ;
#279 = CARTESIAN_POINT ( 'NONE',  ( 0.1125000000000000305, -0.07000000000000007605, -0.03000000000000002318 ) ) ;
#280 = EDGE_CURVE ( 'NONE', #2269, #1484, #2806, .T. ) ;
#281 = VECTOR ( 'NONE', #1560, 39.37007874015748143 ) ;
#282 = CLOSED_SHELL ( 'NONE', ( #1550, #1031, #143, #1392, #305, #1545, #1151, #411, #3304, #1983 ) ) ;
#283 = VECTOR ( 'NONE', #821, 39.37007874015748854 ) ;
#284 = ORIENTED_EDGE ( 'NONE', *, *, #390, .T. ) ;
#285 = LINE ( 'NONE', #2845, #1549 ) ;
#286 = MANIFOLD_SOLID_BREP ( 'Chamfer2', #2306 ) ;
#287 = DIRECTION ( 'NONE',  ( 0.000000000000000000, 0.000000000000000000, 1.000000000000000000 ) ) ;
#288 = CARTESIAN_POINT ( 'NONE',  ( 0.2399999999999999634, 0.3850000000000000089, 0.004449987798925545378 ) ) ;
#289 = LINE ( 'NONE', #2962, #1427 ) ;
#290 = CARTESIAN_POINT ( 'NONE',  ( 0.05999999999999996309, 0.3150000000000000022, -0.08000000000000005718 ) ) ;
#291 = EDGE_CURVE ( 'NONE', #1456, #3081, #2848, .T. ) ;
#292 = VERTEX_POINT ( 'NONE', #3236 ) ;
#293 = VECTOR ( 'NONE', #1879, 39.37007874015748143 ) ;
#294 = AXIS2_PLACEMENT_3D ( 'NONE', #186, #2072, #2905 ) ;
#295 = DIRECTION ( 'NONE',  ( 0.000000000000000000, 0.000000000000000000, 1.000000000000000000 ) ) ;
#296 = EDGE_LOOP ( 'NONE', ( #741, #3105, #2493, #668 ) ) ;
#297 = FACE_OUTER_BOUND ( 'NONE', #2357, .T. ) ;
#298 = VECTOR ( 'NONE', #788, 39.37007874015748143 ) ;
#299 = DIRECTION ( 'NONE',  ( 0.000000000000000000, 0.000000000000000000, -1.000000000000000000 ) ) ;
#300 = EDGE_CURVE ( 'NONE', #2292, #2505, #1522, .T. ) ;
#301 = EDGE_LOOP ( 'NONE', ( #397, #1180, #57, #437 ) ) ;
#302 = AXIS2_PLACEMENT_3D ( 'NONE', #2715, #2463, #1991 ) ;
#303 = VECTOR ( 'NONE', #3398, 39.37007874015748143 ) ;
#304 = VERTEX_POINT ( 'NONE', #1047 ) ;
#305 = ADVANCED_FACE ( 'NONE', ( #400 ), #1825, .F. ) ;
#306 = LINE ( 'NONE', #3464, #1541 ) ;
#307 = CARTESIAN_POINT ( 'NONE',  ( -0.08749999999999996669, -0.01500000000000008618, 0.07000000000000000666 ) ) ;
#308 = CARTESIAN_POINT ( 'NONE',  ( -0.06000000000000003247, 0.3150000000000000022, -0.08000000000000005718 ) ) ;
#309 = ADVANCED_BREP_SHAPE_REPRESENTATION ( '', ( #1556, #781, #1810 ), #183 ) ;
#310 = DIRECTION ( 'NONE',  ( -1.000000000000000000, 0.000000000000000000, 0.000000000000000000 ) ) ;
#311 = EDGE_CURVE ( 'NONE', #932, #334, #2842, .T. ) ;
#312 = CARTESIAN_POINT ( 'NONE',  ( 0.01250000000000003539, -0.07000000000000007605, -0.03000000000000002318 ) ) ;
#313 = DIRECTION ( 'NONE',  ( -0.000000000000000000, 1.000000000000000000, -0.000000000000000000 ) ) ;
#314 = ORIENTED_EDGE ( 'NONE', *, *, #222, .T. ) ;
#315 = FACE_OUTER_BOUND ( 'NONE', #2710, .T. ) ;
#316 = VECTOR ( 'NONE', #638, 39.37007874015748143 ) ;
#317 = VECTOR ( 'NONE', #1276, 39.37007874015748143 ) ;
#318 = CARTESIAN_POINT ( 'NONE',  ( -0.1499999999999999944, 0.4649999999999999689, -0.1000000000000000056 ) ) ;
#319 = ORIENTED_EDGE ( 'NONE', *, *, #1069, .T. ) ;
#320 = VECTOR ( 'NONE', #2229, 39.37007874015748143 ) ;
#321 = EDGE_LOOP ( 'NONE', ( #1207, #1867, #700, #152 ) ) ;
#322 = EDGE_CURVE ( 'NONE', #1342, #1950, #2728, .T. ) ;
#323 = LINE ( 'NONE', #840, #267 ) ;
#324 =( LENGTH_UNIT ( ) NAMED_UNIT ( * ) SI_UNIT ( $, .METRE. ) );
#325 = DIRECTION ( 'NONE',  ( 1.000000000000000000, 0.000000000000000000, 0.000000000000000000 ) ) ;
#326 = LINE ( 'NONE', #2635, #2631 ) ;
#327 = EDGE_LOOP ( 'NONE', ( #684, #1939, #1905, #1960 ) ) ;
#328 = FACE_OUTER_BOUND ( 'NONE', #362, .T. ) ;
#329 = EDGE_LOOP ( 'NONE', ( #972, #3176, #2604, #1389, #2632, #1853, #958, #1872, #252, #762 ) ) ;
#330 = VECTOR ( 'NONE', #2556, 39.37007874015748143 ) ;
#331 = EDGE_CURVE ( 'NONE', #2378, #1004, #361, .T. ) ;
#332 = DIRECTION ( 'NONE',  ( -1.000000000000000000, 0.000000000000000000, 0.000000000000000000 ) ) ;
#333 = CARTESIAN_POINT ( 'NONE',  ( -0.01249999999999994171, -0.03500000000000007272, 0.01250000000000000069 ) ) ;
#334 = VERTEX_POINT ( 'NONE', #3093 ) ;
#335 = LINE ( 'NONE', #2495, #235 ) ;
#336 = VERTEX_POINT ( 'NONE', #1989 ) ;
#337 = VECTOR ( 'NONE', #2375, 39.37007874015748143 ) ;
#338 = EDGE_CURVE ( 'NONE', #3147, #249, #370, .T. ) ;
#339 = CARTESIAN_POINT ( 'NONE',  ( -0.1099999999999999867, 0.2949999999999998734, -0.05999999999999999084 ) ) ;
#340 = VECTOR ( 'NONE', #3541, 39.37007874015748143 ) ;
#341 = PLANE ( 'NONE',  #2711 ) ;
#342 = ORIENTED_EDGE ( 'NONE', *, *, #3329, .T. ) ;
#343 = DIRECTION ( 'NONE',  ( -0.000000000000000000, 1.000000000000000000, -0.000000000000000000 ) ) ;
#344 = FILL_AREA_STYLE_COLOUR ( '', #2966 ) ;
#345 = LINE ( 'NONE', #288, #356 ) ;
#346 = AXIS2_PLACEMENT_3D ( 'NONE', #1365, #2217, #1593 ) ;
#347 = DIRECTION ( 'NONE',  ( 1.000000000000000000, 0.000000000000000000, 0.000000000000000000 ) ) ;
#348 = EDGE_LOOP ( 'NONE', ( #2065, #780, #2039, #3219 ) ) ;
#349 = UNCERTAINTY_MEASURE_WITH_UNIT (LENGTH_MEASURE( 1.000000000000000082E-05 ), #2005, 'distance_accuracy_value', 'NONE');
#350 = LINE ( 'NONE', #2342, #866 ) ;
#351 = DIRECTION ( 'NONE',  ( 0.000000000000000000, 1.000000000000000000, 1.552186360036513461E-16 ) ) ;
#352 = EDGE_CURVE ( 'NONE', #210, #2426, #2746, .T. ) ;
#353 = CARTESIAN_POINT ( 'NONE',  ( -0.2999999999999999889, 0.3149999999999998912, -0.1000000000000000056 ) ) ;
#354 = VECTOR ( 'NONE', #2849, 39.37007874015748143 ) ;
#355 = VERTEX_POINT ( 'NONE', #318 ) ;
#356 = VECTOR ( 'NONE', #2261, 39.37007874015748143 ) ;
#357 = CARTESIAN_POINT ( 'NONE',  ( 0.2399999999999999634, 0.3850000000000000089, -0.1000000000000000056 ) ) ;
#358 = DIRECTION ( 'NONE',  ( 0.7071067811865467956, -0.000000000000000000, -0.7071067811865483499 ) ) ;
#359 = DIRECTION ( 'NONE',  ( -0.000000000000000000, 1.000000000000000000, -0.000000000000000000 ) ) ;
#360 = VERTEX_POINT ( 'NONE', #1340 ) ;
#361 = LINE ( 'NONE', #3129, #2740 ) ;
#362 = EDGE_LOOP ( 'NONE', ( #3399, #1421, #1987, #2582 ) ) ;
#363 = LINE ( 'NONE', #1817, #2730 ) ;
#364 = AXIS2_PLACEMENT_3D ( 'NONE', #827, #1831, #3366 ) ;
#365 = PLANE ( 'NONE',  #2979 ) ;
#366 = CARTESIAN_POINT ( 'NONE',  ( -0.1700000000000000400, 0.4649999999999999689, 0.08000000000000014044 ) ) ;
#367 = DIRECTION ( 'NONE',  ( 1.000000000000000000, -0.000000000000000000, -0.000000000000000000 ) ) ;
#368 = ORIENTED_EDGE ( 'NONE', *, *, #1458, .F. ) ;
#369 = PLANE ( 'NONE',  #3165 ) ;
#370 = LINE ( 'NONE', #1968, #1562 ) ;
#371 = ORIENTED_EDGE ( 'NONE', *, *, #2795, .T. ) ;
#372 = LINE ( 'NONE', #2135, #2692 ) ;
#373 = AXIS2_PLACEMENT_3D ( 'NONE', #1292, #1536, #1846 ) ;
#374 = VECTOR ( 'NONE', #1167, 39.37007874015748143 ) ;
#375 = ORIENTED_EDGE ( 'NONE', *, *, #2392, .F. ) ;
#376 = VECTOR ( 'NONE', #3496, 39.37007874015748854 ) ;
#377 = DIRECTION ( 'NONE',  ( -1.000000000000000000, 0.000000000000000000, 0.000000000000000000 ) ) ;
#378 = CARTESIAN_POINT ( 'NONE',  ( -0.1200000000000000233, 0.1150000000000000050, 0.1000000000000000056 ) ) ;
#379 = ORIENTED_EDGE ( 'NONE', *, *, #871, .T. ) ;
#380 = VECTOR ( 'NONE', #2311, 39.37007874015748143 ) ;
#381 = DIRECTION ( 'NONE',  ( 0.000000000000000000, -1.000000000000000000, 0.000000000000000000 ) ) ;
#382 = CARTESIAN_POINT ( 'NONE',  ( 0.01250000000000001110, 0.3174999999999997824, 0.01250000000000000069 ) ) ;
#383 = EDGE_LOOP ( 'NONE', ( #966, #2102, #102, #2025, #2033, #3255, #1535, #1663, #2918, #1749, #2968, #1731, #1528, #3568, #3576, #2313, #1461, #3484, #1720, #379, #1794, #2218, #1716, #1658 ) ) ;
#384 = PLANE ( 'NONE',  #1233 ) ;
#385 = PLANE ( 'NONE',  #517 ) ;
#386 = VECTOR ( 'NONE', #2402, 39.37007874015748143 ) ;
#387 = DIRECTION ( 'NONE',  ( 1.000000000000000000, -0.000000000000000000, -0.000000000000000000 ) ) ;
#388 = ORIENTED_EDGE ( 'NONE', *, *, #500, .F. ) ;
#389 = CARTESIAN_POINT ( 'NONE',  ( 0.1499999999999999944, 0.3150000000000000022, -0.1000000000000000056 ) ) ;
#390 = EDGE_CURVE ( 'NONE', #91, #1892, #1547, .T. ) ;
#391 = PRODUCT_DEFINITION_CONTEXT ( 'detailed design', #2017, 'design' ) ;
#392 = CARTESIAN_POINT ( 'NONE',  ( 0.2125000000000000500, -0.01500000000000008618, 0.07000000000000000666 ) ) ;
#393 = PLANE ( 'NONE',  #2565 ) ;
#394 = AXIS2_PLACEMENT_3D ( 'NONE', #1909, #3024, #1539 ) ;
#395 = CARTESIAN_POINT ( 'NONE',  ( 0.2600000000000000089, 0.01499999999999999944, -0.07000000000000000666 ) ) ;
#396 = UNCERTAINTY_MEASURE_WITH_UNIT (LENGTH_MEASURE( 1.000000000000000082E-05 ), #1517, 'distance_accuracy_value', 'NONE');
#397 = ORIENTED_EDGE ( 'NONE', *, *, #721, .F. ) ;
#398 = EDGE_CURVE ( 'NONE', #456, #360, #416, .T. ) ;
#399 = DIRECTION ( 'NONE',  ( 1.000000000000000000, 0.000000000000000000, 0.000000000000000000 ) ) ;
#400 = FACE_OUTER_BOUND ( 'NONE', #3511, .T. ) ;
#401 = CARTESIAN_POINT ( 'NONE',  ( -0.06000000000000003247, 0.1150000000000000050, -0.1000000000000000056 ) ) ;
#402 = VERTEX_POINT ( 'NONE', #560 ) ;
#403 = CARTESIAN_POINT ( 'NONE',  ( 0.2399999999999999634, 0.3850000000000000089, -0.09800000000000000377 ) ) ;
#404 = DIRECTION ( 'NONE',  ( 1.000000000000000000, -0.000000000000000000, -0.000000000000000000 ) ) ;
#405 = VECTOR ( 'NONE', #3352, 39.37007874015748143 ) ;
#406 = VECTOR ( 'NONE', #888, 39.37007874015748854 ) ;
#407 = AXIS2_PLACEMENT_3D ( 'NONE', #155, #3550, #1320 ) ;
#408 = CARTESIAN_POINT ( 'NONE',  ( -0.1499999999999999944, 0.3150000000000000022, -0.1600000000000000033 ) ) ;
#409 = EDGE_LOOP ( 'NONE', ( #1800, #1948, #193, #1858 ) ) ;
#410 = CARTESIAN_POINT ( 'NONE',  ( -0.2999999999999999889, 0.01499999999999997689, 0.1000000000000000056 ) ) ;
#411 = ADVANCED_FACE ( 'NONE', ( #1566 ), #3359, .F. ) ;
#412 = DIRECTION ( 'NONE',  ( 0.000000000000000000, 0.000000000000000000, -1.000000000000000000 ) ) ;
#413 = FACE_OUTER_BOUND ( 'NONE', #296, .T. ) ;
#414 = ORIENTED_EDGE ( 'NONE', *, *, #799, .T. ) ;
#415 = CARTESIAN_POINT ( 'NONE',  ( -0.2449999999999999956, -0.06750000000000017097, -0.01250000000000000069 ) ) ;
#416 = LINE ( 'NONE', #1611, #2763 ) ;
#417 = CARTESIAN_POINT ( 'NONE',  ( -0.01249999999999996773, -0.01500000000000008618, 0.07000000000000000666 ) ) ;
#418 = ORIENTED_EDGE ( 'NONE', *, *, #946, .F. ) ;
#419 = EDGE_CURVE ( 'NONE', #2205, #3410, #2784, .T. ) ;
#420 = APPLICATION_PROTOCOL_DEFINITION ( 'draft international standard', 'automotive_design', 1998, #1486 ) ;
#421 = VECTOR ( 'NONE', #2828, 39.37007874015748143 ) ;
#422 = DIRECTION ( 'NONE',  ( 0.000000000000000000, 0.000000000000000000, -1.000000000000000000 ) ) ;
#423 = DIRECTION ( 'NONE',  ( -0.000000000000000000, 0.000000000000000000, -1.000000000000000000 ) ) ;
#424 = PLANE ( 'NONE',  #1415 ) ;
#425 = VERTEX_POINT ( 'NONE', #2460 ) ;
#426 = DIRECTION ( 'NONE',  ( -0.000000000000000000, -0.000000000000000000, 1.000000000000000000 ) ) ;
#427 = CYLINDRICAL_SURFACE ( 'NONE', #1070, 0.05300000000000000544 ) ;
#428 = ORIENTED_EDGE ( 'NONE', *, *, #268, .F. ) ;
#429 = MECHANICAL_DESIGN_GEOMETRIC_PRESENTATION_REPRESENTATION (  '', ( #995 ), #1578 ) ;
#430 = DIRECTION ( 'NONE',  ( 0.000000000000000000, -1.000000000000000000, 0.000000000000000000 ) ) ;
#431 = LINE ( 'NONE', #2973, #1612 ) ;
#432 = DIRECTION ( 'NONE',  ( 0.5773502691896263972, 0.5773502691896243988, -0.5773502691896263972 ) ) ;
#433 = VERTEX_POINT ( 'NONE', #1071 ) ;
#434 = EDGE_LOOP ( 'NONE', ( #1877, #3009, #1212, #661 ) ) ;
#435 = PLANE ( 'NONE',  #447 ) ;
#436 = CARTESIAN_POINT ( 'NONE',  ( 0.08750000000000002220, -0.01500000000000008618, 0.07000000000000000666 ) ) ;
#437 = ORIENTED_EDGE ( 'NONE', *, *, #2543, .F. ) ;
#438 = CARTESIAN_POINT ( 'NONE',  ( 0.1200000000000000233, 0.000000000000000000, 0.000000000000000000 ) ) ;
#439 = ORIENTED_EDGE ( 'NONE', *, *, #2006, .T. ) ;
#440 = ADVANCED_FACE ( 'NONE', ( #1685 ), #248, .F. ) ;
#441 = SURFACE_STYLE_FILL_AREA ( #2380 ) ;
#442 = LINE ( 'NONE', #2122, #2868 ) ;
#443 = CARTESIAN_POINT ( 'NONE',  ( -0.01249999999999996773, 0.000000000000000000, 0.000000000000000000 ) ) ;
#444 = ORIENTED_EDGE ( 'NONE', *, *, #2512, .F. ) ;
#445 = CARTESIAN_POINT ( 'NONE',  ( -0.1099999999999999867, 0.3150000000000000022, -0.05999999999999999084 ) ) ;
#446 = VERTEX_POINT ( 'NONE', #2713 ) ;
#447 = AXIS2_PLACEMENT_3D ( 'NONE', #1481, #115, #1439 ) ;
#448 = FACE_OUTER_BOUND ( 'NONE', #1386, .T. ) ;
#449 = DIRECTION ( 'NONE',  ( -0.000000000000000000, -1.067128122525102481E-16, 1.000000000000000000 ) ) ;
#450 = CARTESIAN_POINT ( 'NONE',  ( 0.2600000000000000089, -0.07000000000000007605, 0.07000000000000000666 ) ) ;
#451 = CARTESIAN_POINT ( 'NONE',  ( 0.01250000000000001110, 0.3425000000000000266, 0.01250000000000000069 ) ) ;
#452 = LINE ( 'NONE', #1221, #480 ) ;
#453 = VECTOR ( 'NONE', #3034, 39.37007874015748143 ) ;
#454 = DIRECTION ( 'NONE',  ( -0.000000000000000000, 1.000000000000000000, -0.000000000000000000 ) ) ;
#455 = EDGE_CURVE ( 'NONE', #1527, #1030, #1725, .T. ) ;
#456 = VERTEX_POINT ( 'NONE', #1397 ) ;
#457 = CARTESIAN_POINT ( 'NONE',  ( -0.2600000000000000089, 0.4449999999999998956, 0.06000000000000001166 ) ) ;
#458 = EDGE_CURVE ( 'NONE', #1693, #2704, #1638, .T. ) ;
#459 = LINE ( 'NONE', #2850, #555 ) ;
#460 = AXIS2_PLACEMENT_3D ( 'NONE', #911, #1926, #631 ) ;
#461 = ADVANCED_FACE ( 'NONE', ( #571 ), #1565, .T. ) ;
#462 = CARTESIAN_POINT ( 'NONE',  ( -0.1200000000000000233, 0.1150000000000000050, 0.06000000000000001166 ) ) ;
#463 = ORIENTED_EDGE ( 'NONE', *, *, #3058, .T. ) ;
#464 = CARTESIAN_POINT ( 'NONE',  ( -0.1200000000000000233, 0.1150000000000000050, 0.1000000000000000056 ) ) ;
#465 = SHAPE_REPRESENTATION ( '705530004', ( #2090, #460, #949, #1408, #346, #1446, #2471 ), #1922 ) ;
#466 = CARTESIAN_POINT ( 'NONE',  ( 0.2399999999999999634, 0.3850000000000000089, -0.09800000000000000377 ) ) ;
#467 = DIRECTION ( 'NONE',  ( 0.000000000000000000, 0.000000000000000000, -1.000000000000000000 ) ) ;
#468 = ADVANCED_FACE ( 'NONE', ( #2910 ), #1736, .T. ) ;
#469 = EDGE_CURVE ( 'NONE', #2596, #601, #2972, .T. ) ;
#470 = VECTOR ( 'NONE', #1040, 39.37007874015748143 ) ;
#471 = AXIS2_PLACEMENT_3D ( 'NONE', #959, #2396, #1489 ) ;
#472 = LINE ( 'NONE', #2695, #2959 ) ;
#473 = ORIENTED_EDGE ( 'NONE', *, *, #469, .F. ) ;
#474 = DIRECTION ( 'NONE',  ( 0.000000000000000000, 0.000000000000000000, -1.000000000000000000 ) ) ;
#475 = ORIENTED_EDGE ( 'NONE', *, *, #1277, .T. ) ;
#476 = DIRECTION ( 'NONE',  ( 1.000000000000000000, 0.000000000000000000, -0.000000000000000000 ) ) ;
#477 = VECTOR ( 'NONE', #897, 39.37007874015748143 ) ;
#478 = DIRECTION ( 'NONE',  ( -1.000000000000000000, -2.845674993400280349E-16, 0.000000000000000000 ) ) ;
#479 = EDGE_CURVE ( 'NONE', #2378, #2782, #2964, .T. ) ;
#480 = VECTOR ( 'NONE', #1746, 39.37007874015748143 ) ;
#481 = ORIENTED_EDGE ( 'NONE', *, *, #2826, .F. ) ;
#482 = EDGE_LOOP ( 'NONE', ( #1860, #2369, #3164, #1127 ) ) ;
#483 = PLANE ( 'NONE',  #364 ) ;
#484 = EDGE_CURVE ( 'NONE', #3439, #2235, #519, .T. ) ;
#485 = CARTESIAN_POINT ( 'NONE',  ( -0.1099999999999999867, 0.3150000000000000022, -0.1199999999999999956 ) ) ;
#486 = DIRECTION ( 'NONE',  ( -0.7071067811865486830, 0.000000000000000000, -0.7071067811865462405 ) ) ;
#487 = ORIENTED_EDGE ( 'NONE', *, *, #322, .T. ) ;
#488 = DIRECTION ( 'NONE',  ( -0.000000000000000000, 1.000000000000000000, -0.000000000000000000 ) ) ;
#489 = ORIENTED_EDGE ( 'NONE', *, *, #2237, .F. ) ;
#490 = LINE ( 'NONE', #366, #2991 ) ;
#491 = FACE_OUTER_BOUND ( 'NONE', #2352, .T. ) ;
#492 = VECTOR ( 'NONE', #2644, 39.37007874015748143 ) ;
#493 = CARTESIAN_POINT ( 'NONE',  ( -0.01249999999999994171, -0.03500000000000007272, 0.01250000000000000069 ) ) ;
#494 = ORIENTED_EDGE ( 'NONE', *, *, #3007, .F. ) ;
#495 = DIRECTION ( 'NONE',  ( -0.000000000000000000, 0.000000000000000000, -1.000000000000000000 ) ) ;
#496 = CARTESIAN_POINT ( 'NONE',  ( -0.2999999999999999889, 0.4649999999999999689, -0.1000000000000000056 ) ) ;
#497 = ORIENTED_EDGE ( 'NONE', *, *, #2838, .T. ) ;
#498 = LINE ( 'NONE', #3336, #2940 ) ;
#499 = LINE ( 'NONE', #1910, #1792 ) ;
#500 = EDGE_CURVE ( 'NONE', #2705, #1143, #607, .T. ) ;
#501 = DIRECTION ( 'NONE',  ( -1.000000000000000000, 0.000000000000000000, 0.000000000000000000 ) ) ;
#502 = ORIENTED_EDGE ( 'NONE', *, *, #993, .T. ) ;
#503 = DIRECTION ( 'NONE',  ( -0.7071067811865463515, -0.7071067811865487940, 0.000000000000000000 ) ) ;
#504 = ADVANCED_FACE ( 'NONE', ( #2862 ), #3062, .T. ) ;
#505 = VECTOR ( 'NONE', #2052, 39.37007874015748143 ) ;
#506 = DIRECTION ( 'NONE',  ( 0.000000000000000000, -0.000000000000000000, -1.000000000000000000 ) ) ;
#507 = LINE ( 'NONE', #3570, #2929 ) ;
#508 = ORIENTED_EDGE ( 'NONE', *, *, #2877, .F. ) ;
#509 =( NAMED_UNIT ( * ) SI_UNIT ( $, .STERADIAN. ) SOLID_ANGLE_UNIT ( ) );
#510 = ORIENTED_EDGE ( 'NONE', *, *, #162, .T. ) ;
#511 = EDGE_CURVE ( 'NONE', #3476, #334, #771, .T. ) ;
#512 = VECTOR ( 'NONE', #3118, 39.37007874015748143 ) ;
#513 = VECTOR ( 'NONE', #227, 39.37007874015748143 ) ;
#514 = FACE_OUTER_BOUND ( 'NONE', #259, .T. ) ;
#515 = CARTESIAN_POINT ( 'NONE',  ( 0.004500000000000004864, 0.3425000000000000266, -0.004499999999999994456 ) ) ;
#516 = PLANE ( 'NONE',  #1868 ) ;
#517 = AXIS2_PLACEMENT_3D ( 'NONE', #2871, #149, #1002 ) ;
#518 = ORIENTED_EDGE ( 'NONE', *, *, #1615, .T. ) ;
#519 = LINE ( 'NONE', #2164, #593 ) ;
#520 = VECTOR ( 'NONE', #34, 39.37007874015748143 ) ;
#521 = ORIENTED_EDGE ( 'NONE', *, *, #2795, .F. ) ;
#522 = CARTESIAN_POINT ( 'NONE',  ( 0.1200000000000000233, 0.1150000000000000050, 0.06000000000000001166 ) ) ;
#523 = PLANE ( 'NONE',  #2588 ) ;
#524 = EDGE_LOOP ( 'NONE', ( #2432, #651, #1313, #906 ) ) ;
#525 = DIRECTION ( 'NONE',  ( 0.000000000000000000, 1.000000000000000000, 0.000000000000000000 ) ) ;
#526 = LINE ( 'NONE', #3, #1724 ) ;
#527 = LINE ( 'NONE', #1027, #1655 ) ;
#528 = ORIENTED_EDGE ( 'NONE', *, *, #3319, .F. ) ;
#529 = EDGE_CURVE ( 'NONE', #1393, #336, #708, .T. ) ;
#530 = DIRECTION ( 'NONE',  ( 0.000000000000000000, 1.000000000000000000, 0.000000000000000000 ) ) ;
#531 = ORIENTED_EDGE ( 'NONE', *, *, #2901, .F. ) ;
#532 = VECTOR ( 'NONE', #2496, 39.37007874015748143 ) ;
#533 = CARTESIAN_POINT ( 'NONE',  ( 0.05699999999999961348, 0.4049999999999999711, -0.1200000000000000233 ) ) ;
#534 = PLANE ( 'NONE',  #151 ) ;
#535 = VECTOR ( 'NONE', #2670, 39.37007874015748854 ) ;
#536 = ORIENTED_EDGE ( 'NONE', *, *, #1193, .T. ) ;
#537 = ORIENTED_EDGE ( 'NONE', *, *, #3161, .F. ) ;
#538 = AXIS2_PLACEMENT_3D ( 'NONE', #1314, #1624, #1138 ) ;
#539 = ADVANCED_FACE ( 'NONE', ( #680 ), #2925, .T. ) ;
#540 = FACE_OUTER_BOUND ( 'NONE', #482, .T. ) ;
#541 = FACE_OUTER_BOUND ( 'NONE', #1579, .T. ) ;
#542 = VECTOR ( 'NONE', #3261, 39.37007874015748143 ) ;
#543 = CARTESIAN_POINT ( 'NONE',  ( 0.1875000000000000555, -0.01500000000000008618, 0.07000000000000000666 ) ) ;
#544 = ORIENTED_EDGE ( 'NONE', *, *, #1329, .F. ) ;
#545 = CARTESIAN_POINT ( 'NONE',  ( -0.2428751660026560455, -0.06017994687915020902, -0.005179946879150051746 ) ) ;
#546 = DIRECTION ( 'NONE',  ( -1.000000000000000000, 0.000000000000000000, -0.000000000000000000 ) ) ;
#547 = ORIENTED_EDGE ( 'NONE', *, *, #1564, .F. ) ;
#548 = LINE ( 'NONE', #353, #1773 ) ;
#549 = LINE ( 'NONE', #1588, #2988 ) ;
#550 = VERTEX_POINT ( 'NONE', #93 ) ;
#551 = CARTESIAN_POINT ( 'NONE',  ( 0.01250000000000001110, 0.1024999999999999661, 0.01250000000000000069 ) ) ;
#552 = DIRECTION ( 'NONE',  ( -0.7071067811865463515, 0.000000000000000000, 0.7071067811865487940 ) ) ;
#553 = ORIENTED_EDGE ( 'NONE', *, *, #3436, .T. ) ;
#554 = DIRECTION ( 'NONE',  ( 0.000000000000000000, 1.000000000000000000, 0.000000000000000000 ) ) ;
#555 = VECTOR ( 'NONE', #985, 39.37007874015748143 ) ;
#556 = EDGE_CURVE ( 'NONE', #1925, #1950, #1889, .T. ) ;
#557 = LINE ( 'NONE', #1970, #564 ) ;
#558 = VECTOR ( 'NONE', #3354, 39.37007874015748854 ) ;
#559 = ORIENTED_EDGE ( 'NONE', *, *, #3048, .T. ) ;
#560 = CARTESIAN_POINT ( 'NONE',  ( -0.2124999999999999944, -0.01500000000000008618, 0.07000000000000000666 ) ) ;
#561 = ORIENTED_EDGE ( 'NONE', *, *, #1807, .F. ) ;
#562 = LINE ( 'NONE', #1331, #2978 ) ;
#563 = DIRECTION ( 'NONE',  ( 1.000000000000000000, -0.000000000000000000, -0.000000000000000000 ) ) ;
#564 = VECTOR ( 'NONE', #2244, 39.37007874015748143 ) ;
#565 = FACE_OUTER_BOUND ( 'NONE', #2212, .T. ) ;
#566 = ORIENTED_EDGE ( 'NONE', *, *, #2109, .F. ) ;
#567 =( CONVERSION_BASED_UNIT ( 'INCH', #3538 ) LENGTH_UNIT ( ) NAMED_UNIT ( #804 ) );
#568 = VERTEX_POINT ( 'NONE', #3512 ) ;
#569 = EDGE_CURVE ( 'NONE', #747, #1093, #3016, .T. ) ;
#570 = FACE_OUTER_BOUND ( 'NONE', #16, .T. ) ;
#571 = FACE_OUTER_BOUND ( 'NONE', #28, .T. ) ;
#572 = AXIS2_PLACEMENT_3D ( 'NONE', #2523, #2780, #3121 ) ;
#573 = CYLINDRICAL_SURFACE ( 'NONE', #842, 0.05300000000000000544 ) ;
#574 = SURFACE_STYLE_FILL_AREA ( #649 ) ;
#575 = ORIENTED_EDGE ( 'NONE', *, *, #3285, .T. ) ;
#576 = CARTESIAN_POINT ( 'NONE',  ( -0.2600000000000000089, 0.1150000000000000050, 0.06000000000000001166 ) ) ;
#577 = DIRECTION ( 'NONE',  ( 0.000000000000000000, 0.000000000000000000, 1.000000000000000000 ) ) ;
#578 = VERTEX_POINT ( 'NONE', #930 ) ;
#579 = ADVANCED_FACE ( 'NONE', ( #3069 ), #435, .F. ) ;
#580 = LINE ( 'NONE', #2578, #1667 ) ;
#581 = ADVANCED_FACE ( 'NONE', ( #626 ), #1688, .F. ) ;
#582 = ORIENTED_EDGE ( 'NONE', *, *, #3007, .T. ) ;
#583 = CARTESIAN_POINT ( 'NONE',  ( -0.2299999999999999822, 0.4649999999999999689, 0.1000000000000000194 ) ) ;
#584 = DIRECTION ( 'NONE',  ( -1.000000000000000000, -0.000000000000000000, -0.000000000000000000 ) ) ;
#585 = ORIENTED_EDGE ( 'NONE', *, *, #2413, .T. ) ;
#586 = CARTESIAN_POINT ( 'NONE',  ( -0.06000000000000003247, 0.2949999999999998734, -0.05999999999999999084 ) ) ;
#587 = DIRECTION ( 'NONE',  ( -2.845674993400280349E-16, 1.000000000000000000, 0.000000000000000000 ) ) ;
#588 = VECTOR ( 'NONE', #1847, 39.37007874015748143 ) ;
#589 = ORIENTED_EDGE ( 'NONE', *, *, #3564, .F. ) ;
#590 = CARTESIAN_POINT ( 'NONE',  ( -0.01249999999999996773, -0.07000000000000007605, -0.03000000000000002318 ) ) ;
#591 = ORIENTED_EDGE ( 'NONE', *, *, #1973, .T. ) ;
#592 = VECTOR ( 'NONE', #3173, 39.37007874015748143 ) ;
#593 = VECTOR ( 'NONE', #2693, 39.37007874015748143 ) ;
#594 = VECTOR ( 'NONE', #563, 39.37007874015748143 ) ;
#595 = ORIENTED_EDGE ( 'NONE', *, *, #3401, .T. ) ;
#596 = ORIENTED_EDGE ( 'NONE', *, *, #676, .F. ) ;
#597 = LINE ( 'NONE', #2522, #592 ) ;
#598 = DIRECTION ( 'NONE',  ( 0.000000000000000000, -1.000000000000000000, 0.000000000000000000 ) ) ;
#599 = VECTOR ( 'NONE', #657, 39.37007874015748143 ) ;
#600 = DIRECTION ( 'NONE',  ( -1.000000000000000000, 0.000000000000000000, 0.000000000000000000 ) ) ;
#601 = VERTEX_POINT ( 'NONE', #2388 ) ;
#602 = CARTESIAN_POINT ( 'NONE',  ( 0.2600000000000000089, -1.143516480713450578, 0.07000000000000000666 ) ) ;
#603 = EDGE_CURVE ( 'NONE', #2042, #3141, #702, .T. ) ;
#604 = CARTESIAN_POINT ( 'NONE',  ( -0.1874999999999999722, -0.07000000000000007605, -0.03000000000000002318 ) ) ;
#605 = ORIENTED_EDGE ( 'NONE', *, *, #2826, .T. ) ;
#606 = VECTOR ( 'NONE', #3051, 39.37007874015748143 ) ;
#607 = LINE ( 'NONE', #1946, #1644 ) ;
#608 = VECTOR ( 'NONE', #2506, 39.37007874015748143 ) ;
#609 = LINE ( 'NONE', #2456, #1764 ) ;
#610 = ORIENTED_EDGE ( 'NONE', *, *, #2169, .F. ) ;
#611 = DIRECTION ( 'NONE',  ( 0.000000000000000000, 0.000000000000000000, -1.000000000000000000 ) ) ;
#612 = CARTESIAN_POINT ( 'NONE',  ( 0.2299999999999999822, 0.01500000000000000291, 0.09999999999999997780 ) ) ;
#613 = ORIENTED_EDGE ( 'NONE', *, *, #114, .T. ) ;
#614 = CARTESIAN_POINT ( 'NONE',  ( -0.1200000000000000233, 0.4649999999999999689, 0.1000000000000000056 ) ) ;
#615 = EDGE_CURVE ( 'NONE', #3406, #2188, #3028, .T. ) ;
#616 = ADVANCED_FACE ( 'NONE', ( #3037 ), #3220, .F. ) ;
#617 = VECTOR ( 'NONE', #299, 39.37007874015748143 ) ;
#618 = LINE ( 'NONE', #3506, #2922 ) ;
#619 = EDGE_CURVE ( 'NONE', #1441, #3517, #650, .T. ) ;
#620 = ORIENTED_EDGE ( 'NONE', *, *, #2932, .T. ) ;
#621 = AXIS2_PLACEMENT_3D ( 'NONE', #233, #3362, #325 ) ;
#622 = DIRECTION ( 'NONE',  ( -0.000000000000000000, -0.3047757271037808691, -0.9524241471993251107 ) ) ;
#623 = VERTEX_POINT ( 'NONE', #3408 ) ;
#624 = FACE_OUTER_BOUND ( 'NONE', #732, .T. ) ;
#625 = DIRECTION ( 'NONE',  ( 0.000000000000000000, -1.000000000000000000, 0.000000000000000000 ) ) ;
#626 = FACE_OUTER_BOUND ( 'NONE', #3552, .T. ) ;
#627 = PLANE ( 'NONE',  #689 ) ;
#628 = DIRECTION ( 'NONE',  ( 0.000000000000000000, -0.000000000000000000, -1.000000000000000000 ) ) ;
#629 = LINE ( 'NONE', #3182, #608 ) ;
#630 = VERTEX_POINT ( 'NONE', #991 ) ;
#631 = DIRECTION ( 'NONE',  ( 1.000000000000000000, 0.000000000000000000, 0.000000000000000000 ) ) ;
#632 = ORIENTED_EDGE ( 'NONE', *, *, #1564, .T. ) ;
#633 = AXIS2_PLACEMENT_3D ( 'NONE', #2196, #214, #1081 ) ;
#634 = LINE ( 'NONE', #1382, #2958 ) ;
#635 = EDGE_LOOP ( 'NONE', ( #3135, #1785, #697, #3067 ) ) ;
#636 = PLANE ( 'NONE',  #1534 ) ;
#637 = ORIENTED_EDGE ( 'NONE', *, *, #3361, .F. ) ;
#638 = DIRECTION ( 'NONE',  ( -1.000000000000000000, 0.000000000000000000, 0.000000000000000000 ) ) ;
#639 = CARTESIAN_POINT ( 'NONE',  ( 0.2999999999999999889, 0.01499999999999997689, 0.1000000000000000056 ) ) ;
#640 = EDGE_LOOP ( 'NONE', ( #189, #2018, #51, #113 ) ) ;
#641 = UNCERTAINTY_MEASURE_WITH_UNIT (LENGTH_MEASURE( 1.000000000000000082E-05 ), #1521, 'distance_accuracy_value', 'NONE');
#642 = VECTOR ( 'NONE', #2422, 39.37007874015748143 ) ;
#643 = PLANE ( 'NONE',  #167 ) ;
#644 = VERTEX_POINT ( 'NONE', #2329 ) ;
#645 = DIRECTION ( 'NONE',  ( 0.9524241471993251107, -0.3047757271037808691, 0.000000000000000000 ) ) ;
#646 = DIRECTION ( 'NONE',  ( -0.000000000000000000, -0.000000000000000000, -1.000000000000000000 ) ) ;
#647 = ORIENTED_EDGE ( 'NONE', *, *, #3482, .T. ) ;
#648 = CARTESIAN_POINT ( 'NONE',  ( 0.000000000000000000, 0.4649999999999999689, 0.08000000000000014044 ) ) ;
#649 = FILL_AREA_STYLE ('',( #344 ) ) ;
#650 = LINE ( 'NONE', #1209, #1851 ) ;
#651 = ORIENTED_EDGE ( 'NONE', *, *, #3453, .F. ) ;
#652 = ORIENTED_EDGE ( 'NONE', *, *, #211, .F. ) ;
#653 = CARTESIAN_POINT ( 'NONE',  ( -0.2999999999999999889, 0.4649999999999999689, 0.1000000000000000056 ) ) ;
#654 = ORIENTED_EDGE ( 'NONE', *, *, #177, .F. ) ;
#655 = AXIS2_PLACEMENT_3D ( 'NONE', #2320, #645, #3449 ) ;
#656 = DIRECTION ( 'NONE',  ( -0.000000000000000000, -1.067128122525102481E-16, 1.000000000000000000 ) ) ;
#657 = DIRECTION ( 'NONE',  ( 1.000000000000000000, 0.000000000000000000, 0.000000000000000000 ) ) ;
#658 = PLANE ( 'NONE',  #3060 ) ;
#659 = ORIENTED_EDGE ( 'NONE', *, *, #1150, .T. ) ;
#660 = ORIENTED_EDGE ( 'NONE', *, *, #458, .T. ) ;
#661 = ORIENTED_EDGE ( 'NONE', *, *, #1337, .F. ) ;
#662 = LINE ( 'NONE', #3529, #1797 ) ;
#663 = EDGE_CURVE ( 'NONE', #2722, #1111, #1820, .T. ) ;
#664 = CARTESIAN_POINT ( 'NONE',  ( 0.1125000000000000305, -0.07000000000000033973, 0.07000000000000000666 ) ) ;
#665 = VECTOR ( 'NONE', #3098, 39.37007874015748143 ) ;
#666 = ORIENTED_EDGE ( 'NONE', *, *, #1918, .T. ) ;
#667 = DIRECTION ( 'NONE',  ( 1.000000000000000000, 0.000000000000000000, -0.000000000000000000 ) ) ;
#668 = ORIENTED_EDGE ( 'NONE', *, *, #999, .T. ) ;
#669 = CARTESIAN_POINT ( 'NONE',  ( 0.05999999999999996309, 0.3150000000000000022, -0.1000000000000000056 ) ) ;
#670 = ORIENTED_EDGE ( 'NONE', *, *, #2759, .T. ) ;
#671 = LINE ( 'NONE', #410, #1803 ) ;
#672 = VECTOR ( 'NONE', #3483, 39.37007874015748143 ) ;
#673 = ORIENTED_EDGE ( 'NONE', *, *, #2700, .F. ) ;
#674 = DIRECTION ( 'NONE',  ( 1.000000000000000000, 0.000000000000000000, 0.000000000000000000 ) ) ;
#675 = ORIENTED_EDGE ( 'NONE', *, *, #2620, .F. ) ;
#676 = EDGE_CURVE ( 'NONE', #786, #2745, #686, .T. ) ;
#677 = DIRECTION ( 'NONE',  ( 1.000000000000000000, 0.000000000000000000, -0.000000000000000000 ) ) ;
#678 = ORIENTED_EDGE ( 'NONE', *, *, #1598, .F. ) ;
#679 = EDGE_CURVE ( 'NONE', #2000, #1004, #2030, .T. ) ;
#680 = FACE_OUTER_BOUND ( 'NONE', #1829, .T. ) ;
#681 = VECTOR ( 'NONE', #1210, 39.37007874015748143 ) ;
#682 = ORIENTED_EDGE ( 'NONE', *, *, #291, .F. ) ;
#683 = DIRECTION ( 'NONE',  ( 1.000000000000000000, 0.000000000000000000, -0.000000000000000000 ) ) ;
#684 = ORIENTED_EDGE ( 'NONE', *, *, #1656, .T. ) ;
#685 = EDGE_CURVE ( 'NONE', #1028, #2335, #830, .T. ) ;
#686 = LINE ( 'NONE', #1227, #3120 ) ;
#687 = FACE_OUTER_BOUND ( 'NONE', #1080, .T. ) ;
#688 = ORIENTED_EDGE ( 'NONE', *, *, #2120, .T. ) ;
#689 = AXIS2_PLACEMENT_3D ( 'NONE', #934, #2036, #2331 ) ;
#690 = EDGE_LOOP ( 'NONE', ( #3146, #3123, #2151, #1404 ) ) ;
#691 = ORIENTED_EDGE ( 'NONE', *, *, #3309, .T. ) ;
#692 = LINE ( 'NONE', #450, #742 ) ;
#693 = CARTESIAN_POINT ( 'NONE',  ( 0.000000000000000000, 0.3150000000000000022, -0.08000000000000005718 ) ) ;
#694 = VECTOR ( 'NONE', #2125, 39.37007874015748854 ) ;
#695 = EDGE_LOOP ( 'NONE', ( #1100, #1448, #2739, #2288, #1051, #2681, #3435, #1513, #319, #1478, #1231, #69, #2684, #375, #2938, #3501 ) ) ;
#696 = DIRECTION ( 'NONE',  ( 0.000000000000000000, -0.000000000000000000, 1.000000000000000000 ) ) ;
#697 = ORIENTED_EDGE ( 'NONE', *, *, #3305, .T. ) ;
#698 = DIRECTION ( 'NONE',  ( 1.000000000000000000, 0.000000000000000000, 0.000000000000000000 ) ) ;
#699 = CARTESIAN_POINT ( 'NONE',  ( 0.000000000000000000, 0.000000000000000000, 0.000000000000000000 ) ) ;
#700 = ORIENTED_EDGE ( 'NONE', *, *, #1633, .F. ) ;
#701 = LINE ( 'NONE', #793, #1919 ) ;
#702 = LINE ( 'NONE', #2546, #1798 ) ;
#703 = DIRECTION ( 'NONE',  ( 0.000000000000000000, 0.000000000000000000, -1.000000000000000000 ) ) ;
#704 = ORIENTED_EDGE ( 'NONE', *, *, #1640, .T. ) ;
#705 = CARTESIAN_POINT ( 'NONE',  ( 0.1700000000000000400, 0.4449999999999998956, 0.06000000000000001166 ) ) ;
#706 = ORIENTED_EDGE ( 'NONE', *, *, #679, .T. ) ;
#707 = DIRECTION ( 'NONE',  ( 2.845674993400280349E-16, -1.000000000000000000, 0.000000000000000000 ) ) ;
#708 = LINE ( 'NONE', #1009, #1832 ) ;
#709 = VECTOR ( 'NONE', #2106, 39.37007874015748143 ) ;
#710 = ORIENTED_EDGE ( 'NONE', *, *, #2748, .T. ) ;
#711 = ORIENTED_EDGE ( 'NONE', *, *, #2053, .T. ) ;
#712 = AXIS2_PLACEMENT_3D ( 'NONE', #1887, #2242, #1660 ) ;
#713 = DIRECTION ( 'NONE',  ( 1.000000000000000000, 1.897116662266849457E-16, 0.000000000000000000 ) ) ;
#714 = ORIENTED_EDGE ( 'NONE', *, *, #1220, .T. ) ;
#715 = ADVANCED_FACE ( 'NONE', ( #1139 ), #2834, .F. ) ;
#716 = CARTESIAN_POINT ( 'NONE',  ( 0.2125000000000000500, -0.01500000000000008618, 0.07000000000000000666 ) ) ;
#717 = LINE ( 'NONE', #2330, #3194 ) ;
#718 = EDGE_LOOP ( 'NONE', ( #1806, #2250, #706, #2478 ) ) ;
#719 = ORIENTED_EDGE ( 'NONE', *, *, #1452, .F. ) ;
#720 =( REPRESENTATION_RELATIONSHIP ('NONE','NONE', #465, #2504 ) REPRESENTATION_RELATIONSHIP_WITH_TRANSFORMATION ( #2215 )SHAPE_REPRESENTATION_RELATIONSHIP( ) );
#721 = EDGE_CURVE ( 'NONE', #1400, #1563, #3488, .T. ) ;
#722 = ORIENTED_EDGE ( 'NONE', *, *, #2213, .F. ) ;
#723 = LINE ( 'NONE', #3391, #813 ) ;
#724 = ORIENTED_EDGE ( 'NONE', *, *, #247, .T. ) ;
#725 = ORIENTED_EDGE ( 'NONE', *, *, #3322, .F. ) ;
#726 = ORIENTED_EDGE ( 'NONE', *, *, #1598, .T. ) ;
#727 = VECTOR ( 'NONE', #2914, 39.37007874015748854 ) ;
#728 = EDGE_CURVE ( 'NONE', #425, #2322, #1094, .T. ) ;
#729 = LINE ( 'NONE', #256, #3137 ) ;
#730 = ORIENTED_EDGE ( 'NONE', *, *, #2469, .F. ) ;
#731 =( NAMED_UNIT ( * ) PLANE_ANGLE_UNIT ( ) SI_UNIT ( $, .RADIAN. ) );
#732 = EDGE_LOOP ( 'NONE', ( #3047, #848, #3280, #3202, #688, #1325, #2133, #982, #134, #1379, #3159, #2525, #2625, #71, #2466, #925, #2472, #875, #3331, #3365, #1988, #2059, #666, #1834, #1364, #900, #736, #2601, #1234, #2448 ) ) ;
#733 = CARTESIAN_POINT ( 'NONE',  ( 0.2800000000000000822, 0.4649999999999999689, -0.000000000000000000 ) ) ;
#734 = EDGE_CURVE ( 'NONE', #1873, #2704, #1107, .T. ) ;
#735 = PLANE ( 'NONE',  #218 ) ;
#736 = ORIENTED_EDGE ( 'NONE', *, *, #663, .T. ) ;
#737 = CARTESIAN_POINT ( 'NONE',  ( -0.01999999999999994144, -0.03500000000000007272, 0.01250000000000000069 ) ) ;
#738 = DIRECTION ( 'NONE',  ( 0.000000000000000000, -0.000000000000000000, -1.000000000000000000 ) ) ;
#739 = ORIENTED_EDGE ( 'NONE', *, *, #3272, .T. ) ;
#740 = EDGE_CURVE ( 'NONE', #1937, #2230, #2302, .T. ) ;
#741 = ORIENTED_EDGE ( 'NONE', *, *, #2210, .T. ) ;
#742 = VECTOR ( 'NONE', #2461, 39.37007874015748143 ) ;
#743 =( LENGTH_UNIT ( ) NAMED_UNIT ( * ) SI_UNIT ( $, .METRE. ) );
#744 = CARTESIAN_POINT ( 'NONE',  ( -0.1124999999999999750, -0.01500000000000007404, -0.03000000000000001277 ) ) ;
#745 = DIRECTION ( 'NONE',  ( -0.000000000000000000, 0.7071067811865462405, 0.7071067811865486830 ) ) ;
#746 = FACE_OUTER_BOUND ( 'NONE', #3191, .T. ) ;
#747 = VERTEX_POINT ( 'NONE', #1595 ) ;
#748 = ORIENTED_EDGE ( 'NONE', *, *, #2006, .F. ) ;
#749 = ORIENTED_EDGE ( 'NONE', *, *, #1297, .T. ) ;
#750 = ADVANCED_FACE ( 'NONE', ( #2315 ), #1175, .F. ) ;
#751 = DIRECTION ( 'NONE',  ( 0.000000000000000000, 2.731847993664262430E-15, -1.000000000000000000 ) ) ;
#752 = VECTOR ( 'NONE', #2927, 39.37007874015748143 ) ;
#753 = ORIENTED_EDGE ( 'NONE', *, *, #569, .T. ) ;
#754 = CARTESIAN_POINT ( 'NONE',  ( 0.05999999999999996309, 0.1150000000000000050, -0.1000000000000000056 ) ) ;
#755 = CARTESIAN_POINT ( 'NONE',  ( 0.2399999999999999634, 0.3850000000000000089, -0.09800000000000000377 ) ) ;
#756 = ADVANCED_FACE ( 'NONE', ( #2325 ), #483, .T. ) ;
#757 = ORIENTED_EDGE ( 'NONE', *, *, #300, .F. ) ;
#758 = LINE ( 'NONE', #1024, #1818 ) ;
#759 = AXIS2_PLACEMENT_3D ( 'NONE', #2772, #598, #3390 ) ;
#760 = VECTOR ( 'NONE', #2603, 39.37007874015748143 ) ;
#761 = FACE_OUTER_BOUND ( 'NONE', #3442, .T. ) ;
#762 = ORIENTED_EDGE ( 'NONE', *, *, #1201, .T. ) ;
#763 = CARTESIAN_POINT ( 'NONE',  ( 0.2299999999999999267, 0.01499999999999997689, 0.1000000000000000056 ) ) ;
#764 = ORIENTED_EDGE ( 'NONE', *, *, #1633, .T. ) ;
#765 = CARTESIAN_POINT ( 'NONE',  ( 0.2600000000000000089, -0.07000000000000007605, -0.03000000000000002318 ) ) ;
#766 = DIRECTION ( 'NONE',  ( -0.000000000000000000, -0.000000000000000000, 1.000000000000000000 ) ) ;
#767 = PRESENTATION_LAYER_ASSIGNMENT (  '', '', ( #11 ) ) ;
#768 = LINE ( 'NONE', #1596, #3087 ) ;
#769 = DIRECTION ( 'NONE',  ( 1.000000000000000000, 0.000000000000000000, 0.000000000000000000 ) ) ;
#770 = CARTESIAN_POINT ( 'NONE',  ( -0.2600000000000000089, 0.1150000000000000050, 0.06000000000000001166 ) ) ;
#771 = LINE ( 'NONE', #590, #760 ) ;
#772 = PLANE ( 'NONE',  #2953 ) ;
#773 = PLANE ( 'NONE',  #2220 ) ;
#774 = EDGE_CURVE ( 'NONE', #747, #3138, #3466, .T. ) ;
#775 = FACE_OUTER_BOUND ( 'NONE', #3287, .T. ) ;
#776 = ORIENTED_EDGE ( 'NONE', *, *, #2996, .F. ) ;
#777 = EDGE_CURVE ( 'NONE', #54, #1965, #1120, .T. ) ;
#778 =( REPRESENTATION_RELATIONSHIP ('NONE','NONE', #465, #2504 ) REPRESENTATION_RELATIONSHIP_WITH_TRANSFORMATION ( #1085 )SHAPE_REPRESENTATION_RELATIONSHIP( ) );
#779 = PRODUCT_DEFINITION_SHAPE ( 'NONE', 'NONE',  #3582 ) ;
#780 = ORIENTED_EDGE ( 'NONE', *, *, #1915, .T. ) ;
#781 = MANIFOLD_SOLID_BREP ( 'Boss-Extrude7', #2020 ) ;
#782 = EDGE_CURVE ( 'NONE', #3410, #3090, #2492, .T. ) ;
#783 = DIRECTION ( 'NONE',  ( 0.2915362068315989208, -0.9110506463487562101, 0.2915362068315989208 ) ) ;
#784 = DIRECTION ( 'NONE',  ( -0.000000000000000000, -1.067128122525102481E-16, 1.000000000000000000 ) ) ;
#785 = LINE ( 'NONE', #3534, #3103 ) ;
#786 = VERTEX_POINT ( 'NONE', #3108 ) ;
#787 = PLANE ( 'NONE',  #1453 ) ;
#788 = DIRECTION ( 'NONE',  ( -0.000000000000000000, -1.000000000000000000, -0.000000000000000000 ) ) ;
#789 = DIRECTION ( 'NONE',  ( 1.000000000000000000, 0.000000000000000000, 0.000000000000000000 ) ) ;
#790 = ORIENTED_EDGE ( 'NONE', *, *, #180, .T. ) ;
#791 = EDGE_CURVE ( 'NONE', #2734, #2745, #1307, .T. ) ;
#792 = AXIS2_PLACEMENT_3D ( 'NONE', #3077, #2284, #2252 ) ;
#793 = CARTESIAN_POINT ( 'NONE',  ( -0.2999999999999999889, 0.4649999999999999689, 0.1000000000000000056 ) ) ;
#794 = ADVANCED_FACE ( 'NONE', ( #2517 ), #1671, .T. ) ;
#795 = VERTEX_POINT ( 'NONE', #3265 ) ;
#796 = CARTESIAN_POINT ( 'NONE',  ( 0.2449999999999999956, 0.01500000000000000291, 0.1149999999999999911 ) ) ;
#797 = CARTESIAN_POINT ( 'NONE',  ( -0.1499999999999999944, 0.4649999999999999689, -0.1000000000000000056 ) ) ;
#798 = VECTOR ( 'NONE', #92, 39.37007874015748143 ) ;
#799 = EDGE_CURVE ( 'NONE', #1256, #54, #117, .T. ) ;
#800 = LINE ( 'NONE', #3555, #709 ) ;
#801 = EDGE_LOOP ( 'NONE', ( #3249, #2050, #3225, #1244 ) ) ;
#802 = PRODUCT ( '705530004', '705530004', '', ( #2793 ) ) ;
#803 = ORIENTED_EDGE ( 'NONE', *, *, #849, .F. ) ;
#804 = DIMENSIONAL_EXPONENTS ( 1.000000000000000000, 0.000000000000000000, 0.000000000000000000, 0.000000000000000000, 0.000000000000000000, 0.000000000000000000, 0.000000000000000000 ) ;
#805 = CARTESIAN_POINT ( 'NONE',  ( -0.1124999999999999750, -0.01500000000000008618, 0.07000000000000000666 ) ) ;
#806 = LINE ( 'NONE', #2233, #892 ) ;
#807 = VECTOR ( 'NONE', #2531, 39.37007874015748143 ) ;
#808 = EDGE_LOOP ( 'NONE', ( #1750, #3420, #1469, #497 ) ) ;
#809 = ORIENTED_EDGE ( 'NONE', *, *, #2109, .T. ) ;
#810 = DIRECTION ( 'NONE',  ( -0.3713906763541034439, 0.9284766908852594147, 0.000000000000000000 ) ) ;
#811 = CARTESIAN_POINT ( 'NONE',  ( 0.000000000000000000, 0.000000000000000000, -0.1000000000000000056 ) ) ;
#812 = LENGTH_MEASURE_WITH_UNIT ( LENGTH_MEASURE( 0.02539999999999999897 ), #743 );
#813 = VECTOR ( 'NONE', #3043, 39.37007874015748143 ) ;
#814 = ORIENTED_EDGE ( 'NONE', *, *, #2253, .T. ) ;
#815 = CARTESIAN_POINT ( 'NONE',  ( 0.2600000000000000089, 0.01499999999999999944, 0.07000000000000000666 ) ) ;
#816 = DIRECTION ( 'NONE',  ( 1.000000000000000000, -0.000000000000000000, -0.000000000000000000 ) ) ;
#817 = AXIS2_PLACEMENT_3D ( 'NONE', #3492, #381, #2091 ) ;
#818 = VERTEX_POINT ( 'NONE', #1447 ) ;
#819 = LINE ( 'NONE', #2391, #1952 ) ;
#820 = ORIENTED_EDGE ( 'NONE', *, *, #3300, .T. ) ;
#821 = DIRECTION ( 'NONE',  ( -0.7071067811865486830, 0.000000000000000000, 0.7071067811865462405 ) ) ;
#822 = CARTESIAN_POINT ( 'NONE',  ( -0.1124999999999999750, -0.07000000000000007605, -0.03000000000000002318 ) ) ;
#823 = ADVANCED_FACE ( 'NONE', ( #145 ), #1730, .F. ) ;
#824 = CARTESIAN_POINT ( 'NONE',  ( -0.1099999999999999867, 0.3150000000000000022, -0.1600000000000000033 ) ) ;
#825 = LINE ( 'NONE', #1435, #3298 ) ;
#826 = ADVANCED_FACE ( 'NONE', ( #122 ), #2373, .F. ) ;
#827 = CARTESIAN_POINT ( 'NONE',  ( 0.08750000000000002220, 0.000000000000000000, 0.000000000000000000 ) ) ;
#828 = EDGE_LOOP ( 'NONE', ( #3543, #2255, #3495, #3266 ) ) ;
#829 = EDGE_CURVE ( 'NONE', #2291, #3525, #2503, .T. ) ;
#830 = LINE ( 'NONE', #1751, #2075 ) ;
#831 = DIRECTION ( 'NONE',  ( 1.000000000000000000, 0.000000000000000000, 0.000000000000000000 ) ) ;
#832 = VECTOR ( 'NONE', #656, 39.37007874015748143 ) ;
#833 = ORIENTED_EDGE ( 'NONE', *, *, #2998, .T. ) ;
#834 = ORIENTED_EDGE ( 'NONE', *, *, #2002, .F. ) ;
#835 = DIRECTION ( 'NONE',  ( 0.000000000000000000, 0.000000000000000000, 1.000000000000000000 ) ) ;
#836 = CARTESIAN_POINT ( 'NONE',  ( -0.2299999999999999822, 0.01500000000000000291, 0.1000000000000000194 ) ) ;
#837 = FACE_OUTER_BOUND ( 'NONE', #269, .T. ) ;
#838 = ORIENTED_EDGE ( 'NONE', *, *, #946, .T. ) ;
#839 = CARTESIAN_POINT ( 'NONE',  ( 0.05999999999999996309, 0.1150000000000000050, -0.1000000000000000056 ) ) ;
#840 = CARTESIAN_POINT ( 'NONE',  ( 0.1200000000000000233, 0.4649999999999999689, 0.1000000000000000056 ) ) ;
#841 = ORIENTED_EDGE ( 'NONE', *, *, #2183, .T. ) ;
#842 = AXIS2_PLACEMENT_3D ( 'NONE', #1691, #272, #2014 ) ;
#843 = LINE ( 'NONE', #967, #3196 ) ;
#844 = LINE ( 'NONE', #3318, #3292 ) ;
#845 = ORIENTED_EDGE ( 'NONE', *, *, #1664, .T. ) ;
#846 = CARTESIAN_POINT ( 'NONE',  ( -0.2199999999999996958, -0.06750000000000017097, 0.01250000000000000069 ) ) ;
#847 = CARTESIAN_POINT ( 'NONE',  ( 0.000000000000000000, 0.4649999999999999689, 0.000000000000000000 ) ) ;
#848 = ORIENTED_EDGE ( 'NONE', *, *, #75, .T. ) ;
#849 = EDGE_CURVE ( 'NONE', #1464, #1125, #1324, .T. ) ;
#850 = ORIENTED_EDGE ( 'NONE', *, *, #2583, .F. ) ;
#851 = ORIENTED_EDGE ( 'NONE', *, *, #679, .F. ) ;
#852 = DIRECTION ( 'NONE',  ( -0.3713906763541034439, 0.9284766908852594147, 0.000000000000000000 ) ) ;
#853 = LINE ( 'NONE', #3473, #2049 ) ;
#854 = LINE ( 'NONE', #2419, #912 ) ;
#855 = ADVANCED_FACE ( 'NONE', ( #174 ), #998, .F. ) ;
#856 = EDGE_CURVE ( 'NONE', #2347, #3235, #133, .T. ) ;
#857 = CARTESIAN_POINT ( 'NONE',  ( -0.06000000000000004635, 0.3149999999999998912, -0.1000000000000000056 ) ) ;
#858 = DIRECTION ( 'NONE',  ( -0.7071067811865467956, 0.000000000000000000, 0.7071067811865483499 ) ) ;
#859 = VECTOR ( 'NONE', #1229, 39.37007874015748143 ) ;
#860 = CARTESIAN_POINT ( 'NONE',  ( -0.2600000000000000089, 0.1150000000000000050, 0.06000000000000001166 ) ) ;
#861 = ORIENTED_EDGE ( 'NONE', *, *, #215, .T. ) ;
#862 = VERTEX_POINT ( 'NONE', #1255 ) ;
#863 = ORIENTED_EDGE ( 'NONE', *, *, #1493, .F. ) ;
#864 = CARTESIAN_POINT ( 'NONE',  ( 0.01250000000000008916, -0.03500000000000007272, -0.01250000000000000069 ) ) ;
#865 = DIRECTION ( 'NONE',  ( 0.7071067811865463515, -0.7071067811865487940, 0.000000000000000000 ) ) ;
#866 = VECTOR ( 'NONE', #926, 39.37007874015748143 ) ;
#867 = FILL_AREA_STYLE_COLOUR ( '', #1017 ) ;
#868 = VECTOR ( 'NONE', #2134, 39.37007874015748143 ) ;
#869 = EDGE_CURVE ( 'NONE', #1499, #2995, #2558, .T. ) ;
#870 = EDGE_LOOP ( 'NONE', ( #670, #809, #1862, #3535 ) ) ;
#871 = EDGE_CURVE ( 'NONE', #1925, #2705, #178, .T. ) ;
#872 = DIRECTION ( 'NONE',  ( -0.000000000000000000, -0.000000000000000000, -1.000000000000000000 ) ) ;
#873 = CARTESIAN_POINT ( 'NONE',  ( -0.01249999999999996773, -0.01500000000000008618, 0.07000000000000000666 ) ) ;
#874 = LINE ( 'NONE', #716, #832 ) ;
#875 = ORIENTED_EDGE ( 'NONE', *, *, #101, .T. ) ;
#876 = CARTESIAN_POINT ( 'NONE',  ( -0.01249999999999999029, 0.1024999999999999661, 0.01250000000000000069 ) ) ;
#877 = DIRECTION ( 'NONE',  ( 1.000000000000000000, 0.000000000000000000, -0.000000000000000000 ) ) ;
#878 = LENGTH_MEASURE_WITH_UNIT ( LENGTH_MEASURE( 0.02539999999999999897 ), #3233 );
#879 = VERTEX_POINT ( 'NONE', #357 ) ;
#880 = CARTESIAN_POINT ( 'NONE',  ( 0.1200000000000000233, 0.1150000000000000050, 0.06000000000000001166 ) ) ;
#881 = CARTESIAN_POINT ( 'NONE',  ( -0.06000000000000003247, 0.1150000000000000050, -0.05999999999999999084 ) ) ;
#882 = AXIS2_PLACEMENT_3D ( 'NONE', #2497, #45, #2687 ) ;
#883 = CARTESIAN_POINT ( 'NONE',  ( 0.2999999999999999889, -0.6174555320336758690, 0.1000000000000000056 ) ) ;
#884 = DIMENSIONAL_EXPONENTS ( 1.000000000000000000, 0.000000000000000000, 0.000000000000000000, 0.000000000000000000, 0.000000000000000000, 0.000000000000000000, 0.000000000000000000 ) ;
#885 = ORIENTED_EDGE ( 'NONE', *, *, #734, .T. ) ;
#886 = LINE ( 'NONE', #1279, #2076 ) ;
#887 = LINE ( 'NONE', #3523, #1986 ) ;
#888 = DIRECTION ( 'NONE',  ( 0.5773502691896263972, 0.5773502691896243988, -0.5773502691896263972 ) ) ;
#889 = ORIENTED_EDGE ( 'NONE', *, *, #2440, .F. ) ;
#890 = CARTESIAN_POINT ( 'NONE',  ( -0.01249999999999999029, 0.1024999999999999661, 0.01250000000000000069 ) ) ;
#891 = DIRECTION ( 'NONE',  ( -1.000000000000000000, 0.000000000000000000, 0.000000000000000000 ) ) ;
#892 = VECTOR ( 'NONE', #264, 39.37007874015748143 ) ;
#893 = EDGE_LOOP ( 'NONE', ( #2376, #1156, #678, #97 ) ) ;
#894 = DIRECTION ( 'NONE',  ( -0.9110506463487559881, 0.2915362068315993094, 0.2915362068315989208 ) ) ;
#895 = LINE ( 'NONE', #1652, #798 ) ;
#896 = LINE ( 'NONE', #496, #2067 ) ;
#897 = DIRECTION ( 'NONE',  ( 1.000000000000000000, -0.000000000000000000, -0.000000000000000000 ) ) ;
#898 = LINE ( 'NONE', #382, #2019 ) ;
#899 = CARTESIAN_POINT ( 'NONE',  ( -0.2600000000000000644, -0.01854101966249700403, 0.1000000000000000472 ) ) ;
#900 = ORIENTED_EDGE ( 'NONE', *, *, #3017, .T. ) ;
#901 = CARTESIAN_POINT ( 'NONE',  ( 0.1875000000000000555, -0.01500000000000008618, 0.07000000000000000666 ) ) ;
#902 = ORIENTED_EDGE ( 'NONE', *, *, #2294, .F. ) ;
#903 = SURFACE_STYLE_FILL_AREA ( #2637 ) ;
#904 = DIRECTION ( 'NONE',  ( -0.000000000000000000, -0.000000000000000000, 1.000000000000000000 ) ) ;
#905 = ADVANCED_FACE ( 'NONE', ( #1424 ), #2308, .T. ) ;
#906 = ORIENTED_EDGE ( 'NONE', *, *, #247, .F. ) ;
#907 = CARTESIAN_POINT ( 'NONE',  ( 0.2600000000000000089, -0.07000000000000007605, 0.07000000000000000666 ) ) ;
#908 = DIRECTION ( 'NONE',  ( 0.000000000000000000, -1.000000000000000000, 0.000000000000000000 ) ) ;
#909 = ADVANCED_FACE ( 'NONE', ( #2624 ), #2817, .F. ) ;
#910 = EDGE_CURVE ( 'NONE', #996, #2809, #2680, .T. ) ;
#911 = CARTESIAN_POINT ( 'NONE',  ( 0.000000000000000000, 0.1149999999999999911, 0.04250000000000002387 ) ) ;
#912 = VECTOR ( 'NONE', #1088, 39.37007874015748143 ) ;
#913 = EDGE_CURVE ( 'NONE', #3199, #997, #1466, .T. ) ;
#914 = VERTEX_POINT ( 'NONE', #2841 ) ;
#915 = CARTESIAN_POINT ( 'NONE',  ( -0.1099999999999999867, 0.3519999999999996465, 0.1176972864800942681 ) ) ;
#916 = DIRECTION ( 'NONE',  ( -0.9284766908852595257, -0.3713906763541034439, 0.000000000000000000 ) ) ;
#917 = DIRECTION ( 'NONE',  ( 0.000000000000000000, 0.000000000000000000, -1.000000000000000000 ) ) ;
#918 = VECTOR ( 'NONE', #3276, 39.37007874015748143 ) ;
#919 = ORIENTED_EDGE ( 'NONE', *, *, #2944, .F. ) ;
#920 = VERTEX_POINT ( 'NONE', #2395 ) ;
#921 = EDGE_CURVE ( 'NONE', #304, #1533, #326, .T. ) ;
#922 = DIRECTION ( 'NONE',  ( -0.000000000000000000, -0.000000000000000000, 1.000000000000000000 ) ) ;
#923 = DIRECTION ( 'NONE',  ( 0.000000000000000000, -1.000000000000000000, -0.000000000000000000 ) ) ;
#924 = CARTESIAN_POINT ( 'NONE',  ( 0.1499999999999999944, 0.3150000000000000022, -0.1600000000000000033 ) ) ;
#925 = ORIENTED_EDGE ( 'NONE', *, *, #1337, .T. ) ;
#926 = DIRECTION ( 'NONE',  ( 1.000000000000000000, 0.000000000000000000, 0.000000000000000000 ) ) ;
#927 =( LENGTH_UNIT ( ) NAMED_UNIT ( * ) SI_UNIT ( $, .METRE. ) );
#928 = ORIENTED_EDGE ( 'NONE', *, *, #1809, .F. ) ;
#929 = EDGE_CURVE ( 'NONE', #2131, #2198, #2673, .T. ) ;
#930 = CARTESIAN_POINT ( 'NONE',  ( 0.1099999999999999867, 0.4449999999999998956, -0.1199999999999999956 ) ) ;
#931 = ORIENTED_EDGE ( 'NONE', *, *, #3401, .F. ) ;
#932 = VERTEX_POINT ( 'NONE', #2867 ) ;
#933 = DIRECTION ( 'NONE',  ( 0.000000000000000000, -0.000000000000000000, -1.000000000000000000 ) ) ;
#934 = CARTESIAN_POINT ( 'NONE',  ( 0.000000000000000000, 0.000000000000000000, -0.09800000000000000377 ) ) ;
#935 = DIRECTION ( 'NONE',  ( 0.000000000000000000, 1.000000000000000000, -3.469446951953614189E-17 ) ) ;
#936 = DIRECTION ( 'NONE',  ( 1.000000000000000000, 0.000000000000000000, 0.000000000000000000 ) ) ;
#937 = CARTESIAN_POINT ( 'NONE',  ( -0.2600000000000000089, 0.1150000000000000050, -0.05999999999999999084 ) ) ;
#938 = DIRECTION ( 'NONE',  ( 0.5773502691896263972, -0.5773502691896243988, -0.5773502691896263972 ) ) ;
#939 = CARTESIAN_POINT ( 'NONE',  ( 0.2999999999999999889, 0.01499999999999997689, 0.1000000000000000056 ) ) ;
#940 = CARTESIAN_POINT ( 'NONE',  ( 0.000000000000000000, -0.07000000000000007605, -0.03000000000000001277 ) ) ;
#941 = ORIENTED_EDGE ( 'NONE', *, *, #458, .F. ) ;
#942 = ORIENTED_EDGE ( 'NONE', *, *, #2358, .T. ) ;
#943 = CARTESIAN_POINT ( 'NONE',  ( -0.2449999999999999956, 0.01500000000000000291, 0.1150000000000000744 ) ) ;
#944 = DIRECTION ( 'NONE',  ( -0.000000000000000000, -0.000000000000000000, -1.000000000000000000 ) ) ;
#945 = CARTESIAN_POINT ( 'NONE',  ( 0.1300000000000001155, 0.4649999999999999689, -0.08000000000000012657 ) ) ;
#946 = EDGE_CURVE ( 'NONE', #3422, #3429, #2663, .T. ) ;
#947 = VERTEX_POINT ( 'NONE', #1875 ) ;
#948 = VECTOR ( 'NONE', #1837, 39.37007874015748143 ) ;
#949 = AXIS2_PLACEMENT_3D ( 'NONE', #1695, #1101, #1343 ) ;
#950 = DIRECTION ( 'NONE',  ( 0.000000000000000000, 0.000000000000000000, 1.000000000000000000 ) ) ;
#951 = ORIENTED_EDGE ( 'NONE', *, *, #849, .T. ) ;
#952 =( NAMED_UNIT ( * ) PLANE_ANGLE_UNIT ( ) SI_UNIT ( $, .RADIAN. ) );
#953 = CARTESIAN_POINT ( 'NONE',  ( -0.2449999999999999956, -0.05950000000000014999, 0.004499999999999995323 ) ) ;
#954 = CARTESIAN_POINT ( 'NONE',  ( 0.05999999999999997696, 0.2949999999999998734, -0.05999999999999999084 ) ) ;
#955 = SURFACE_STYLE_FILL_AREA ( #3311 ) ;
#956 = EDGE_CURVE ( 'NONE', #446, #996, #1546, .T. ) ;
#957 = AXIS2_PLACEMENT_3D ( 'NONE', #2827, #3424, #3450 ) ;
#958 = ORIENTED_EDGE ( 'NONE', *, *, #2425, .T. ) ;
#959 = CARTESIAN_POINT ( 'NONE',  ( 0.000000000000000000, -0.07000000000000007605, 0.000000000000000000 ) ) ;
#960 = CARTESIAN_POINT ( 'NONE',  ( 0.1700000000000000400, 0.1150000000000000050, 0.1000000000000000056 ) ) ;
#961 = FACE_OUTER_BOUND ( 'NONE', #301, .T. ) ;
#962 = EDGE_CURVE ( 'NONE', #1774, #644, #2829, .T. ) ;
#963 = CARTESIAN_POINT ( 'NONE',  ( -0.1874999999999999722, 0.000000000000000000, 0.000000000000000000 ) ) ;
#964 = PLANE ( 'NONE',  #89 ) ;
#965 = DIRECTION ( 'NONE',  ( 1.000000000000000000, 0.000000000000000000, -0.000000000000000000 ) ) ;
#966 = ORIENTED_EDGE ( 'NONE', *, *, #2137, .T. ) ;
#967 = CARTESIAN_POINT ( 'NONE',  ( 0.2299999999999999822, -0.01854101966249700403, 0.09999999999999997780 ) ) ;
#968 = DIRECTION ( 'NONE',  ( -1.000000000000000000, 0.000000000000000000, 0.000000000000000000 ) ) ;
#969 = VECTOR ( 'NONE', #136, 39.37007874015748143 ) ;
#970 = DIRECTION ( 'NONE',  ( -0.000000000000000000, -0.000000000000000000, -1.000000000000000000 ) ) ;
#971 = MECHANICAL_DESIGN_GEOMETRIC_PRESENTATION_REPRESENTATION (  '', ( #3025 ), #3263 ) ;
#972 = ORIENTED_EDGE ( 'NONE', *, *, #1615, .F. ) ;
#973 = CARTESIAN_POINT ( 'NONE',  ( 0.2999999999999999889, 0.4649999999999999689, 0.1000000000000000056 ) ) ;
#974 = CARTESIAN_POINT ( 'NONE',  ( -0.2600000000000000089, 0.2949999999999998734, -0.05999999999999999084 ) ) ;
#975 = FACE_OUTER_BOUND ( 'NONE', #2547, .T. ) ;
#976 = VERTEX_POINT ( 'NONE', #44 ) ;
#977 = ADVANCED_FACE ( 'NONE', ( #448 ), #1906, .F. ) ;
#978 = EDGE_CURVE ( 'NONE', #1507, #39, #1581, .T. ) ;
#979 = DIRECTION ( 'NONE',  ( -1.000000000000000000, 0.000000000000000000, 0.000000000000000000 ) ) ;
#980 = CARTESIAN_POINT ( 'NONE',  ( 0.000000000000000000, -0.07000000000000007605, 0.000000000000000000 ) ) ;
#981 = LINE ( 'NONE', #1376, #2216 ) ;
#982 = ORIENTED_EDGE ( 'NONE', *, *, #3291, .T. ) ;
#983 = ORIENTED_EDGE ( 'NONE', *, *, #8, .F. ) ;
#984 = EDGE_CURVE ( 'NONE', #1004, #1715, #1512, .T. ) ;
#985 = DIRECTION ( 'NONE',  ( -1.000000000000000000, -1.897116662266849457E-16, -0.000000000000000000 ) ) ;
#986 = LINE ( 'NONE', #3052, #3326 ) ;
#987 = CARTESIAN_POINT ( 'NONE',  ( 0.2299999999999999822, -0.01854101966249700403, 0.09999999999999997780 ) ) ;
#988 = ORIENTED_EDGE ( 'NONE', *, *, #3251, .F. ) ;
#989 = DIRECTION ( 'NONE',  ( -0.000000000000000000, -0.000000000000000000, -1.000000000000000000 ) ) ;
#990 = LENGTH_MEASURE_WITH_UNIT ( LENGTH_MEASURE( 0.02539999999999999897 ), #3102 );
#991 = CARTESIAN_POINT ( 'NONE',  ( -0.1200000000000000233, 0.1150000000000000050, 0.06000000000000001166 ) ) ;
#992 = SURFACE_STYLE_USAGE ( .BOTH. , #1471 ) ;
#993 = EDGE_CURVE ( 'NONE', #1914, #2421, #1694, .T. ) ;
#994 = CARTESIAN_POINT ( 'NONE',  ( -0.1099999999999999867, 0.4449999999999998956, -0.1199999999999999956 ) ) ;
#995 = STYLED_ITEM ( 'NONE', ( #3489 ), #2580 ) ;
#996 = VERTEX_POINT ( 'NONE', #2181 ) ;
#997 = VERTEX_POINT ( 'NONE', #1959 ) ;
#998 = PLANE ( 'NONE',  #1504 ) ;
#999 = EDGE_CURVE ( 'NONE', #3412, #2647, #2883, .T. ) ;
#1000 = CARTESIAN_POINT ( 'NONE',  ( -0.1124999999999999750, 0.000000000000000000, 0.000000000000000000 ) ) ;
#1001 = CARTESIAN_POINT ( 'NONE',  ( 0.000000000000000000, 0.3150000000000000022, -0.08000000000000005718 ) ) ;
#1002 = DIRECTION ( 'NONE',  ( 0.000000000000000000, 0.000000000000000000, -1.000000000000000000 ) ) ;
#1003 = LINE ( 'NONE', #159, #2123 ) ;
#1004 = VERTEX_POINT ( 'NONE', #2658 ) ;
#1005 = EDGE_CURVE ( 'NONE', #1520, #210, #2919, .T. ) ;
#1006 = FILL_AREA_STYLE_COLOUR ( '', #1620 ) ;
#1007 = VECTOR ( 'NONE', #1710, 39.37007874015748143 ) ;
#1008 = DIRECTION ( 'NONE',  ( -1.000000000000000000, 0.000000000000000000, 0.000000000000000000 ) ) ;
#1009 = CARTESIAN_POINT ( 'NONE',  ( 0.000000000000000000, -0.07000000000000007605, -0.03000000000000001277 ) ) ;
#1010 = ORIENTED_EDGE ( 'NONE', *, *, #1819, .F. ) ;
#1011 = DIMENSIONAL_EXPONENTS ( 1.000000000000000000, 0.000000000000000000, 0.000000000000000000, 0.000000000000000000, 0.000000000000000000, 0.000000000000000000, 0.000000000000000000 ) ;
#1012 =( CONVERSION_BASED_UNIT ( 'INCH', #812 ) LENGTH_UNIT ( ) NAMED_UNIT ( #3222 ) );
#1013 = CARTESIAN_POINT ( 'NONE',  ( -0.2124999999999999944, -0.01500000000000007404, -0.03000000000000001277 ) ) ;
#1014 = ORIENTED_EDGE ( 'NONE', *, *, #1696, .T. ) ;
#1015 = VERTEX_POINT ( 'NONE', #2473 ) ;
#1016 = CARTESIAN_POINT ( 'NONE',  ( 0.2720000000000000195, 0.4649999999999999689, -0.09800000000000000377 ) ) ;
#1017 = COLOUR_RGB ( '',0.7921568627450980005, 0.8196078431372548767, 0.9333333333333333481 ) ;
#1018 = DIRECTION ( 'NONE',  ( -0.000000000000000000, 1.000000000000000000, -0.000000000000000000 ) ) ;
#1019 = LINE ( 'NONE', #770, #969 ) ;
#1020 = VERTEX_POINT ( 'NONE', #2758 ) ;
#1021 = ORIENTED_EDGE ( 'NONE', *, *, #2094, .F. ) ;
#1022 = EDGE_CURVE ( 'NONE', #578, #2399, #498, .T. ) ;
#1023 = CARTESIAN_POINT ( 'NONE',  ( -0.2299999999999999822, -0.01854101966249700403, 0.1000000000000000194 ) ) ;
#1024 = CARTESIAN_POINT ( 'NONE',  ( -0.2449999999999999956, -0.04250000000000016265, 0.004499999999999995323 ) ) ;
#1025 = EDGE_CURVE ( 'NONE', #2747, #402, #526, .T. ) ;
#1026 = ORIENTED_EDGE ( 'NONE', *, *, #211, .T. ) ;
#1027 = CARTESIAN_POINT ( 'NONE',  ( -0.2299999999999999822, -0.01854101966249700403, 0.1000000000000000194 ) ) ;
#1028 = VERTEX_POINT ( 'NONE', #2435 ) ;
#1029 = LINE ( 'NONE', #2708, #2187 ) ;
#1030 = VERTEX_POINT ( 'NONE', #1354 ) ;
#1031 = ADVANCED_FACE ( 'NONE', ( #2948 ), #221, .F. ) ;
#1032 = ORIENTED_EDGE ( 'NONE', *, *, #2040, .T. ) ;
#1033 = CARTESIAN_POINT ( 'NONE',  ( -0.2449999999999999956, -0.05050000000000016281, -0.004499999999999994456 ) ) ;
#1034 = CARTESIAN_POINT ( 'NONE',  ( 0.1125000000000000305, -0.01500000000000008618, 0.07000000000000000666 ) ) ;
#1035 = CONTEXT_DEPENDENT_SHAPE_REPRESENTATION ( #181, #2182 ) ;
#1036 = VECTOR ( 'NONE', #243, 39.37007874015748143 ) ;
#1037 = VERTEX_POINT ( 'NONE', #551 ) ;
#1038 = ORIENTED_EDGE ( 'NONE', *, *, #1963, .T. ) ;
#1039 = PLANE ( 'NONE',  #1395 ) ;
#1040 = DIRECTION ( 'NONE',  ( -0.000000000000000000, -0.000000000000000000, 1.000000000000000000 ) ) ;
#1041 = CARTESIAN_POINT ( 'NONE',  ( -0.2600000000000000089, 0.1150000000000000050, 0.06000000000000001166 ) ) ;
#1042 = PLANE ( 'NONE',  #394 ) ;
#1043 = CONTEXT_DEPENDENT_SHAPE_REPRESENTATION ( #2038, #1265 ) ;
#1044 = VECTOR ( 'NONE', #646, 39.37007874015748143 ) ;
#1045 = ORIENTED_EDGE ( 'NONE', *, *, #1845, .T. ) ;
#1046 = AXIS2_PLACEMENT_3D ( 'NONE', #3521, #100, #2043 ) ;
#1047 = CARTESIAN_POINT ( 'NONE',  ( -0.05699999999999962735, 0.4049999999999999711, -0.1200000000000000233 ) ) ;
#1048 = DIRECTION ( 'NONE',  ( 1.000000000000000000, 0.000000000000000000, 0.000000000000000000 ) ) ;
#1049 = LINE ( 'NONE', #94, #2141 ) ;
#1050 = PLANE ( 'NONE',  #3357 ) ;
#1051 = ORIENTED_EDGE ( 'NONE', *, *, #2287, .T. ) ;
#1052 = DIRECTION ( 'NONE',  ( 0.9110506463487559881, -0.2915362068315993094, 0.2915362068315989208 ) ) ;
#1053 = ORIENTED_EDGE ( 'NONE', *, *, #791, .F. ) ;
#1054 = LINE ( 'NONE', #1349, #2305 ) ;
#1055 = ADVANCED_FACE ( 'NONE', ( #570 ), #2206, .T. ) ;
#1056 = CARTESIAN_POINT ( 'NONE',  ( 0.1125000000000000305, -0.01500000000000008618, 0.07000000000000000666 ) ) ;
#1057 = DIRECTION ( 'NONE',  ( 0.9284766908852591927, -0.3713906763541041101, 0.000000000000000000 ) ) ;
#1058 = DIRECTION ( 'NONE',  ( 0.000000000000000000, 0.000000000000000000, -1.000000000000000000 ) ) ;
#1059 = EDGE_CURVE ( 'NONE', #2188, #1484, #562, .T. ) ;
#1060 = VECTOR ( 'NONE', #313, 39.37007874015748143 ) ;
#1061 = ADVANCED_FACE ( 'NONE', ( #1742 ), #2455, .F. ) ;
#1062 = ORIENTED_EDGE ( 'NONE', *, *, #1557, .T. ) ;
#1063 = CARTESIAN_POINT ( 'NONE',  ( 0.2599999999999999534, 0.1150000000000000050, -0.05999999999999999084 ) ) ;
#1064 = DIRECTION ( 'NONE',  ( -0.5773502691896263972, -0.5773502691896243988, -0.5773502691896263972 ) ) ;
#1065 = EDGE_CURVE ( 'NONE', #2345, #1965, #1630, .T. ) ;
#1066 = ORIENTED_EDGE ( 'NONE', *, *, #856, .F. ) ;
#1067 = LINE ( 'NONE', #1866, #3522 ) ;
#1068 = VERTEX_POINT ( 'NONE', #1293 ) ;
#1069 = EDGE_CURVE ( 'NONE', #1981, #1028, #2955, .T. ) ;
#1070 = AXIS2_PLACEMENT_3D ( 'NONE', #2147, #1856, #2917 ) ;
#1071 = CARTESIAN_POINT ( 'NONE',  ( -0.1099999999999999867, 0.4449999999999998956, -0.05999999999999999084 ) ) ;
#1072 = SURFACE_STYLE_FILL_AREA ( #2063 ) ;
#1073 = ORIENTED_EDGE ( 'NONE', *, *, #774, .F. ) ;
#1074 = VERTEX_POINT ( 'NONE', #2132 ) ;
#1075 = SHAPE_DEFINITION_REPRESENTATION ( #2679, #2504 ) ;
#1076 = FACE_OUTER_BOUND ( 'NONE', #409, .T. ) ;
#1077 = EDGE_LOOP ( 'NONE', ( #1975, #620, #1895, #1839, #861, #2073, #841, #1373, #1984, #2439 ) ) ;
#1078 = FILL_AREA_STYLE ('',( #2409 ) ) ;
#1079 = ORIENTED_EDGE ( 'NONE', *, *, #2294, .T. ) ;
#1080 = EDGE_LOOP ( 'NONE', ( #2764, #1508, #489 ) ) ;
#1081 = DIRECTION ( 'NONE',  ( -0.000000000000000000, 0.000000000000000000, 1.000000000000000000 ) ) ;
#1082 = DIRECTION ( 'NONE',  ( 0.000000000000000000, 0.000000000000000000, -1.000000000000000000 ) ) ;
#1083 = DIRECTION ( 'NONE',  ( -1.000000000000000000, -0.000000000000000000, -0.000000000000000000 ) ) ;
#1084 = VECTOR ( 'NONE', #1052, 39.37007874015748854 ) ;
#1085 = ITEM_DEFINED_TRANSFORMATION ( 'NONE', 'NONE', #1408,  #1810 ) ;
#1086 = ORIENTED_EDGE ( 'NONE', *, *, #2831, .F. ) ;
#1087 = DIRECTION ( 'NONE',  ( 0.000000000000000000, 0.000000000000000000, -1.000000000000000000 ) ) ;
#1088 = DIRECTION ( 'NONE',  ( 0.000000000000000000, 2.731847993664262430E-15, -1.000000000000000000 ) ) ;
#1089 = VECTOR ( 'NONE', #2699, 39.37007874015748143 ) ;
#1090 = AXIS2_PLACEMENT_3D ( 'NONE', #3132, #1921, #738 ) ;
#1091 = CARTESIAN_POINT ( 'NONE',  ( -0.01249999999999994171, -0.03500000000000007272, -0.01250000000000000069 ) ) ;
#1092 = ADVANCED_FACE ( 'NONE', ( #2971 ), #1219, .F. ) ;
#1093 = VERTEX_POINT ( 'NONE', #389 ) ;
#1094 = LINE ( 'NONE', #135, #3499 ) ;
#1095 = CARTESIAN_POINT ( 'NONE',  ( -0.3000000000000000444, -0.01500000000000007404, -0.03000000000000001277 ) ) ;
#1096 = ITEM_DEFINED_TRANSFORMATION ( 'NONE', 'NONE', #1446,  #1810 ) ;
#1097 = AXIS2_PLACEMENT_3D ( 'NONE', #104, #922, #2257 ) ;
#1098 = ORIENTED_EDGE ( 'NONE', *, *, #1963, .F. ) ;
#1099 = DIRECTION ( 'NONE',  ( 1.897116662266849457E-16, -1.000000000000000000, 0.000000000000000000 ) ) ;
#1100 = ORIENTED_EDGE ( 'NONE', *, *, #2370, .T. ) ;
#1101 = DIRECTION ( 'NONE',  ( 1.000000000000000000, 0.000000000000000000, 0.000000000000000000 ) ) ;
#1102 = DIRECTION ( 'NONE',  ( 1.000000000000000000, 0.000000000000000000, 0.000000000000000000 ) ) ;
#1103 = EDGE_CURVE ( 'NONE', #1527, #1693, #459, .T. ) ;
#1104 = CARTESIAN_POINT ( 'NONE',  ( -0.2199999999999996958, -0.06750000000000015710, -0.01250000000000000069 ) ) ;
#1105 = CARTESIAN_POINT ( 'NONE',  ( 0.2399999999999999634, 0.3850000000000000089, -0.09800000000000000377 ) ) ;
#1106 = PLANE ( 'NONE',  #2095 ) ;
#1107 = LINE ( 'NONE', #2083, #1084 ) ;
#1108 = EDGE_CURVE ( 'NONE', #879, #1563, #2853, .T. ) ;
#1109 = EDGE_LOOP ( 'NONE', ( #1843, #863, #2510, #1907 ) ) ;
#1110 = VECTOR ( 'NONE', #454, 39.37007874015748143 ) ;
#1111 = VERTEX_POINT ( 'NONE', #2538 ) ;
#1112 = CARTESIAN_POINT ( 'NONE',  ( 0.000000000000000000, 0.3150000000000000022, 0.000000000000000000 ) ) ;
#1113 = DIRECTION ( 'NONE',  ( 0.5773502691896265082, 0.5773502691896245098, -0.5773502691896260641 ) ) ;
#1114 = DIRECTION ( 'NONE',  ( 1.000000000000000000, 0.000000000000000000, 0.000000000000000000 ) ) ;
#1115 = EDGE_CURVE ( 'NONE', #1393, #2408, #1762, .T. ) ;
#1116 = VERTEX_POINT ( 'NONE', #1204 ) ;
#1117 = FACE_OUTER_BOUND ( 'NONE', #2559, .T. ) ;
#1118 = AXIS2_PLACEMENT_3D ( 'NONE', #2199, #831, #1082 ) ;
#1119 = VERTEX_POINT ( 'NONE', #2879 ) ;
#1120 = LINE ( 'NONE', #1575, #1131 ) ;
#1121 = ADVANCED_FACE ( 'NONE', ( #1734 ), #1411, .F. ) ;
#1122 = ORIENTED_EDGE ( 'NONE', *, *, #455, .F. ) ;
#1123 = LINE ( 'NONE', #3045, #3461 ) ;
#1124 = CARTESIAN_POINT ( 'NONE',  ( 0.01250000000000006141, -0.02750000000000010075, 0.01250000000000000069 ) ) ;
#1125 = VERTEX_POINT ( 'NONE', #1683 ) ;
#1126 =( CONVERSION_BASED_UNIT ( 'INCH', #2140 ) LENGTH_UNIT ( ) NAMED_UNIT ( #3530 ) );
#1127 = ORIENTED_EDGE ( 'NONE', *, *, #3048, .F. ) ;
#1128 = CARTESIAN_POINT ( 'NONE',  ( -0.3000000000000000444, -0.01500000000000007057, -0.07000000000000000666 ) ) ;
#1129 = DIRECTION ( 'NONE',  ( 1.000000000000000000, 0.000000000000000000, 0.000000000000000000 ) ) ;
#1130 = DIRECTION ( 'NONE',  ( 0.000000000000000000, 0.000000000000000000, -1.000000000000000000 ) ) ;
#1131 = VECTOR ( 'NONE', #332, 39.37007874015748143 ) ;
#1132 = VERTEX_POINT ( 'NONE', #339 ) ;
#1133 = VECTOR ( 'NONE', #1440, 39.37007874015748143 ) ;
#1134 = UNCERTAINTY_MEASURE_WITH_UNIT (LENGTH_MEASURE( 1.000000000000000082E-05 ), #567, 'distance_accuracy_value', 'NONE');
#1135 = ORIENTED_EDGE ( 'NONE', *, *, #3291, .F. ) ;
#1136 = AXIS2_PLACEMENT_3D ( 'NONE', #2707, #263, #1374 ) ;
#1137 = DIRECTION ( 'NONE',  ( 0.3047757271037812576, 0.9524241471993249997, 0.000000000000000000 ) ) ;
#1138 = DIRECTION ( 'NONE',  ( 1.000000000000000000, 0.000000000000000000, 0.000000000000000000 ) ) ;
#1139 = FACE_OUTER_BOUND ( 'NONE', #870, .T. ) ;
#1140 = PLANE ( 'NONE',  #882 ) ;
#1141 = DIRECTION ( 'NONE',  ( 0.000000000000000000, 0.000000000000000000, -1.000000000000000000 ) ) ;
#1142 = VERTEX_POINT ( 'NONE', #705 ) ;
#1143 = VERTEX_POINT ( 'NONE', #2003 ) ;
#1144 = CARTESIAN_POINT ( 'NONE',  ( 0.1300000000000000322, 0.4649999999999999134, -0.08000000000000002942 ) ) ;
#1145 = CIRCLE ( 'NONE', #572, 0.007500000000000022274 ) ;
#1146 = VECTOR ( 'NONE', #1666, 39.37007874015748854 ) ;
#1147 = CARTESIAN_POINT ( 'NONE',  ( 0.05999999999999997696, -0.01149110640673522282, -0.05999999999999999084 ) ) ;
#1148 = ORIENTED_EDGE ( 'NONE', *, *, #3322, .T. ) ;
#1149 = VECTOR ( 'NONE', #3290, 39.37007874015748143 ) ;
#1150 = EDGE_CURVE ( 'NONE', #2054, #1441, #490, .T. ) ;
#1151 = ADVANCED_FACE ( 'NONE', ( #540 ), #1741, .F. ) ;
#1152 = EDGE_CURVE ( 'NONE', #3416, #1774, #580, .T. ) ;
#1153 = DIRECTION ( 'NONE',  ( -0.9524241471993251107, -0.3047757271037808691, -0.000000000000000000 ) ) ;
#1154 = CARTESIAN_POINT ( 'NONE',  ( -0.1099999999999999867, 0.3150000000000000022, -0.05999999999999999084 ) ) ;
#1155 =( GEOMETRIC_REPRESENTATION_CONTEXT ( 3 ) GLOBAL_UNCERTAINTY_ASSIGNED_CONTEXT ( ( #2682 ) ) GLOBAL_UNIT_ASSIGNED_CONTEXT ( ( #1012, #952, #509 ) ) REPRESENTATION_CONTEXT ( 'NONE', 'WORKASPACE' ) );
#1156 = ORIENTED_EDGE ( 'NONE', *, *, #1191, .F. ) ;
#1157 = EDGE_LOOP ( 'NONE', ( #2259, #3035, #1213, #1170 ) ) ;
#1158 = DIRECTION ( 'NONE',  ( 0.000000000000000000, -0.000000000000000000, 1.000000000000000000 ) ) ;
#1159 = CARTESIAN_POINT ( 'NONE',  ( -0.1499999999999999944, 0.3150000000000000022, -0.1600000000000000033 ) ) ;
#1160 = EDGE_CURVE ( 'NONE', #2291, #568, #1702, .T. ) ;
#1161 = CARTESIAN_POINT ( 'NONE',  ( 0.2720000000000000195, 0.4649999999999999689, -0.1000000000000000056 ) ) ;
#1162 = CARTESIAN_POINT ( 'NONE',  ( 0.1875000000000000555, -0.07000000000000007605, -0.03000000000000002318 ) ) ;
#1163 = CARTESIAN_POINT ( 'NONE',  ( -0.1499999999999999944, 0.3150000000000000022, -0.1000000000000000056 ) ) ;
#1164 = ORIENTED_EDGE ( 'NONE', *, *, #3486, .F. ) ;
#1165 = LINE ( 'NONE', #19, #2341 ) ;
#1166 = EDGE_CURVE ( 'NONE', #2809, #2166, #1642, .T. ) ;
#1167 = DIRECTION ( 'NONE',  ( 0.000000000000000000, 1.000000000000000000, 0.000000000000000000 ) ) ;
#1168 = ORIENTED_EDGE ( 'NONE', *, *, #1452, .T. ) ;
#1169 = CARTESIAN_POINT ( 'NONE',  ( -0.1099999999999999867, 0.4449999999999998956, -0.05999999999999999084 ) ) ;
#1170 = ORIENTED_EDGE ( 'NONE', *, *, #3471, .F. ) ;
#1171 = CARTESIAN_POINT ( 'NONE',  ( 0.1000000000000000194, 0.1149999999999999634, 0.05500000000000009742 ) ) ;
#1172 = EDGE_CURVE ( 'NONE', #2782, #1715, #2928, .T. ) ;
#1173 = ORIENTED_EDGE ( 'NONE', *, *, #3444, .F. ) ;
#1174 = VECTOR ( 'NONE', #2016, 39.37007874015748143 ) ;
#1175 = PLANE ( 'NONE',  #2379 ) ;
#1176 = ORIENTED_EDGE ( 'NONE', *, *, #3444, .T. ) ;
#1177 = DIRECTION ( 'NONE',  ( 1.000000000000000000, 0.000000000000000000, 0.000000000000000000 ) ) ;
#1178 = ADVANCED_FACE ( 'NONE', ( #2890 ), #964, .T. ) ;
#1179 = ORIENTED_EDGE ( 'NONE', *, *, #132, .T. ) ;
#1180 = ORIENTED_EDGE ( 'NONE', *, *, #2237, .T. ) ;
#1181 = CARTESIAN_POINT ( 'NONE',  ( -0.01249999999999999029, 0.3425000000000000266, 0.01250000000000000069 ) ) ;
#1182 = DIRECTION ( 'NONE',  ( 0.7071067811865463515, -0.7071067811865487940, 0.000000000000000000 ) ) ;
#1183 = PLANE ( 'NONE',  #3404 ) ;
#1184 = CARTESIAN_POINT ( 'NONE',  ( -0.2124999999999999944, -0.07000000000000007605, -0.03000000000000002318 ) ) ;
#1185 = ORIENTED_EDGE ( 'NONE', *, *, #2901, .T. ) ;
#1186 = DIRECTION ( 'NONE',  ( -1.000000000000000000, 0.000000000000000000, 0.000000000000000000 ) ) ;
#1187 = CARTESIAN_POINT ( 'NONE',  ( 0.1200000000000000233, 0.1150000000000000050, 0.1000000000000000056 ) ) ;
#1188 = VECTOR ( 'NONE', #2024, 39.37007874015748143 ) ;
#1189 = DIRECTION ( 'NONE',  ( 0.000000000000000000, 1.000000000000000000, 0.000000000000000000 ) ) ;
#1190 = VERTEX_POINT ( 'NONE', #583 ) ;
#1191 = EDGE_CURVE ( 'NONE', #3073, #2727, #597, .T. ) ;
#1192 = DIRECTION ( 'NONE',  ( 0.000000000000000000, 0.000000000000000000, 1.000000000000000000 ) ) ;
#1193 = EDGE_CURVE ( 'NONE', #2082, #2886, #1776, .T. ) ;
#1194 = ORIENTED_EDGE ( 'NONE', *, *, #556, .T. ) ;
#1195 = PRODUCT_DEFINITION_FORMATION_WITH_SPECIFIED_SOURCE ( 'ANY', '', #1830, .NOT_KNOWN. ) ;
#1196 = VERTEX_POINT ( 'NONE', #1649 ) ;
#1197 = DIRECTION ( 'NONE',  ( 0.000000000000000000, 0.000000000000000000, -1.000000000000000000 ) ) ;
#1198 = DIRECTION ( 'NONE',  ( -0.000000000000000000, -1.067128122525102481E-16, 1.000000000000000000 ) ) ;
#1199 = ORIENTED_EDGE ( 'NONE', *, *, #1103, .F. ) ;
#1200 = LINE ( 'NONE', #2285, #1188 ) ;
#1201 = EDGE_CURVE ( 'NONE', #976, #3138, #1684, .T. ) ;
#1202 = EDGE_LOOP ( 'NONE', ( #3520, #3565, #3551, #1173 ) ) ;
#1203 = CARTESIAN_POINT ( 'NONE',  ( -0.1099999999999999867, 0.3049999999999999378, -0.07000000000000006217 ) ) ;
#1204 = CARTESIAN_POINT ( 'NONE',  ( -0.08749999999999996669, -0.07000000000000007605, -0.03000000000000002318 ) ) ;
#1205 = DIRECTION ( 'NONE',  ( -1.000000000000000000, 0.000000000000000000, 0.000000000000000000 ) ) ;
#1206 =( NAMED_UNIT ( * ) PLANE_ANGLE_UNIT ( ) SI_UNIT ( $, .RADIAN. ) );
#1207 = ORIENTED_EDGE ( 'NONE', *, *, #1523, .F. ) ;
#1208 = FACE_OUTER_BOUND ( 'NONE', #1844, .T. ) ;
#1209 = CARTESIAN_POINT ( 'NONE',  ( 0.000000000000000000, 0.4649999999999999689, 0.08000000000000014044 ) ) ;
#1210 = DIRECTION ( 'NONE',  ( -0.000000000000000000, -0.000000000000000000, 1.000000000000000000 ) ) ;
#1211 = ORIENTED_EDGE ( 'NONE', *, *, #1979, .F. ) ;
#1212 = ORIENTED_EDGE ( 'NONE', *, *, #1423, .F. ) ;
#1213 = ORIENTED_EDGE ( 'NONE', *, *, #2592, .F. ) ;
#1214 = CARTESIAN_POINT ( 'NONE',  ( -0.2299999999999999822, 0.4649999999999999689, 0.1000000000000000194 ) ) ;
#1215 = CARTESIAN_POINT ( 'NONE',  ( -0.2800000000000001377, 0.4649999999999999689, 0.08000000000000014044 ) ) ;
#1216 = ORIENTED_EDGE ( 'NONE', *, *, #107, .F. ) ;
#1217 = ORIENTED_EDGE ( 'NONE', *, *, #2459, .F. ) ;
#1218 = CARTESIAN_POINT ( 'NONE',  ( 0.000000000000000000, -0.07000000000000007605, -0.03000000000000001277 ) ) ;
#1219 = PLANE ( 'NONE',  #2970 ) ;
#1220 = EDGE_CURVE ( 'NONE', #2505, #3333, #2999, .T. ) ;
#1221 = CARTESIAN_POINT ( 'NONE',  ( -0.3000000000000000444, -0.01500000000000007404, -0.03000000000000001277 ) ) ;
#1222 = ORIENTED_EDGE ( 'NONE', *, *, #956, .T. ) ;
#1223 = LINE ( 'NONE', #308, #2484 ) ;
#1224 = LINE ( 'NONE', #3559, #1235 ) ;
#1225 = ORIENTED_EDGE ( 'NONE', *, *, #2716, .T. ) ;
#1226 = EDGE_CURVE ( 'NONE', #644, #2622, #2866, .T. ) ;
#1227 = CARTESIAN_POINT ( 'NONE',  ( 0.2600000000000000089, -0.07000000000000007605, 0.07000000000000000666 ) ) ;
#1228 = ORIENTED_EDGE ( 'NONE', *, *, #1220, .F. ) ;
#1229 = DIRECTION ( 'NONE',  ( 0.000000000000000000, 0.000000000000000000, -1.000000000000000000 ) ) ;
#1230 = DIRECTION ( 'NONE',  ( -1.000000000000000000, -0.000000000000000000, -0.000000000000000000 ) ) ;
#1231 = ORIENTED_EDGE ( 'NONE', *, *, #2996, .T. ) ;
#1232 = EDGE_CURVE ( 'NONE', #550, #1873, #2899, .T. ) ;
#1233 = AXIS2_PLACEMENT_3D ( 'NONE', #980, #2355, #2870 ) ;
#1234 = ORIENTED_EDGE ( 'NONE', *, *, #2700, .T. ) ;
#1235 = VECTOR ( 'NONE', #751, 39.37007874015748143 ) ;
#1236 = VERTEX_POINT ( 'NONE', #2560 ) ;
#1237 = CARTESIAN_POINT ( 'NONE',  ( 0.01250000000000003539, -0.01500000000000008618, 0.07000000000000000666 ) ) ;
#1238 = CARTESIAN_POINT ( 'NONE',  ( 0.000000000000000000, 0.000000000000000000, -0.09800000000000000377 ) ) ;
#1239 = ORIENTED_EDGE ( 'NONE', *, *, #1726, .T. ) ;
#1240 = LINE ( 'NONE', #1326, #116 ) ;
#1241 = ORIENTED_EDGE ( 'NONE', *, *, #469, .T. ) ;
#1242 = DIRECTION ( 'NONE',  ( 0.3047757271037812576, -0.9524241471993249997, 0.000000000000000000 ) ) ;
#1243 = DIRECTION ( 'NONE',  ( -0.000000000000000000, 0.7071067811865462405, 0.7071067811865486830 ) ) ;
#1244 = ORIENTED_EDGE ( 'NONE', *, *, #569, .F. ) ;
#1245 = LINE ( 'NONE', #1955, #1250 ) ;
#1246 = EDGE_LOOP ( 'NONE', ( #1274, #3192, #3059, #3065, #1967, #1248 ) ) ;
#1247 = DIRECTION ( 'NONE',  ( 1.000000000000000000, 0.000000000000000000, 0.000000000000000000 ) ) ;
#1248 = ORIENTED_EDGE ( 'NONE', *, *, #3106, .F. ) ;
#1249 = DIRECTION ( 'NONE',  ( 0.000000000000000000, 1.000000000000000000, 0.000000000000000000 ) ) ;
#1250 = VECTOR ( 'NONE', #3370, 39.37007874015748143 ) ;
#1251 = DIRECTION ( 'NONE',  ( -0.000000000000000000, -0.7071067811865484609, -0.7071067811865466846 ) ) ;
#1252 = SURFACE_STYLE_USAGE ( .BOTH. , #2084 ) ;
#1253 = EDGE_LOOP ( 'NONE', ( #1263, #790, #1813, #739 ) ) ;
#1254 = ORIENTED_EDGE ( 'NONE', *, *, #1664, .F. ) ;
#1255 = CARTESIAN_POINT ( 'NONE',  ( -0.2600000000000000089, -0.07000000000000007605, -0.03000000000000001277 ) ) ;
#1256 = VERTEX_POINT ( 'NONE', #2824 ) ;
#1257 = CARTESIAN_POINT ( 'NONE',  ( 0.08750000000000002220, -0.07000000000000007605, -0.03000000000000002318 ) ) ;
#1258 = ORIENTED_EDGE ( 'NONE', *, *, #322, .F. ) ;
#1259 = VERTEX_POINT ( 'NONE', #3423 ) ;
#1260 = DIRECTION ( 'NONE',  ( 0.000000000000000000, -0.000000000000000000, -1.000000000000000000 ) ) ;
#1261 = EDGE_CURVE ( 'NONE', #3090, #274, #1687, .T. ) ;
#1262 = SURFACE_STYLE_USAGE ( .BOTH. , #3451 ) ;
#1263 = ORIENTED_EDGE ( 'NONE', *, *, #1557, .F. ) ;
#1264 = PRODUCT_DEFINITION ( 'UNKNOWN', '', #2752, #2174 ) ;
#1265 = PRODUCT_DEFINITION_SHAPE ( 'NONE', 'NONE',  #3580 ) ;
#1266 = DIRECTION ( 'NONE',  ( -0.000000000000000000, 1.000000000000000000, -0.000000000000000000 ) ) ;
#1267 = ADVANCED_FACE ( 'NONE', ( #1869 ), #3257, .F. ) ;
#1268 = LENGTH_MEASURE_WITH_UNIT ( LENGTH_MEASURE( 0.02539999999999999897 ), #3142 );
#1269 = ORIENTED_EDGE ( 'NONE', *, *, #1059, .T. ) ;
#1270 = DIRECTION ( 'NONE',  ( 0.000000000000000000, 0.000000000000000000, -1.000000000000000000 ) ) ;
#1271 = VERTEX_POINT ( 'NONE', #229 ) ;
#1272 = AXIS2_PLACEMENT_3D ( 'NONE', #2749, #3076, #3348 ) ;
#1273 = ADVANCED_FACE ( 'NONE', ( #624 ), #2444, .F. ) ;
#1274 = ORIENTED_EDGE ( 'NONE', *, *, #1312, .F. ) ;
#1275 = CARTESIAN_POINT ( 'NONE',  ( 0.2399999999999999634, 0.3850000000000000089, -0.1000000000000000056 ) ) ;
#1276 = DIRECTION ( 'NONE',  ( 0.000000000000000000, 2.731847993664262430E-15, -1.000000000000000000 ) ) ;
#1277 = EDGE_CURVE ( 'NONE', #3508, #2650, #3075, .T. ) ;
#1278 = CARTESIAN_POINT ( 'NONE',  ( -0.2999999999999999889, 0.4649999999999999689, 0.1000000000000000056 ) ) ;
#1279 = CARTESIAN_POINT ( 'NONE',  ( -0.06000000000000003247, 0.1150000000000000050, -0.1000000000000000056 ) ) ;
#1280 = ORIENTED_EDGE ( 'NONE', *, *, #2944, .T. ) ;
#1281 = EDGE_CURVE ( 'NONE', #3419, #2722, #3006, .T. ) ;
#1282 = DIRECTION ( 'NONE',  ( 1.000000000000000000, 0.000000000000000000, 0.000000000000000000 ) ) ;
#1283 = CARTESIAN_POINT ( 'NONE',  ( 0.2600000000000000644, -0.01854101966249700403, 0.09999999999999997780 ) ) ;
#1284 = DIRECTION ( 'NONE',  ( 0.000000000000000000, 0.000000000000000000, -1.000000000000000000 ) ) ;
#1285 = DIRECTION ( 'NONE',  ( -0.000000000000000000, 1.000000000000000000, -0.000000000000000000 ) ) ;
#1286 = ORIENTED_EDGE ( 'NONE', *, *, #419, .T. ) ;
#1287 = ORIENTED_EDGE ( 'NONE', *, *, #2744, .T. ) ;
#1288 = CARTESIAN_POINT ( 'NONE',  ( -0.1700000000000000400, 0.000000000000000000, 0.000000000000000000 ) ) ;
#1289 = EDGE_CURVE ( 'NONE', #2704, #2378, #662, .T. ) ;
#1290 = ADVANCED_FACE ( 'NONE', ( #3021 ), #1496, .T. ) ;
#1291 = ORIENTED_EDGE ( 'NONE', *, *, #67, .F. ) ;
#1292 = CARTESIAN_POINT ( 'NONE',  ( -0.2600000000000000089, 0.4449999999999998956, 0.06000000000000001166 ) ) ;
#1293 = CARTESIAN_POINT ( 'NONE',  ( -0.06000000000000003247, 0.3150000000000000022, -0.08000000000000005718 ) ) ;
#1294 = CARTESIAN_POINT ( 'NONE',  ( -0.2600000000000000089, 0.01499999999999999944, 0.07000000000000000666 ) ) ;
#1295 = DIRECTION ( 'NONE',  ( 0.000000000000000000, 0.000000000000000000, 1.000000000000000000 ) ) ;
#1296 = ADVANCED_FACE ( 'NONE', ( #1840 ), #190, .T. ) ;
#1297 = EDGE_CURVE ( 'NONE', #1873, #2131, #758, .T. ) ;
#1298 = VECTOR ( 'NONE', #1369, 39.37007874015748143 ) ;
#1299 = DIRECTION ( 'NONE',  ( -1.000000000000000000, 0.000000000000000000, -0.000000000000000000 ) ) ;
#1300 = EDGE_CURVE ( 'NONE', #179, #1499, #671, .T. ) ;
#1301 = CARTESIAN_POINT ( 'NONE',  ( 0.2399999999999999634, 0.3850000000000000089, -0.09800000000000000377 ) ) ;
#1302 = DIRECTION ( 'NONE',  ( -0.000000000000000000, -1.067128122525102481E-16, 1.000000000000000000 ) ) ;
#1303 = VERTEX_POINT ( 'NONE', #2381 ) ;
#1304 = LINE ( 'NONE', #217, #2501 ) ;
#1305 = EDGE_CURVE ( 'NONE', #2166, #1020, #3068, .T. ) ;
#1306 = AXIS2_PLACEMENT_3D ( 'NONE', #3425, #112, #968 ) ;
#1307 = LINE ( 'NONE', #307, #2561 ) ;
#1308 = ORIENTED_EDGE ( 'NONE', *, *, #479, .F. ) ;
#1309 = DIRECTION ( 'NONE',  ( 0.000000000000000000, -1.000000000000000000, -1.552186360036505819E-16 ) ) ;
#1310 = PLANE ( 'NONE',  #2761 ) ;
#1311 = LINE ( 'NONE', #1865, #1407 ) ;
#1312 = EDGE_CURVE ( 'NONE', #1393, #292, #692, .T. ) ;
#1313 = ORIENTED_EDGE ( 'NONE', *, *, #1531, .F. ) ;
#1314 = CARTESIAN_POINT ( 'NONE',  ( -0.01999999999999994144, -0.03500000000000007272, -0.01250000000000000069 ) ) ;
#1315 = CARTESIAN_POINT ( 'NONE',  ( -0.01249999999999994171, -0.02750000000000010075, 0.01250000000000000069 ) ) ;
#1316 = CARTESIAN_POINT ( 'NONE',  ( 0.1875000000000000555, -0.07000000000000033973, 0.07000000000000000666 ) ) ;
#1317 = VECTOR ( 'NONE', #1511, 39.37007874015748143 ) ;
#1318 = ORIENTED_EDGE ( 'NONE', *, *, #978, .T. ) ;
#1319 = ADVANCED_FACE ( 'NONE', ( #3091 ), #1917, .F. ) ;
#1320 = DIRECTION ( 'NONE',  ( 0.000000000000000000, -0.000000000000000000, -1.000000000000000000 ) ) ;
#1321 = ORIENTED_EDGE ( 'NONE', *, *, #1367, .T. ) ;
#1322 = FACE_OUTER_BOUND ( 'NONE', #3364, .T. ) ;
#1323 = DIRECTION ( 'NONE',  ( -0.000000000000000000, -0.000000000000000000, -1.000000000000000000 ) ) ;
#1324 = LINE ( 'NONE', #693, #2509 ) ;
#1325 = ORIENTED_EDGE ( 'NONE', *, *, #1589, .T. ) ;
#1326 = CARTESIAN_POINT ( 'NONE',  ( 0.2600000000000000089, -0.01500000000000011394, 0.07000000000000011768 ) ) ;
#1327 = CARTESIAN_POINT ( 'NONE',  ( -0.01249999999999996773, -0.01500000000000008618, 0.07000000000000000666 ) ) ;
#1328 = CARTESIAN_POINT ( 'NONE',  ( 0.05699999999999961348, 0.4049999999999999711, 0.1176972864800942681 ) ) ;
#1329 = EDGE_CURVE ( 'NONE', #3485, #2983, #701, .T. ) ;
#1330 = VECTOR ( 'NONE', #2353, 39.37007874015748143 ) ;
#1331 = CARTESIAN_POINT ( 'NONE',  ( 0.2399999999999999634, 0.3850000000000000089, -0.1000000000000000056 ) ) ;
#1332 = FACE_OUTER_BOUND ( 'NONE', #434, .T. ) ;
#1333 = DIRECTION ( 'NONE',  ( -1.000000000000000000, 0.000000000000000000, 0.000000000000000000 ) ) ;
#1334 = CARTESIAN_POINT ( 'NONE',  ( -0.004499999999999984915, 0.3425000000000000266, 0.004499999999999995323 ) ) ;
#1335 = EDGE_CURVE ( 'NONE', #914, #3369, #1880, .T. ) ;
#1336 = ORIENTED_EDGE ( 'NONE', *, *, #1458, .T. ) ;
#1337 = EDGE_CURVE ( 'NONE', #3463, #2087, #1728, .T. ) ;
#1338 = LINE ( 'NONE', #2430, #2617 ) ;
#1339 = STYLED_ITEM ( 'NONE', ( #2061 ), #309 ) ;
#1340 = CARTESIAN_POINT ( 'NONE',  ( -0.1499999999999999944, 0.3150000000000000022, -0.1000000000000000056 ) ) ;
#1341 = CARTESIAN_POINT ( 'NONE',  ( -0.1124999999999999750, -0.01500000000000008618, 0.07000000000000000666 ) ) ;
#1342 = VERTEX_POINT ( 'NONE', #822 ) ;
#1343 = DIRECTION ( 'NONE',  ( 0.000000000000000000, 1.000000000000000000, -3.469446951953614189E-17 ) ) ;
#1344 = ADVANCED_FACE ( 'NONE', ( #1705 ), #1567, .F. ) ;
#1345 = DIRECTION ( 'NONE',  ( 0.000000000000000000, -1.000000000000000000, -1.552186360036505819E-16 ) ) ;
#1346 = VERTEX_POINT ( 'NONE', #2916 ) ;
#1347 = DIRECTION ( 'NONE',  ( 0.000000000000000000, -1.000000000000000000, -1.552186360036505819E-16 ) ) ;
#1348 = CARTESIAN_POINT ( 'NONE',  ( -0.1300000000000001155, 0.4649999999999999689, -0.1400000000000001243 ) ) ;
#1349 = CARTESIAN_POINT ( 'NONE',  ( 0.2600000000000000089, 0.01499999999999999944, -0.07000000000000000666 ) ) ;
#1350 = LINE ( 'NONE', #2071, #2606 ) ;
#1351 = EDGE_CURVE ( 'NONE', #1520, #1190, #527, .T. ) ;
#1352 = ORIENTED_EDGE ( 'NONE', *, *, #398, .F. ) ;
#1353 = CARTESIAN_POINT ( 'NONE',  ( -0.1200000000000000233, 0.4649999999999999689, 0.08000000000000014044 ) ) ;
#1354 = CARTESIAN_POINT ( 'NONE',  ( -0.01999999999999992756, -0.04250000000000009326, -0.01250000000000000069 ) ) ;
#1355 = DIRECTION ( 'NONE',  ( 0.000000000000000000, -1.000000000000000000, -1.552186360036505819E-16 ) ) ;
#1356 = AXIS2_PLACEMENT_3D ( 'NONE', #208, #2643, #153 ) ;
#1357 = DIRECTION ( 'NONE',  ( 0.000000000000000000, 2.731847993664262430E-15, -1.000000000000000000 ) ) ;
#1358 = VECTOR ( 'NONE', #121, 39.37007874015748143 ) ;
#1359 = ORIENTED_EDGE ( 'NONE', *, *, #856, .T. ) ;
#1360 = LINE ( 'NONE', #1933, #191 ) ;
#1361 = CARTESIAN_POINT ( 'NONE',  ( 0.05700000000000000205, 0.3519999999999999796, -0.1600000000000000033 ) ) ;
#1362 = EDGE_CURVE ( 'NONE', #2596, #179, #618, .T. ) ;
#1363 = DIRECTION ( 'NONE',  ( -0.2915362068315989208, 0.9110506463487562101, 0.2915362068315989208 ) ) ;
#1364 = ORIENTED_EDGE ( 'NONE', *, *, #2592, .T. ) ;
#1365 = CARTESIAN_POINT ( 'NONE',  ( 3.414809992080329023E-17, 0.1149999999999999634, 0.05500000000000009742 ) ) ;
#1366 = LINE ( 'NONE', #1491, #2575 ) ;
#1367 = EDGE_CURVE ( 'NONE', #1613, #336, #472, .T. ) ;
#1368 = ORIENTED_EDGE ( 'NONE', *, *, #869, .F. ) ;
#1369 = DIRECTION ( 'NONE',  ( -1.000000000000000000, -0.000000000000000000, -0.000000000000000000 ) ) ;
#1370 = DIRECTION ( 'NONE',  ( -2.134256245050204715E-16, 0.000000000000000000, -1.000000000000000000 ) ) ;
#1371 = FACE_OUTER_BOUND ( 'NONE', #1253, .T. ) ;
#1372 = DIMENSIONAL_EXPONENTS ( 1.000000000000000000, 0.000000000000000000, 0.000000000000000000, 0.000000000000000000, 0.000000000000000000, 0.000000000000000000, 0.000000000000000000 ) ;
#1373 = ORIENTED_EDGE ( 'NONE', *, *, #1005, .T. ) ;
#1374 = DIRECTION ( 'NONE',  ( -1.000000000000000000, -1.897116662266849457E-16, 0.000000000000000000 ) ) ;
#1375 = LINE ( 'NONE', #1105, #2535 ) ;
#1376 = CARTESIAN_POINT ( 'NONE',  ( -0.2999999999999999889, 0.4649999999999999689, 0.1000000000000000056 ) ) ;
#1377 = EDGE_CURVE ( 'NONE', #2230, #1533, #1645, .T. ) ;
#1378 = AXIS2_PLACEMENT_3D ( 'NONE', #2092, #1674, #1998 ) ;
#1379 = ORIENTED_EDGE ( 'NONE', *, *, #3355, .T. ) ;
#1380 = DIRECTION ( 'NONE',  ( 0.000000000000000000, -1.000000000000000000, 0.000000000000000000 ) ) ;
#1381 = EDGE_CURVE ( 'NONE', #1950, #3508, #2885, .T. ) ;
#1382 = CARTESIAN_POINT ( 'NONE',  ( -0.1499999999999999944, 0.3150000000000000022, -0.1000000000000000056 ) ) ;
#1383 = ORIENTED_EDGE ( 'NONE', *, *, #3531, .T. ) ;
#1384 = DIRECTION ( 'NONE',  ( 1.000000000000000000, 0.000000000000000000, 0.000000000000000000 ) ) ;
#1385 = LINE ( 'NONE', #940, #1388 ) ;
#1386 = EDGE_LOOP ( 'NONE', ( #52, #2754, #2847 ) ) ;
#1387 = CARTESIAN_POINT ( 'NONE',  ( 0.2600000000000000089, -0.07000000000000007605, 0.07000000000000000666 ) ) ;
#1388 = VECTOR ( 'NONE', #1863, 39.37007874015748143 ) ;
#1389 = ORIENTED_EDGE ( 'NONE', *, *, #1377, .F. ) ;
#1390 = AXIS2_PLACEMENT_3D ( 'NONE', #1888, #2165, #2974 ) ;
#1391 = CARTESIAN_POINT ( 'NONE',  ( 0.1125000000000000305, -0.07000000000000007605, -0.03000000000000002318 ) ) ;
#1392 = ADVANCED_FACE ( 'NONE', ( #2993 ), #393, .F. ) ;
#1393 = VERTEX_POINT ( 'NONE', #765 ) ;
#1394 = VECTOR ( 'NONE', #783, 39.37007874015748854 ) ;
#1395 = AXIS2_PLACEMENT_3D ( 'NONE', #2179, #835, #3539 ) ;
#1396 = LINE ( 'NONE', #3393, #220 ) ;
#1397 = CARTESIAN_POINT ( 'NONE',  ( -0.1499999999999999944, 0.3150000000000000022, -0.1600000000000000033 ) ) ;
#1398 = UNCERTAINTY_MEASURE_WITH_UNIT (LENGTH_MEASURE( 1.000000000000000082E-05 ), #1402, 'distance_accuracy_value', 'NONE');
#1399 = PLANE ( 'NONE',  #2139 ) ;
#1400 = VERTEX_POINT ( 'NONE', #3217 ) ;
#1401 = FACE_OUTER_BOUND ( 'NONE', #695, .T. ) ;
#1402 =( CONVERSION_BASED_UNIT ( 'INCH', #990 ) LENGTH_UNIT ( ) NAMED_UNIT ( #1011 ) );
#1403 = EDGE_CURVE ( 'NONE', #3369, #1400, #1668, .T. ) ;
#1404 = ORIENTED_EDGE ( 'NONE', *, *, #3309, .F. ) ;
#1405 = CARTESIAN_POINT ( 'NONE',  ( -0.2600000000000000089, -0.07000000000000007605, 0.07000000000000000666 ) ) ;
#1406 = PLANE ( 'NONE',  #2893 ) ;
#1407 = VECTOR ( 'NONE', #488, 39.37007874015748143 ) ;
#1408 = AXIS2_PLACEMENT_3D ( 'NONE', #2485, #251, #935 ) ;
#1409 = ORIENTED_EDGE ( 'NONE', *, *, #1436, .T. ) ;
#1410 = DIRECTION ( 'NONE',  ( 0.000000000000000000, -1.000000000000000000, 0.000000000000000000 ) ) ;
#1411 = PLANE ( 'NONE',  #2486 ) ;
#1412 = EDGE_CURVE ( 'NONE', #402, #2705, #1756, .T. ) ;
#1413 = FACE_OUTER_BOUND ( 'NONE', #3229, .T. ) ;
#1414 = DIRECTION ( 'NONE',  ( -0.000000000000000000, -1.067128122525102481E-16, 1.000000000000000000 ) ) ;
#1415 = AXIS2_PLACEMENT_3D ( 'NONE', #3207, #2113, #2636 ) ;
#1416 = VERTEX_POINT ( 'NONE', #796 ) ;
#1417 = VECTOR ( 'NONE', #3274, 39.37007874015748143 ) ;
#1418 = LINE ( 'NONE', #2224, #2628 ) ;
#1419 = CARTESIAN_POINT ( 'NONE',  ( -0.2999999999999999889, 0.4649999999999999689, 0.1000000000000000056 ) ) ;
#1420 = CARTESIAN_POINT ( 'NONE',  ( -0.2600000000000000089, 0.1150000000000000050, -0.05999999999999999084 ) ) ;
#1421 = ORIENTED_EDGE ( 'NONE', *, *, #2013, .F. ) ;
#1422 = APPLICATION_CONTEXT ( 'automotive_design' ) ;
#1423 = EDGE_CURVE ( 'NONE', #2087, #433, #2930, .T. ) ;
#1424 = FACE_OUTER_BOUND ( 'NONE', #2457, .T. ) ;
#1425 = EDGE_LOOP ( 'NONE', ( #3269, #2112, #919, #988 ) ) ;
#1426 = CARTESIAN_POINT ( 'NONE',  ( 0.2599999999999999534, 0.4449999999999998956, -0.05999999999999999084 ) ) ;
#1427 = VECTOR ( 'NONE', #2454, 39.37007874015748854 ) ;
#1428 = CARTESIAN_POINT ( 'NONE',  ( 0.2399999999999999634, 0.3850000000000000089, -0.09800000000000000377 ) ) ;
#1429 = VECTOR ( 'NONE', #1198, 39.37007874015748143 ) ;
#1430 = AXIS2_PLACEMENT_3D ( 'NONE', #1023, #2142, #2598 ) ;
#1431 = ORIENTED_EDGE ( 'NONE', *, *, #2264, .F. ) ;
#1432 = DIRECTION ( 'NONE',  ( -0.000000000000000000, 0.7071067811865486830, -0.7071067811865462405 ) ) ;
#1433 = LINE ( 'NONE', #1938, #2615 ) ;
#1434 = CARTESIAN_POINT ( 'NONE',  ( 0.1200000000000000233, 0.4649999999999999689, 0.08000000000000014044 ) ) ;
#1435 = CARTESIAN_POINT ( 'NONE',  ( -0.2600000000000000089, 0.4449999999999998956, -0.05999999999999999084 ) ) ;
#1436 = EDGE_CURVE ( 'NONE', #360, #1965, #1714, .T. ) ;
#1437 = ORIENTED_EDGE ( 'NONE', *, *, #2253, .F. ) ;
#1438 = LINE ( 'NONE', #2573, #330 ) ;
#1439 = DIRECTION ( 'NONE',  ( 0.000000000000000000, -1.067128122525102974E-16, 1.000000000000000000 ) ) ;
#1440 = DIRECTION ( 'NONE',  ( 0.000000000000000000, 1.000000000000000000, 0.000000000000000000 ) ) ;
#1441 = VERTEX_POINT ( 'NONE', #1627 ) ;
#1442 = FACE_OUTER_BOUND ( 'NONE', #1109, .T. ) ;
#1443 = EDGE_CURVE ( 'NONE', #1196, #2676, #499, .T. ) ;
#1444 = FACE_OUTER_BOUND ( 'NONE', #635, .T. ) ;
#1445 = EDGE_CURVE ( 'NONE', #1271, #1914, #1779, .T. ) ;
#1446 = AXIS2_PLACEMENT_3D ( 'NONE', #1171, #2194, #2276 ) ;
#1447 = CARTESIAN_POINT ( 'NONE',  ( -0.1099999999999999867, 0.3150000000000000022, -0.08000000000000005718 ) ) ;
#1448 = ORIENTED_EDGE ( 'NONE', *, *, #1226, .F. ) ;
#1449 = DIRECTION ( 'NONE',  ( 0.5773502691896263972, -0.5773502691896243988, 0.5773502691896263972 ) ) ;
#1450 = CARTESIAN_POINT ( 'NONE',  ( 0.000000000000000000, 0.3174999999999997824, 0.01250000000000000069 ) ) ;
#1451 = LINE ( 'NONE', #1001, #1529 ) ;
#1452 = EDGE_CURVE ( 'NONE', #2782, #3412, #2980, .T. ) ;
#1453 = AXIS2_PLACEMENT_3D ( 'NONE', #1000, #2070, #1514 ) ;
#1454 = LINE ( 'NONE', #2633, #2626 ) ;
#1455 = DIRECTION ( 'NONE',  ( -0.3713906763541034439, 0.9284766908852594147, 0.000000000000000000 ) ) ;
#1456 = VERTEX_POINT ( 'NONE', #2208 ) ;
#1457 = VECTOR ( 'NONE', #525, 39.37007874015748143 ) ;
#1458 = EDGE_CURVE ( 'NONE', #2235, #1899, #1662, .T. ) ;
#1459 = VERTEX_POINT ( 'NONE', #1091 ) ;
#1460 = VECTOR ( 'NONE', #2289, 39.37007874015748854 ) ;
#1461 = ORIENTED_EDGE ( 'NONE', *, *, #1935, .F. ) ;
#1462 = VECTOR ( 'NONE', #1018, 39.37007874015748143 ) ;
#1463 = DIRECTION ( 'NONE',  ( 0.9110506463487559881, 0.2915362068315993094, 0.2915362068315989208 ) ) ;
#1464 = VERTEX_POINT ( 'NONE', #290 ) ;
#1465 = FACE_OUTER_BOUND ( 'NONE', #1680, .T. ) ;
#1466 = LINE ( 'NONE', #164, #317 ) ;
#1467 = EDGE_LOOP ( 'NONE', ( #3056, #3107, #719, #3127 ) ) ;
#1468 = PLANE ( 'NONE',  #1378 ) ;
#1469 = ORIENTED_EDGE ( 'NONE', *, *, #2585, .F. ) ;
#1470 = AXIS2_PLACEMENT_3D ( 'NONE', #2766, #622, #501 ) ;
#1471 = SURFACE_SIDE_STYLE ('',( #903 ) ) ;
#1472 = FACE_OUTER_BOUND ( 'NONE', #1599, .T. ) ;
#1473 = LINE ( 'NONE', #1982, #303 ) ;
#1474 = VERTEX_POINT ( 'NONE', #1334 ) ;
#1475 = LINE ( 'NONE', #1941, #376 ) ;
#1476 = EDGE_CURVE ( 'NONE', #2745, #1116, #2942, .T. ) ;
#1477 = DIRECTION ( 'NONE',  ( 0.000000000000000000, -1.000000000000000000, -0.000000000000000000 ) ) ;
#1478 = ORIENTED_EDGE ( 'NONE', *, *, #2792, .T. ) ;
#1479 = VECTOR ( 'NONE', #2028, 39.37007874015748854 ) ;
#1480 = VERTEX_POINT ( 'NONE', #2159 ) ;
#1481 = CARTESIAN_POINT ( 'NONE',  ( -0.3000000000000000444, -0.01500000000000007057, -0.07000000000000000666 ) ) ;
#1482 = EDGE_CURVE ( 'NONE', #336, #2452, #549, .T. ) ;
#1483 = LINE ( 'NONE', #1181, #2719 ) ;
#1484 = VERTEX_POINT ( 'NONE', #1962 ) ;
#1485 = EDGE_CURVE ( 'NONE', #3183, #1111, #609, .T. ) ;
#1486 = APPLICATION_CONTEXT ( 'automotive_design' ) ;
#1487 = LINE ( 'NONE', #2612, #380 ) ;
#1488 = DIRECTION ( 'NONE',  ( -0.000000000000000000, 1.000000000000000000, -0.000000000000000000 ) ) ;
#1489 = DIRECTION ( 'NONE',  ( 0.000000000000000000, -0.000000000000000000, -1.000000000000000000 ) ) ;
#1490 = LINE ( 'NONE', #1203, #2645 ) ;
#1491 = CARTESIAN_POINT ( 'NONE',  ( 0.1200000000000000233, 0.1150000000000000050, 0.1000000000000000056 ) ) ;
#1492 = CARTESIAN_POINT ( 'NONE',  ( -0.01249999999999994171, -0.03500000000000007272, 0.01250000000000000069 ) ) ;
#1493 = EDGE_CURVE ( 'NONE', #2704, #2000, #1678, .T. ) ;
#1494 = VECTOR ( 'NONE', #2900, 39.37007874015748143 ) ;
#1495 = PLANE ( 'NONE',  #2385 ) ;
#1496 = PLANE ( 'NONE',  #1356 ) ;
#1497 = LINE ( 'NONE', #1316, #2712 ) ;
#1498 = DIMENSIONAL_EXPONENTS ( 1.000000000000000000, 0.000000000000000000, 0.000000000000000000, 0.000000000000000000, 0.000000000000000000, 0.000000000000000000, 0.000000000000000000 ) ;
#1499 = VERTEX_POINT ( 'NONE', #7 ) ;
#1500 = FACE_OUTER_BOUND ( 'NONE', #1425, .T. ) ;
#1501 = EDGE_LOOP ( 'NONE', ( #2386, #3033, #1185, #1780 ) ) ;
#1502 = VECTOR ( 'NONE', #2660, 39.37007874015748143 ) ;
#1503 = CARTESIAN_POINT ( 'NONE',  ( -0.1499999999999999944, 0.3150000000000000022, -0.1000000000000000056 ) ) ;
#1504 = AXIS2_PLACEMENT_3D ( 'NONE', #1759, #936, #2934 ) ;
#1505 = CARTESIAN_POINT ( 'NONE',  ( -0.1700000000000000400, 0.4449999999999998956, 0.06000000000000001166 ) ) ;
#1506 = DIRECTION ( 'NONE',  ( 0.000000000000000000, 0.000000000000000000, 1.000000000000000000 ) ) ;
#1507 = VERTEX_POINT ( 'NONE', #245 ) ;
#1508 = ORIENTED_EDGE ( 'NONE', *, *, #1335, .F. ) ;
#1509 = VECTOR ( 'NONE', #2476, 39.37007874015748854 ) ;
#1510 = PLANE ( 'NONE',  #2777 ) ;
#1511 = DIRECTION ( 'NONE',  ( -0.000000000000000000, 1.000000000000000000, -0.000000000000000000 ) ) ;
#1512 = CIRCLE ( 'NONE', #538, 0.03250000000000002887 ) ;
#1513 = ORIENTED_EDGE ( 'NONE', *, *, #2126, .T. ) ;
#1514 = DIRECTION ( 'NONE',  ( 0.000000000000000000, 0.000000000000000000, -1.000000000000000000 ) ) ;
#1515 = CIRCLE ( 'NONE', #1097, 0.05300000000000000544 ) ;
#1516 = VERTEX_POINT ( 'NONE', #2498 ) ;
#1517 =( CONVERSION_BASED_UNIT ( 'INCH', #878 ) LENGTH_UNIT ( ) NAMED_UNIT ( #1498 ) );
#1518 = LINE ( 'NONE', #3443, #337 ) ;
#1519 = ADVANCED_FACE ( 'NONE', ( #514 ), #3339, .F. ) ;
#1520 = VERTEX_POINT ( 'NONE', #2477 ) ;
#1521 =( CONVERSION_BASED_UNIT ( 'INCH', #2830 ) LENGTH_UNIT ( ) NAMED_UNIT ( #1372 ) );
#1522 = LINE ( 'NONE', #3503, #2735 ) ;
#1523 = EDGE_CURVE ( 'NONE', #274, #2335, #2913, .T. ) ;
#1524 = EDGE_LOOP ( 'NONE', ( #1782, #1032, #1707, #1026, #2384, #2981, #2908, #1729 ) ) ;
#1525 = LINE ( 'NONE', #2733, #1509 ) ;
#1526 = ADVANCED_FACE ( 'NONE', ( #1689 ), #29, .T. ) ;
#1527 = VERTEX_POINT ( 'NONE', #2234 ) ;
#1528 = ORIENTED_EDGE ( 'NONE', *, *, #3436, .F. ) ;
#1529 = VECTOR ( 'NONE', #1114, 39.37007874015748143 ) ;
#1530 = CARTESIAN_POINT ( 'NONE',  ( -0.005179946879150038735, 0.3403751660026561043, -0.005179946879150049144 ) ) ;
#1531 = EDGE_CURVE ( 'NONE', #2614, #2198, #1752, .T. ) ;
#1532 = CARTESIAN_POINT ( 'NONE',  ( 0.000000000000000000, -0.07000000000000007605, -0.03000000000000001277 ) ) ;
#1533 = VERTEX_POINT ( 'NONE', #2882 ) ;
#1534 = AXIS2_PLACEMENT_3D ( 'NONE', #937, #1197, #2450 ) ;
#1535 = ORIENTED_EDGE ( 'NONE', *, *, #1305, .F. ) ;
#1536 = DIRECTION ( 'NONE',  ( 0.000000000000000000, -0.7071067811865487940, 0.7071067811865463515 ) ) ;
#1537 = CARTESIAN_POINT ( 'NONE',  ( -0.2600000000000000089, 0.1150000000000000050, 0.06000000000000001166 ) ) ;
#1538 = VERTEX_POINT ( 'NONE', #395 ) ;
#1539 = DIRECTION ( 'NONE',  ( 1.000000000000000000, 0.000000000000000000, 0.000000000000000000 ) ) ;
#1540 = ORIENTED_EDGE ( 'NONE', *, *, #2162, .F. ) ;
#1541 = VECTOR ( 'NONE', #404, 39.37007874015748143 ) ;
#1542 = EDGE_LOOP ( 'NONE', ( #1788, #1045, #1086, #2201, #2961, #547 ) ) ;
#1543 = CARTESIAN_POINT ( 'NONE',  ( -0.1124999999999999750, -0.07000000000000007605, -0.03000000000000002318 ) ) ;
#1544 = VECTOR ( 'NONE', #449, 39.37007874015748143 ) ;
#1545 = ADVANCED_FACE ( 'NONE', ( #565 ), #2262, .T. ) ;
#1546 = LINE ( 'NONE', #201, #405 ) ;
#1547 = CIRCLE ( 'NONE', #2344, 0.05300000000000000544 ) ;
#1548 = ORIENTED_EDGE ( 'NONE', *, *, #2213, .T. ) ;
#1549 = VECTOR ( 'NONE', #938, 39.37007874015748854 ) ;
#1550 = ADVANCED_FACE ( 'NONE', ( #1748 ), #2483, .F. ) ;
#1551 = DIRECTION ( 'NONE',  ( -0.000000000000000000, -0.000000000000000000, -1.000000000000000000 ) ) ;
#1552 = ORIENTED_EDGE ( 'NONE', *, *, #98, .T. ) ;
#1553 = CARTESIAN_POINT ( 'NONE',  ( 0.01250000000000003539, -0.07000000000000033973, 0.07000000000000000666 ) ) ;
#1554 = DIRECTION ( 'NONE',  ( 0.000000000000000000, -1.000000000000000000, -1.552186360036505819E-16 ) ) ;
#1555 = CARTESIAN_POINT ( 'NONE',  ( 0.01250000000000003712, -0.01500000000000007404, -0.03000000000000001277 ) ) ;
#1556 = MANIFOLD_SOLID_BREP ( 'Boss-Extrude5', #2423 ) ;
#1557 = EDGE_CURVE ( 'NONE', #3478, #2747, #2801, .T. ) ;
#1558 = ORIENTED_EDGE ( 'NONE', *, *, #2146, .F. ) ;
#1559 = PLANE ( 'NONE',  #373 ) ;
#1560 = DIRECTION ( 'NONE',  ( -0.000000000000000000, 1.000000000000000000, -0.000000000000000000 ) ) ;
#1561 = DIRECTION ( 'NONE',  ( 0.9284766908852591927, -0.3713906763541041101, 0.000000000000000000 ) ) ;
#1562 = VECTOR ( 'NONE', #3029, 39.37007874015748143 ) ;
#1563 = VERTEX_POINT ( 'NONE', #3178 ) ;
#1564 = EDGE_CURVE ( 'NONE', #79, #920, #2863, .T. ) ;
#1565 = PLANE ( 'NONE',  #3380 ) ;
#1566 = FACE_OUTER_BOUND ( 'NONE', #2518, .T. ) ;
#1567 = PLANE ( 'NONE',  #407 ) ;
#1568 = DIRECTION ( 'NONE',  ( 0.000000000000000000, 1.000000000000000000, 0.000000000000000000 ) ) ;
#1569 = PRODUCT_RELATED_PRODUCT_CATEGORY ( 'part', '', ( #802 ) ) ;
#1570 = DIRECTION ( 'NONE',  ( 0.000000000000000000, 1.000000000000000000, 0.000000000000000000 ) ) ;
#1571 = ORIENTED_EDGE ( 'NONE', *, *, #1367, .F. ) ;
#1572 = VECTOR ( 'NONE', #2911, 39.37007874015748854 ) ;
#1573 = VECTOR ( 'NONE', #432, 39.37007874015748854 ) ;
#1574 = EDGE_CURVE ( 'NONE', #2452, #2408, #452, .T. ) ;
#1575 = CARTESIAN_POINT ( 'NONE',  ( -0.2999999999999999889, 0.3149999999999998912, -0.1000000000000000056 ) ) ;
#1576 = ADVANCED_BREP_SHAPE_REPRESENTATION ( '', ( #2580, #286, #1810 ), #2324 ) ;
#1577 = ADVANCED_FACE ( 'NONE', ( #1594 ), #534, .F. ) ;
#1578 =( GEOMETRIC_REPRESENTATION_CONTEXT ( 3 ) GLOBAL_UNCERTAINTY_ASSIGNED_CONTEXT ( ( #2227 ) ) GLOBAL_UNIT_ASSIGNED_CONTEXT ( ( #1993, #2607, #2892 ) ) REPRESENTATION_CONTEXT ( 'NONE', 'WORKASPACE' ) );
#1579 = EDGE_LOOP ( 'NONE', ( #166, #3195, #3321, #1902 ) ) ;
#1580 = DIRECTION ( 'NONE',  ( 0.000000000000000000, 1.067128122525103097E-16, -1.000000000000000000 ) ) ;
#1581 = LINE ( 'NONE', #2157, #340 ) ;
#1582 = CARTESIAN_POINT ( 'NONE',  ( -0.004499999999999984915, 0.3425000000000000266, -0.004499999999999994456 ) ) ;
#1583 = ADVANCED_FACE ( 'NONE', ( #413 ), #2383, .F. ) ;
#1584 = EDGE_CURVE ( 'NONE', #2195, #1538, #2832, .T. ) ;
#1585 = DIRECTION ( 'NONE',  ( 1.000000000000000000, 0.000000000000000000, 0.000000000000000000 ) ) ;
#1586 = DIRECTION ( 'NONE',  ( -0.3713906763541041101, -0.9284766908852590817, -0.000000000000000000 ) ) ;
#1587 = CARTESIAN_POINT ( 'NONE',  ( -0.1099999999999999867, 0.3150000000000000022, -0.05999999999999999084 ) ) ;
#1588 = CARTESIAN_POINT ( 'NONE',  ( 0.2125000000000000500, -0.07000000000000007605, -0.03000000000000002318 ) ) ;
#1589 = EDGE_CURVE ( 'NONE', #1972, #355, #1654, .T. ) ;
#1590 = LINE ( 'NONE', #2618, #1544 ) ;
#1591 = DIRECTION ( 'NONE',  ( 1.000000000000000000, 1.897116662266849457E-16, 0.000000000000000000 ) ) ;
#1592 = AXIS2_PLACEMENT_3D ( 'NONE', #876, #3084, #1623 ) ;
#1593 = DIRECTION ( 'NONE',  ( 0.000000000000000000, 1.000000000000000000, -3.469446951953614189E-17 ) ) ;
#1594 = FACE_OUTER_BOUND ( 'NONE', #321, .T. ) ;
#1595 = CARTESIAN_POINT ( 'NONE',  ( 0.1099999999999999034, 0.3150000000000000022, -0.1000000000000000056 ) ) ;
#1596 = CARTESIAN_POINT ( 'NONE',  ( -0.01249999999999999029, 0.3174999999999997824, 0.01250000000000000069 ) ) ;
#1597 = PLANE ( 'NONE',  #792 ) ;
#1598 = EDGE_CURVE ( 'NONE', #2322, #3073, #442, .T. ) ;
#1599 = EDGE_LOOP ( 'NONE', ( #2665, #1552, #1062, #3389 ) ) ;
#1600 = UNCERTAINTY_MEASURE_WITH_UNIT (LENGTH_MEASURE( 1.000000000000000082E-05 ), #1126, 'distance_accuracy_value', 'NONE');
#1601 = ORIENTED_EDGE ( 'NONE', *, *, #1574, .T. ) ;
#1602 = CARTESIAN_POINT ( 'NONE',  ( -0.2999999999999999889, 0.01499999999999997689, 0.1000000000000000056 ) ) ;
#1603 = DIRECTION ( 'NONE',  ( 0.3713906763541040545, 0.9284766908852590817, 0.000000000000000000 ) ) ;
#1604 = CARTESIAN_POINT ( 'NONE',  ( -0.2600000000000000089, 0.4449999999999998956, 0.06000000000000001166 ) ) ;
#1605 = EDGE_CURVE ( 'NONE', #2130, #2322, #2876, .T. ) ;
#1606 = ADVANCED_FACE ( 'NONE', ( #1628 ), #1050, .F. ) ;
#1607 = EDGE_LOOP ( 'NONE', ( #3375, #3279, #3379, #234 ) ) ;
#1608 = ORIENTED_EDGE ( 'NONE', *, *, #1115, .F. ) ;
#1609 = EDGE_CURVE ( 'NONE', #623, #2082, #2844, .T. ) ;
#1610 = PRODUCT_DEFINITION_FORMATION_WITH_SPECIFIED_SOURCE ( 'ANY', '', #2103, .NOT_KNOWN. ) ;
#1611 = CARTESIAN_POINT ( 'NONE',  ( -0.1499999999999999944, 0.3150000000000000022, -0.1000000000000000056 ) ) ;
#1612 = VECTOR ( 'NONE', #1768, 39.37007874015748143 ) ;
#1613 = VERTEX_POINT ( 'NONE', #3289 ) ;
#1614 = CARTESIAN_POINT ( 'NONE',  ( 0.01250000000000001110, 0.3425000000000000266, -0.01250000000000000069 ) ) ;
#1615 = EDGE_CURVE ( 'NONE', #1892, #3138, #2785, .T. ) ;
#1616 =( NAMED_UNIT ( * ) SI_UNIT ( $, .STERADIAN. ) SOLID_ANGLE_UNIT ( ) );
#1617 = PRESENTATION_STYLE_ASSIGNMENT (( #2668 ) ) ;
#1618 = AXIS2_PLACEMENT_3D ( 'NONE', #2986, #3014, #2221 ) ;
#1619 = VERTEX_POINT ( 'NONE', #2621 ) ;
#1620 = COLOUR_RGB ( '',0.7921568627450980005, 0.8196078431372548767, 0.9333333333333333481 ) ;
#1621 = ORIENTED_EDGE ( 'NONE', *, *, #3237, .F. ) ;
#1622 = ORIENTED_EDGE ( 'NONE', *, *, #1381, .T. ) ;
#1623 = DIRECTION ( 'NONE',  ( 0.000000000000000000, -0.000000000000000000, 1.000000000000000000 ) ) ;
#1624 = DIRECTION ( 'NONE',  ( 0.000000000000000000, 0.000000000000000000, 1.000000000000000000 ) ) ;
#1625 = VECTOR ( 'NONE', #2963, 39.37007874015748143 ) ;
#1626 = CARTESIAN_POINT ( 'NONE',  ( -0.1200000000000000233, 0.4449999999999998956, 0.06000000000000001166 ) ) ;
#1627 = CARTESIAN_POINT ( 'NONE',  ( -0.1700000000000000400, 0.4649999999999999689, 0.08000000000000014044 ) ) ;
#1628 = FACE_OUTER_BOUND ( 'NONE', #2691, .T. ) ;
#1629 = ORIENTED_EDGE ( 'NONE', *, *, #2175, .T. ) ;
#1630 = LINE ( 'NONE', #445, #470 ) ;
#1631 = DIRECTION ( 'NONE',  ( -0.000000000000000000, 0.000000000000000000, -1.000000000000000000 ) ) ;
#1632 = ADVANCED_FACE ( 'NONE', ( #491 ), #427, .F. ) ;
#1633 = EDGE_CURVE ( 'NONE', #2243, #3090, #2774, .T. ) ;
#1634 = ORIENTED_EDGE ( 'NONE', *, *, #2759, .F. ) ;
#1635 = CARTESIAN_POINT ( 'NONE',  ( -0.2124999999999999944, -0.01500000000000008618, 0.07000000000000000666 ) ) ;
#1636 = EDGE_LOOP ( 'NONE', ( #1706, #2170, #481, #3452 ) ) ;
#1637 = DIRECTION ( 'NONE',  ( 1.000000000000000000, 0.000000000000000000, 0.000000000000000000 ) ) ;
#1638 = LINE ( 'NONE', #846, #513 ) ;
#1639 = ORIENTED_EDGE ( 'NONE', *, *, #291, .T. ) ;
#1640 = EDGE_CURVE ( 'NONE', #2421, #2505, #1763, .T. ) ;
#1641 = DIRECTION ( 'NONE',  ( 0.000000000000000000, 0.000000000000000000, 1.000000000000000000 ) ) ;
#1642 = LINE ( 'NONE', #1391, #2985 ) ;
#1643 = DIRECTION ( 'NONE',  ( -1.000000000000000000, 0.000000000000000000, 0.000000000000000000 ) ) ;
#1644 = VECTOR ( 'NONE', #3000, 39.37007874015748143 ) ;
#1645 = CIRCLE ( 'NONE', #3553, 0.05300000000000000544 ) ;
#1646 = ORIENTED_EDGE ( 'NONE', *, *, #3314, .T. ) ;
#1647 = DIRECTION ( 'NONE',  ( -1.000000000000000000, 0.000000000000000000, 0.000000000000000000 ) ) ;
#1648 = EDGE_CURVE ( 'NONE', #2042, #3199, #1799, .T. ) ;
#1649 = CARTESIAN_POINT ( 'NONE',  ( 0.1099999999999999867, 0.2949999999999998734, -0.05999999999999999084 ) ) ;
#1650 = VECTOR ( 'NONE', #1243, 39.37007874015748854 ) ;
#1651 = DIRECTION ( 'NONE',  ( -0.7071067811865479058, 0.000000000000000000, 0.7071067811865472397 ) ) ;
#1652 = CARTESIAN_POINT ( 'NONE',  ( 0.05699999999999961348, 0.4049999999999999711, -0.1600000000000000033 ) ) ;
#1653 = DIRECTION ( 'NONE',  ( -0.000000000000000000, 1.000000000000000000, -0.000000000000000000 ) ) ;
#1654 = LINE ( 'NONE', #797, #2894 ) ;
#1655 = VECTOR ( 'NONE', #1568, 39.37007874015748143 ) ;
#1656 = EDGE_CURVE ( 'NONE', #568, #1459, #557, .T. ) ;
#1657 = AXIS2_PLACEMENT_3D ( 'NONE', #2659, #1908, #2965 ) ;
#1658 = ORIENTED_EDGE ( 'NONE', *, *, #978, .F. ) ;
#1659 = VECTOR ( 'NONE', #106, 39.37007874015748143 ) ;
#1660 = DIRECTION ( 'NONE',  ( -1.000000000000000000, 0.000000000000000000, 0.000000000000000000 ) ) ;
#1661 = PRESENTATION_STYLE_ASSIGNMENT (( #1262 ) ) ;
#1662 = LINE ( 'NONE', #225, #1719 ) ;
#1663 = ORIENTED_EDGE ( 'NONE', *, *, #2512, .T. ) ;
#1664 = EDGE_CURVE ( 'NONE', #3429, #1132, #2987, .T. ) ;
#1665 = CARTESIAN_POINT ( 'NONE',  ( -0.2999999999999999889, -0.6174555320336758690, -0.1000000000000000056 ) ) ;
#1666 = DIRECTION ( 'NONE',  ( 0.7071067811865471286, 0.000000000000000000, 0.7071067811865479058 ) ) ;
#1667 = VECTOR ( 'NONE', #923, 39.37007874015748143 ) ;
#1668 = LINE ( 'NONE', #1301, #2869 ) ;
#1669 = ADVANCED_FACE ( 'NONE', ( #541 ), #3383, .F. ) ;
#1670 = ORIENTED_EDGE ( 'NONE', *, *, #215, .F. ) ;
#1671 = PLANE ( 'NONE',  #759 ) ;
#1672 = ORIENTED_EDGE ( 'NONE', *, *, #3201, .T. ) ;
#1673 = DIRECTION ( 'NONE',  ( -0.2915362068315989208, -0.9110506463487562101, 0.2915362068315989208 ) ) ;
#1674 = DIRECTION ( 'NONE',  ( 1.000000000000000000, 0.000000000000000000, 0.000000000000000000 ) ) ;
#1675 = VECTOR ( 'NONE', #2599, 39.37007874015748143 ) ;
#1676 = CARTESIAN_POINT ( 'NONE',  ( -0.06000000000000003247, -0.01149110640673522282, -0.1000000000000000056 ) ) ;
#1677 = LENGTH_MEASURE_WITH_UNIT ( LENGTH_MEASURE( 0.02539999999999999897 ), #927 );
#1678 = LINE ( 'NONE', #2661, #2895 ) ;
#1679 = ORIENTED_EDGE ( 'NONE', *, *, #2044, .F. ) ;
#1680 = EDGE_LOOP ( 'NONE', ( #2079, #951, #2160, #2569 ) ) ;
#1681 = PRESENTATION_LAYER_ASSIGNMENT (  '', '', ( #3223 ) ) ;
#1682 = DIRECTION ( 'NONE',  ( -0.000000000000000000, 0.000000000000000000, -1.000000000000000000 ) ) ;
#1683 = CARTESIAN_POINT ( 'NONE',  ( 0.1099999999999999867, 0.3150000000000000022, -0.08000000000000005718 ) ) ;
#1684 = LINE ( 'NONE', #1159, #505 ) ;
#1685 = FACE_OUTER_BOUND ( 'NONE', #3216, .T. ) ;
#1686 = EDGE_LOOP ( 'NONE', ( #3179, #2989, #1308, #1934 ) ) ;
#1687 = LINE ( 'NONE', #733, #1709 ) ;
#1688 = PLANE ( 'NONE',  #2245 ) ;
#1689 = FACE_OUTER_BOUND ( 'NONE', #1607, .T. ) ;
#1690 = ORIENTED_EDGE ( 'NONE', *, *, #2323, .F. ) ;
#1691 = CARTESIAN_POINT ( 'NONE',  ( -0.05700000000000000205, 0.3519999999999999796, 0.1176972864800942681 ) ) ;
#1692 = DIRECTION ( 'NONE',  ( -2.845674993400280349E-16, 1.000000000000000000, 0.000000000000000000 ) ) ;
#1693 = VERTEX_POINT ( 'NONE', #2271 ) ;
#1694 = LINE ( 'NONE', #522, #606 ) ;
#1695 = CARTESIAN_POINT ( 'NONE',  ( -0.1999999999999999833, 0.1149999999999999634, 0.05500000000000009742 ) ) ;
#1696 = EDGE_CURVE ( 'NONE', #920, #304, #1821, .T. ) ;
#1697 = VERTEX_POINT ( 'NONE', #1969 ) ;
#1698 = CARTESIAN_POINT ( 'NONE',  ( 0.2600000000000000089, -1.143516480713450578, 0.07000000000000000666 ) ) ;
#1699 = ORIENTED_EDGE ( 'NONE', *, *, #1445, .F. ) ;
#1700 = DIRECTION ( 'NONE',  ( 0.000000000000000000, 1.000000000000000000, 0.000000000000000000 ) ) ;
#1701 = PLANE ( 'NONE',  #2056 ) ;
#1702 = LINE ( 'NONE', #3400, #1675 ) ;
#1703 = PLANE ( 'NONE',  #2552 ) ;
#1704 = PRODUCT_DEFINITION ( 'UNKNOWN', '', #1195, #391 ) ;
#1705 = FACE_OUTER_BOUND ( 'NONE', #690, .T. ) ;
#1706 = ORIENTED_EDGE ( 'NONE', *, *, #3367, .T. ) ;
#1707 = ORIENTED_EDGE ( 'NONE', *, *, #3329, .F. ) ;
#1708 = CARTESIAN_POINT ( 'NONE',  ( -0.2999999999999999889, -0.6174555320336758690, 0.1000000000000000056 ) ) ;
#1709 = VECTOR ( 'NONE', #3032, 39.37007874015748143 ) ;
#1710 = DIRECTION ( 'NONE',  ( -1.000000000000000000, -0.000000000000000000, -0.000000000000000000 ) ) ;
#1711 = DIRECTION ( 'NONE',  ( 0.000000000000000000, -1.000000000000000000, -1.552186360036505819E-16 ) ) ;
#1712 = AXIS2_PLACEMENT_3D ( 'NONE', #2775, #1057, #2153 ) ;
#1713 = LINE ( 'NONE', #1147, #1811 ) ;
#1714 = LINE ( 'NONE', #1163, #3018 ) ;
#1715 = VERTEX_POINT ( 'NONE', #864 ) ;
#1716 = ORIENTED_EDGE ( 'NONE', *, *, #3272, .F. ) ;
#1717 = EDGE_CURVE ( 'NONE', #2362, #1259, #1718, .T. ) ;
#1718 = LINE ( 'NONE', #890, #3039 ) ;
#1719 = VECTOR ( 'NONE', #1653, 39.37007874015748143 ) ;
#1720 = ORIENTED_EDGE ( 'NONE', *, *, #556, .F. ) ;
#1721 = DIRECTION ( 'NONE',  ( 0.000000000000000000, 1.000000000000000000, 0.000000000000000000 ) ) ;
#1722 = CARTESIAN_POINT ( 'NONE',  ( 0.2600000000000000089, 0.01499999999999999944, 0.07000000000000000666 ) ) ;
#1723 = ORIENTED_EDGE ( 'NONE', *, *, #1412, .T. ) ;
#1724 = VECTOR ( 'NONE', #784, 39.37007874015748143 ) ;
#1725 = LINE ( 'NONE', #3324, #2902 ) ;
#1726 = EDGE_CURVE ( 'NONE', #947, #3406, #3046, .T. ) ;
#1727 = LINE ( 'NONE', #1419, #599 ) ;
#1728 = LINE ( 'NONE', #2714, #2904 ) ;
#1729 = ORIENTED_EDGE ( 'NONE', *, *, #740, .F. ) ;
#1730 = PLANE ( 'NONE',  #1737 ) ;
#1731 = ORIENTED_EDGE ( 'NONE', *, *, #268, .T. ) ;
#1732 = CARTESIAN_POINT ( 'NONE',  ( -0.1099999999999999867, 0.3519999999999996465, -0.1600000000000000033 ) ) ;
#1733 = DIRECTION ( 'NONE',  ( -0.000000000000000000, 0.000000000000000000, 1.000000000000000000 ) ) ;
#1734 = FACE_OUTER_BOUND ( 'NONE', #2671, .T. ) ;
#1735 =( NAMED_UNIT ( * ) PLANE_ANGLE_UNIT ( ) SI_UNIT ( $, .RADIAN. ) );
#1736 = CYLINDRICAL_SURFACE ( 'NONE', #712, 0.03250000000000002887 ) ;
#1737 = AXIS2_PLACEMENT_3D ( 'NONE', #1698, #423, #3460 ) ;
#1738 = ORIENTED_EDGE ( 'NONE', *, *, #1609, .T. ) ;
#1739 = ORIENTED_EDGE ( 'NONE', *, *, #721, .T. ) ;
#1740 = CARTESIAN_POINT ( 'NONE',  ( 0.2599999999999999534, 0.4449999999999998956, 0.06000000000000001166 ) ) ;
#1741 = PLANE ( 'NONE',  #655 ) ;
#1742 = FACE_OUTER_BOUND ( 'NONE', #718, .T. ) ;
#1743 = CARTESIAN_POINT ( 'NONE',  ( 0.1875000000000000555, -0.01500000000000008618, 0.07000000000000000666 ) ) ;
#1744 = VECTOR ( 'NONE', #530, 39.37007874015748143 ) ;
#1745 = DIRECTION ( 'NONE',  ( -1.000000000000000000, 0.000000000000000000, 0.000000000000000000 ) ) ;
#1746 = DIRECTION ( 'NONE',  ( 1.000000000000000000, -0.000000000000000000, -0.000000000000000000 ) ) ;
#1747 = LINE ( 'NONE', #1635, #520 ) ;
#1748 = FACE_OUTER_BOUND ( 'NONE', #2069, .T. ) ;
#1749 = ORIENTED_EDGE ( 'NONE', *, *, #1609, .F. ) ;
#1750 = ORIENTED_EDGE ( 'NONE', *, *, #1605, .T. ) ;
#1751 = CARTESIAN_POINT ( 'NONE',  ( 0.2599999999999999534, 0.1150000000000000050, 0.06000000000000001166 ) ) ;
#1752 = LINE ( 'NONE', #2762, #558 ) ;
#1753 = EDGE_LOOP ( 'NONE', ( #3187, #1894, #3082, #1222 ) ) ;
#1754 = EDGE_LOOP ( 'NONE', ( #2279, #314, #2026, #2101 ) ) ;
#1755 = EDGE_CURVE ( 'NONE', #747, #3235, #548, .T. ) ;
#1756 = LINE ( 'NONE', #2167, #542 ) ;
#1757 = ORIENTED_EDGE ( 'NONE', *, *, #3017, .F. ) ;
#1758 =( GEOMETRIC_REPRESENTATION_CONTEXT ( 3 ) GLOBAL_UNCERTAINTY_ASSIGNED_CONTEXT ( ( #1600 ) ) GLOBAL_UNIT_ASSIGNED_CONTEXT ( ( #1126, #3038, #3575 ) ) REPRESENTATION_CONTEXT ( 'NONE', 'WORKASPACE' ) );
#1759 = CARTESIAN_POINT ( 'NONE',  ( 0.2599999999999999534, 0.1150000000000000050, 0.06000000000000001166 ) ) ;
#1760 = ORIENTED_EDGE ( 'NONE', *, *, #1351, .F. ) ;
#1761 = CARTESIAN_POINT ( 'NONE',  ( -0.3000000000000000444, -0.07000000000000007605, -0.03000000000000001277 ) ) ;
#1762 = LINE ( 'NONE', #2802, #2874 ) ;
#1763 = LINE ( 'NONE', #2407, #2992 ) ;
#1764 = VECTOR ( 'NONE', #554, 39.37007874015748143 ) ;
#1765 = ORIENTED_EDGE ( 'NONE', *, *, #782, .F. ) ;
#1766 = ORIENTED_EDGE ( 'NONE', *, *, #1362, .F. ) ;
#1767 = AXIS2_PLACEMENT_3D ( 'NONE', #1124, #2696, #506 ) ;
#1768 = DIRECTION ( 'NONE',  ( 0.000000000000000000, 1.000000000000000000, 0.000000000000000000 ) ) ;
#1769 = DIRECTION ( 'NONE',  ( -1.000000000000000000, 0.000000000000000000, -0.000000000000000000 ) ) ;
#1770 = VECTOR ( 'NONE', #858, 39.37007874015748143 ) ;
#1771 = CARTESIAN_POINT ( 'NONE',  ( -0.05700000000000000205, 0.3519999999999999796, -0.1600000000000000033 ) ) ;
#1772 = CARTESIAN_POINT ( 'NONE',  ( 0.000000000000000000, 0.000000000000000000, -0.01250000000000000069 ) ) ;
#1773 = VECTOR ( 'NONE', #3384, 39.37007874015748143 ) ;
#1774 = VERTEX_POINT ( 'NONE', #378 ) ;
#1775 = ORIENTED_EDGE ( 'NONE', *, *, #1482, .T. ) ;
#1776 = LINE ( 'NONE', #129, #477 ) ;
#1777 = DIRECTION ( 'NONE',  ( 0.000000000000000000, -0.7071067811865463515, -0.7071067811865487940 ) ) ;
#1778 = FACE_OUTER_BOUND ( 'NONE', #3454, .T. ) ;
#1779 = LINE ( 'NONE', #3303, #2935 ) ;
#1780 = ORIENTED_EDGE ( 'NONE', *, *, #156, .T. ) ;
#1781 = CARTESIAN_POINT ( 'NONE',  ( 0.2720000000000000195, 0.4649999999999999689, 0.004449987798925545378 ) ) ;
#1782 = ORIENTED_EDGE ( 'NONE', *, *, #2831, .T. ) ;
#1783 = EDGE_CURVE ( 'NONE', #2131, #1693, #1791, .T. ) ;
#1784 =( REPRESENTATION_RELATIONSHIP ('NONE','NONE', #465, #2504 ) REPRESENTATION_RELATIONSHIP_WITH_TRANSFORMATION ( #1096 )SHAPE_REPRESENTATION_RELATIONSHIP( ) );
#1785 = ORIENTED_EDGE ( 'NONE', *, *, #177, .T. ) ;
#1786 = DIRECTION ( 'NONE',  ( 1.000000000000000000, 0.000000000000000000, 0.000000000000000000 ) ) ;
#1787 = CARTESIAN_POINT ( 'NONE',  ( -0.2999999999999999889, -0.6174555320336758690, -0.1000000000000000056 ) ) ;
#1788 = ORIENTED_EDGE ( 'NONE', *, *, #2551, .T. ) ;
#1789 = PLANE ( 'NONE',  #2667 ) ;
#1790 = PLANE ( 'NONE',  #2840 ) ;
#1791 = LINE ( 'NONE', #2272, #3030 ) ;
#1792 = VECTOR ( 'NONE', #48, 39.37007874015748143 ) ;
#1793 = ORIENTED_EDGE ( 'NONE', *, *, #1103, .T. ) ;
#1794 = ORIENTED_EDGE ( 'NONE', *, *, #1412, .F. ) ;
#1795 = CARTESIAN_POINT ( 'NONE',  ( -0.08999999999999994116, 0.4249999999999999334, -0.09999999999999999167 ) ) ;
#1796 = DIRECTION ( 'NONE',  ( 0.000000000000000000, 1.000000000000000000, 0.000000000000000000 ) ) ;
#1797 = VECTOR ( 'NONE', #1591, 39.37007874015748143 ) ;
#1798 = VECTOR ( 'NONE', #3155, 39.37007874015748143 ) ;
#1799 = LINE ( 'NONE', #907, #2912 ) ;
#1800 = ORIENTED_EDGE ( 'NONE', *, *, #1589, .F. ) ;
#1801 = ORIENTED_EDGE ( 'NONE', *, *, #3471, .T. ) ;
#1802 = ORIENTED_EDGE ( 'NONE', *, *, #1476, .T. ) ;
#1803 = VECTOR ( 'NONE', #2669, 39.37007874015748143 ) ;
#1804 = CARTESIAN_POINT ( 'NONE',  ( -0.3000000000000000444, -0.07000000000000007605, -0.03000000000000001277 ) ) ;
#1805 = EDGE_LOOP ( 'NONE', ( #3440, #613, #2947, #1066, #1629 ) ) ;
#1806 = ORIENTED_EDGE ( 'NONE', *, *, #1289, .F. ) ;
#1807 = EDGE_CURVE ( 'NONE', #3416, #1271, #1727, .T. ) ;
#1808 = EDGE_LOOP ( 'NONE', ( #1098, #444, #2226, #2266 ) ) ;
#1809 = EDGE_CURVE ( 'NONE', #360, #355, #634, .T. ) ;
#1810 = AXIS2_PLACEMENT_3D ( 'NONE', #699, #1295, #789 ) ;
#1811 = VECTOR ( 'NONE', #2300, 39.37007874015748143 ) ;
#1812 = ORIENTED_EDGE ( 'NONE', *, *, #799, .F. ) ;
#1813 = ORIENTED_EDGE ( 'NONE', *, *, #2060, .F. ) ;
#1814 = DIRECTION ( 'NONE',  ( 0.000000000000000000, -0.000000000000000000, -1.000000000000000000 ) ) ;
#1815 = CARTESIAN_POINT ( 'NONE',  ( -0.1874999999999999722, -0.01500000000000008618, 0.07000000000000000666 ) ) ;
#1816 = ORIENTED_EDGE ( 'NONE', *, *, #20, .F. ) ;
#1817 = CARTESIAN_POINT ( 'NONE',  ( -0.1300000000000001155, 0.4649999999999999689, -0.000000000000000000 ) ) ;
#1818 = VECTOR ( 'NONE', #1796, 39.37007874015748143 ) ;
#1819 = EDGE_CURVE ( 'NONE', #402, #2924, #1747, .T. ) ;
#1820 = LINE ( 'NONE', #653, #3078 ) ;
#1821 = LINE ( 'NONE', #533, #2921 ) ;
#1822 = ORIENTED_EDGE ( 'NONE', *, *, #99, .T. ) ;
#1823 = ORIENTED_EDGE ( 'NONE', *, *, #2429, .T. ) ;
#1824 = ORIENTED_EDGE ( 'NONE', *, *, #603, .F. ) ;
#1825 = PLANE ( 'NONE',  #3519 ) ;
#1826 = DIRECTION ( 'NONE',  ( 0.000000000000000000, 2.731847993664262430E-15, -1.000000000000000000 ) ) ;
#1827 = FACE_OUTER_BOUND ( 'NONE', #2058, .T. ) ;
#1828 = ORIENTED_EDGE ( 'NONE', *, *, #3058, .F. ) ;
#1829 = EDGE_LOOP ( 'NONE', ( #3116, #25, #3089, #3131, #139 ) ) ;
#1830 = PRODUCT ( '705530003_Pins_Gold_Tin_705530003_Pins_Gold_Tin', '705530003_Pins_Gold_Tin_705530003_Pins_Gold_Tin', '', ( #2508 ) ) ;
#1831 = DIRECTION ( 'NONE',  ( 1.000000000000000000, 0.000000000000000000, 0.000000000000000000 ) ) ;
#1832 = VECTOR ( 'NONE', #158, 39.37007874015748143 ) ;
#1833 = LINE ( 'NONE', #76, #681 ) ;
#1834 = ORIENTED_EDGE ( 'NONE', *, *, #1329, .T. ) ;
#1835 = AXIS2_PLACEMENT_3D ( 'NONE', #3479, #1186, #2298 ) ;
#1836 = ORIENTED_EDGE ( 'NONE', *, *, #3453, .T. ) ;
#1837 = DIRECTION ( 'NONE',  ( -0.000000000000000000, -1.067128122525102481E-16, 1.000000000000000000 ) ) ;
#1838 = DIRECTION ( 'NONE',  ( 1.000000000000000000, 0.000000000000000000, -0.000000000000000000 ) ) ;
#1839 = ORIENTED_EDGE ( 'NONE', *, *, #2013, .T. ) ;
#1840 = FACE_OUTER_BOUND ( 'NONE', #2295, .T. ) ;
#1841 = ADVANCED_FACE ( 'NONE', ( #1778 ), #573, .F. ) ;
#1842 = LINE ( 'NONE', #3513, #1912 ) ;
#1843 = ORIENTED_EDGE ( 'NONE', *, *, #3092, .F. ) ;
#1844 = EDGE_LOOP ( 'NONE', ( #502, #704, #714, #691, #3540 ) ) ;
#1845 = EDGE_CURVE ( 'NONE', #578, #1456, #629, .T. ) ;
#1846 = DIRECTION ( 'NONE',  ( 1.000000000000000000, 0.000000000000000000, 0.000000000000000000 ) ) ;
#1847 = DIRECTION ( 'NONE',  ( 1.000000000000000000, 0.000000000000000000, 0.000000000000000000 ) ) ;
#1848 = ORIENTED_EDGE ( 'NONE', *, *, #1022, .F. ) ;
#1849 = DIRECTION ( 'NONE',  ( -1.000000000000000000, 0.000000000000000000, 0.000000000000000000 ) ) ;
#1850 = CARTESIAN_POINT ( 'NONE',  ( -0.1124999999999999750, -0.01500000000000008618, 0.07000000000000000666 ) ) ;
#1851 = VECTOR ( 'NONE', #2034, 39.37007874015748143 ) ;
#1852 = VECTOR ( 'NONE', #1347, 39.37007874015748143 ) ;
#1853 = ORIENTED_EDGE ( 'NONE', *, *, #2469, .T. ) ;
#1854 = ORIENTED_EDGE ( 'NONE', *, *, #1022, .T. ) ;
#1855 = ORIENTED_EDGE ( 'NONE', *, *, #1377, .T. ) ;
#1856 = DIRECTION ( 'NONE',  ( -0.000000000000000000, -0.000000000000000000, -1.000000000000000000 ) ) ;
#1857 = FACE_OUTER_BOUND ( 'NONE', #2562, .T. ) ;
#1858 = ORIENTED_EDGE ( 'NONE', *, *, #1809, .T. ) ;
#1859 = ORIENTED_EDGE ( 'NONE', *, *, #3204, .F. ) ;
#1860 = ORIENTED_EDGE ( 'NONE', *, *, #2086, .F. ) ;
#1861 = LINE ( 'NONE', #84, #1883 ) ;
#1862 = ORIENTED_EDGE ( 'NONE', *, *, #311, .T. ) ;
#1863 = DIRECTION ( 'NONE',  ( -1.000000000000000000, 0.000000000000000000, 0.000000000000000000 ) ) ;
#1864 = EDGE_CURVE ( 'NONE', #223, #2676, #1713, .T. ) ;
#1865 = CARTESIAN_POINT ( 'NONE',  ( -0.2600000000000000089, 0.1150000000000000050, -0.05999999999999999084 ) ) ;
#1866 = CARTESIAN_POINT ( 'NONE',  ( 0.1700000000000000400, 0.4649999999999999689, 0.08000000000000014044 ) ) ;
#1867 = ORIENTED_EDGE ( 'NONE', *, *, #1261, .F. ) ;
#1868 = AXIS2_PLACEMENT_3D ( 'NONE', #3297, #2629, #238 ) ;
#1869 = FACE_OUTER_BOUND ( 'NONE', #2248, .T. ) ;
#1870 = ADVANCED_FACE ( 'NONE', ( #2903 ), #2811, .F. ) ;
#1871 = LINE ( 'NONE', #2105, #752 ) ;
#1872 = ORIENTED_EDGE ( 'NONE', *, *, #2120, .F. ) ;
#1873 = VERTEX_POINT ( 'NONE', #953 ) ;
#1874 = CARTESIAN_POINT ( 'NONE',  ( 0.1100000000000000006, 0.3519999999999996465, -0.1200000000000000233 ) ) ;
#1875 = CARTESIAN_POINT ( 'NONE',  ( 0.2080000000000000182, 0.4649999999999999689, -0.09800000000000000377 ) ) ;
#1876 = EDGE_CURVE ( 'NONE', #3517, #3463, #3008, .T. ) ;
#1877 = ORIENTED_EDGE ( 'NONE', *, *, #2169, .T. ) ;
#1878 = CARTESIAN_POINT ( 'NONE',  ( -0.1499999999999999944, 0.3150000000000000022, -0.1600000000000000033 ) ) ;
#1879 = DIRECTION ( 'NONE',  ( -0.000000000000000000, -1.067128122525102481E-16, 1.000000000000000000 ) ) ;
#1880 = LINE ( 'NONE', #2619, #727 ) ;
#1881 = DIRECTION ( 'NONE',  ( 0.000000000000000000, 1.000000000000000000, 1.552186360036513461E-16 ) ) ;
#1882 = ADVANCED_FACE ( 'NONE', ( #1827 ), #1399, .T. ) ;
#1883 = VECTOR ( 'NONE', #3110, 39.37007874015748143 ) ;
#1884 = ORIENTED_EDGE ( 'NONE', *, *, #1443, .T. ) ;
#1885 = ORIENTED_EDGE ( 'NONE', *, *, #253, .T. ) ;
#1886 = ORIENTED_EDGE ( 'NONE', *, *, #479, .T. ) ;
#1887 = CARTESIAN_POINT ( 'NONE',  ( -0.01999999999999994144, -0.03500000000000007272, 0.01250000000000000069 ) ) ;
#1888 = CARTESIAN_POINT ( 'NONE',  ( 0.000000000000000000, 0.3150000000000000022, -0.08000000000000005718 ) ) ;
#1889 = LINE ( 'NONE', #2808, #3061 ) ;
#1890 = DIRECTION ( 'NONE',  ( 0.000000000000000000, 0.000000000000000000, -1.000000000000000000 ) ) ;
#1891 = FACE_OUTER_BOUND ( 'NONE', #1077, .T. ) ;
#1892 = VERTEX_POINT ( 'NONE', #2530 ) ;
#1893 = CARTESIAN_POINT ( 'NONE',  ( -0.1700000000000000400, 0.1150000000000000050, 0.06000000000000001166 ) ) ;
#1894 = ORIENTED_EDGE ( 'NONE', *, *, #3042, .F. ) ;
#1895 = ORIENTED_EDGE ( 'NONE', *, *, #2786, .T. ) ;
#1896 = AXIS2_PLACEMENT_3D ( 'NONE', #1772, #412, #2343 ) ;
#1897 = SURFACE_SIDE_STYLE ('',( #3405 ) ) ;
#1898 = LINE ( 'NONE', #38, #1978 ) ;
#1899 = VERTEX_POINT ( 'NONE', #2789 ) ;
#1900 = ORIENTED_EDGE ( 'NONE', *, *, #3251, .T. ) ;
#1901 = CARTESIAN_POINT ( 'NONE',  ( 0.000000000000000000, 0.01499999999999999944, 0.000000000000000000 ) ) ;
#1902 = ORIENTED_EDGE ( 'NONE', *, *, #2709, .T. ) ;
#1903 = AXIS2_PLACEMENT_3D ( 'NONE', #2359, #430, #1260 ) ;
#1904 = ORIENTED_EDGE ( 'NONE', *, *, #1436, .F. ) ;
#1905 = ORIENTED_EDGE ( 'NONE', *, *, #829, .F. ) ;
#1906 = PLANE ( 'NONE',  #126 ) ;
#1907 = ORIENTED_EDGE ( 'NONE', *, *, #1232, .F. ) ;
#1908 = DIRECTION ( 'NONE',  ( 0.000000000000000000, -1.000000000000000000, 0.000000000000000000 ) ) ;
#1909 = CARTESIAN_POINT ( 'NONE',  ( -0.01249999999999999029, 0.3425000000000000266, -0.004499999999999994456 ) ) ;
#1910 = CARTESIAN_POINT ( 'NONE',  ( -0.2600000000000000089, 0.2949999999999998734, -0.05999999999999999084 ) ) ;
#1911 = ADVANCED_FACE ( 'NONE', ( #3053 ), #2788, .T. ) ;
#1912 = VECTOR ( 'NONE', #486, 39.37007874015748854 ) ;
#1913 = EDGE_LOOP ( 'NONE', ( #31, #3020, #1739, #46 ) ) ;
#1914 = VERTEX_POINT ( 'NONE', #1187 ) ;
#1915 = EDGE_CURVE ( 'NONE', #1142, #2335, #507, .T. ) ;
#1916 = DIRECTION ( 'NONE',  ( -0.000000000000000000, -0.000000000000000000, -1.000000000000000000 ) ) ;
#1917 = PLANE ( 'NONE',  #1390 ) ;
#1918 = EDGE_CURVE ( 'NONE', #1236, #3485, #1833, .T. ) ;
#1919 = VECTOR ( 'NONE', #1048, 39.37007874015748143 ) ;
#1920 = ADVANCED_FACE ( 'NONE', ( #687 ), #627, .T. ) ;
#1921 = DIRECTION ( 'NONE',  ( 0.000000000000000000, -1.000000000000000000, 0.000000000000000000 ) ) ;
#1922 =( GEOMETRIC_REPRESENTATION_CONTEXT ( 3 ) GLOBAL_UNCERTAINTY_ASSIGNED_CONTEXT ( ( #1134 ) ) GLOBAL_UNIT_ASSIGNED_CONTEXT ( ( #567, #2465, #1616 ) ) REPRESENTATION_CONTEXT ( 'NONE', 'WORKASPACE' ) );
#1923 = VECTOR ( 'NONE', #3332, 39.37007874015748143 ) ;
#1924 = EDGE_LOOP ( 'NONE', ( #749, #3115, #1836, #3548 ) ) ;
#1925 = VERTEX_POINT ( 'NONE', #2891 ) ;
#1926 = DIRECTION ( 'NONE',  ( 0.000000000000000000, -1.000000000000000000, 3.469446951953614189E-17 ) ) ;
#1927 = ORIENTED_EDGE ( 'NONE', *, *, #419, .F. ) ;
#1928 = LINE ( 'NONE', #3252, #3156 ) ;
#1929 = ORIENTED_EDGE ( 'NONE', *, *, #2666, .F. ) ;
#1930 = AXIS2_PLACEMENT_3D ( 'NONE', #3111, #278, #2451 ) ;
#1931 = CARTESIAN_POINT ( 'NONE',  ( 0.1099999999999999867, 0.4449999999999998956, -0.1199999999999999956 ) ) ;
#1932 = PLANE ( 'NONE',  #1976 ) ;
#1933 = CARTESIAN_POINT ( 'NONE',  ( -0.004499999999999984915, 0.3425000000000000266, 0.01250000000000000069 ) ) ;
#1934 = ORIENTED_EDGE ( 'NONE', *, *, #331, .T. ) ;
#1935 = EDGE_CURVE ( 'NONE', #3508, #2734, #3181, .T. ) ;
#1936 = LINE ( 'NONE', #59, #3186 ) ;
#1937 = VERTEX_POINT ( 'NONE', #2627 ) ;
#1938 = CARTESIAN_POINT ( 'NONE',  ( 0.000000000000000000, -0.07000000000000007605, -0.03000000000000001277 ) ) ;
#1939 = ORIENTED_EDGE ( 'NONE', *, *, #3109, .F. ) ;
#1940 = CARTESIAN_POINT ( 'NONE',  ( -0.1099999999999999867, 0.3150000000000000022, -0.1600000000000000033 ) ) ;
#1941 = CARTESIAN_POINT ( 'NONE',  ( -0.1200000000000000233, 0.4649999999999999689, 0.08000000000000014044 ) ) ;
#1942 = DIRECTION ( 'NONE',  ( 0.000000000000000000, -0.7071067811865487940, 0.7071067811865463515 ) ) ;
#1943 = VECTOR ( 'NONE', #1641, 39.37007874015748143 ) ;
#1944 = ORIENTED_EDGE ( 'NONE', *, *, #3066, .F. ) ;
#1945 = ORIENTED_EDGE ( 'NONE', *, *, #1423, .T. ) ;
#1946 = CARTESIAN_POINT ( 'NONE',  ( -0.1874999999999999722, -0.01500000000000008618, 0.07000000000000000666 ) ) ;
#1947 = LINE ( 'NONE', #1128, #807 ) ;
#1948 = ORIENTED_EDGE ( 'NONE', *, *, #2425, .F. ) ;
#1949 = CARTESIAN_POINT ( 'NONE',  ( 0.2000000000000000389, 0.1149999999999999634, 0.05500000000000009742 ) ) ;
#1950 = VERTEX_POINT ( 'NONE', #744 ) ;
#1951 = ADVANCED_FACE ( 'NONE', ( #775 ), #216, .F. ) ;
#1952 = VECTOR ( 'NONE', #3245, 39.37007874015748143 ) ;
#1953 = EDGE_LOOP ( 'NONE', ( #838, #845, #342, #820, #2228, #850 ) ) ;
#1954 = DIRECTION ( 'NONE',  ( 0.000000000000000000, 0.000000000000000000, -1.000000000000000000 ) ) ;
#1955 = CARTESIAN_POINT ( 'NONE',  ( -0.2999999999999999889, 0.01499999999999997689, -0.1000000000000000056 ) ) ;
#1956 = EDGE_CURVE ( 'NONE', #2314, #1015, #785, .T. ) ;
#1957 = FACE_OUTER_BOUND ( 'NONE', #3157, .T. ) ;
#1958 = CARTESIAN_POINT ( 'NONE',  ( -0.2600000000000000089, -0.07000000000000007605, 0.07000000000000000666 ) ) ;
#1959 = CARTESIAN_POINT ( 'NONE',  ( 0.01250000000000003539, -0.07000000000000007605, -0.03000000000000002318 ) ) ;
#1960 = ORIENTED_EDGE ( 'NONE', *, *, #1160, .T. ) ;
#1961 = CARTESIAN_POINT ( 'NONE',  ( 0.2720000000000000195, 0.4649999999999999689, -0.1000000000000000056 ) ) ;
#1962 = CARTESIAN_POINT ( 'NONE',  ( 0.2399999999999999634, 0.3850000000000000089, -0.1000000000000000056 ) ) ;
#1963 = EDGE_CURVE ( 'NONE', #2886, #996, #3122, .T. ) ;
#1964 = LINE ( 'NONE', #543, #1852 ) ;
#1965 = VERTEX_POINT ( 'NONE', #160 ) ;
#1966 = EDGE_CURVE ( 'NONE', #274, #1236, #800, .T. ) ;
#1967 = ORIENTED_EDGE ( 'NONE', *, *, #2474, .T. ) ;
#1968 = CARTESIAN_POINT ( 'NONE',  ( 0.1499999999999999944, 0.4649999999999999689, -0.1600000000000000033 ) ) ;
#1969 = CARTESIAN_POINT ( 'NONE',  ( 0.2449999999999999956, 0.4649999999999999689, 0.1150000000000000050 ) ) ;
#1970 = CARTESIAN_POINT ( 'NONE',  ( -0.01249999999999994171, -0.03500000000000007272, -0.01250000000000000069 ) ) ;
#1971 = FACE_OUTER_BOUND ( 'NONE', #1953, .T. ) ;
#1972 = VERTEX_POINT ( 'NONE', #3268 ) ;
#1973 = EDGE_CURVE ( 'NONE', #2650, #1143, #819, .T. ) ;
#1974 = APPLICATION_PROTOCOL_DEFINITION ( 'draft international standard', 'automotive_design', 1998, #1422 ) ;
#1975 = ORIENTED_EDGE ( 'NONE', *, *, #1300, .T. ) ;
#1976 = AXIS2_PLACEMENT_3D ( 'NONE', #2197, #916, #3143 ) ;
#1977 = LINE ( 'NONE', #3177, #3247 ) ;
#1978 = VECTOR ( 'NONE', #277, 39.37007874015748143 ) ;
#1979 = EDGE_CURVE ( 'NONE', #210, #2596, #1842, .T. ) ;
#1980 = ADVANCED_FACE ( 'NONE', ( #1957 ), #772, .T. ) ;
#1981 = VERTEX_POINT ( 'NONE', #196 ) ;
#1982 = CARTESIAN_POINT ( 'NONE',  ( -0.1700000000000000400, 0.4649999999999999689, 0.1000000000000000056 ) ) ;
#1983 = ADVANCED_FACE ( 'NONE', ( #1857 ), #1310, .F. ) ;
#1984 = ORIENTED_EDGE ( 'NONE', *, *, #1979, .T. ) ;
#1985 = CARTESIAN_POINT ( 'NONE',  ( -0.1200000000000000233, 0.000000000000000000, 0.000000000000000000 ) ) ;
#1986 = VECTOR ( 'NONE', #2336, 39.37007874015748143 ) ;
#1987 = ORIENTED_EDGE ( 'NONE', *, *, #1485, .T. ) ;
#1988 = ORIENTED_EDGE ( 'NONE', *, *, #1261, .T. ) ;
#1989 = CARTESIAN_POINT ( 'NONE',  ( 0.2125000000000000500, -0.07000000000000007605, -0.03000000000000002318 ) ) ;
#1990 = AXIS2_PLACEMENT_3D ( 'NONE', #3342, #32, #295 ) ;
#1991 = DIRECTION ( 'NONE',  ( 1.000000000000000000, 0.000000000000000000, -0.000000000000000000 ) ) ;
#1992 = DIRECTION ( 'NONE',  ( -1.000000000000000000, 0.000000000000000000, -0.000000000000000000 ) ) ;
#1993 =( CONVERSION_BASED_UNIT ( 'INCH', #2333 ) LENGTH_UNIT ( ) NAMED_UNIT ( #2390 ) );
#1994 =( NAMED_UNIT ( * ) SI_UNIT ( $, .STERADIAN. ) SOLID_ANGLE_UNIT ( ) );
#1995 = ORIENTED_EDGE ( 'NONE', *, *, #1956, .T. ) ;
#1996 = VECTOR ( 'NONE', #2804, 39.37007874015748143 ) ;
#1997 = PLANE ( 'NONE',  #3447 ) ;
#1998 = DIRECTION ( 'NONE',  ( 0.000000000000000000, 0.000000000000000000, -1.000000000000000000 ) ) ;
#1999 = LINE ( 'NONE', #2593, #3278 ) ;
#2000 = VERTEX_POINT ( 'NONE', #1104 ) ;
#2001 = PLANE ( 'NONE',  #2299 ) ;
#2002 = EDGE_CURVE ( 'NONE', #175, #3416, #3071, .T. ) ;
#2003 = CARTESIAN_POINT ( 'NONE',  ( -0.1874999999999999722, -0.07000000000000033973, 0.07000000000000000666 ) ) ;
#2004 = ORIENTED_EDGE ( 'NONE', *, *, #58, .F. ) ;
#2005 =( CONVERSION_BASED_UNIT ( 'INCH', #1677 ) LENGTH_UNIT ( ) NAMED_UNIT ( #3346 ) );
#2006 = EDGE_CURVE ( 'NONE', #2857, #3073, #1861, .T. ) ;
#2007 = LINE ( 'NONE', #1162, #3234 ) ;
#2008 = VECTOR ( 'NONE', #3337, 39.37007874015748143 ) ;
#2009 = PRODUCT_RELATED_PRODUCT_CATEGORY ( 'part', '', ( #1830 ) ) ;
#2010 = ORIENTED_EDGE ( 'NONE', *, *, #280, .T. ) ;
#2011 = CARTESIAN_POINT ( 'NONE',  ( -0.01999999999999994144, -0.03500000000000007272, -0.01250000000000000069 ) ) ;
#2012 = FACE_OUTER_BOUND ( 'NONE', #2787, .T. ) ;
#2013 = EDGE_CURVE ( 'NONE', #3183, #3419, #1936, .T. ) ;
#2014 = DIRECTION ( 'NONE',  ( -1.000000000000000000, 0.000000000000000000, 0.000000000000000000 ) ) ;
#2015 = FACE_OUTER_BOUND ( 'NONE', #1636, .T. ) ;
#2016 = DIRECTION ( 'NONE',  ( -0.000000000000000000, 1.000000000000000000, -0.000000000000000000 ) ) ;
#2017 = APPLICATION_CONTEXT ( 'automotive_design' ) ;
#2018 = ORIENTED_EDGE ( 'NONE', *, *, #132, .F. ) ;
#2019 = VECTOR ( 'NONE', #165, 39.37007874015748143 ) ;
#2020 = CLOSED_SHELL ( 'NONE', ( #1296, #1178, #823, #905, #2600, #461, #2202, #2783, #715, #3372, #2482, #1911, #3011, #2117, #1273, #3097, #78, #750, #1519, #794, #2239, #219, #2537, #246, #1055, #73, #1344, #1882, #504, #1526, #50, #3267, #440, #2138, #855, #169, #1092, #192, #2897, #2351, #2907, #2654, #1632, #2756, #1841, #616, #1319, #1577, #2694, #3100, #1121, #1267, #1951, #3019, #1870, #2753, #539, #2514, #1980, #2662, #2458, #3213, #826, #1669, #2856, #3271, #579, #2168, #3325, #171, #1290, #2982, #756, #3140, #23, #3524, #2236, #2144, #2721, #2511, #270, #2270 ) ) ;
#2021 = CARTESIAN_POINT ( 'NONE',  ( -0.01249999999999994171, -0.03500000000000007272, 0.01250000000000000069 ) ) ;
#2022 = CARTESIAN_POINT ( 'NONE',  ( 0.2999999999999999889, -0.6174555320336758690, -0.1000000000000000056 ) ) ;
#2023 = CARTESIAN_POINT ( 'NONE',  ( -0.2600000000000000089, 0.1150000000000000050, 0.06000000000000001166 ) ) ;
#2024 = DIRECTION ( 'NONE',  ( -0.000000000000000000, -0.000000000000000000, -1.000000000000000000 ) ) ;
#2025 = ORIENTED_EDGE ( 'NONE', *, *, #3578, .T. ) ;
#2026 = ORIENTED_EDGE ( 'NONE', *, *, #2358, .F. ) ;
#2027 = AXIS2_PLACEMENT_3D ( 'NONE', #3085, #877, #495 ) ;
#2028 = DIRECTION ( 'NONE',  ( 0.000000000000000000, -0.7071067811865486830, 0.7071067811865462405 ) ) ;
#2029 = CARTESIAN_POINT ( 'NONE',  ( -0.2449999999999999956, -0.05950000000000014999, 0.01250000000000000069 ) ) ;
#2030 = LINE ( 'NONE', #415, #3205 ) ;
#2031 = FACE_OUTER_BOUND ( 'NONE', #88, .T. ) ;
#2032 =( GEOMETRIC_REPRESENTATION_CONTEXT ( 3 ) GLOBAL_UNCERTAINTY_ASSIGNED_CONTEXT ( ( #641 ) ) GLOBAL_UNIT_ASSIGNED_CONTEXT ( ( #1521, #731, #2051 ) ) REPRESENTATION_CONTEXT ( 'NONE', 'WORKASPACE' ) );
#2033 = ORIENTED_EDGE ( 'NONE', *, *, #2500, .F. ) ;
#2034 = DIRECTION ( 'NONE',  ( -1.000000000000000000, 0.000000000000000000, 0.000000000000000000 ) ) ;
#2035 = VECTOR ( 'NONE', #1205, 39.37007874015748143 ) ;
#2036 = DIRECTION ( 'NONE',  ( 0.000000000000000000, 0.000000000000000000, 1.000000000000000000 ) ) ;
#2037 = VECTOR ( 'NONE', #979, 39.37007874015748143 ) ;
#2038 =( REPRESENTATION_RELATIONSHIP ('NONE','NONE', #465, #82 ) REPRESENTATION_RELATIONSHIP_WITH_TRANSFORMATION ( #2256 )SHAPE_REPRESENTATION_RELATIONSHIP( ) );
#2039 = ORIENTED_EDGE ( 'NONE', *, *, #685, .F. ) ;
#2040 = EDGE_CURVE ( 'NONE', #1456, #433, #3113, .T. ) ;
#2041 = LINE ( 'NONE', #815, #2008 ) ;
#2042 = VERTEX_POINT ( 'NONE', #3312 ) ;
#2043 = DIRECTION ( 'NONE',  ( 0.000000000000000000, 0.000000000000000000, -1.000000000000000000 ) ) ;
#2044 = EDGE_CURVE ( 'NONE', #3457, #446, #1964, .T. ) ;
#2045 = DIRECTION ( 'NONE',  ( 1.000000000000000000, 0.000000000000000000, 0.000000000000000000 ) ) ;
#2046 = DIRECTION ( 'NONE',  ( 0.000000000000000000, 0.000000000000000000, 1.000000000000000000 ) ) ;
#2047 = EDGE_LOOP ( 'NONE', ( #3526, #3556, #1216, #803 ) ) ;
#2048 = PRODUCT_DEFINITION_SHAPE ( 'NONE', 'NONE',  #3585 ) ;
#2049 = VECTOR ( 'NONE', #1477, 39.37007874015748143 ) ;
#2050 = ORIENTED_EDGE ( 'NONE', *, *, #1201, .F. ) ;
#2051 =( NAMED_UNIT ( * ) SI_UNIT ( $, .STERADIAN. ) SOLID_ANGLE_UNIT ( ) );
#2052 = DIRECTION ( 'NONE',  ( -1.000000000000000000, -0.000000000000000000, -0.000000000000000000 ) ) ;
#2053 = EDGE_CURVE ( 'NONE', #1474, #3490, #768, .T. ) ;
#2054 = VERTEX_POINT ( 'NONE', #1505 ) ;
#2055 = CARTESIAN_POINT ( 'NONE',  ( 0.05699999999999961348, 0.4049999999999999711, 0.1176972864800942681 ) ) ;
#2056 = AXIS2_PLACEMENT_3D ( 'NONE', #2023, #1733, #698 ) ;
#2057 = LINE ( 'NONE', #3231, #3259 ) ;
#2058 = EDGE_LOOP ( 'NONE', ( #983, #3392, #673, #1431, #3310, #2553, #3080, #928, #1409, #3152, #1812, #2584, #1359, #3031, #753, #814, #2542 ) ) ;
#2059 = ORIENTED_EDGE ( 'NONE', *, *, #1966, .T. ) ;
#2060 = EDGE_CURVE ( 'NONE', #39, #862, #1871, .T. ) ;
#2061 = PRESENTATION_STYLE_ASSIGNMENT (( #992 ) ) ;
#2062 = VECTOR ( 'NONE', #3415, 39.37007874015748143 ) ;
#2063 = FILL_AREA_STYLE ('',( #232 ) ) ;
#2064 = ORIENTED_EDGE ( 'NONE', *, *, #2544, .T. ) ;
#2065 = ORIENTED_EDGE ( 'NONE', *, *, #3387, .T. ) ;
#2066 = CYLINDRICAL_SURFACE ( 'NONE', #3396, 0.007500000000000022274 ) ;
#2067 = VECTOR ( 'NONE', #584, 39.37007874015748143 ) ;
#2068 = DIRECTION ( 'NONE',  ( 0.000000000000000000, 0.000000000000000000, -1.000000000000000000 ) ) ;
#2069 = EDGE_LOOP ( 'NONE', ( #463, #439, #2389, #559 ) ) ;
#2070 = DIRECTION ( 'NONE',  ( 1.000000000000000000, 0.000000000000000000, 0.000000000000000000 ) ) ;
#2071 = CARTESIAN_POINT ( 'NONE',  ( 0.05999999999999996309, 0.3150000000000000022, -0.1000000000000000056 ) ) ;
#2072 = DIRECTION ( 'NONE',  ( 1.000000000000000000, 0.000000000000000000, 0.000000000000000000 ) ) ;
#2073 = ORIENTED_EDGE ( 'NONE', *, *, #2557, .T. ) ;
#2074 = AXIS2_PLACEMENT_3D ( 'NONE', #883, #266, #1141 ) ;
#2075 = VECTOR ( 'NONE', #1266, 39.37007874015748143 ) ;
#2076 = VECTOR ( 'NONE', #125, 39.37007874015748143 ) ;
#2077 = LINE ( 'NONE', #2819, #3210 ) ;
#2078 = PLANE ( 'NONE',  #1430 ) ;
#2079 = ORIENTED_EDGE ( 'NONE', *, *, #3119, .F. ) ;
#2080 = DIRECTION ( 'NONE',  ( 0.7071067811865472397, 0.000000000000000000, 0.7071067811865479058 ) ) ;
#2081 = LINE ( 'NONE', #1063, #918 ) ;
#2082 = VERTEX_POINT ( 'NONE', #436 ) ;
#2083 = CARTESIAN_POINT ( 'NONE',  ( -0.2199999999999997236, -0.06750000000000015710, 0.01250000000000000069 ) ) ;
#2084 = SURFACE_SIDE_STYLE ('',( #1072 ) ) ;
#2085 = ORIENTED_EDGE ( 'NONE', *, *, #3218, .T. ) ;
#2086 = EDGE_CURVE ( 'NONE', #425, #2727, #3079, .T. ) ;
#2087 = VERTEX_POINT ( 'NONE', #2411 ) ;
#2088 = DIRECTION ( 'NONE',  ( 0.000000000000000000, -1.000000000000000000, 0.000000000000000000 ) ) ;
#2089 = VECTOR ( 'NONE', #2555, 39.37007874015748143 ) ;
#2090 = AXIS2_PLACEMENT_3D ( 'NONE', #56, #1192, #1637 ) ;
#2091 = DIRECTION ( 'NONE',  ( 0.000000000000000000, -0.000000000000000000, -1.000000000000000000 ) ) ;
#2092 = CARTESIAN_POINT ( 'NONE',  ( 0.1125000000000000305, 0.000000000000000000, 0.000000000000000000 ) ) ;
#2093 = CARTESIAN_POINT ( 'NONE',  ( 0.08750000000000002220, -0.01500000000000008618, 0.07000000000000000666 ) ) ;
#2094 = EDGE_CURVE ( 'NONE', #292, #1613, #717, .T. ) ;
#2095 = AXIS2_PLACEMENT_3D ( 'NONE', #438, #3516, #2178 ) ;
#2096 = CARTESIAN_POINT ( 'NONE',  ( 0.2600000000000000644, 0.01500000000000000291, 0.09999999999999997780 ) ) ;
#2097 = CARTESIAN_POINT ( 'NONE',  ( -0.2199999999999996958, -0.03500000000000007272, 0.01250000000000000069 ) ) ;
#2098 = CARTESIAN_POINT ( 'NONE',  ( 0.08750000000000002220, -0.01500000000000008618, 0.07000000000000000666 ) ) ;
#2099 = SHAPE_REPRESENTATION_RELATIONSHIP ( 'NONE' , 'NONE' ,  #82, #309 ) ;
#2100 = LINE ( 'NONE', #123, #2037 ) ;
#2101 = ORIENTED_EDGE ( 'NONE', *, *, #2792, .F. ) ;
#2102 = ORIENTED_EDGE ( 'NONE', *, *, #2889, .F. ) ;
#2103 = PRODUCT ( '705530003_Body_5', '705530003_Body_5', '', ( #141 ) ) ;
#2104 = DIRECTION ( 'NONE',  ( 0.000000000000000000, -0.000000000000000000, 1.000000000000000000 ) ) ;
#2105 = CARTESIAN_POINT ( 'NONE',  ( -0.2600000000000000089, -1.143516480713450578, -0.03000000000000002318 ) ) ;
#2106 = DIRECTION ( 'NONE',  ( -1.000000000000000000, 0.000000000000000000, 0.000000000000000000 ) ) ;
#2107 = LINE ( 'NONE', #401, #3356 ) ;
#2108 = DIRECTION ( 'NONE',  ( -1.000000000000000000, 0.000000000000000000, 0.000000000000000000 ) ) ;
#2109 = EDGE_CURVE ( 'NONE', #1116, #932, #3190, .T. ) ;
#2110 = ADVANCED_FACE ( 'NONE', ( #3145 ), #1932, .T. ) ;
#2111 = DIRECTION ( 'NONE',  ( 0.000000000000000000, 0.000000000000000000, -1.000000000000000000 ) ) ;
#2112 = ORIENTED_EDGE ( 'NONE', *, *, #1150, .F. ) ;
#2113 = DIRECTION ( 'NONE',  ( 0.000000000000000000, 0.000000000000000000, -1.000000000000000000 ) ) ;
#2114 = DIRECTION ( 'NONE',  ( 0.000000000000000000, -0.000000000000000000, 1.000000000000000000 ) ) ;
#2115 = AXIS2_PLACEMENT_3D ( 'NONE', #1604, #1942, #3088 ) ;
#2116 =( NAMED_UNIT ( * ) SI_UNIT ( $, .STERADIAN. ) SOLID_ANGLE_UNIT ( ) );
#2117 = ADVANCED_FACE ( 'NONE', ( #1891, #3175 ), #1997, .F. ) ;
#2118 = LINE ( 'NONE', #3542, #1036 ) ;
#2119 = CARTESIAN_POINT ( 'NONE',  ( 0.000000000000000000, 0.000000000000000000, 0.01250000000000000069 ) ) ;
#2120 = EDGE_CURVE ( 'NONE', #249, #1972, #723, .T. ) ;
#2121 = DIRECTION ( 'NONE',  ( -1.000000000000000000, 0.000000000000000000, 0.000000000000000000 ) ) ;
#2122 = CARTESIAN_POINT ( 'NONE',  ( 0.003055112881806141146, 0.3470152722443559101, -0.003055112881806128135 ) ) ;
#2123 = VECTOR ( 'NONE', #2859, 39.37007874015748143 ) ;
#2124 =( CONVERSION_BASED_UNIT ( 'INCH', #1268 ) LENGTH_UNIT ( ) NAMED_UNIT ( #884 ) );
#2125 = DIRECTION ( 'NONE',  ( 0.2915362068315989208, 0.9110506463487562101, 0.2915362068315989208 ) ) ;
#2126 = EDGE_CURVE ( 'NONE', #3240, #1981, #729, .T. ) ;
#2127 = PRESENTATION_STYLE_ASSIGNMENT (( #273 ) ) ;
#2128 = VECTOR ( 'NONE', #130, 39.37007874015748143 ) ;
#2129 = DIRECTION ( 'NONE',  ( 1.000000000000000000, -0.000000000000000000, -0.000000000000000000 ) ) ;
#2130 = VERTEX_POINT ( 'NONE', #2222 ) ;
#2131 = VERTEX_POINT ( 'NONE', #2281 ) ;
#2132 = CARTESIAN_POINT ( 'NONE',  ( -0.2999999999999999889, 0.4649999999999999689, 0.1000000000000000056 ) ) ;
#2133 = ORIENTED_EDGE ( 'NONE', *, *, #2307, .T. ) ;
#2134 = DIRECTION ( 'NONE',  ( 1.000000000000000000, 0.000000000000000000, 0.000000000000000000 ) ) ;
#2135 = CARTESIAN_POINT ( 'NONE',  ( -0.3000000000000000444, -0.01500000000000007404, -0.03000000000000001277 ) ) ;
#2136 = CARTESIAN_POINT ( 'NONE',  ( -0.01249999999999999029, 0.3174999999999997824, 0.01250000000000000069 ) ) ;
#2137 = EDGE_CURVE ( 'NONE', #1507, #2195, #1947, .T. ) ;
#2138 = ADVANCED_FACE ( 'NONE', ( #1971 ), #636, .F. ) ;
#2139 = AXIS2_PLACEMENT_3D ( 'NONE', #1665, #95, #1992 ) ;
#2140 = LENGTH_MEASURE_WITH_UNIT ( LENGTH_MEASURE( 0.02539999999999999897 ), #14 );
#2141 = VECTOR ( 'NONE', #351, 39.37007874015748143 ) ;
#2142 = DIRECTION ( 'NONE',  ( 0.7071067811865483499, -0.000000000000000000, 0.7071067811865467956 ) ) ;
#2143 = DIRECTION ( 'NONE',  ( 0.000000000000000000, -0.000000000000000000, -1.000000000000000000 ) ) ;
#2144 = ADVANCED_FACE ( 'NONE', ( #746 ), #2489, .F. ) ;
#2145 = CARTESIAN_POINT ( 'NONE',  ( -0.1600000000000001421, 0.4949999999999998290, -0.1100000000000001255 ) ) ;
#2146 = EDGE_CURVE ( 'NONE', #1416, #1697, #1898, .T. ) ;
#2147 = CARTESIAN_POINT ( 'NONE',  ( 0.05700000000000000205, 0.3519999999999999796, 0.1176972864800942681 ) ) ;
#2148 = SHAPE_REPRESENTATION_RELATIONSHIP ( 'NONE' , 'NONE' ,  #2504, #1576 ) ;
#2149 = LINE ( 'NONE', #924, #3340 ) ;
#2150 = ORIENTED_EDGE ( 'NONE', *, *, #1226, .T. ) ;
#2151 = ORIENTED_EDGE ( 'NONE', *, *, #1807, .T. ) ;
#2152 = AXIS2_PLACEMENT_3D ( 'NONE', #847, #2403, #2143 ) ;
#2153 = DIRECTION ( 'NONE',  ( 0.3713906763541040545, 0.9284766908852590817, 0.000000000000000000 ) ) ;
#2154 = AXIS2_PLACEMENT_3D ( 'NONE', #2190, #2268, #2480 ) ;
#2155 = CARTESIAN_POINT ( 'NONE',  ( 0.05699999999999961348, 0.4049999999999999711, -0.1600000000000000033 ) ) ;
#2156 = LINE ( 'NONE', #1743, #2128 ) ;
#2157 = CARTESIAN_POINT ( 'NONE',  ( -0.2600000000000000089, -0.01500000000000011394, 0.07000000000000011768 ) ) ;
#2158 = CARTESIAN_POINT ( 'NONE',  ( -0.2600000000000000089, 0.4449999999999998956, -0.05999999999999999084 ) ) ;
#2159 = CARTESIAN_POINT ( 'NONE',  ( 0.2599999999999999534, 0.1150000000000000050, -0.05999999999999999084 ) ) ;
#2160 = ORIENTED_EDGE ( 'NONE', *, *, #3237, .T. ) ;
#2161 = LINE ( 'NONE', #2055, #1044 ) ;
#2162 = EDGE_CURVE ( 'NONE', #2426, #1190, #3162, .T. ) ;
#2163 = ORIENTED_EDGE ( 'NONE', *, *, #1915, .F. ) ;
#2164 = CARTESIAN_POINT ( 'NONE',  ( -0.2600000000000000089, 0.1150000000000000050, 0.06000000000000001166 ) ) ;
#2165 = DIRECTION ( 'NONE',  ( 0.000000000000000000, -0.7071067811865463515, -0.7071067811865487940 ) ) ;
#2166 = VERTEX_POINT ( 'NONE', #3167 ) ;
#2167 = CARTESIAN_POINT ( 'NONE',  ( -0.2124999999999999944, -0.01500000000000008618, 0.07000000000000000666 ) ) ;
#2168 = ADVANCED_FACE ( 'NONE', ( #3198 ), #2843, .F. ) ;
#2169 = EDGE_CURVE ( 'NONE', #3463, #1346, #1928, .T. ) ;
#2170 = ORIENTED_EDGE ( 'NONE', *, *, #3281, .T. ) ;
#2171 = ORIENTED_EDGE ( 'NONE', *, *, #338, .F. ) ;
#2172 = ADVANCED_FACE ( 'NONE', ( #761 ), #1789, .T. ) ;
#2173 = SURFACE_STYLE_USAGE ( .BOTH. , #1897 ) ;
#2174 = PRODUCT_DEFINITION_CONTEXT ( 'detailed design', #3386, 'design' ) ;
#2175 = EDGE_CURVE ( 'NONE', #2347, #223, #3169, .T. ) ;
#2176 = CARTESIAN_POINT ( 'NONE',  ( -0.1200000000000000233, 0.4649999999999999689, 0.1000000000000000056 ) ) ;
#2177 = PLANE ( 'NONE',  #1930 ) ;
#2178 = DIRECTION ( 'NONE',  ( 0.000000000000000000, 0.000000000000000000, 1.000000000000000000 ) ) ;
#2179 = CARTESIAN_POINT ( 'NONE',  ( -0.2999999999999999889, -0.6174555320336758690, 0.1000000000000000056 ) ) ;
#2180 = VECTOR ( 'NONE', #1414, 39.37007874015748143 ) ;
#2181 = CARTESIAN_POINT ( 'NONE',  ( 0.1125000000000000305, -0.07000000000000033973, 0.07000000000000000666 ) ) ;
#2182 = PRODUCT_DEFINITION_SHAPE ( 'NONE', 'NONE',  #3581 ) ;
#2183 = EDGE_CURVE ( 'NONE', #228, #1520, #2100, .T. ) ;
#2184 = ORIENTED_EDGE ( 'NONE', *, *, #3427, .T. ) ;
#2185 = DIRECTION ( 'NONE',  ( 1.000000000000000000, 0.000000000000000000, -0.000000000000000000 ) ) ;
#2186 = ORIENTED_EDGE ( 'NONE', *, *, #1065, .T. ) ;
#2187 = VECTOR ( 'NONE', #5, 39.37007874015748143 ) ;
#2188 = VERTEX_POINT ( 'NONE', #3200 ) ;
#2189 = EDGE_CURVE ( 'NONE', #914, #2453, #3320, .T. ) ;
#2190 = CARTESIAN_POINT ( 'NONE',  ( -0.2600000000000000089, 0.1150000000000000050, 0.06000000000000001166 ) ) ;
#2191 = CARTESIAN_POINT ( 'NONE',  ( -0.2600000000000000089, 0.4449999999999998956, 0.06000000000000001166 ) ) ;
#2192 = COLOUR_RGB ( '',0.2509803921568627416, 0.2509803921568627416, 0.2509803921568627416 ) ;
#2193 = LINE ( 'NONE', #2732, #3426 ) ;
#2194 = DIRECTION ( 'NONE',  ( 1.000000000000000000, 0.000000000000000000, 0.000000000000000000 ) ) ;
#2195 = VERTEX_POINT ( 'NONE', #3432 ) ;
#2196 = CARTESIAN_POINT ( 'NONE',  ( 0.2600000000000000089, -1.143516480713450578, 0.07000000000000000666 ) ) ;
#2197 = CARTESIAN_POINT ( 'NONE',  ( 0.2399999999999999634, 0.3850000000000000089, 0.004449987798925545378 ) ) ;
#2198 = VERTEX_POINT ( 'NONE', #1033 ) ;
#2199 = CARTESIAN_POINT ( 'NONE',  ( 0.2125000000000000500, 0.000000000000000000, 0.000000000000000000 ) ) ;
#2200 = CARTESIAN_POINT ( 'NONE',  ( -0.2199999999999997236, -0.06750000000000015710, 0.01250000000000000069 ) ) ;
#2201 = ORIENTED_EDGE ( 'NONE', *, *, #162, .F. ) ;
#2202 = ADVANCED_FACE ( 'NONE', ( #3315 ), #3411, .T. ) ;
#2203 = PRESENTATION_STYLE_ASSIGNMENT (( #2173 ) ) ;
#2204 = LINE ( 'NONE', #154, #2180 ) ;
#2205 = VERTEX_POINT ( 'NONE', #3441 ) ;
#2206 = PLANE ( 'NONE',  #2858 ) ;
#2207 = DIRECTION ( 'NONE',  ( -0.000000000000000000, -0.000000000000000000, -1.000000000000000000 ) ) ;
#2208 = CARTESIAN_POINT ( 'NONE',  ( -0.1099999999999999867, 0.4449999999999998956, -0.1199999999999999956 ) ) ;
#2209 = EDGE_LOOP ( 'NONE', ( #2487, #902, #3282, #3114 ) ) ;
#2210 = EDGE_CURVE ( 'NONE', #2647, #568, #887, .T. ) ;
#2211 = EDGE_LOOP ( 'NONE', ( #2736, #1775, #1601, #1608 ) ) ;
#2212 = EDGE_LOOP ( 'NONE', ( #528, #12, #2931, #722 ) ) ;
#2213 = EDGE_CURVE ( 'NONE', #1259, #2130, #2057, .T. ) ;
#2214 = EDGE_LOOP ( 'NONE', ( #2865, #6, #2441, #1571 ) ) ;
#2215 = ITEM_DEFINED_TRANSFORMATION ( 'NONE', 'NONE', #346,  #1810 ) ;
#2216 = VECTOR ( 'NONE', #2475, 39.37007874015748143 ) ;
#2217 = DIRECTION ( 'NONE',  ( 1.000000000000000000, 0.000000000000000000, 0.000000000000000000 ) ) ;
#2218 = ORIENTED_EDGE ( 'NONE', *, *, #1025, .F. ) ;
#2219 = EDGE_CURVE ( 'NONE', #2322, #1516, #898, .T. ) ;
#2220 = AXIS2_PLACEMENT_3D ( 'NONE', #1328, #2652, #1506 ) ;
#2221 = DIRECTION ( 'NONE',  ( 1.000000000000000000, 0.000000000000000000, 0.000000000000000000 ) ) ;
#2222 = CARTESIAN_POINT ( 'NONE',  ( 0.01250000000000001110, 0.1024999999999999661, -0.01250000000000000069 ) ) ;
#2223 = VERTEX_POINT ( 'NONE', #1237 ) ;
#2224 = CARTESIAN_POINT ( 'NONE',  ( 0.000000000000000000, -0.07000000000000007605, -0.03000000000000001277 ) ) ;
#2225 = DIRECTION ( 'NONE',  ( 0.000000000000000000, 2.731847993664262430E-15, -1.000000000000000000 ) ) ;
#2226 = ORIENTED_EDGE ( 'NONE', *, *, #1166, .F. ) ;
#2227 = UNCERTAINTY_MEASURE_WITH_UNIT (LENGTH_MEASURE( 1.000000000000000082E-05 ), #1993, 'distance_accuracy_value', 'NONE');
#2228 = ORIENTED_EDGE ( 'NONE', *, *, #2998, .F. ) ;
#2229 = DIRECTION ( 'NONE',  ( 0.000000000000000000, 2.731847993664262430E-15, -1.000000000000000000 ) ) ;
#2230 = VERTEX_POINT ( 'NONE', #1732 ) ;
#2231 = CARTESIAN_POINT ( 'NONE',  ( 0.1499999999999999944, 0.3150000000000000022, -0.1600000000000000033 ) ) ;
#2232 = ORIENTED_EDGE ( 'NONE', *, *, #3106, .T. ) ;
#2233 = CARTESIAN_POINT ( 'NONE',  ( -0.1874999999999999722, -0.07000000000000007605, -0.03000000000000002318 ) ) ;
#2234 = CARTESIAN_POINT ( 'NONE',  ( -0.01999999999999992756, -0.04250000000000009326, 0.01250000000000000069 ) ) ;
#2235 = VERTEX_POINT ( 'NONE', #1041 ) ;
#2236 = ADVANCED_FACE ( 'NONE', ( #3299 ), #787, .T. ) ;
#2237 = EDGE_CURVE ( 'NONE', #1400, #914, #1999, .T. ) ;
#2238 = CONTEXT_DEPENDENT_SHAPE_REPRESENTATION ( #778, #779 ) ;
#2239 = ADVANCED_FACE ( 'NONE', ( #3254 ), #424, .F. ) ;
#2240 = ORIENTED_EDGE ( 'NONE', *, *, #2939, .T. ) ;
#2241 = LINE ( 'NONE', #198, #3510 ) ;
#2242 = DIRECTION ( 'NONE',  ( -0.000000000000000000, -0.000000000000000000, -1.000000000000000000 ) ) ;
#2243 = VERTEX_POINT ( 'NONE', #1426 ) ;
#2244 = DIRECTION ( 'NONE',  ( -0.000000000000000000, -1.000000000000000000, -0.000000000000000000 ) ) ;
#2245 = AXIS2_PLACEMENT_3D ( 'NONE', #2011, #950, #683 ) ;
#2246 = LINE ( 'NONE', #1893, #2290 ) ;
#2247 = LINE ( 'NONE', #3136, #3566 ) ;
#2248 = EDGE_LOOP ( 'NONE', ( #1900, #725, #610, #9 ) ) ;
#2249 = DIRECTION ( 'NONE',  ( -0.000000000000000000, 0.000000000000000000, 1.000000000000000000 ) ) ;
#2250 = ORIENTED_EDGE ( 'NONE', *, *, #1493, .T. ) ;
#2251 = DIRECTION ( 'NONE',  ( 0.000000000000000000, -0.000000000000000000, 1.000000000000000000 ) ) ;
#2252 = DIRECTION ( 'NONE',  ( 1.000000000000000000, 0.000000000000000000, -0.000000000000000000 ) ) ;
#2253 = EDGE_CURVE ( 'NONE', #1093, #3147, #2077, .T. ) ;
#2254 = LINE ( 'NONE', #3334, #2260 ) ;
#2255 = ORIENTED_EDGE ( 'NONE', *, *, #2440, .T. ) ;
#2256 = ITEM_DEFINED_TRANSFORMATION ( 'NONE', 'NONE', #460,  #1810 ) ;
#2257 = DIRECTION ( 'NONE',  ( -1.000000000000000000, 0.000000000000000000, 0.000000000000000000 ) ) ;
#2258 = CARTESIAN_POINT ( 'NONE',  ( -0.1700000000000000400, 0.1150000000000000050, 0.06000000000000001166 ) ) ;
#2259 = ORIENTED_EDGE ( 'NONE', *, *, #2557, .F. ) ;
#2260 = VECTOR ( 'NONE', #2412, 39.37007874015748143 ) ;
#2261 = DIRECTION ( 'NONE',  ( 0.000000000000000000, 0.000000000000000000, -1.000000000000000000 ) ) ;
#2262 = PLANE ( 'NONE',  #1896 ) ;
#2263 = VERTEX_POINT ( 'NONE', #146 ) ;
#2264 = EDGE_CURVE ( 'NONE', #2263, #795, #3248, .T. ) ;
#2265 = VECTOR ( 'NONE', #3197, 39.37007874015748143 ) ;
#2266 = ORIENTED_EDGE ( 'NONE', *, *, #910, .F. ) ;
#2267 = FACE_OUTER_BOUND ( 'NONE', #3227, .T. ) ;
#2268 = DIRECTION ( 'NONE',  ( -1.000000000000000000, 0.000000000000000000, -0.000000000000000000 ) ) ;
#2269 = VERTEX_POINT ( 'NONE', #403 ) ;
#2270 = ADVANCED_FACE ( 'NONE', ( #837 ), #523, .T. ) ;
#2271 = CARTESIAN_POINT ( 'NONE',  ( -0.2199999999999996958, -0.04250000000000015571, 0.01250000000000000069 ) ) ;
#2272 = CARTESIAN_POINT ( 'NONE',  ( -0.2180079681274897374, -0.04186254980079695542, 0.01313745019920318537 ) ) ;
#2273 = CARTESIAN_POINT ( 'NONE',  ( -0.2199999999999996958, -0.04250000000000015571, -0.01250000000000000069 ) ) ;
#2274 = VECTOR ( 'NONE', #1323, 39.37007874015748143 ) ;
#2275 = DIRECTION ( 'NONE',  ( 0.000000000000000000, 1.000000000000000000, 0.000000000000000000 ) ) ;
#2276 = DIRECTION ( 'NONE',  ( 0.000000000000000000, 1.000000000000000000, -3.469446951953614189E-17 ) ) ;
#2277 = ORIENTED_EDGE ( 'NONE', *, *, #2500, .T. ) ;
#2278 = AXIS2_PLACEMENT_3D ( 'NONE', #2587, #77, #3203 ) ;
#2279 = ORIENTED_EDGE ( 'NONE', *, *, #685, .T. ) ;
#2280 = CONTEXT_DEPENDENT_SHAPE_REPRESENTATION ( #720, #2860 ) ;
#2281 = CARTESIAN_POINT ( 'NONE',  ( -0.2449999999999999956, -0.05050000000000016281, 0.004499999999999995323 ) ) ;
#2282 = LINE ( 'NONE', #612, #1149 ) ;
#2283 = DIRECTION ( 'NONE',  ( -0.000000000000000000, -0.000000000000000000, -1.000000000000000000 ) ) ;
#2284 = DIRECTION ( 'NONE',  ( 0.000000000000000000, -0.000000000000000000, 1.000000000000000000 ) ) ;
#2285 = CARTESIAN_POINT ( 'NONE',  ( 0.01250000000000001110, 0.1024999999999999661, 0.01250000000000000069 ) ) ;
#2286 = LINE ( 'NONE', #3226, #1174 ) ;
#2287 = EDGE_CURVE ( 'NONE', #630, #2421, #3221, .T. ) ;
#2288 = ORIENTED_EDGE ( 'NONE', *, *, #70, .T. ) ;
#2289 = DIRECTION ( 'NONE',  ( -1.509147063664734751E-16, 0.7071067811865486830, -0.7071067811865462405 ) ) ;
#2290 = VECTOR ( 'NONE', #2447, 39.37007874015748143 ) ;
#2291 = VERTEX_POINT ( 'NONE', #1315 ) ;
#2292 = VERTEX_POINT ( 'NONE', #1626 ) ;
#2293 = DIRECTION ( 'NONE',  ( -0.000000000000000000, -0.000000000000000000, -1.000000000000000000 ) ) ;
#2294 = EDGE_CURVE ( 'NONE', #2689, #2314, #2041, .T. ) ;
#2295 = EDGE_LOOP ( 'NONE', ( #1760, #2960, #1801, #544, #575, #3413, #1699, #561, #3467, #2945, #589, #3012 ) ) ;
#2296 = ORIENTED_EDGE ( 'NONE', *, *, #140, .F. ) ;
#2297 = FACE_OUTER_BOUND ( 'NONE', #524, .T. ) ;
#2298 = DIRECTION ( 'NONE',  ( 0.000000000000000000, 0.000000000000000000, 1.000000000000000000 ) ) ;
#2299 = AXIS2_PLACEMENT_3D ( 'NONE', #2536, #1137, #2800 ) ;
#2300 = DIRECTION ( 'NONE',  ( -0.000000000000000000, 1.000000000000000000, -0.000000000000000000 ) ) ;
#2301 = CARTESIAN_POINT ( 'NONE',  ( 0.01250000000000006141, -0.02750000000000010075, -0.01250000000000000069 ) ) ;
#2302 = LINE ( 'NONE', #915, #3409 ) ;
#2303 = CONTEXT_DEPENDENT_SHAPE_REPRESENTATION ( #2368, #2048 ) ;
#2304 = APPLICATION_PROTOCOL_DEFINITION ( 'draft international standard', 'automotive_design', 1998, #2017 ) ;
#2305 = VECTOR ( 'NONE', #2129, 39.37007874015748143 ) ;
#2306 = CLOSED_SHELL ( 'NONE', ( #909, #1061, #468, #3546, #1583, #49, #3549, #1606, #2172, #581, #194, #3577, #2630, #213 ) ) ;
#2307 = EDGE_CURVE ( 'NONE', #355, #2995, #896, .T. ) ;
#2308 = PLANE ( 'NONE',  #817 ) ;
#2309 = SHAPE_DEFINITION_REPRESENTATION ( #2951, #465 ) ;
#2310 = EDGE_LOOP ( 'NONE', ( #764, #1765, #1927, #2382 ) ) ;
#2311 = DIRECTION ( 'NONE',  ( -0.000000000000000000, -0.000000000000000000, -1.000000000000000000 ) ) ;
#2312 = CARTESIAN_POINT ( 'NONE',  ( 0.01250000000000003539, -0.01500000000000008618, 0.07000000000000000666 ) ) ;
#2313 = ORIENTED_EDGE ( 'NONE', *, *, #3161, .T. ) ;
#2314 = VERTEX_POINT ( 'NONE', #1294 ) ;
#2315 = FACE_OUTER_BOUND ( 'NONE', #348, .T. ) ;
#2316 = DIRECTION ( 'NONE',  ( 0.3713906763541033884, -0.9284766908852594147, 0.000000000000000000 ) ) ;
#2317 = CARTESIAN_POINT ( 'NONE',  ( 0.05999999999999996309, 0.3150000000000000022, -0.08000000000000005718 ) ) ;
#2318 = VECTOR ( 'NONE', #367, 39.37007874015748143 ) ;
#2319 = EDGE_CURVE ( 'NONE', #2481, #1613, #844, .T. ) ;
#2320 = CARTESIAN_POINT ( 'NONE',  ( -0.01249999999999999029, 0.3174999999999997824, 0.01250000000000000069 ) ) ;
#2321 = DIRECTION ( 'NONE',  ( 0.000000000000000000, 1.000000000000000000, 0.000000000000000000 ) ) ;
#2322 = VERTEX_POINT ( 'NONE', #27 ) ;
#2323 = EDGE_CURVE ( 'NONE', #1143, #3170, #854, .T. ) ;
#2324 =( GEOMETRIC_REPRESENTATION_CONTEXT ( 3 ) GLOBAL_UNCERTAINTY_ASSIGNED_CONTEXT ( ( #1398 ) ) GLOBAL_UNIT_ASSIGNED_CONTEXT ( ( #1402, #2815, #1994 ) ) REPRESENTATION_CONTEXT ( 'NONE', 'WORKASPACE' ) );
#2325 = FACE_OUTER_BOUND ( 'NONE', #207, .T. ) ;
#2326 = PRODUCT_DEFINITION_CONTEXT ( 'detailed design', #2589, 'design' ) ;
#2327 = ORIENTED_EDGE ( 'NONE', *, *, #3533, .T. ) ;
#2328 = FACE_OUTER_BOUND ( 'NONE', #2896, .T. ) ;
#2329 = CARTESIAN_POINT ( 'NONE',  ( -0.1700000000000000400, 0.1150000000000000050, 0.1000000000000000056 ) ) ;
#2330 = CARTESIAN_POINT ( 'NONE',  ( 0.2600000000000000089, -0.07000000000000007605, 0.07000000000000000666 ) ) ;
#2331 = DIRECTION ( 'NONE',  ( 1.000000000000000000, 0.000000000000000000, -0.000000000000000000 ) ) ;
#2332 = PLANE ( 'NONE',  #3474 ) ;
#2333 = LENGTH_MEASURE_WITH_UNIT ( LENGTH_MEASURE( 0.02539999999999999897 ), #324 );
#2334 = FACE_OUTER_BOUND ( 'NONE', #2310, .T. ) ;
#2335 = VERTEX_POINT ( 'NONE', #3086 ) ;
#2336 = DIRECTION ( 'NONE',  ( -1.000000000000000000, 0.000000000000000000, 0.000000000000000000 ) ) ;
#2337 = ORIENTED_EDGE ( 'NONE', *, *, #2365, .F. ) ;
#2338 = ORIENTED_EDGE ( 'NONE', *, *, #484, .F. ) ;
#2339 = CARTESIAN_POINT ( 'NONE',  ( 0.1499999999999999944, 0.4649999999999999689, -0.1600000000000000033 ) ) ;
#2340 = ORIENTED_EDGE ( 'NONE', *, *, #3281, .F. ) ;
#2341 = VECTOR ( 'NONE', #1083, 39.37007874015748143 ) ;
#2342 = CARTESIAN_POINT ( 'NONE',  ( -0.2999999999999999889, 0.4649999999999999689, 0.1000000000000000056 ) ) ;
#2343 = DIRECTION ( 'NONE',  ( -1.000000000000000000, 0.000000000000000000, -0.000000000000000000 ) ) ;
#2344 = AXIS2_PLACEMENT_3D ( 'NONE', #1361, #1631, #2738 ) ;
#2345 = VERTEX_POINT ( 'NONE', #1940 ) ;
#2346 = LINE ( 'NONE', #2790, #1133 ) ;
#2347 = VERTEX_POINT ( 'NONE', #839 ) ;
#2348 = CARTESIAN_POINT ( 'NONE',  ( -0.01249999999999999029, 0.1024999999999999661, 0.01250000000000000069 ) ) ;
#2349 = CARTESIAN_POINT ( 'NONE',  ( -0.2600000000000000644, 0.01500000000000000291, 0.1000000000000000611 ) ) ;
#2350 = ORIENTED_EDGE ( 'NONE', *, *, #3109, .T. ) ;
#2351 = ADVANCED_FACE ( 'NONE', ( #2015 ), #2436, .F. ) ;
#2352 = EDGE_LOOP ( 'NONE', ( #632, #2418, #284, #1217 ) ) ;
#2353 = DIRECTION ( 'NONE',  ( -0.000000000000000000, -1.067128122525102481E-16, 1.000000000000000000 ) ) ;
#2354 = CARTESIAN_POINT ( 'NONE',  ( -0.01999999999999994144, -0.03500000000000007272, 0.01250000000000000069 ) ) ;
#2355 = DIRECTION ( 'NONE',  ( 0.000000000000000000, -1.000000000000000000, 0.000000000000000000 ) ) ;
#2356 = ORIENTED_EDGE ( 'NONE', *, *, #2544, .F. ) ;
#2357 = EDGE_LOOP ( 'NONE', ( #730, #2186, #1904, #1352 ) ) ;
#2358 = EDGE_CURVE ( 'NONE', #1480, #2243, #2081, .T. ) ;
#2359 = CARTESIAN_POINT ( 'NONE',  ( 0.000000000000000000, 0.3150000000000000022, 0.000000000000000000 ) ) ;
#2360 = DIRECTION ( 'NONE',  ( 0.000000000000000000, 0.000000000000000000, -1.000000000000000000 ) ) ;
#2361 = EDGE_CURVE ( 'NONE', #1111, #795, #3239, .T. ) ;
#2362 = VERTEX_POINT ( 'NONE', #2348 ) ;
#2363 = DIRECTION ( 'NONE',  ( 0.000000000000000000, -0.000000000000000000, 1.000000000000000000 ) ) ;
#2364 = ORIENTED_EDGE ( 'NONE', *, *, #1005, .F. ) ;
#2365 = EDGE_CURVE ( 'NONE', #2399, #3410, #1003, .T. ) ;
#2366 = DIRECTION ( 'NONE',  ( -1.000000000000000000, 0.000000000000000000, 0.000000000000000000 ) ) ;
#2367 = DIRECTION ( 'NONE',  ( 0.000000000000000000, 0.000000000000000000, -1.000000000000000000 ) ) ;
#2368 =( REPRESENTATION_RELATIONSHIP ('NONE','NONE', #465, #2504 ) REPRESENTATION_RELATIONSHIP_WITH_TRANSFORMATION ( #3431 )SHAPE_REPRESENTATION_RELATIONSHIP( ) );
#2369 = ORIENTED_EDGE ( 'NONE', *, *, #2723, .F. ) ;
#2370 = EDGE_CURVE ( 'NONE', #2235, #2622, #1019, .T. ) ;
#2371 = ORIENTED_EDGE ( 'NONE', *, *, #871, .F. ) ;
#2372 = DIRECTION ( 'NONE',  ( -0.000000000000000000, -0.000000000000000000, -1.000000000000000000 ) ) ;
#2373 = PLANE ( 'NONE',  #1046 ) ;
#2374 = CARTESIAN_POINT ( 'NONE',  ( -0.08749999999999996669, -0.01500000000000008618, 0.07000000000000000666 ) ) ;
#2375 = DIRECTION ( 'NONE',  ( 0.000000000000000000, 0.000000000000000000, 1.000000000000000000 ) ) ;
#2376 = ORIENTED_EDGE ( 'NONE', *, *, #2086, .T. ) ;
#2377 = VECTOR ( 'NONE', #577, 39.37007874015748143 ) ;
#2378 = VERTEX_POINT ( 'NONE', #3481 ) ;
#2379 = AXIS2_PLACEMENT_3D ( 'NONE', #3554, #2249, #769 ) ;
#2380 = FILL_AREA_STYLE ('',( #1006 ) ) ;
#2381 = CARTESIAN_POINT ( 'NONE',  ( 0.1875000000000000555, -0.07000000000000007605, -0.03000000000000002318 ) ) ;
#2382 = ORIENTED_EDGE ( 'NONE', *, *, #3531, .F. ) ;
#2383 = PLANE ( 'NONE',  #1767 ) ;
#2384 = ORIENTED_EDGE ( 'NONE', *, *, #3367, .F. ) ;
#2385 = AXIS2_PLACEMENT_3D ( 'NONE', #408, #3256, #2941 ) ;
#2386 = ORIENTED_EDGE ( 'NONE', *, *, #180, .F. ) ;
#2387 = VECTOR ( 'NONE', #2957, 39.37007874015748143 ) ;
#2388 = CARTESIAN_POINT ( 'NONE',  ( -0.2600000000000000644, 0.4649999999999999689, 0.1000000000000000472 ) ) ;
#2389 = ORIENTED_EDGE ( 'NONE', *, *, #1191, .T. ) ;
#2390 = DIMENSIONAL_EXPONENTS ( 1.000000000000000000, 0.000000000000000000, 0.000000000000000000, 0.000000000000000000, 0.000000000000000000, 0.000000000000000000, 0.000000000000000000 ) ;
#2391 = CARTESIAN_POINT ( 'NONE',  ( 0.2600000000000000089, -0.07000000000000007605, 0.07000000000000000666 ) ) ;
#2392 = EDGE_CURVE ( 'NONE', #3422, #1256, #2107, .T. ) ;
#2393 = EDGE_LOOP ( 'NONE', ( #1318, #203, #147, #2085, #1995, #1929 ) ) ;
#2394 = PLANE ( 'NONE',  #240 ) ;
#2395 = CARTESIAN_POINT ( 'NONE',  ( 0.05699999999999961348, 0.4049999999999999711, -0.1200000000000000233 ) ) ;
#2396 = DIRECTION ( 'NONE',  ( 0.000000000000000000, -1.000000000000000000, 0.000000000000000000 ) ) ;
#2397 = ORIENTED_EDGE ( 'NONE', *, *, #455, .T. ) ;
#2398 = LINE ( 'NONE', #939, #3574 ) ;
#2399 = VERTEX_POINT ( 'NONE', #3224 ) ;
#2400 = EDGE_CURVE ( 'NONE', #334, #3096, #3418, .T. ) ;
#2401 =( GEOMETRIC_REPRESENTATION_CONTEXT ( 3 ) GLOBAL_UNCERTAINTY_ASSIGNED_CONTEXT ( ( #349 ) ) GLOBAL_UNIT_ASSIGNED_CONTEXT ( ( #2005, #1206, #2581 ) ) REPRESENTATION_CONTEXT ( 'NONE', 'WORKASPACE' ) );
#2402 = DIRECTION ( 'NONE',  ( -1.000000000000000000, 0.000000000000000000, 0.000000000000000000 ) ) ;
#2403 = DIRECTION ( 'NONE',  ( 0.000000000000000000, -1.000000000000000000, 0.000000000000000000 ) ) ;
#2404 = ORIENTED_EDGE ( 'NONE', *, *, #1935, .T. ) ;
#2405 = LINE ( 'NONE', #3349, #62 ) ;
#2406 = CARTESIAN_POINT ( 'NONE',  ( -0.1124999999999999750, -0.01500000000000008618, 0.07000000000000000666 ) ) ;
#2407 = CARTESIAN_POINT ( 'NONE',  ( 0.1200000000000000233, 0.1150000000000000050, 0.06000000000000001166 ) ) ;
#2408 = VERTEX_POINT ( 'NONE', #2810 ) ;
#2409 = FILL_AREA_STYLE_COLOUR ( '', #2192 ) ;
#2410 = EDGE_LOOP ( 'NONE', ( #2564, #1884, #199, #776, #942, #1383 ) ) ;
#2411 = CARTESIAN_POINT ( 'NONE',  ( -0.1300000000000001155, 0.4649999999999999689, -0.08000000000000012657 ) ) ;
#2412 = DIRECTION ( 'NONE',  ( 0.000000000000000000, 1.000000000000000000, 0.000000000000000000 ) ) ;
#2413 = EDGE_CURVE ( 'NONE', #3141, #623, #1049, .T. ) ;
#2414 = APPLICATION_PROTOCOL_DEFINITION ( 'draft international standard', 'automotive_design', 1998, #2589 ) ;
#2415 = ORIENTED_EDGE ( 'NONE', *, *, #676, .T. ) ;
#2416 = LINE ( 'NONE', #485, #1089 ) ;
#2417 = VECTOR ( 'NONE', #810, 39.37007874015748143 ) ;
#2418 = ORIENTED_EDGE ( 'NONE', *, *, #2519, .T. ) ;
#2419 = CARTESIAN_POINT ( 'NONE',  ( -0.1874999999999999722, -0.07000000000000033973, 0.07000000000000000666 ) ) ;
#2420 = CARTESIAN_POINT ( 'NONE',  ( -0.08749999999999996669, -0.07000000000000033973, 0.07000000000000000666 ) ) ;
#2421 = VERTEX_POINT ( 'NONE', #880 ) ;
#2422 = DIRECTION ( 'NONE',  ( 0.000000000000000000, -1.000000000000000000, -1.552186360036505819E-16 ) ) ;
#2423 = CLOSED_SHELL ( 'NONE', ( #1920, #977, #2433, #3057, #2110 ) ) ;
#2424 = LINE ( 'NONE', #2312, #2428 ) ;
#2425 = EDGE_CURVE ( 'NONE', #456, #1972, #2118, .T. ) ;
#2426 = VERTEX_POINT ( 'NONE', #3353 ) ;
#2427 = ORIENTED_EDGE ( 'NONE', *, *, #3074, .T. ) ;
#2428 = VECTOR ( 'NONE', #1309, 39.37007874015748143 ) ;
#2429 = EDGE_CURVE ( 'NONE', #3412, #2291, #986, .T. ) ;
#2430 = CARTESIAN_POINT ( 'NONE',  ( -0.01249999999999999029, 0.3425000000000000266, 0.004499999999999995323 ) ) ;
#2431 = CARTESIAN_POINT ( 'NONE',  ( -0.08749999999999996669, -0.07000000000000033973, 0.07000000000000000666 ) ) ;
#2432 = ORIENTED_EDGE ( 'NONE', *, *, #3092, .T. ) ;
#2433 = ADVANCED_FACE ( 'NONE', ( #961 ), #1140, .T. ) ;
#2434 = CARTESIAN_POINT ( 'NONE',  ( -0.2124999999999999944, -0.07000000000000033973, 0.07000000000000000666 ) ) ;
#2435 = CARTESIAN_POINT ( 'NONE',  ( 0.2599999999999999534, 0.1150000000000000050, 0.06000000000000001166 ) ) ;
#2436 = PLANE ( 'NONE',  #1657 ) ;
#2437 = CARTESIAN_POINT ( 'NONE',  ( 0.1200000000000000233, 0.4649999999999999689, 0.08000000000000014044 ) ) ;
#2438 = DIRECTION ( 'NONE',  ( -0.000000000000000000, -1.000000000000000000, -0.000000000000000000 ) ) ;
#2439 = ORIENTED_EDGE ( 'NONE', *, *, #1362, .T. ) ;
#2440 = EDGE_CURVE ( 'NONE', #630, #2292, #1029, .T. ) ;
#2441 = ORIENTED_EDGE ( 'NONE', *, *, #1482, .F. ) ;
#2442 = AXIS2_PLACEMENT_3D ( 'NONE', #994, #1251, #2956 ) ;
#2443 = CARTESIAN_POINT ( 'NONE',  ( 0.000000000000000000, -0.07000000000000007605, 0.000000000000000000 ) ) ;
#2444 = PLANE ( 'NONE',  #2152 ) ;
#2445 = ORIENTED_EDGE ( 'NONE', *, *, #1523, .T. ) ;
#2446 = DIRECTION ( 'NONE',  ( -1.000000000000000000, 0.000000000000000000, 0.000000000000000000 ) ) ;
#2447 = DIRECTION ( 'NONE',  ( 0.000000000000000000, 1.000000000000000000, 0.000000000000000000 ) ) ;
#2448 = ORIENTED_EDGE ( 'NONE', *, *, #615, .F. ) ;
#2449 = ORIENTED_EDGE ( 'NONE', *, *, #3347, .T. ) ;
#2450 = DIRECTION ( 'NONE',  ( -1.000000000000000000, 0.000000000000000000, -0.000000000000000000 ) ) ;
#2451 = DIRECTION ( 'NONE',  ( 1.000000000000000000, 0.000000000000000000, -0.000000000000000000 ) ) ;
#2452 = VERTEX_POINT ( 'NONE', #3302 ) ;
#2453 = VERTEX_POINT ( 'NONE', #1961 ) ;
#2454 = DIRECTION ( 'NONE',  ( -0.3713906763541041101, -0.9284766908852590817, -0.000000000000000000 ) ) ;
#2455 = PLANE ( 'NONE',  #1136 ) ;
#2456 = CARTESIAN_POINT ( 'NONE',  ( 0.2999999999999999889, -0.6174555320336758690, 0.1000000000000000056 ) ) ;
#2457 = EDGE_LOOP ( 'NONE', ( #3433, #521, #591, #3445 ) ) ;
#2458 = ADVANCED_FACE ( 'NONE', ( #975 ), #202, .F. ) ;
#2459 = EDGE_CURVE ( 'NONE', #79, #1892, #2193, .T. ) ;
#2460 = CARTESIAN_POINT ( 'NONE',  ( -0.01249999999999999029, 0.3174999999999997824, -0.01250000000000000069 ) ) ;
#2461 = DIRECTION ( 'NONE',  ( 0.000000000000000000, 0.000000000000000000, 1.000000000000000000 ) ) ;
#2462 = ORIENTED_EDGE ( 'NONE', *, *, #529, .F. ) ;
#2463 = DIRECTION ( 'NONE',  ( 0.000000000000000000, 0.000000000000000000, 1.000000000000000000 ) ) ;
#2464 = DIRECTION ( 'NONE',  ( 1.000000000000000000, 1.897116662266849457E-16, 0.000000000000000000 ) ) ;
#2465 =( NAMED_UNIT ( * ) PLANE_ANGLE_UNIT ( ) SI_UNIT ( $, .RADIAN. ) );
#2466 = ORIENTED_EDGE ( 'NONE', *, *, #1876, .T. ) ;
#2467 = EDGE_CURVE ( 'NONE', #1190, #1119, #981, .T. ) ;
#2468 = DIRECTION ( 'NONE',  ( -0.000000000000000000, -0.7071067811865487940, -0.7071067811865463515 ) ) ;
#2469 = EDGE_CURVE ( 'NONE', #2345, #456, #3382, .T. ) ;
#2470 = DIRECTION ( 'NONE',  ( -1.000000000000000000, -0.000000000000000000, -0.000000000000000000 ) ) ;
#2471 = AXIS2_PLACEMENT_3D ( 'NONE', #1949, #1384, #2743 ) ;
#2472 = ORIENTED_EDGE ( 'NONE', *, *, #3361, .T. ) ;
#2473 = CARTESIAN_POINT ( 'NONE',  ( -0.2600000000000000089, 0.01499999999999999944, -0.07000000000000000666 ) ) ;
#2474 = EDGE_CURVE ( 'NONE', #1538, #2689, #3388, .T. ) ;
#2475 = DIRECTION ( 'NONE',  ( 1.000000000000000000, 0.000000000000000000, 0.000000000000000000 ) ) ;
#2476 = DIRECTION ( 'NONE',  ( 0.7071067811865486830, 0.000000000000000000, 0.7071067811865462405 ) ) ;
#2477 = CARTESIAN_POINT ( 'NONE',  ( -0.2299999999999999822, 0.01500000000000000291, 0.1000000000000000472 ) ) ;
#2478 = ORIENTED_EDGE ( 'NONE', *, *, #331, .F. ) ;
#2479 = EDGE_CURVE ( 'NONE', #1093, #976, #2149, .T. ) ;
#2480 = DIRECTION ( 'NONE',  ( -0.000000000000000000, 0.000000000000000000, 1.000000000000000000 ) ) ;
#2481 = VERTEX_POINT ( 'NONE', #392 ) ;
#2482 = ADVANCED_FACE ( 'NONE', ( #3360 ), #1183, .F. ) ;
#2483 = PLANE ( 'NONE',  #1090 ) ;
#2484 = VECTOR ( 'NONE', #3296, 39.37007874015748854 ) ;
#2485 = CARTESIAN_POINT ( 'NONE',  ( -0.09999999999999997780, 0.1149999999999999634, 0.05500000000000009742 ) ) ;
#2486 = AXIS2_PLACEMENT_3D ( 'NONE', #3376, #1182, #611 ) ;
#2487 = ORIENTED_EDGE ( 'NONE', *, *, #1956, .F. ) ;
#2488 = LINE ( 'NONE', #2532, #2377 ) ;
#2489 = PLANE ( 'NONE',  #1272 ) ;
#2490 = DIRECTION ( 'NONE',  ( 0.000000000000000000, 0.000000000000000000, 1.000000000000000000 ) ) ;
#2491 = PRODUCT_DEFINITION_SHAPE ( 'NONE', 'NONE',  #3584 ) ;
#2492 = LINE ( 'NONE', #236, #2541 ) ;
#2493 = ORIENTED_EDGE ( 'NONE', *, *, #2429, .F. ) ;
#2494 = LINE ( 'NONE', #3228, #1394 ) ;
#2495 = CARTESIAN_POINT ( 'NONE',  ( 0.000000000000000000, 0.4649999999999999689, -0.1400000000000001243 ) ) ;
#2496 = DIRECTION ( 'NONE',  ( -0.000000000000000000, -0.000000000000000000, -1.000000000000000000 ) ) ;
#2497 = CARTESIAN_POINT ( 'NONE',  ( 0.2720000000000000195, 0.4649999999999999689, 0.004449987798925545378 ) ) ;
#2498 = CARTESIAN_POINT ( 'NONE',  ( 0.01250000000000001110, 0.3174999999999997824, 0.01250000000000000069 ) ) ;
#2499 = EDGE_LOOP ( 'NONE', ( #2364, #3041, #1540, #276 ) ) ;
#2500 = EDGE_CURVE ( 'NONE', #3457, #2481, #2156, .T. ) ;
#2501 = VECTOR ( 'NONE', #2470, 39.37007874015748143 ) ;
#2502 = CARTESIAN_POINT ( 'NONE',  ( -0.2449999999999999956, -0.01854101966249700403, 0.1150000000000000744 ) ) ;
#2503 = LINE ( 'NONE', #2021, #1358 ) ;
#2504 = SHAPE_REPRESENTATION ( '705530003_Pins_Gold_Tin_705530003_Pins_Gold_Tin', ( #1810 ), #2324 ) ;
#2505 = VERTEX_POINT ( 'NONE', #3402 ) ;
#2506 = DIRECTION ( 'NONE',  ( -1.000000000000000000, 0.000000000000000000, 0.000000000000000000 ) ) ;
#2507 = LINE ( 'NONE', #41, #142 ) ;
#2508 = PRODUCT_CONTEXT ( 'NONE', #1422, 'mechanical' ) ;
#2509 = VECTOR ( 'NONE', #184, 39.37007874015748143 ) ;
#2510 = ORIENTED_EDGE ( 'NONE', *, *, #734, .F. ) ;
#2511 = ADVANCED_FACE ( 'NONE', ( #3343 ), #341, .T. ) ;
#2512 = EDGE_CURVE ( 'NONE', #2166, #2886, #2204, .T. ) ;
#2513 = PRESENTATION_LAYER_ASSIGNMENT (  '', '', ( #995 ) ) ;
#2514 = ADVANCED_FACE ( 'NONE', ( #3363 ), #735, .F. ) ;
#2515 = DIRECTION ( 'NONE',  ( -1.000000000000000000, 0.000000000000000000, 0.000000000000000000 ) ) ;
#2516 = PLANE ( 'NONE',  #3172 ) ;
#2517 = FACE_OUTER_BOUND ( 'NONE', #801, .T. ) ;
#2518 = EDGE_LOOP ( 'NONE', ( #711, #3514, #3126, #1828 ) ) ;
#2519 = EDGE_CURVE ( 'NONE', #920, #91, #2161, .T. ) ;
#2520 = LINE ( 'NONE', #1532, #2387 ) ;
#2521 = DIRECTION ( 'NONE',  ( 0.000000000000000000, 1.000000000000000000, 1.552186360036513461E-16 ) ) ;
#2522 = CARTESIAN_POINT ( 'NONE',  ( -0.01249999999999999029, 0.3425000000000000266, -0.004499999999999994456 ) ) ;
#2523 = CARTESIAN_POINT ( 'NONE',  ( -0.01999999999999994144, -0.03500000000000007272, 0.01250000000000000069 ) ) ;
#2524 = CARTESIAN_POINT ( 'NONE',  ( 0.2600000000000000089, 0.01499999999999997689, 0.1000000000000000056 ) ) ;
#2525 = ORIENTED_EDGE ( 'NONE', *, *, #2467, .T. ) ;
#2526 = FACE_OUTER_BOUND ( 'NONE', #3351, .T. ) ;
#2527 = CARTESIAN_POINT ( 'NONE',  ( -0.2600000000000000644, -0.01854101966249700403, 0.1000000000000000472 ) ) ;
#2528 = VECTOR ( 'NONE', #2572, 39.37007874015748143 ) ;
#2529 = ORIENTED_EDGE ( 'NONE', *, *, #8, .T. ) ;
#2530 = CARTESIAN_POINT ( 'NONE',  ( 0.1100000000000000006, 0.3519999999999996465, -0.1600000000000000033 ) ) ;
#2531 = DIRECTION ( 'NONE',  ( 1.000000000000000000, -0.000000000000000000, -0.000000000000000000 ) ) ;
#2532 = CARTESIAN_POINT ( 'NONE',  ( -0.06000000000000003247, 0.3150000000000000022, -0.1000000000000000056 ) ) ;
#2533 = CARTESIAN_POINT ( 'NONE',  ( -0.2600000000000000089, -1.143516480713450578, -0.07000000000000000666 ) ) ;
#2534 = EDGE_LOOP ( 'NONE', ( #652, #1254, #2887, #2340 ) ) ;
#2535 = VECTOR ( 'NONE', #852, 39.37007874015748143 ) ;
#2536 = CARTESIAN_POINT ( 'NONE',  ( -0.2199999999999997236, -0.06750000000000015710, 0.01250000000000000069 ) ) ;
#2537 = ADVANCED_FACE ( 'NONE', ( #1076 ), #3174, .T. ) ;
#2538 = CARTESIAN_POINT ( 'NONE',  ( 0.2999999999999999889, 0.4649999999999999689, 0.1000000000000000056 ) ) ;
#2539 = DIRECTION ( 'NONE',  ( 1.000000000000000000, 0.000000000000000000, -0.000000000000000000 ) ) ;
#2540 = CARTESIAN_POINT ( 'NONE',  ( -0.01249999999999996773, -0.01500000000000008618, 0.07000000000000000666 ) ) ;
#2541 = VECTOR ( 'NONE', #1102, 39.37007874015748143 ) ;
#2542 = ORIENTED_EDGE ( 'NONE', *, *, #2952, .F. ) ;
#2543 = EDGE_CURVE ( 'NONE', #1563, #2453, #3456, .T. ) ;
#2544 = EDGE_CURVE ( 'NONE', #3525, #1527, #1145, .T. ) ;
#2545 = PRODUCT_RELATED_PRODUCT_CATEGORY ( 'part', '', ( #2103 ) ) ;
#2546 = CARTESIAN_POINT ( 'NONE',  ( 0.08750000000000002220, -0.07000000000000033973, 0.07000000000000000666 ) ) ;
#2547 = EDGE_LOOP ( 'NONE', ( #1269, #3211, #2004, #3273 ) ) ;
#2548 = FACE_OUTER_BOUND ( 'NONE', #3469, .T. ) ;
#2549 = CARTESIAN_POINT ( 'NONE',  ( 0.2720000000000000195, 0.4649999999999999689, -0.09800000000000000377 ) ) ;
#2550 = VECTOR ( 'NONE', #917, 39.37007874015748143 ) ;
#2551 = EDGE_CURVE ( 'NONE', #79, #578, #3547, .T. ) ;
#2552 = AXIS2_PLACEMENT_3D ( 'NONE', #2954, #2468, #310 ) ;
#2553 = ORIENTED_EDGE ( 'NONE', *, *, #869, .T. ) ;
#2554 = LINE ( 'NONE', #2374, #1429 ) ;
#2555 = DIRECTION ( 'NONE',  ( 2.134256245050204715E-16, 0.000000000000000000, 1.000000000000000000 ) ) ;
#2556 = DIRECTION ( 'NONE',  ( 0.000000000000000000, -1.000000000000000000, 0.000000000000000000 ) ) ;
#2557 = EDGE_CURVE ( 'NONE', #1416, #228, #2282, .T. ) ;
#2558 = LINE ( 'NONE', #1787, #2528 ) ;
#2559 = EDGE_LOOP ( 'NONE', ( #1670, #2771, #1757, #1558 ) ) ;
#2560 = CARTESIAN_POINT ( 'NONE',  ( 0.1700000000000000400, 0.4649999999999999689, 0.08000000000000014044 ) ) ;
#2561 = VECTOR ( 'NONE', #1345, 39.37007874015748143 ) ;
#2562 = EDGE_LOOP ( 'NONE', ( #3171, #3149, #726, #748 ) ) ;
#2563 = DIRECTION ( 'NONE',  ( 1.000000000000000000, 0.000000000000000000, 0.000000000000000000 ) ) ;
#2564 = ORIENTED_EDGE ( 'NONE', *, *, #3482, .F. ) ;
#2565 = AXIS2_PLACEMENT_3D ( 'NONE', #451, #172, #2946 ) ;
#2566 = CARTESIAN_POINT ( 'NONE',  ( -0.08749999999999996669, -0.07000000000000007605, -0.03000000000000002318 ) ) ;
#2567 = LINE ( 'NONE', #87, #2597 ) ;
#2568 = CARTESIAN_POINT ( 'NONE',  ( 0.2299999999999999822, 0.4649999999999999689, 0.09999999999999997780 ) ) ;
#2569 = ORIENTED_EDGE ( 'NONE', *, *, #1755, .T. ) ;
#2570 = EDGE_CURVE ( 'NONE', #2345, #2230, #3480, .T. ) ;
#2571 = LINE ( 'NONE', #545, #150 ) ;
#2572 = DIRECTION ( 'NONE',  ( 0.000000000000000000, 1.000000000000000000, 0.000000000000000000 ) ) ;
#2573 = CARTESIAN_POINT ( 'NONE',  ( -0.01249999999999999029, 0.3425000000000000266, -0.01250000000000000069 ) ) ;
#2574 = ORIENTED_EDGE ( 'NONE', *, *, #1656, .F. ) ;
#2575 = VECTOR ( 'NONE', #3208, 39.37007874015748143 ) ;
#2576 = SURFACE_SIDE_STYLE ('',( #441 ) ) ;
#2577 = EDGE_CURVE ( 'NONE', #2622, #2054, #2246, .T. ) ;
#2578 = CARTESIAN_POINT ( 'NONE',  ( -0.1200000000000000233, 0.1150000000000000050, 0.1000000000000000056 ) ) ;
#2579 = CARTESIAN_POINT ( 'NONE',  ( -0.2800000000000001377, 0.4649999999999999689, -0.08000000000000012657 ) ) ;
#2580 = MANIFOLD_SOLID_BREP ( 'Chamfer1', #282 ) ;
#2581 =( NAMED_UNIT ( * ) SI_UNIT ( $, .STERADIAN. ) SOLID_ANGLE_UNIT ( ) );
#2582 = ORIENTED_EDGE ( 'NONE', *, *, #663, .F. ) ;
#2583 = EDGE_CURVE ( 'NONE', #3422, #3439, #3477, .T. ) ;
#2584 = ORIENTED_EDGE ( 'NONE', *, *, #3498, .T. ) ;
#2585 = EDGE_CURVE ( 'NONE', #1037, #1516, #2286, .T. ) ;
#2586 = LINE ( 'NONE', #602, #241 ) ;
#2587 = CARTESIAN_POINT ( 'NONE',  ( -0.2449999999999999956, -0.06750000000000017097, -0.004499999999999994456 ) ) ;
#2588 = AXIS2_PLACEMENT_3D ( 'NONE', #899, #552, #2760 ) ;
#2589 = APPLICATION_CONTEXT ( 'automotive_design' ) ;
#2590 = ORIENTED_EDGE ( 'NONE', *, *, #1783, .F. ) ;
#2591 = VECTOR ( 'NONE', #1554, 39.37007874015748143 ) ;
#2592 = EDGE_CURVE ( 'NONE', #2983, #1697, #3493, .T. ) ;
#2593 = CARTESIAN_POINT ( 'NONE',  ( 0.2720000000000000195, 0.4649999999999999689, -0.09800000000000000377 ) ) ;
#2594 = DIRECTION ( 'NONE',  ( -2.134256245050204715E-16, -0.000000000000000000, -1.000000000000000000 ) ) ;
#2595 = PLANE ( 'NONE',  #294 ) ;
#2596 = VERTEX_POINT ( 'NONE', #2349 ) ;
#2597 = VECTOR ( 'NONE', #2649, 39.37007874015748854 ) ;
#2598 = DIRECTION ( 'NONE',  ( 0.7071067811865467956, 0.000000000000000000, -0.7071067811865483499 ) ) ;
#2599 = DIRECTION ( 'NONE',  ( -0.000000000000000000, -0.000000000000000000, -1.000000000000000000 ) ) ;
#2600 = ADVANCED_FACE ( 'NONE', ( #2328 ), #658, .T. ) ;
#2601 = ORIENTED_EDGE ( 'NONE', *, *, #2361, .T. ) ;
#2602 = FACE_OUTER_BOUND ( 'NONE', #3104, .T. ) ;
#2603 = DIRECTION ( 'NONE',  ( 0.000000000000000000, 1.000000000000000000, 1.552186360036513461E-16 ) ) ;
#2604 = ORIENTED_EDGE ( 'NONE', *, *, #3458, .F. ) ;
#2605 = VECTOR ( 'NONE', #242, 39.37007874015748143 ) ;
#2606 = VECTOR ( 'NONE', #2594, 39.37007874015748143 ) ;
#2607 =( NAMED_UNIT ( * ) PLANE_ANGLE_UNIT ( ) SI_UNIT ( $, .RADIAN. ) );
#2608 = EDGE_LOOP ( 'NONE', ( #2839, #2449, #1176, #1646 ) ) ;
#2609 = VECTOR ( 'NONE', #2521, 39.37007874015748143 ) ;
#2610 = CIRCLE ( 'NONE', #1618, 0.007500000000000022274 ) ;
#2611 = DIRECTION ( 'NONE',  ( 0.000000000000000000, 0.000000000000000000, 1.000000000000000000 ) ) ;
#2612 = CARTESIAN_POINT ( 'NONE',  ( 0.1099999999999999867, 0.3150000000000000022, -0.1199999999999999956 ) ) ;
#2613 = CARTESIAN_POINT ( 'NONE',  ( -0.1099999999999999867, 0.3150000000000000022, -0.05999999999999999084 ) ) ;
#2614 = VERTEX_POINT ( 'NONE', #2273 ) ;
#2615 = VECTOR ( 'NONE', #1647, 39.37007874015748143 ) ;
#2616 = EDGE_CURVE ( 'NONE', #179, #1074, #2346, .T. ) ;
#2617 = VECTOR ( 'NONE', #3044, 39.37007874015748143 ) ;
#2618 = CARTESIAN_POINT ( 'NONE',  ( 0.01250000000000003539, -0.01500000000000008618, 0.07000000000000000666 ) ) ;
#2619 = CARTESIAN_POINT ( 'NONE',  ( 0.2399999999999999634, 0.3850000000000000089, -0.09800000000000000377 ) ) ;
#2620 = EDGE_CURVE ( 'NONE', #1715, #2647, #2247, .T. ) ;
#2621 = CARTESIAN_POINT ( 'NONE',  ( 0.2080000000000000182, 0.4649999999999999689, -0.1000000000000000056 ) ) ;
#2622 = VERTEX_POINT ( 'NONE', #2837 ) ;
#2623 = LINE ( 'NONE', #2823, #1479 ) ;
#2624 = FACE_OUTER_BOUND ( 'NONE', #1924, .T. ) ;
#2625 = ORIENTED_EDGE ( 'NONE', *, *, #99, .F. ) ;
#2626 = VECTOR ( 'NONE', #2372, 39.37007874015748143 ) ;
#2627 = CARTESIAN_POINT ( 'NONE',  ( -0.1099999999999999867, 0.3519999999999999796, -0.1199999999999999956 ) ) ;
#2628 = VECTOR ( 'NONE', #2515, 39.37007874015748143 ) ;
#2629 = DIRECTION ( 'NONE',  ( 0.7071067811865463515, -0.000000000000000000, 0.7071067811865487940 ) ) ;
#2630 = ADVANCED_FACE ( 'NONE', ( #2297 ), #138, .F. ) ;
#2631 = VECTOR ( 'NONE', #3188, 39.37007874015748143 ) ;
#2632 = ORIENTED_EDGE ( 'NONE', *, *, #2570, .F. ) ;
#2633 = CARTESIAN_POINT ( 'NONE',  ( 0.2080000000000000182, 0.4649999999999999689, -0.09800000000000000377 ) ) ;
#2634 = FACE_OUTER_BOUND ( 'NONE', #893, .T. ) ;
#2635 = CARTESIAN_POINT ( 'NONE',  ( -0.05699999999999962735, 0.4049999999999999711, 0.1176972864800942681 ) ) ;
#2636 = DIRECTION ( 'NONE',  ( -1.000000000000000000, 0.000000000000000000, -0.000000000000000000 ) ) ;
#2637 = FILL_AREA_STYLE ('',( #3497 ) ) ;
#2638 = VECTOR ( 'NONE', #2068, 39.37007874015748143 ) ;
#2639 = AXIS2_PLACEMENT_3D ( 'NONE', #3166, #3414, #2111 ) ;
#2640 = FACE_OUTER_BOUND ( 'NONE', #185, .T. ) ;
#2641 = FACE_OUTER_BOUND ( 'NONE', #3358, .T. ) ;
#2642 = CARTESIAN_POINT ( 'NONE',  ( -0.3000000000000000444, -0.01500000000000007404, -0.03000000000000001277 ) ) ;
#2643 = DIRECTION ( 'NONE',  ( 1.000000000000000000, 0.000000000000000000, 0.000000000000000000 ) ) ;
#2644 = DIRECTION ( 'NONE',  ( -0.000000000000000000, -1.067128122525102481E-16, 1.000000000000000000 ) ) ;
#2645 = VECTOR ( 'NONE', #1432, 39.37007874015748854 ) ;
#2646 = VECTOR ( 'NONE', #2781, 39.37007874015748143 ) ;
#2647 = VERTEX_POINT ( 'NONE', #2301 ) ;
#2648 = LINE ( 'NONE', #2706, #1417 ) ;
#2649 = DIRECTION ( 'NONE',  ( 0.7071067811865486830, -0.000000000000000000, -0.7071067811865462405 ) ) ;
#2650 = VERTEX_POINT ( 'NONE', #2812 ) ;
#2651 = LINE ( 'NONE', #2540, #2646 ) ;
#2652 = DIRECTION ( 'NONE',  ( 0.000000000000000000, 1.000000000000000000, -0.000000000000000000 ) ) ;
#2653 = EDGE_CURVE ( 'NONE', #2453, #879, #3515, .T. ) ;
#2654 = ADVANCED_FACE ( 'NONE', ( #3446 ), #1406, .F. ) ;
#2655 = EDGE_LOOP ( 'NONE', ( #3407, #3260, #1135, #1368 ) ) ;
#2656 = VECTOR ( 'NONE', #3150, 39.37007874015748143 ) ;
#2657 = ORIENTED_EDGE ( 'NONE', *, *, #3533, .F. ) ;
#2658 = CARTESIAN_POINT ( 'NONE',  ( -0.01999999999999992409, -0.06750000000000012934, -0.01250000000000000069 ) ) ;
#2659 = CARTESIAN_POINT ( 'NONE',  ( 0.000000000000000000, 0.3150000000000000022, 0.000000000000000000 ) ) ;
#2660 = DIRECTION ( 'NONE',  ( -0.000000000000000000, -0.000000000000000000, 1.000000000000000000 ) ) ;
#2661 = CARTESIAN_POINT ( 'NONE',  ( -0.2199999999999997236, -0.06750000000000015710, 0.01250000000000000069 ) ) ;
#2662 = ADVANCED_FACE ( 'NONE', ( #2267 ), #3013, .F. ) ;
#2663 = LINE ( 'NONE', #3022, #281 ) ;
#2664 = LINE ( 'NONE', #2096, #283 ) ;
#2665 = ORIENTED_EDGE ( 'NONE', *, *, #1819, .T. ) ;
#2666 = EDGE_CURVE ( 'NONE', #1507, #1015, #3536, .T. ) ;
#2667 = AXIS2_PLACEMENT_3D ( 'NONE', #2354, #2611, #667 ) ;
#2668 = SURFACE_STYLE_USAGE ( .BOTH. , #2576 ) ;
#2669 = DIRECTION ( 'NONE',  ( 0.000000000000000000, 0.000000000000000000, -1.000000000000000000 ) ) ;
#2670 = DIRECTION ( 'NONE',  ( 0.5773502691896263972, -0.5773502691896243988, 0.5773502691896263972 ) ) ;
#2671 = EDGE_LOOP ( 'NONE', ( #1286, #2337, #1848, #3026 ) ) ;
#2672 = FACE_OUTER_BOUND ( 'NONE', #828, .T. ) ;
#2673 = LINE ( 'NONE', #3250, #2638 ) ;
#2674 = LINE ( 'NONE', #462, #2605 ) ;
#2675 = DIRECTION ( 'NONE',  ( -1.000000000000000000, 0.000000000000000000, 0.000000000000000000 ) ) ;
#2676 = VERTEX_POINT ( 'NONE', #954 ) ;
#2677 = LINE ( 'NONE', #3055, #1457 ) ;
#2678 = CARTESIAN_POINT ( 'NONE',  ( 0.2299999999999999267, 0.4649999999999999689, 0.1000000000000000056 ) ) ;
#2679 = PRODUCT_DEFINITION_SHAPE ( 'NONE', 'NONE',  #1704 ) ;
#2680 = LINE ( 'NONE', #664, #1494 ) ;
#2681 = ORIENTED_EDGE ( 'NONE', *, *, #993, .F. ) ;
#2682 = UNCERTAINTY_MEASURE_WITH_UNIT (LENGTH_MEASURE( 1.000000000000000082E-05 ), #1012, 'distance_accuracy_value', 'NONE');
#2683 = LINE ( 'NONE', #2434, #320 ) ;
#2684 = ORIENTED_EDGE ( 'NONE', *, *, #3498, .F. ) ;
#2685 = DIRECTION ( 'NONE',  ( 0.000000000000000000, 0.000000000000000000, -1.000000000000000000 ) ) ;
#2686 = CARTESIAN_POINT ( 'NONE',  ( 0.01250000000000006141, -0.02750000000000010075, 0.01250000000000000069 ) ) ;
#2687 = DIRECTION ( 'NONE',  ( 0.000000000000000000, -0.000000000000000000, 1.000000000000000000 ) ) ;
#2688 = DIRECTION ( 'NONE',  ( 0.000000000000000000, 2.731847993664262430E-15, -1.000000000000000000 ) ) ;
#2689 = VERTEX_POINT ( 'NONE', #1722 ) ;
#2690 = LINE ( 'NONE', #2317, #1460 ) ;
#2691 = EDGE_LOOP ( 'NONE', ( #2898, #1179, #1199, #2397 ) ) ;
#2692 = VECTOR ( 'NONE', #816, 39.37007874015748143 ) ;
#2693 = DIRECTION ( 'NONE',  ( -0.000000000000000000, -0.000000000000000000, 1.000000000000000000 ) ) ;
#2694 = ADVANCED_FACE ( 'NONE', ( #2334 ), #2332, .F. ) ;
#2695 = CARTESIAN_POINT ( 'NONE',  ( 0.2125000000000000500, -0.07000000000000033973, 0.07000000000000000666 ) ) ;
#2696 = DIRECTION ( 'NONE',  ( 0.000000000000000000, -1.000000000000000000, 0.000000000000000000 ) ) ;
#2697 = ORIENTED_EDGE ( 'NONE', *, *, #3319, .T. ) ;
#2698 =( NAMED_UNIT ( * ) PLANE_ANGLE_UNIT ( ) SI_UNIT ( $, .RADIAN. ) );
#2699 = DIRECTION ( 'NONE',  ( -0.000000000000000000, 1.000000000000000000, -0.000000000000000000 ) ) ;
#2700 = EDGE_CURVE ( 'NONE', #795, #2188, #1165, .T. ) ;
#2701 = LINE ( 'NONE', #1450, #316 ) ;
#2702 = CARTESIAN_POINT ( 'NONE',  ( -0.08749999999999996669, -0.01500000000000008618, 0.07000000000000000666 ) ) ;
#2703 = PRESENTATION_LAYER_ASSIGNMENT (  '', '', ( #1339 ) ) ;
#2704 = VERTEX_POINT ( 'NONE', #2200 ) ;
#2705 = VERTEX_POINT ( 'NONE', #3579 ) ;
#2706 = CARTESIAN_POINT ( 'NONE',  ( -0.2449999999999999956, -0.04250000000000016265, -0.01250000000000000069 ) ) ;
#2707 = CARTESIAN_POINT ( 'NONE',  ( -0.2449999999999999956, -0.06750000000000017097, 0.01250000000000000069 ) ) ;
#2708 = CARTESIAN_POINT ( 'NONE',  ( -0.1200000000000000233, 0.1150000000000000050, 0.06000000000000001166 ) ) ;
#2709 = EDGE_CURVE ( 'NONE', #1015, #1538, #1054, .T. ) ;
#2710 = EDGE_LOOP ( 'NONE', ( #1548, #15, #2950, #2975 ) ) ;
#2711 = AXIS2_PLACEMENT_3D ( 'NONE', #987, #1651, #2080 ) ;
#2712 = VECTOR ( 'NONE', #2688, 39.37007874015748143 ) ;
#2713 = CARTESIAN_POINT ( 'NONE',  ( 0.1875000000000000555, -0.07000000000000033973, 0.07000000000000000666 ) ) ;
#2714 = CARTESIAN_POINT ( 'NONE',  ( 0.000000000000000000, 0.4649999999999999689, -0.08000000000000012657 ) ) ;
#2715 = CARTESIAN_POINT ( 'NONE',  ( 0.2600000000000000089, -1.143516480713450578, -0.07000000000000000666 ) ) ;
#2716 = EDGE_CURVE ( 'NONE', #2362, #1037, #2241, .T. ) ;
#2717 = CARTESIAN_POINT ( 'NONE',  ( 0.1099999999999999867, 0.3150000000000000022, -0.1600000000000000033 ) ) ;
#2718 = VERTEX_POINT ( 'NONE', #1555 ) ;
#2719 = VECTOR ( 'NONE', #1410, 39.37007874015748143 ) ;
#2720 = LINE ( 'NONE', #1587, #261 ) ;
#2721 = ADVANCED_FACE ( 'NONE', ( #1117 ), #516, .T. ) ;
#2722 = VERTEX_POINT ( 'NONE', #2726 ) ;
#2723 = EDGE_CURVE ( 'NONE', #3490, #425, #1123, .T. ) ;
#2724 = CARTESIAN_POINT ( 'NONE',  ( 0.004500000000000004864, 0.3425000000000000266, 0.01250000000000000069 ) ) ;
#2725 = PLANE ( 'NONE',  #1712 ) ;
#2726 = CARTESIAN_POINT ( 'NONE',  ( 0.2600000000000000644, 0.4649999999999999689, 0.09999999999999997780 ) ) ;
#2727 = VERTEX_POINT ( 'NONE', #1582 ) ;
#2728 = LINE ( 'NONE', #1543, #354 ) ;
#2729 = PLANE ( 'NONE',  #2923 ) ;
#2730 = VECTOR ( 'NONE', #2936, 39.37007874015748143 ) ;
#2731 = DIRECTION ( 'NONE',  ( 1.000000000000000000, 0.000000000000000000, 0.000000000000000000 ) ) ;
#2732 = CARTESIAN_POINT ( 'NONE',  ( 0.1100000000000000006, 0.3519999999999996465, 0.1176972864800942681 ) ) ;
#2733 = CARTESIAN_POINT ( 'NONE',  ( -0.2600000000000000644, 0.4649999999999999689, 0.1000000000000000472 ) ) ;
#2734 = VERTEX_POINT ( 'NONE', #2702 ) ;
#2735 = VECTOR ( 'NONE', #1282, 39.37007874015748143 ) ;
#2736 = ORIENTED_EDGE ( 'NONE', *, *, #529, .T. ) ;
#2737 = LINE ( 'NONE', #2158, #271 ) ;
#2738 = DIRECTION ( 'NONE',  ( 1.000000000000000000, 0.000000000000000000, 0.000000000000000000 ) ) ;
#2739 = ORIENTED_EDGE ( 'NONE', *, *, #962, .F. ) ;
#2740 = VECTOR ( 'NONE', #1916, 39.37007874015748143 ) ;
#2741 = ORIENTED_EDGE ( 'NONE', *, *, #3527, .T. ) ;
#2742 = LINE ( 'NONE', #204, #293 ) ;
#2743 = DIRECTION ( 'NONE',  ( 0.000000000000000000, 1.000000000000000000, -3.469446951953614189E-17 ) ) ;
#2744 = EDGE_CURVE ( 'NONE', #1142, #1236, #1067, .T. ) ;
#2745 = VERTEX_POINT ( 'NONE', #2431 ) ;
#2746 = LINE ( 'NONE', #2502, #374 ) ;
#2747 = VERTEX_POINT ( 'NONE', #1013 ) ;
#2748 = EDGE_CURVE ( 'NONE', #976, #249, #2254, .T. ) ;
#2749 = CARTESIAN_POINT ( 'NONE',  ( -0.08749999999999996669, 0.000000000000000000, 0.000000000000000000 ) ) ;
#2750 = LINE ( 'NONE', #2613, #1462 ) ;
#2751 = DIRECTION ( 'NONE',  ( -0.000000000000000000, 0.000000000000000000, 1.000000000000000000 ) ) ;
#2752 = PRODUCT_DEFINITION_FORMATION_WITH_SPECIFIED_SOURCE ( 'ANY', '', #802, .NOT_KNOWN. ) ;
#2753 = ADVANCED_FACE ( 'NONE', ( #1208 ), #1106, .F. ) ;
#2754 = ORIENTED_EDGE ( 'NONE', *, *, #2543, .T. ) ;
#2755 = PLANE ( 'NONE',  #1592 ) ;
#2756 = ADVANCED_FACE ( 'NONE', ( #1322 ), #773, .F. ) ;
#2757 = LINE ( 'NONE', #3544, #298 ) ;
#2758 = CARTESIAN_POINT ( 'NONE',  ( 0.1875000000000000555, -0.01500000000000007404, -0.03000000000000001277 ) ) ;
#2759 = EDGE_CURVE ( 'NONE', #3476, #1116, #2520, .T. ) ;
#2760 = DIRECTION ( 'NONE',  ( 0.7071067811865486830, 0.000000000000000000, 0.7071067811865462405 ) ) ;
#2761 = AXIS2_PLACEMENT_3D ( 'NONE', #2724, #1153, #1954 ) ;
#2762 = CARTESIAN_POINT ( 'NONE',  ( -0.2495152722443558790, -0.05194488711819403304, -0.003055112881806125100 ) ) ;
#2763 = VECTOR ( 'NONE', #904, 39.37007874015748143 ) ;
#2764 = ORIENTED_EDGE ( 'NONE', *, *, #1403, .F. ) ;
#2765 = VECTOR ( 'NONE', #1302, 39.37007874015748143 ) ;
#2766 = CARTESIAN_POINT ( 'NONE',  ( 0.000000000000000000, 0.3174999999999997824, 0.01250000000000000069 ) ) ;
#2767 = ORIENTED_EDGE ( 'NONE', *, *, #1717, .F. ) ;
#2768 = LINE ( 'NONE', #1218, #386 ) ;
#2769 =( LENGTH_UNIT ( ) NAMED_UNIT ( * ) SI_UNIT ( $, .METRE. ) );
#2770 = AXIS2_PLACEMENT_3D ( 'NONE', #3308, #3569, #476 ) ;
#2771 = ORIENTED_EDGE ( 'NONE', *, *, #1281, .T. ) ;
#2772 = CARTESIAN_POINT ( 'NONE',  ( 0.000000000000000000, 0.3150000000000000022, 0.000000000000000000 ) ) ;
#2773 = FACE_OUTER_BOUND ( 'NONE', #329, .T. ) ;
#2774 = LINE ( 'NONE', #173, #1573 ) ;
#2775 = CARTESIAN_POINT ( 'NONE',  ( 0.2399999999999999634, 0.3850000000000000089, 0.004449987798925545378 ) ) ;
#2776 = DIRECTION ( 'NONE',  ( -0.000000000000000000, 0.000000000000000000, 1.000000000000000000 ) ) ;
#2777 = AXIS2_PLACEMENT_3D ( 'NONE', #443, #1585, #2685 ) ;
#2778 = CARTESIAN_POINT ( 'NONE',  ( 0.000000000000000000, 0.1150000000000000050, 0.000000000000000000 ) ) ;
#2779 = CARTESIAN_POINT ( 'NONE',  ( 0.2399999999999999634, 0.3850000000000000089, -0.1000000000000000056 ) ) ;
#2780 = DIRECTION ( 'NONE',  ( -0.000000000000000000, -0.000000000000000000, -1.000000000000000000 ) ) ;
#2781 = DIRECTION ( 'NONE',  ( 1.000000000000000000, -0.000000000000000000, -0.000000000000000000 ) ) ;
#2782 = VERTEX_POINT ( 'NONE', #3015 ) ;
#2783 = ADVANCED_FACE ( 'NONE', ( #2526 ), #1597, .F. ) ;
#2784 = LINE ( 'NONE', #1144, #406 ) ;
#2785 = LINE ( 'NONE', #2717, #453 ) ;
#2786 = EDGE_CURVE ( 'NONE', #2263, #3183, #2398, .T. ) ;
#2787 = EDGE_LOOP ( 'NONE', ( #885, #941, #2590, #3328 ) ) ;
#2788 = PLANE ( 'NONE',  #3125 ) ;
#2789 = CARTESIAN_POINT ( 'NONE',  ( -0.2600000000000000089, 0.4449999999999998956, 0.06000000000000001166 ) ) ;
#2790 = CARTESIAN_POINT ( 'NONE',  ( -0.2999999999999999889, -0.6174555320336758690, 0.1000000000000000056 ) ) ;
#2791 = FACE_OUTER_BOUND ( 'NONE', #2499, .T. ) ;
#2792 = EDGE_CURVE ( 'NONE', #1028, #1480, #2405, .T. ) ;
#2793 = PRODUCT_CONTEXT ( 'NONE', #3070, 'mechanical' ) ;
#2794 = ORIENTED_EDGE ( 'NONE', *, *, #603, .T. ) ;
#2795 = EDGE_CURVE ( 'NONE', #2650, #1342, #2507, .T. ) ;
#2796 = VECTOR ( 'NONE', #387, 39.37007874015748143 ) ;
#2797 = CARTESIAN_POINT ( 'NONE',  ( 0.1499999999999999667, 0.4649999999999999689, -0.1000000000000000056 ) ) ;
#2798 = PLANE ( 'NONE',  #187 ) ;
#2799 = ORIENTED_EDGE ( 'NONE', *, *, #140, .T. ) ;
#2800 = DIRECTION ( 'NONE',  ( 0.000000000000000000, 0.000000000000000000, -1.000000000000000000 ) ) ;
#2801 = LINE ( 'NONE', #1184, #421 ) ;
#2802 = CARTESIAN_POINT ( 'NONE',  ( 0.2600000000000000089, -1.143516480713450578, -0.03000000000000002318 ) ) ;
#2803 = DIRECTION ( 'NONE',  ( 0.000000000000000000, 0.000000000000000000, 1.000000000000000000 ) ) ;
#2804 = DIRECTION ( 'NONE',  ( 0.000000000000000000, -1.000000000000000000, 0.000000000000000000 ) ) ;
#2805 = ORIENTED_EDGE ( 'NONE', *, *, #791, .T. ) ;
#2806 = LINE ( 'NONE', #3528, #2822 ) ;
#2807 = VECTOR ( 'NONE', #1285, 39.37007874015748143 ) ;
#2808 = CARTESIAN_POINT ( 'NONE',  ( -0.3000000000000000444, -0.01500000000000007404, -0.03000000000000001277 ) ) ;
#2809 = VERTEX_POINT ( 'NONE', #279 ) ;
#2810 = CARTESIAN_POINT ( 'NONE',  ( 0.2600000000000000089, -0.01500000000000007404, -0.03000000000000001277 ) ) ;
#2811 = PLANE ( 'NONE',  #3246 ) ;
#2812 = CARTESIAN_POINT ( 'NONE',  ( -0.1124999999999999750, -0.07000000000000033973, 0.07000000000000000666 ) ) ;
#2813 = LINE ( 'NONE', #1740, #2818 ) ;
#2814 = AXIS2_PLACEMENT_3D ( 'NONE', #3455, #1777, #399 ) ;
#2815 =( NAMED_UNIT ( * ) PLANE_ANGLE_UNIT ( ) SI_UNIT ( $, .RADIAN. ) );
#2816 = ORIENTED_EDGE ( 'NONE', *, *, #913, .F. ) ;
#2817 = PLANE ( 'NONE',  #2639 ) ;
#2818 = VECTOR ( 'NONE', #474, 39.37007874015748143 ) ;
#2819 = CARTESIAN_POINT ( 'NONE',  ( 0.1499999999999999944, 0.3150000000000000022, -0.1000000000000000056 ) ) ;
#2820 = DIRECTION ( 'NONE',  ( -0.000000000000000000, 1.000000000000000000, -0.000000000000000000 ) ) ;
#2821 = MECHANICAL_DESIGN_GEOMETRIC_PRESENTATION_REPRESENTATION (  '', ( #11 ), #2032 ) ;
#2822 = VECTOR ( 'NONE', #188, 39.37007874015748143 ) ;
#2823 = CARTESIAN_POINT ( 'NONE',  ( 0.1099999999999999867, 0.3349999999999999645, -0.09999999999999996392 ) ) ;
#2824 = CARTESIAN_POINT ( 'NONE',  ( -0.06000000000000003247, 0.1150000000000000050, -0.1000000000000000056 ) ) ;
#2825 = ORIENTED_EDGE ( 'NONE', *, *, #1335, .T. ) ;
#2826 = EDGE_CURVE ( 'NONE', #54, #1068, #2488, .T. ) ;
#2827 = CARTESIAN_POINT ( 'NONE',  ( -0.1499999999999999944, 0.3150000000000000022, -0.1000000000000000056 ) ) ;
#2828 = DIRECTION ( 'NONE',  ( 0.000000000000000000, 1.000000000000000000, 1.552186360036513461E-16 ) ) ;
#2829 = LINE ( 'NONE', #464, #1625 ) ;
#2830 = LENGTH_MEASURE_WITH_UNIT ( LENGTH_MEASURE( 0.02539999999999999897 ), #3468 );
#2831 = EDGE_CURVE ( 'NONE', #1937, #1456, #2416, .T. ) ;
#2832 = LINE ( 'NONE', #3004, #2884 ) ;
#2833 = ORIENTED_EDGE ( 'NONE', *, *, #3218, .F. ) ;
#2834 = PLANE ( 'NONE',  #3373 ) ;
#2835 = DIRECTION ( 'NONE',  ( 0.000000000000000000, 1.000000000000000000, 1.552186360036513461E-16 ) ) ;
#2836 = DIRECTION ( 'NONE',  ( 0.000000000000000000, 0.000000000000000000, 1.000000000000000000 ) ) ;
#2837 = CARTESIAN_POINT ( 'NONE',  ( -0.1700000000000000400, 0.1150000000000000050, 0.06000000000000001166 ) ) ;
#2838 = EDGE_CURVE ( 'NONE', #1037, #2130, #1200, .T. ) ;
#2839 = ORIENTED_EDGE ( 'NONE', *, *, #2044, .T. ) ;
#2840 = AXIS2_PLACEMENT_3D ( 'NONE', #3232, #86, #3417 ) ;
#2841 = CARTESIAN_POINT ( 'NONE',  ( 0.2720000000000000195, 0.4649999999999999689, -0.09800000000000000377 ) ) ;
#2842 = LINE ( 'NONE', #2642, #2796 ) ;
#2843 = PLANE ( 'NONE',  #3206 ) ;
#2844 = LINE ( 'NONE', #2098, #2765 ) ;
#2845 = CARTESIAN_POINT ( 'NONE',  ( -0.2600000000000000089, 0.4449999999999998956, 0.06000000000000001166 ) ) ;
#2846 = ORIENTED_EDGE ( 'NONE', *, *, #2392, .T. ) ;
#2847 = ORIENTED_EDGE ( 'NONE', *, *, #2653, .T. ) ;
#2848 = LINE ( 'NONE', #1795, #1572 ) ;
#2849 = DIRECTION ( 'NONE',  ( 0.000000000000000000, 1.000000000000000000, 1.552186360036513461E-16 ) ) ;
#2850 = CARTESIAN_POINT ( 'NONE',  ( -0.2449999999999999956, -0.04250000000000016265, 0.01250000000000000069 ) ) ;
#2851 = ORIENTED_EDGE ( 'NONE', *, *, #2653, .F. ) ;
#2852 = CARTESIAN_POINT ( 'NONE',  ( -0.2124999999999999944, -0.07000000000000007605, -0.03000000000000002318 ) ) ;
#2853 = LINE ( 'NONE', #2779, #2909 ) ;
#2854 = EDGE_LOOP ( 'NONE', ( #2427, #1239, #3275 ) ) ;
#2855 = CARTESIAN_POINT ( 'NONE',  ( 0.2080000000000000182, 0.4649999999999999689, 0.004449987798925545378 ) ) ;
#2856 = ADVANCED_FACE ( 'NONE', ( #131 ), #3395, .F. ) ;
#2857 = VERTEX_POINT ( 'NONE', #3371 ) ;
#2858 = AXIS2_PLACEMENT_3D ( 'NONE', #2231, #2731, #1087 ) ;
#2859 = DIRECTION ( 'NONE',  ( 0.000000000000000000, 0.000000000000000000, 1.000000000000000000 ) ) ;
#2860 = PRODUCT_DEFINITION_SHAPE ( 'NONE', 'NONE',  #3583 ) ;
#2861 = VECTOR ( 'NONE', #944, 39.37007874015748143 ) ;
#2862 = FACE_OUTER_BOUND ( 'NONE', #2655, .T. ) ;
#2863 = CIRCLE ( 'NONE', #1306, 0.05300000000000000544 ) ;
#2864 = ORIENTED_EDGE ( 'NONE', *, *, #107, .T. ) ;
#2865 = ORIENTED_EDGE ( 'NONE', *, *, #2319, .F. ) ;
#2866 = LINE ( 'NONE', #2258, #1659 ) ;
#2867 = CARTESIAN_POINT ( 'NONE',  ( -0.08749999999999999445, -0.01500000000000007404, -0.03000000000000001277 ) ) ;
#2868 = VECTOR ( 'NONE', #1363, 39.37007874015748854 ) ;
#2869 = VECTOR ( 'NONE', #209, 39.37007874015748854 ) ;
#2870 = DIRECTION ( 'NONE',  ( 0.000000000000000000, -0.000000000000000000, -1.000000000000000000 ) ) ;
#2871 = CARTESIAN_POINT ( 'NONE',  ( 0.01250000000000003539, 0.000000000000000000, 0.000000000000000000 ) ) ;
#2872 = ORIENTED_EDGE ( 'NONE', *, *, #3458, .T. ) ;
#2873 = ORIENTED_EDGE ( 'NONE', *, *, #2400, .T. ) ;
#2874 = VECTOR ( 'NONE', #3470, 39.37007874015748143 ) ;
#2875 = CARTESIAN_POINT ( 'NONE',  ( 0.2800000000000000822, 0.4649999999999999689, 0.08000000000000014044 ) ) ;
#2876 = LINE ( 'NONE', #1614, #2807 ) ;
#2877 = EDGE_CURVE ( 'NONE', #2223, #3199, #2424, .T. ) ;
#2878 = VECTOR ( 'NONE', #1357, 39.37007874015748143 ) ;
#2879 = CARTESIAN_POINT ( 'NONE',  ( -0.1700000000000000400, 0.4649999999999999689, 0.1000000000000000056 ) ) ;
#2880 = ORIENTED_EDGE ( 'NONE', *, *, #1277, .F. ) ;
#2881 = PLANE ( 'NONE',  #3571 ) ;
#2882 = CARTESIAN_POINT ( 'NONE',  ( -0.05699999999999962735, 0.4049999999999999711, -0.1600000000000000033 ) ) ;
#2883 = LINE ( 'NONE', #2686, #532 ) ;
#2884 = VECTOR ( 'NONE', #3572, 39.37007874015748143 ) ;
#2885 = LINE ( 'NONE', #2406, #492 ) ;
#2886 = VERTEX_POINT ( 'NONE', #1056 ) ;
#2887 = ORIENTED_EDGE ( 'NONE', *, *, #2939, .F. ) ;
#2888 = DIRECTION ( 'NONE',  ( 0.000000000000000000, 0.000000000000000000, -1.000000000000000000 ) ) ;
#2889 = EDGE_CURVE ( 'NONE', #2408, #2195, #1240, .T. ) ;
#2890 = FACE_OUTER_BOUND ( 'NONE', #128, .T. ) ;
#2891 = CARTESIAN_POINT ( 'NONE',  ( -0.1874999999999999722, -0.01500000000000007404, -0.03000000000000001277 ) ) ;
#2892 =( NAMED_UNIT ( * ) SI_UNIT ( $, .STERADIAN. ) SOLID_ANGLE_UNIT ( ) );
#2893 = AXIS2_PLACEMENT_3D ( 'NONE', #1676, #2675, #2984 ) ;
#2894 = VECTOR ( 'NONE', #766, 39.37007874015748143 ) ;
#2895 = VECTOR ( 'NONE', #467, 39.37007874015748143 ) ;
#2896 = EDGE_LOOP ( 'NONE', ( #1802, #1634, #1816, #2415 ) ) ;
#2897 = ADVANCED_FACE ( 'NONE', ( #4 ), #2798, .F. ) ;
#2898 = ORIENTED_EDGE ( 'NONE', *, *, #67, .T. ) ;
#2899 = LINE ( 'NONE', #2029, #512 ) ;
#2900 = DIRECTION ( 'NONE',  ( 0.000000000000000000, 2.731847993664262430E-15, -1.000000000000000000 ) ) ;
#2901 = EDGE_CURVE ( 'NONE', #2924, #3099, #55, .T. ) ;
#2902 = VECTOR ( 'NONE', #3381, 39.37007874015748143 ) ;
#2903 = FACE_OUTER_BOUND ( 'NONE', #1, .T. ) ;
#2904 = VECTOR ( 'NONE', #3238, 39.37007874015748143 ) ;
#2905 = DIRECTION ( 'NONE',  ( 0.000000000000000000, 0.000000000000000000, -1.000000000000000000 ) ) ;
#2906 = ORIENTED_EDGE ( 'NONE', *, *, #1648, .F. ) ;
#2907 = ADVANCED_FACE ( 'NONE', ( #18 ), #2516, .F. ) ;
#2908 = ORIENTED_EDGE ( 'NONE', *, *, #2570, .T. ) ;
#2909 = VECTOR ( 'NONE', #1455, 39.37007874015748143 ) ;
#2910 = FACE_OUTER_BOUND ( 'NONE', #1686, .T. ) ;
#2911 = DIRECTION ( 'NONE',  ( -0.5773502691896265082, 0.5773502691896245098, -0.5773502691896260641 ) ) ;
#2912 = VECTOR ( 'NONE', #891, 39.37007874015748143 ) ;
#2913 = LINE ( 'NONE', #2994, #2949 ) ;
#2914 = DIRECTION ( 'NONE',  ( -0.3713906763541040545, -0.9284766908852590817, 0.000000000000000000 ) ) ;
#2915 = ORIENTED_EDGE ( 'NONE', *, *, #2616, .F. ) ;
#2916 = CARTESIAN_POINT ( 'NONE',  ( -0.2600000000000000089, 0.4449999999999998956, -0.05999999999999999084 ) ) ;
#2917 = DIRECTION ( 'NONE',  ( -1.000000000000000000, 0.000000000000000000, 0.000000000000000000 ) ) ;
#2918 = ORIENTED_EDGE ( 'NONE', *, *, #1193, .F. ) ;
#2919 = LINE ( 'NONE', #836, #1770 ) ;
#2920 = UNCERTAINTY_MEASURE_WITH_UNIT (LENGTH_MEASURE( 1.000000000000000082E-05 ), #2124, 'distance_accuracy_value', 'NONE');
#2921 = VECTOR ( 'NONE', #3327, 39.37007874015748143 ) ;
#2922 = VECTOR ( 'NONE', #2446, 39.37007874015748143 ) ;
#2923 = AXIS2_PLACEMENT_3D ( 'NONE', #3335, #1242, #703 ) ;
#2924 = VERTEX_POINT ( 'NONE', #63 ) ;
#2925 = PLANE ( 'NONE',  #1835 ) ;
#2926 = ORIENTED_EDGE ( 'NONE', *, *, #2723, .T. ) ;
#2927 = DIRECTION ( 'NONE',  ( 0.000000000000000000, -1.000000000000000000, -0.000000000000000000 ) ) ;
#2928 = LINE ( 'NONE', #3212, #2861 ) ;
#2929 = VECTOR ( 'NONE', #3134, 39.37007874015748143 ) ;
#2930 = LINE ( 'NONE', #2145, #535 ) ;
#2931 = ORIENTED_EDGE ( 'NONE', *, *, #1605, .F. ) ;
#2932 = EDGE_CURVE ( 'NONE', #1499, #2263, #1245, .T. ) ;
#2933 = ORIENTED_EDGE ( 'NONE', *, *, #2877, .T. ) ;
#2934 = DIRECTION ( 'NONE',  ( 0.000000000000000000, 0.000000000000000000, -1.000000000000000000 ) ) ;
#2935 = VECTOR ( 'NONE', #2438, 39.37007874015748143 ) ;
#2936 = DIRECTION ( 'NONE',  ( 0.000000000000000000, 0.000000000000000000, -1.000000000000000000 ) ) ;
#2937 = ORIENTED_EDGE ( 'NONE', *, *, #2319, .T. ) ;
#2938 = ORIENTED_EDGE ( 'NONE', *, *, #2583, .T. ) ;
#2939 = EDGE_CURVE ( 'NONE', #1068, #3429, #1223, .T. ) ;
#2940 = VECTOR ( 'NONE', #1113, 39.37007874015748854 ) ;
#2941 = DIRECTION ( 'NONE',  ( -1.000000000000000000, 0.000000000000000000, -0.000000000000000000 ) ) ;
#2942 = LINE ( 'NONE', #2420, #2878 ) ;
#2943 = DIRECTION ( 'NONE',  ( 1.000000000000000000, -0.000000000000000000, -0.000000000000000000 ) ) ;
#2944 = EDGE_CURVE ( 'NONE', #1899, #2054, #26, .T. ) ;
#2945 = ORIENTED_EDGE ( 'NONE', *, *, #962, .T. ) ;
#2946 = DIRECTION ( 'NONE',  ( 0.000000000000000000, 0.000000000000000000, 1.000000000000000000 ) ) ;
#2947 = ORIENTED_EDGE ( 'NONE', *, *, #3119, .T. ) ;
#2948 = FACE_OUTER_BOUND ( 'NONE', #3023, .T. ) ;
#2949 = VECTOR ( 'NONE', #1064, 39.37007874015748854 ) ;
#2950 = ORIENTED_EDGE ( 'NONE', *, *, #2716, .F. ) ;
#2951 = PRODUCT_DEFINITION_SHAPE ( 'NONE', 'NONE',  #1264 ) ;
#2952 = EDGE_CURVE ( 'NONE', #1619, #3147, #109, .T. ) ;
#2953 = AXIS2_PLACEMENT_3D ( 'NONE', #1288, #1838, #3294 ) ;
#2954 = CARTESIAN_POINT ( 'NONE',  ( -0.2600000000000000089, 0.4449999999999998956, -0.05999999999999999084 ) ) ;
#2955 = LINE ( 'NONE', #1537, #588 ) ;
#2956 = DIRECTION ( 'NONE',  ( -1.000000000000000000, 0.000000000000000000, 0.000000000000000000 ) ) ;
#2957 = DIRECTION ( 'NONE',  ( -1.000000000000000000, 0.000000000000000000, 0.000000000000000000 ) ) ;
#2958 = VECTOR ( 'NONE', #1189, 39.37007874015748143 ) ;
#2959 = VECTOR ( 'NONE', #1826, 39.37007874015748143 ) ;
#2960 = ORIENTED_EDGE ( 'NONE', *, *, #2183, .F. ) ;
#2961 = ORIENTED_EDGE ( 'NONE', *, *, #1696, .F. ) ;
#2962 = CARTESIAN_POINT ( 'NONE',  ( 0.2399999999999999634, 0.3850000000000000089, -0.09800000000000000377 ) ) ;
#2963 = DIRECTION ( 'NONE',  ( -1.000000000000000000, -0.000000000000000000, -0.000000000000000000 ) ) ;
#2964 = CIRCLE ( 'NONE', #3465, 0.03250000000000002887 ) ;
#2965 = DIRECTION ( 'NONE',  ( 0.000000000000000000, -0.000000000000000000, -1.000000000000000000 ) ) ;
#2966 = COLOUR_RGB ( '',0.7529411764705882248, 0.7529411764705882248, 0.7529411764705882248 ) ;
#2967 = DIRECTION ( 'NONE',  ( -0.000000000000000000, -0.000000000000000000, 1.000000000000000000 ) ) ;
#2968 = ORIENTED_EDGE ( 'NONE', *, *, #3305, .F. ) ;
#2969 = ORIENTED_EDGE ( 'NONE', *, *, #3437, .F. ) ;
#2970 = AXIS2_PLACEMENT_3D ( 'NONE', #68, #2360, #1769 ) ;
#2971 = FACE_OUTER_BOUND ( 'NONE', #1542, .T. ) ;
#2972 = LINE ( 'NONE', #2527, #1744 ) ;
#2973 = CARTESIAN_POINT ( 'NONE',  ( -0.2199999999999996958, -0.03500000000000007272, -0.01250000000000000069 ) ) ;
#2974 = DIRECTION ( 'NONE',  ( 1.000000000000000000, 0.000000000000000000, 0.000000000000000000 ) ) ;
#2975 = ORIENTED_EDGE ( 'NONE', *, *, #1717, .T. ) ;
#2976 = CARTESIAN_POINT ( 'NONE',  ( 0.01250000000000006314, -0.03500000000000008660, 0.01250000000000000069 ) ) ;
#2977 = ORIENTED_EDGE ( 'NONE', *, *, #1973, .F. ) ;
#2978 = VECTOR ( 'NONE', #1586, 39.37007874015748854 ) ;
#2979 = AXIS2_PLACEMENT_3D ( 'NONE', #2778, #3350, #1158 ) ;
#2980 = LINE ( 'NONE', #3545, #3001 ) ;
#2981 = ORIENTED_EDGE ( 'NONE', *, *, #1065, .F. ) ;
#2982 = ADVANCED_FACE ( 'NONE', ( #120 ), #17, .F. ) ;
#2983 = VERTEX_POINT ( 'NONE', #2678 ) ;
#2984 = DIRECTION ( 'NONE',  ( 0.000000000000000000, 0.000000000000000000, 1.000000000000000000 ) ) ;
#2985 = VECTOR ( 'NONE', #90, 39.37007874015748143 ) ;
#2986 = CARTESIAN_POINT ( 'NONE',  ( -0.01999999999999994144, -0.03500000000000007272, -0.01250000000000000069 ) ) ;
#2987 = LINE ( 'NONE', #974, #665 ) ;
#2988 = VECTOR ( 'NONE', #1881, 39.37007874015748143 ) ;
#2989 = ORIENTED_EDGE ( 'NONE', *, *, #1172, .F. ) ;
#2990 = ORIENTED_EDGE ( 'NONE', *, *, #511, .T. ) ;
#2991 = VECTOR ( 'NONE', #3193, 39.37007874015748854 ) ;
#2992 = VECTOR ( 'NONE', #1721, 39.37007874015748143 ) ;
#2993 = FACE_OUTER_BOUND ( 'NONE', #808, .T. ) ;
#2994 = CARTESIAN_POINT ( 'NONE',  ( 0.08666666666666623942, 0.2716666666666667784, -0.1133333333333337023 ) ) ;
#2995 = VERTEX_POINT ( 'NONE', #237 ) ;
#2996 = EDGE_CURVE ( 'NONE', #1480, #223, #1304, .T. ) ;
#2997 = ORIENTED_EDGE ( 'NONE', *, *, #3527, .F. ) ;
#2998 = EDGE_CURVE ( 'NONE', #3439, #1346, #1311, .T. ) ;
#2999 = LINE ( 'NONE', #1434, #1650 ) ;
#3000 = DIRECTION ( 'NONE',  ( 0.000000000000000000, -1.000000000000000000, -1.552186360036505819E-16 ) ) ;
#3001 = VECTOR ( 'NONE', #587, 39.37007874015748143 ) ;
#3002 = ORIENTED_EDGE ( 'NONE', *, *, #2577, .T. ) ;
#3003 = DIRECTION ( 'NONE',  ( -0.3047757271037808691, 0.000000000000000000, 0.9524241471993251107 ) ) ;
#3004 = CARTESIAN_POINT ( 'NONE',  ( 0.2600000000000000089, -1.143516480713450578, -0.07000000000000000666 ) ) ;
#3005 = ORIENTED_EDGE ( 'NONE', *, *, #3244, .T. ) ;
#3006 = LINE ( 'NONE', #1283, #3036 ) ;
#3007 = EDGE_CURVE ( 'NONE', #3096, #786, #176, .T. ) ;
#3008 = LINE ( 'NONE', #53, #617 ) ;
#3009 = ORIENTED_EDGE ( 'NONE', *, *, #3300, .F. ) ;
#3010 =( NAMED_UNIT ( * ) SI_UNIT ( $, .STERADIAN. ) SOLID_ANGLE_UNIT ( ) );
#3011 = ADVANCED_FACE ( 'NONE', ( #1371 ), #2177, .F. ) ;
#3012 = ORIENTED_EDGE ( 'NONE', *, *, #2467, .F. ) ;
#3013 = PLANE ( 'NONE',  #111 ) ;
#3014 = DIRECTION ( 'NONE',  ( -0.000000000000000000, -0.000000000000000000, -1.000000000000000000 ) ) ;
#3015 = CARTESIAN_POINT ( 'NONE',  ( 0.01250000000000008916, -0.03500000000000007272, 0.01250000000000000069 ) ) ;
#3016 = LINE ( 'NONE', #1503, #3144 ) ;
#3017 = EDGE_CURVE ( 'NONE', #1697, #2722, #2567, .T. ) ;
#3018 = VECTOR ( 'NONE', #3563, 39.37007874015748143 ) ;
#3019 = ADVANCED_FACE ( 'NONE', ( #1332 ), #1703, .F. ) ;
#3020 = ORIENTED_EDGE ( 'NONE', *, *, #1403, .T. ) ;
#3021 = FACE_OUTER_BOUND ( 'NONE', #2608, .T. ) ;
#3022 = CARTESIAN_POINT ( 'NONE',  ( -0.06000000000000003247, -0.01149110640673522282, -0.05999999999999999084 ) ) ;
#3023 = EDGE_LOOP ( 'NONE', ( #2296, #2926, #2697, #2767 ) ) ;
#3024 = DIRECTION ( 'NONE',  ( 0.000000000000000000, 0.3047757271037808691, -0.9524241471993251107 ) ) ;
#3025 = STYLED_ITEM ( 'NONE', ( #2203 ), #781 ) ;
#3026 = ORIENTED_EDGE ( 'NONE', *, *, #3201, .F. ) ;
#3027 = ORIENTED_EDGE ( 'NONE', *, *, #1476, .F. ) ;
#3028 = LINE ( 'NONE', #3180, #3101 ) ;
#3029 = DIRECTION ( 'NONE',  ( -0.000000000000000000, -0.000000000000000000, -1.000000000000000000 ) ) ;
#3030 = VECTOR ( 'NONE', #1463, 39.37007874015748854 ) ;
#3031 = ORIENTED_EDGE ( 'NONE', *, *, #1755, .F. ) ;
#3032 = DIRECTION ( 'NONE',  ( 0.000000000000000000, 0.000000000000000000, 1.000000000000000000 ) ) ;
#3033 = ORIENTED_EDGE ( 'NONE', *, *, #98, .F. ) ;
#3034 = DIRECTION ( 'NONE',  ( -0.000000000000000000, -1.000000000000000000, -0.000000000000000000 ) ) ;
#3035 = ORIENTED_EDGE ( 'NONE', *, *, #2146, .T. ) ;
#3036 = VECTOR ( 'NONE', #3284, 39.37007874015748143 ) ;
#3037 = FACE_OUTER_BOUND ( 'NONE', #2047, .T. ) ;
#3038 =( NAMED_UNIT ( * ) PLANE_ANGLE_UNIT ( ) SI_UNIT ( $, .RADIAN. ) );
#3039 = VECTOR ( 'NONE', #3344, 39.37007874015748143 ) ;
#3040 = ORIENTED_EDGE ( 'NONE', *, *, #740, .T. ) ;
#3041 = ORIENTED_EDGE ( 'NONE', *, *, #1351, .T. ) ;
#3042 = EDGE_CURVE ( 'NONE', #1303, #2809, #1418, .T. ) ;
#3043 = DIRECTION ( 'NONE',  ( -1.000000000000000000, -0.000000000000000000, -0.000000000000000000 ) ) ;
#3044 = DIRECTION ( 'NONE',  ( 1.000000000000000000, 0.000000000000000000, 0.000000000000000000 ) ) ;
#3045 = CARTESIAN_POINT ( 'NONE',  ( -0.01249999999999999029, 0.3174999999999997824, 0.01250000000000000069 ) ) ;
#3046 = LINE ( 'NONE', #2549, #594 ) ;
#3047 = ORIENTED_EDGE ( 'NONE', *, *, #1726, .F. ) ;
#3048 = EDGE_CURVE ( 'NONE', #2727, #1474, #1360, .T. ) ;
#3049 = MECHANICAL_DESIGN_GEOMETRIC_PRESENTATION_REPRESENTATION (  '', ( #1339 ), #1155 ) ;
#3050 = ORIENTED_EDGE ( 'NONE', *, *, #921, .F. ) ;
#3051 = DIRECTION ( 'NONE',  ( -0.000000000000000000, -0.000000000000000000, -1.000000000000000000 ) ) ;
#3052 = CARTESIAN_POINT ( 'NONE',  ( 0.01250000000000006141, -0.02750000000000010075, 0.01250000000000000069 ) ) ;
#3053 = FACE_OUTER_BOUND ( 'NONE', #1501, .T. ) ;
#3054 = ORIENTED_EDGE ( 'NONE', *, *, #829, .T. ) ;
#3055 = CARTESIAN_POINT ( 'NONE',  ( 0.1700000000000000400, 0.1150000000000000050, 0.06000000000000001166 ) ) ;
#3056 = ORIENTED_EDGE ( 'NONE', *, *, #2620, .T. ) ;
#3057 = ADVANCED_FACE ( 'NONE', ( #1413 ), #2725, .T. ) ;
#3058 = EDGE_CURVE ( 'NONE', #1474, #2857, #1338, .T. ) ;
#3059 = ORIENTED_EDGE ( 'NONE', *, *, #2889, .T. ) ;
#3060 = AXIS2_PLACEMENT_3D ( 'NONE', #161, #908, #628 ) ;
#3061 = VECTOR ( 'NONE', #3243, 39.37007874015748143 ) ;
#3062 = PLANE ( 'NONE',  #1990 ) ;
#3063 = VECTOR ( 'NONE', #137, 39.37007874015748143 ) ;
#3064 = ORIENTED_EDGE ( 'NONE', *, *, #3074, .F. ) ;
#3065 = ORIENTED_EDGE ( 'NONE', *, *, #1584, .T. ) ;
#3066 = EDGE_CURVE ( 'NONE', #1459, #1030, #2610, .T. ) ;
#3067 = ORIENTED_EDGE ( 'NONE', *, *, #2413, .F. ) ;
#3068 = LINE ( 'NONE', #1095, #3128 ) ;
#3069 = FACE_OUTER_BOUND ( 'NONE', #383, .T. ) ;
#3070 = APPLICATION_CONTEXT ( 'automotive_design' ) ;
#3071 = LINE ( 'NONE', #2176, #1943 ) ;
#3072 = ORIENTED_EDGE ( 'NONE', *, *, #2519, .F. ) ;
#3073 = VERTEX_POINT ( 'NONE', #515 ) ;
#3074 = EDGE_CURVE ( 'NONE', #2269, #947, #1375, .T. ) ;
#3075 = LINE ( 'NONE', #1341, #642 ) ;
#3076 = DIRECTION ( 'NONE',  ( 1.000000000000000000, 0.000000000000000000, 0.000000000000000000 ) ) ;
#3077 = CARTESIAN_POINT ( 'NONE',  ( -0.3000000000000000444, -0.07000000000000007605, -0.03000000000000001277 ) ) ;
#3078 = VECTOR ( 'NONE', #2563, 39.37007874015748143 ) ;
#3079 = LINE ( 'NONE', #1530, #694 ) ;
#3080 = ORIENTED_EDGE ( 'NONE', *, *, #2307, .F. ) ;
#3081 = VERTEX_POINT ( 'NONE', #1348 ) ;
#3082 = ORIENTED_EDGE ( 'NONE', *, *, #3347, .F. ) ;
#3083 = PRESENTATION_LAYER_ASSIGNMENT (  '', '', ( #3025 ) ) ;
#3084 = DIRECTION ( 'NONE',  ( 0.000000000000000000, 1.000000000000000000, 0.000000000000000000 ) ) ;
#3085 = CARTESIAN_POINT ( 'NONE',  ( -0.01249999999999999029, 0.3425000000000000266, 0.01250000000000000069 ) ) ;
#3086 = CARTESIAN_POINT ( 'NONE',  ( 0.2599999999999999534, 0.4449999999999998956, 0.06000000000000001166 ) ) ;
#3087 = VECTOR ( 'NONE', #1673, 39.37007874015748854 ) ;
#3088 = DIRECTION ( 'NONE',  ( 1.000000000000000000, 0.000000000000000000, 0.000000000000000000 ) ) ;
#3089 = ORIENTED_EDGE ( 'NONE', *, *, #1918, .F. ) ;
#3090 = VERTEX_POINT ( 'NONE', #257 ) ;
#3091 = FACE_OUTER_BOUND ( 'NONE', #2534, .T. ) ;
#3092 = EDGE_CURVE ( 'NONE', #2000, #550, #2571, .T. ) ;
#3093 = CARTESIAN_POINT ( 'NONE',  ( -0.01249999999999996773, -0.01500000000000007404, -0.03000000000000001277 ) ) ;
#3094 = VECTOR ( 'NONE', #2835, 39.37007874015748143 ) ;
#3095 = EDGE_LOOP ( 'NONE', ( #475, #371, #487, #1622 ) ) ;
#3096 = VERTEX_POINT ( 'NONE', #873 ) ;
#3097 = ADVANCED_FACE ( 'NONE', ( #168 ), #40, .F. ) ;
#3098 = DIRECTION ( 'NONE',  ( -1.000000000000000000, 0.000000000000000000, 0.000000000000000000 ) ) ;
#3099 = VERTEX_POINT ( 'NONE', #1405 ) ;
#3100 = ADVANCED_FACE ( 'NONE', ( #226 ), #1790, .F. ) ;
#3101 = VECTOR ( 'NONE', #970, 39.37007874015748143 ) ;
#3102 =( LENGTH_UNIT ( ) NAMED_UNIT ( * ) SI_UNIT ( $, .METRE. ) );
#3103 = VECTOR ( 'NONE', #1270, 39.37007874015748143 ) ;
#3104 = EDGE_LOOP ( 'NONE', ( #388, #2371, #2657, #1690 ) ) ;
#3105 = ORIENTED_EDGE ( 'NONE', *, *, #1160, .F. ) ;
#3106 = EDGE_CURVE ( 'NONE', #292, #2689, #2586, .T. ) ;
#3107 = ORIENTED_EDGE ( 'NONE', *, *, #999, .F. ) ;
#3108 = CARTESIAN_POINT ( 'NONE',  ( -0.01249999999999996773, -0.07000000000000033973, 0.07000000000000000666 ) ) ;
#3109 = EDGE_CURVE ( 'NONE', #3525, #1459, #205, .T. ) ;
#3110 = DIRECTION ( 'NONE',  ( 0.000000000000000000, 0.000000000000000000, -1.000000000000000000 ) ) ;
#3111 = CARTESIAN_POINT ( 'NONE',  ( -0.3000000000000000444, -0.07000000000000007605, -0.03000000000000001277 ) ) ;
#3112 = CARTESIAN_POINT ( 'NONE',  ( 0.05999999999999996309, -0.01149110640673522282, -0.1000000000000000056 ) ) ;
#3113 = LINE ( 'NONE', #3368, #1923 ) ;
#3114 = ORIENTED_EDGE ( 'NONE', *, *, #2709, .F. ) ;
#3115 = ORIENTED_EDGE ( 'NONE', *, *, #929, .T. ) ;
#3116 = ORIENTED_EDGE ( 'NONE', *, *, #2126, .F. ) ;
#3117 = CARTESIAN_POINT ( 'NONE',  ( 0.1099999999999999867, 0.3150000000000000022, -0.1199999999999999956 ) ) ;
#3118 = DIRECTION ( 'NONE',  ( 0.000000000000000000, -0.000000000000000000, 1.000000000000000000 ) ) ;
#3119 = EDGE_CURVE ( 'NONE', #1464, #3235, #1350, .T. ) ;
#3120 = VECTOR ( 'NONE', #2366, 39.37007874015748143 ) ;
#3121 = DIRECTION ( 'NONE',  ( 1.000000000000000000, 0.000000000000000000, 0.000000000000000000 ) ) ;
#3122 = LINE ( 'NONE', #1034, #672 ) ;
#3123 = ORIENTED_EDGE ( 'NONE', *, *, #2002, .T. ) ;
#3124 = CARTESIAN_POINT ( 'NONE',  ( -0.01249999999999996773, -0.07000000000000007605, -0.03000000000000002318 ) ) ;
#3125 = AXIS2_PLACEMENT_3D ( 'NONE', #74, #625, #933 ) ;
#3126 = ORIENTED_EDGE ( 'NONE', *, *, #30, .F. ) ;
#3127 = ORIENTED_EDGE ( 'NONE', *, *, #1172, .T. ) ;
#3128 = VECTOR ( 'NONE', #2943, 39.37007874015748143 ) ;
#3129 = CARTESIAN_POINT ( 'NONE',  ( -0.01999999999999992409, -0.06750000000000012934, 0.01250000000000000069 ) ) ;
#3130 = ORIENTED_EDGE ( 'NONE', *, *, #2479, .T. ) ;
#3131 = ORIENTED_EDGE ( 'NONE', *, *, #2744, .F. ) ;
#3132 = CARTESIAN_POINT ( 'NONE',  ( -0.01249999999999999029, 0.3425000000000000266, 0.01250000000000000069 ) ) ;
#3133 = PRODUCT_DEFINITION_SHAPE ( 'NONE', 'NONE',  #144 ) ;
#3134 = DIRECTION ( 'NONE',  ( 1.000000000000000000, 0.000000000000000000, 0.000000000000000000 ) ) ;
#3135 = ORIENTED_EDGE ( 'NONE', *, *, #3204, .T. ) ;
#3136 = CARTESIAN_POINT ( 'NONE',  ( 0.01250000000000006314, -0.03500000000000008660, -0.01250000000000000069 ) ) ;
#3137 = VECTOR ( 'NONE', #872, 39.37007874015748143 ) ;
#3138 = VERTEX_POINT ( 'NONE', #61 ) ;
#3139 = ORIENTED_EDGE ( 'NONE', *, *, #2370, .F. ) ;
#3140 = ADVANCED_FACE ( 'NONE', ( #182 ), #1468, .F. ) ;
#3141 = VERTEX_POINT ( 'NONE', #1257 ) ;
#3142 =( LENGTH_UNIT ( ) NAMED_UNIT ( * ) SI_UNIT ( $, .METRE. ) );
#3143 = DIRECTION ( 'NONE',  ( 0.3713906763541033884, -0.9284766908852594147, 0.000000000000000000 ) ) ;
#3144 = VECTOR ( 'NONE', #347, 39.37007874015748143 ) ;
#3145 = FACE_OUTER_BOUND ( 'NONE', #1913, .T. ) ;
#3146 = ORIENTED_EDGE ( 'NONE', *, *, #3486, .T. ) ;
#3147 = VERTEX_POINT ( 'NONE', #2797 ) ;
#3148 = AXIS2_PLACEMENT_3D ( 'NONE', #493, #1786, #422 ) ;
#3149 = ORIENTED_EDGE ( 'NONE', *, *, #2219, .F. ) ;
#3150 = DIRECTION ( 'NONE',  ( 0.000000000000000000, 0.000000000000000000, -1.000000000000000000 ) ) ;
#3151 = VECTOR ( 'NONE', #358, 39.37007874015748143 ) ;
#3152 = ORIENTED_EDGE ( 'NONE', *, *, #777, .F. ) ;
#3153 = CARTESIAN_POINT ( 'NONE',  ( 0.01250000000000006141, -0.02750000000000010075, 0.01250000000000000069 ) ) ;
#3154 = ORIENTED_EDGE ( 'NONE', *, *, #1152, .F. ) ;
#3155 = DIRECTION ( 'NONE',  ( 0.000000000000000000, 2.731847993664262430E-15, -1.000000000000000000 ) ) ;
#3156 = VECTOR ( 'NONE', #1449, 39.37007874015748854 ) ;
#3157 = EDGE_LOOP ( 'NONE', ( #2150, #3002, #659, #1822, #3301 ) ) ;
#3158 = DIRECTION ( 'NONE',  ( -0.7071067811865463515, -0.7071067811865487940, 0.000000000000000000 ) ) ;
#3159 = ORIENTED_EDGE ( 'NONE', *, *, #2162, .T. ) ;
#3160 = CARTESIAN_POINT ( 'NONE',  ( 0.2399999999999999634, 0.3850000000000000089, -0.1000000000000000056 ) ) ;
#3161 = EDGE_CURVE ( 'NONE', #932, #2734, #2554, .T. ) ;
#3162 = LINE ( 'NONE', #1214, #3151 ) ;
#3163 = EDGE_CURVE ( 'NONE', #1914, #3240, #1366, .T. ) ;
#3164 = ORIENTED_EDGE ( 'NONE', *, *, #2053, .F. ) ;
#3165 = AXIS2_PLACEMENT_3D ( 'NONE', #2976, #478, #707 ) ;
#3166 = CARTESIAN_POINT ( 'NONE',  ( -0.2449999999999999956, -0.06750000000000017097, 0.01250000000000000069 ) ) ;
#3167 = CARTESIAN_POINT ( 'NONE',  ( 0.1124999999999999889, -0.01500000000000007404, -0.03000000000000001277 ) ) ;
#3168 = DIRECTION ( 'NONE',  ( -0.000000000000000000, 0.000000000000000000, 1.000000000000000000 ) ) ;
#3169 = LINE ( 'NONE', #754, #2089 ) ;
#3170 = VERTEX_POINT ( 'NONE', #604 ) ;
#3171 = ORIENTED_EDGE ( 'NONE', *, *, #30, .T. ) ;
#3172 = AXIS2_PLACEMENT_3D ( 'NONE', #3112, #3394, #1370 ) ;
#3173 = DIRECTION ( 'NONE',  ( -1.000000000000000000, 0.000000000000000000, 0.000000000000000000 ) ) ;
#3174 = PLANE ( 'NONE',  #957 ) ;
#3175 = FACE_BOUND ( 'NONE', #2209, .T. ) ;
#3176 = ORIENTED_EDGE ( 'NONE', *, *, #390, .F. ) ;
#3177 = CARTESIAN_POINT ( 'NONE',  ( 0.1099999999999999867, 0.3150000000000000022, -0.05999999999999999084 ) ) ;
#3178 = CARTESIAN_POINT ( 'NONE',  ( 0.2080000000000000182, 0.4649999999999999689, -0.1000000000000000056 ) ) ;
#3179 = ORIENTED_EDGE ( 'NONE', *, *, #984, .T. ) ;
#3180 = CARTESIAN_POINT ( 'NONE',  ( 0.2720000000000000195, 0.4649999999999999689, -0.09800000000000000377 ) ) ;
#3181 = LINE ( 'NONE', #805, #3063 ) ;
#3182 = CARTESIAN_POINT ( 'NONE',  ( -0.1099999999999999867, 0.4449999999999998956, -0.1199999999999999956 ) ) ;
#3183 = VERTEX_POINT ( 'NONE', #639 ) ;
#3184 = CARTESIAN_POINT ( 'NONE',  ( -0.2600000000000000089, 0.4449999999999998956, -0.05999999999999999084 ) ) ;
#3185 = AXIS2_PLACEMENT_3D ( 'NONE', #2191, #503, #3505 ) ;
#3186 = VECTOR ( 'NONE', #600, 39.37007874015748143 ) ;
#3187 = ORIENTED_EDGE ( 'NONE', *, *, #910, .T. ) ;
#3188 = DIRECTION ( 'NONE',  ( -0.000000000000000000, -0.000000000000000000, -1.000000000000000000 ) ) ;
#3189 = AXIS2_PLACEMENT_3D ( 'NONE', #963, #262, #24 ) ;
#3190 = LINE ( 'NONE', #2566, #3094 ) ;
#3191 = EDGE_LOOP ( 'NONE', ( #1053, #537, #566, #3027 ) ) ;
#3192 = ORIENTED_EDGE ( 'NONE', *, *, #1115, .T. ) ;
#3193 = DIRECTION ( 'NONE',  ( 0.000000000000000000, 0.7071067811865462405, 0.7071067811865486830 ) ) ;
#3194 = VECTOR ( 'NONE', #377, 39.37007874015748143 ) ;
#3195 = ORIENTED_EDGE ( 'NONE', *, *, #2137, .F. ) ;
#3196 = VECTOR ( 'NONE', #2321, 39.37007874015748143 ) ;
#3197 = DIRECTION ( 'NONE',  ( 0.000000000000000000, 0.000000000000000000, -1.000000000000000000 ) ) ;
#3198 = FACE_OUTER_BOUND ( 'NONE', #2211, .T. ) ;
#3199 = VERTEX_POINT ( 'NONE', #1553 ) ;
#3200 = CARTESIAN_POINT ( 'NONE',  ( 0.2720000000000000195, 0.4649999999999999689, -0.1000000000000000056 ) ) ;
#3201 = EDGE_CURVE ( 'NONE', #2205, #578, #200, .T. ) ;
#3202 = ORIENTED_EDGE ( 'NONE', *, *, #338, .T. ) ;
#3203 = DIRECTION ( 'NONE',  ( 0.000000000000000000, -1.000000000000000000, 0.000000000000000000 ) ) ;
#3204 = EDGE_CURVE ( 'NONE', #3141, #997, #1385, .T. ) ;
#3205 = VECTOR ( 'NONE', #713, 39.37007874015748143 ) ;
#3206 = AXIS2_PLACEMENT_3D ( 'NONE', #1761, #696, #3494 ) ;
#3207 = CARTESIAN_POINT ( 'NONE',  ( -0.2600000000000000089, 0.1150000000000000050, -0.05999999999999999084 ) ) ;
#3208 = DIRECTION ( 'NONE',  ( 1.000000000000000000, -0.000000000000000000, -0.000000000000000000 ) ) ;
#3209 = VECTOR ( 'NONE', #1711, 39.37007874015748143 ) ;
#3210 = VECTOR ( 'NONE', #1700, 39.37007874015748143 ) ;
#3211 = ORIENTED_EDGE ( 'NONE', *, *, #280, .F. ) ;
#3212 = CARTESIAN_POINT ( 'NONE',  ( 0.01250000000000008916, -0.03500000000000007272, 0.01250000000000000069 ) ) ;
#3213 = ADVANCED_FACE ( 'NONE', ( #212 ), #148, .F. ) ;
#3214 = DIRECTION ( 'NONE',  ( -0.000000000000000000, -0.000000000000000000, 1.000000000000000000 ) ) ;
#3215 = VECTOR ( 'NONE', #2367, 39.37007874015748143 ) ;
#3216 = EDGE_LOOP ( 'NONE', ( #833, #1148, #368, #2338 ) ) ;
#3217 = CARTESIAN_POINT ( 'NONE',  ( 0.2080000000000000182, 0.4649999999999999689, -0.09800000000000000377 ) ) ;
#3218 = EDGE_CURVE ( 'NONE', #3099, #2314, #1396, .T. ) ;
#3219 = ORIENTED_EDGE ( 'NONE', *, *, #1069, .F. ) ;
#3220 = PLANE ( 'NONE',  #2814 ) ;
#3221 = LINE ( 'NONE', #860, #868 ) ;
#3222 = DIMENSIONAL_EXPONENTS ( 1.000000000000000000, 0.000000000000000000, 0.000000000000000000, 0.000000000000000000, 0.000000000000000000, 0.000000000000000000, 0.000000000000000000 ) ;
#3223 = STYLED_ITEM ( 'NONE', ( #1661 ), #1556 ) ;
#3224 = CARTESIAN_POINT ( 'NONE',  ( 0.1300000000000001155, 0.4649999999999999689, -0.1400000000000001243 ) ) ;
#3225 = ORIENTED_EDGE ( 'NONE', *, *, #2479, .F. ) ;
#3226 = CARTESIAN_POINT ( 'NONE',  ( 0.01250000000000001110, 0.3425000000000000266, 0.01250000000000000069 ) ) ;
#3227 = EDGE_LOOP ( 'NONE', ( #2529, #124, #3064, #2010 ) ) ;
#3228 = CARTESIAN_POINT ( 'NONE',  ( 0.01143758300132804995, 0.3208200531208497130, 0.01143758300132804127 ) ) ;
#3229 = EDGE_LOOP ( 'NONE', ( #81, #2825, #2184, #2851 ) ) ;
#3230 = CARTESIAN_POINT ( 'NONE',  ( 0.05999999999999996309, -0.01149110640673522282, -0.1000000000000000056 ) ) ;
#3231 = CARTESIAN_POINT ( 'NONE',  ( -0.01249999999999999029, 0.1024999999999999661, -0.01250000000000000069 ) ) ;
#3232 = CARTESIAN_POINT ( 'NONE',  ( -0.2600000000000000089, 0.4449999999999998956, 0.06000000000000001166 ) ) ;
#3233 =( LENGTH_UNIT ( ) NAMED_UNIT ( * ) SI_UNIT ( $, .METRE. ) );
#3234 = VECTOR ( 'NONE', #47, 39.37007874015748143 ) ;
#3235 = VERTEX_POINT ( 'NONE', #669 ) ;
#3236 = CARTESIAN_POINT ( 'NONE',  ( 0.2600000000000000089, -0.07000000000000033973, 0.07000000000000000666 ) ) ;
#3237 = EDGE_CURVE ( 'NONE', #1125, #747, #1487, .T. ) ;
#3238 = DIRECTION ( 'NONE',  ( 1.000000000000000000, 0.000000000000000000, 0.000000000000000000 ) ) ;
#3239 = LINE ( 'NONE', #973, #859 ) ;
#3240 = VERTEX_POINT ( 'NONE', #960 ) ;
#3241 = ORIENTED_EDGE ( 'NONE', *, *, #2094, .T. ) ;
#3242 = AXIS2_PLACEMENT_3D ( 'NONE', #224, #2114, #2185 ) ;
#3243 = DIRECTION ( 'NONE',  ( 1.000000000000000000, -0.000000000000000000, -0.000000000000000000 ) ) ;
#3244 = EDGE_CURVE ( 'NONE', #1516, #3490, #2701, .T. ) ;
#3245 = DIRECTION ( 'NONE',  ( -1.000000000000000000, 0.000000000000000000, 0.000000000000000000 ) ) ;
#3246 = AXIS2_PLACEMENT_3D ( 'NONE', #1169, #3158, #2836 ) ;
#3247 = VECTOR ( 'NONE', #343, 39.37007874015748143 ) ;
#3248 = LINE ( 'NONE', #2022, #2062 ) ;
#3249 = ORIENTED_EDGE ( 'NONE', *, *, #774, .T. ) ;
#3250 = CARTESIAN_POINT ( 'NONE',  ( -0.2449999999999999956, -0.05050000000000016281, 0.01250000000000000069 ) ) ;
#3251 = EDGE_CURVE ( 'NONE', #3517, #1899, #285, .T. ) ;
#3252 = CARTESIAN_POINT ( 'NONE',  ( -0.2600000000000000089, 0.4449999999999998956, -0.05999999999999999084 ) ) ;
#3253 = FACE_OUTER_BOUND ( 'NONE', #3295, .T. ) ;
#3254 = FACE_OUTER_BOUND ( 'NONE', #2410, .T. ) ;
#3255 = ORIENTED_EDGE ( 'NONE', *, *, #3314, .F. ) ;
#3256 = DIRECTION ( 'NONE',  ( 0.000000000000000000, 0.000000000000000000, -1.000000000000000000 ) ) ;
#3257 = PLANE ( 'NONE',  #3185 ) ;
#3258 = LINE ( 'NONE', #3403, #1996 ) ;
#3259 = VECTOR ( 'NONE', #3462, 39.37007874015748143 ) ;
#3260 = ORIENTED_EDGE ( 'NONE', *, *, #2616, .T. ) ;
#3261 = DIRECTION ( 'NONE',  ( 1.000000000000000000, -0.000000000000000000, -0.000000000000000000 ) ) ;
#3262 = ORIENTED_EDGE ( 'NONE', *, *, #70, .F. ) ;
#3263 =( GEOMETRIC_REPRESENTATION_CONTEXT ( 3 ) GLOBAL_UNCERTAINTY_ASSIGNED_CONTEXT ( ( #2920 ) ) GLOBAL_UNIT_ASSIGNED_CONTEXT ( ( #2124, #2698, #3010 ) ) REPRESENTATION_CONTEXT ( 'NONE', 'WORKASPACE' ) );
#3264 = LINE ( 'NONE', #648, #2035 ) ;
#3265 = CARTESIAN_POINT ( 'NONE',  ( 0.2999999999999999889, 0.4649999999999999689, -0.1000000000000000056 ) ) ;
#3266 = ORIENTED_EDGE ( 'NONE', *, *, #1640, .F. ) ;
#3267 = ADVANCED_FACE ( 'NONE', ( #2672 ), #1701, .F. ) ;
#3268 = CARTESIAN_POINT ( 'NONE',  ( -0.1499999999999999944, 0.4649999999999999689, -0.1600000000000000033 ) ) ;
#3269 = ORIENTED_EDGE ( 'NONE', *, *, #619, .F. ) ;
#3270 = COLOUR_RGB ( '',0.7921568627450980005, 0.8196078431372548767, 0.9333333333333333481 ) ;
#3271 = ADVANCED_FACE ( 'NONE', ( #2641 ), #384, .T. ) ;
#3272 = EDGE_CURVE ( 'NONE', #39, #2747, #306, .T. ) ;
#3273 = ORIENTED_EDGE ( 'NONE', *, *, #615, .T. ) ;
#3274 = DIRECTION ( 'NONE',  ( -1.000000000000000000, -1.897116662266849457E-16, -0.000000000000000000 ) ) ;
#3275 = ORIENTED_EDGE ( 'NONE', *, *, #58, .T. ) ;
#3276 = DIRECTION ( 'NONE',  ( -0.000000000000000000, 1.000000000000000000, -0.000000000000000000 ) ) ;
#3277 = LINE ( 'NONE', #2093, #3209 ) ;
#3278 = VECTOR ( 'NONE', #2045, 39.37007874015748143 ) ;
#3279 = ORIENTED_EDGE ( 'NONE', *, *, #2264, .T. ) ;
#3280 = ORIENTED_EDGE ( 'NONE', *, *, #2952, .T. ) ;
#3281 = EDGE_CURVE ( 'NONE', #818, #1068, #1451, .T. ) ;
#3282 = ORIENTED_EDGE ( 'NONE', *, *, #2474, .F. ) ;
#3283 = PLANE ( 'NONE',  #1903 ) ;
#3284 = DIRECTION ( 'NONE',  ( 0.000000000000000000, 1.000000000000000000, 0.000000000000000000 ) ) ;
#3285 = EDGE_CURVE ( 'NONE', #3485, #3240, #2757, .T. ) ;
#3286 = FACE_OUTER_BOUND ( 'NONE', #1467, .T. ) ;
#3287 = EDGE_LOOP ( 'NONE', ( #1854, #3560, #682, #35 ) ) ;
#3288 = PRESENTATION_LAYER_ASSIGNMENT (  '', '', ( #3323 ) ) ;
#3289 = CARTESIAN_POINT ( 'NONE',  ( 0.2125000000000000500, -0.07000000000000033973, 0.07000000000000000666 ) ) ;
#3290 = DIRECTION ( 'NONE',  ( -0.7071067811865472397, 0.000000000000000000, -0.7071067811865479058 ) ) ;
#3291 = EDGE_CURVE ( 'NONE', #2995, #1074, #254, .T. ) ;
#3292 = VECTOR ( 'NONE', #1355, 39.37007874015748143 ) ;
#3293 = MECHANICAL_DESIGN_GEOMETRIC_PRESENTATION_REPRESENTATION (  '', ( #3223 ), #2401 ) ;
#3294 = DIRECTION ( 'NONE',  ( 0.000000000000000000, 0.000000000000000000, 1.000000000000000000 ) ) ;
#3295 = EDGE_LOOP ( 'NONE', ( #118, #1122, #2356, #2350 ) ) ;
#3296 = DIRECTION ( 'NONE',  ( -0.000000000000000000, -0.7071067811865486830, 0.7071067811865462405 ) ) ;
#3297 = CARTESIAN_POINT ( 'NONE',  ( 0.2600000000000000644, -0.01854101966249700403, 0.09999999999999997780 ) ) ;
#3298 = VECTOR ( 'NONE', #1745, 39.37007874015748143 ) ;
#3299 = FACE_OUTER_BOUND ( 'NONE', #3095, .T. ) ;
#3300 = EDGE_CURVE ( 'NONE', #433, #1346, #2737, .T. ) ;
#3301 = ORIENTED_EDGE ( 'NONE', *, *, #3564, .T. ) ;
#3302 = CARTESIAN_POINT ( 'NONE',  ( 0.2125000000000000222, -0.01500000000000007404, -0.03000000000000001277 ) ) ;
#3303 = CARTESIAN_POINT ( 'NONE',  ( 0.1200000000000000233, 0.1150000000000000050, 0.1000000000000000056 ) ) ;
#3304 = ADVANCED_FACE ( 'NONE', ( #2634 ), #1042, .T. ) ;
#3305 = EDGE_CURVE ( 'NONE', #2718, #623, #372, .T. ) ;
#3306 = ORIENTED_EDGE ( 'NONE', *, *, #2210, .F. ) ;
#3307 = DIRECTION ( 'NONE',  ( 1.000000000000000000, 0.000000000000000000, 0.000000000000000000 ) ) ;
#3308 = CARTESIAN_POINT ( 'NONE',  ( -0.2999999999999999889, -0.6174555320336758690, 0.1000000000000000056 ) ) ;
#3309 = EDGE_CURVE ( 'NONE', #3333, #1271, #323, .T. ) ;
#3310 = ORIENTED_EDGE ( 'NONE', *, *, #2932, .F. ) ;
#3311 = FILL_AREA_STYLE ('',( #867 ) ) ;
#3312 = CARTESIAN_POINT ( 'NONE',  ( 0.08750000000000002220, -0.07000000000000033973, 0.07000000000000000666 ) ) ;
#3313 = ORIENTED_EDGE ( 'NONE', *, *, #1312, .T. ) ;
#3314 = EDGE_CURVE ( 'NONE', #1020, #3457, #2742, .T. ) ;
#3315 = FACE_OUTER_BOUND ( 'NONE', #1753, .T. ) ;
#3316 = ORIENTED_EDGE ( 'NONE', *, *, #1966, .F. ) ;
#3317 = DIRECTION ( 'NONE',  ( 1.000000000000000000, 0.000000000000000000, -0.000000000000000000 ) ) ;
#3318 = CARTESIAN_POINT ( 'NONE',  ( 0.2125000000000000500, -0.01500000000000008618, 0.07000000000000000666 ) ) ;
#3319 = EDGE_CURVE ( 'NONE', #425, #1259, #1438, .T. ) ;
#3320 = LINE ( 'NONE', #1781, #3215 ) ;
#3321 = ORIENTED_EDGE ( 'NONE', *, *, #2666, .T. ) ;
#3322 = EDGE_CURVE ( 'NONE', #1346, #1899, #1518, .T. ) ;
#3323 = STYLED_ITEM ( 'NONE', ( #2127 ), #1576 ) ;
#3324 = CARTESIAN_POINT ( 'NONE',  ( -0.01999999999999992756, -0.04250000000000009326, 0.01250000000000000069 ) ) ;
#3325 = ADVANCED_FACE ( 'NONE', ( #1472 ), #2595, .T. ) ;
#3326 = VECTOR ( 'NONE', #1849, 39.37007874015748143 ) ;
#3327 = DIRECTION ( 'NONE',  ( -1.000000000000000000, 0.000000000000000000, 0.000000000000000000 ) ) ;
#3328 = ORIENTED_EDGE ( 'NONE', *, *, #1297, .F. ) ;
#3329 = EDGE_CURVE ( 'NONE', #1132, #433, #2750, .T. ) ;
#3330 = SURFACE_SIDE_STYLE ('',( #955 ) ) ;
#3331 = ORIENTED_EDGE ( 'NONE', *, *, #2365, .T. ) ;
#3332 = DIRECTION ( 'NONE',  ( 0.000000000000000000, 0.000000000000000000, 1.000000000000000000 ) ) ;
#3333 = VERTEX_POINT ( 'NONE', #2437 ) ;
#3334 = CARTESIAN_POINT ( 'NONE',  ( 0.1499999999999999944, 0.3150000000000000022, -0.1600000000000000033 ) ) ;
#3335 = CARTESIAN_POINT ( 'NONE',  ( -0.2449999999999999956, -0.05050000000000016281, 0.01250000000000000069 ) ) ;
#3336 = CARTESIAN_POINT ( 'NONE',  ( 0.1099999999999999867, 0.4449999999999998956, -0.1199999999999999956 ) ) ;
#3337 = DIRECTION ( 'NONE',  ( -1.000000000000000000, 0.000000000000000000, 0.000000000000000000 ) ) ;
#3338 = CARTESIAN_POINT ( 'NONE',  ( 0.1700000000000000400, 0.4649999999999999689, 0.1000000000000000056 ) ) ;
#3339 = PLANE ( 'NONE',  #2115 ) ;
#3340 = VECTOR ( 'NONE', #2293, 39.37007874015748143 ) ;
#3341 = EDGE_LOOP ( 'NONE', ( #605, #2240, #418, #2846, #414 ) ) ;
#3342 = CARTESIAN_POINT ( 'NONE',  ( -0.2999999999999999889, -0.6174555320336758690, 0.1000000000000000056 ) ) ;
#3343 = FACE_OUTER_BOUND ( 'NONE', #1157, .T. ) ;
#3344 = DIRECTION ( 'NONE',  ( -0.000000000000000000, -0.000000000000000000, -1.000000000000000000 ) ) ;
#3345 = APPLICATION_PROTOCOL_DEFINITION ( 'draft international standard', 'automotive_design', 1998, #3070 ) ;
#3346 = DIMENSIONAL_EXPONENTS ( 1.000000000000000000, 0.000000000000000000, 0.000000000000000000, 0.000000000000000000, 0.000000000000000000, 0.000000000000000000, 0.000000000000000000 ) ;
#3347 = EDGE_CURVE ( 'NONE', #446, #1303, #1497, .T. ) ;
#3348 = DIRECTION ( 'NONE',  ( 0.000000000000000000, 0.000000000000000000, -1.000000000000000000 ) ) ;
#3349 = CARTESIAN_POINT ( 'NONE',  ( 0.2599999999999999534, 0.1150000000000000050, 0.06000000000000001166 ) ) ;
#3350 = DIRECTION ( 'NONE',  ( -0.000000000000000000, 1.000000000000000000, 0.000000000000000000 ) ) ;
#3351 = EDGE_LOOP ( 'NONE', ( #1258, #1885, #2327, #1194 ) ) ;
#3352 = DIRECTION ( 'NONE',  ( -1.000000000000000000, 0.000000000000000000, 0.000000000000000000 ) ) ;
#3353 = CARTESIAN_POINT ( 'NONE',  ( -0.2449999999999999956, 0.4649999999999999689, 0.1150000000000000744 ) ) ;
#3354 = DIRECTION ( 'NONE',  ( -0.9110506463487559881, -0.2915362068315993094, 0.2915362068315989208 ) ) ;
#3355 = EDGE_CURVE ( 'NONE', #601, #2426, #1525, .T. ) ;
#3356 = VECTOR ( 'NONE', #2888, 39.37007874015748143 ) ;
#3357 = AXIS2_PLACEMENT_3D ( 'NONE', #3507, #1099, #2464 ) ;
#3358 = EDGE_LOOP ( 'NONE', ( #1321, #2462, #3313, #3241 ) ) ;
#3359 = PLANE ( 'NONE',  #1470 ) ;
#3360 = FACE_OUTER_BOUND ( 'NONE', #1202, .T. ) ;
#3361 = EDGE_CURVE ( 'NONE', #2087, #3081, #363, .T. ) ;
#3362 = DIRECTION ( 'NONE',  ( 0.000000000000000000, 0.000000000000000000, 1.000000000000000000 ) ) ;
#3363 = FACE_OUTER_BOUND ( 'NONE', #3448, .T. ) ;
#3364 = EDGE_LOOP ( 'NONE', ( #1014, #42, #2872, #3072 ) ) ;
#3365 = ORIENTED_EDGE ( 'NONE', *, *, #782, .T. ) ;
#3366 = DIRECTION ( 'NONE',  ( 0.000000000000000000, 0.000000000000000000, -1.000000000000000000 ) ) ;
#3367 = EDGE_CURVE ( 'NONE', #1965, #818, #2720, .T. ) ;
#3368 = CARTESIAN_POINT ( 'NONE',  ( -0.1099999999999999867, 0.4449999999999998956, -0.05999999999999999084 ) ) ;
#3369 = VERTEX_POINT ( 'NONE', #755 ) ;
#3370 = DIRECTION ( 'NONE',  ( 1.000000000000000000, -0.000000000000000000, 0.000000000000000000 ) ) ;
#3371 = CARTESIAN_POINT ( 'NONE',  ( 0.004500000000000004864, 0.3425000000000000266, 0.004499999999999995323 ) ) ;
#3372 = ADVANCED_FACE ( 'NONE', ( #1444 ), #244, .F. ) ;
#3373 = AXIS2_PLACEMENT_3D ( 'NONE', #1804, #2104, #3430 ) ;
#3374 = DIRECTION ( 'NONE',  ( 1.000000000000000000, 0.000000000000000000, -0.000000000000000000 ) ) ;
#3375 = ORIENTED_EDGE ( 'NONE', *, *, #2786, .F. ) ;
#3376 = CARTESIAN_POINT ( 'NONE',  ( 0.1099999999999999867, 0.4449999999999998956, -0.1199999999999999956 ) ) ;
#3377 = CARTESIAN_POINT ( 'NONE',  ( 0.1099999999999999867, 0.3150000000000000022, -0.1199999999999999956 ) ) ;
#3378 = ORIENTED_EDGE ( 'NONE', *, *, #500, .T. ) ;
#3379 = ORIENTED_EDGE ( 'NONE', *, *, #2361, .F. ) ;
#3380 = AXIS2_PLACEMENT_3D ( 'NONE', #2443, #1380, #10 ) ;
#3381 = DIRECTION ( 'NONE',  ( -0.000000000000000000, -0.000000000000000000, -1.000000000000000000 ) ) ;
#3382 = LINE ( 'NONE', #1878, #1007 ) ;
#3383 = PLANE ( 'NONE',  #302 ) ;
#3384 = DIRECTION ( 'NONE',  ( -1.000000000000000000, 0.000000000000000000, 0.000000000000000000 ) ) ;
#3385 = ORIENTED_EDGE ( 'NONE', *, *, #956, .F. ) ;
#3386 = APPLICATION_CONTEXT ( 'automotive_design' ) ;
#3387 = EDGE_CURVE ( 'NONE', #1981, #1142, #2677, .T. ) ;
#3388 = LINE ( 'NONE', #108, #3397 ) ;
#3389 = ORIENTED_EDGE ( 'NONE', *, *, #1025, .T. ) ;
#3390 = DIRECTION ( 'NONE',  ( 0.000000000000000000, -0.000000000000000000, -1.000000000000000000 ) ) ;
#3391 = CARTESIAN_POINT ( 'NONE',  ( -0.1499999999999999944, 0.4649999999999999689, -0.1600000000000000033 ) ) ;
#3392 = ORIENTED_EDGE ( 'NONE', *, *, #1059, .F. ) ;
#3393 = CARTESIAN_POINT ( 'NONE',  ( -0.2600000000000000089, -1.143516480713450578, 0.07000000000000000666 ) ) ;
#3394 = DIRECTION ( 'NONE',  ( 1.000000000000000000, 0.000000000000000000, -2.134256245050204715E-16 ) ) ;
#3395 = PLANE ( 'NONE',  #633 ) ;
#3396 = AXIS2_PLACEMENT_3D ( 'NONE', #737, #989, #1008 ) ;
#3397 = VECTOR ( 'NONE', #3214, 39.37007874015748143 ) ;
#3398 = DIRECTION ( 'NONE',  ( 0.000000000000000000, 0.000000000000000000, 1.000000000000000000 ) ) ;
#3399 = ORIENTED_EDGE ( 'NONE', *, *, #1281, .F. ) ;
#3400 = CARTESIAN_POINT ( 'NONE',  ( -0.01249999999999994171, -0.02750000000000010075, 0.01250000000000000069 ) ) ;
#3401 = EDGE_CURVE ( 'NONE', #2292, #175, #1475, .T. ) ;
#3402 = CARTESIAN_POINT ( 'NONE',  ( 0.1200000000000000233, 0.4449999999999998956, 0.06000000000000001166 ) ) ;
#3403 = CARTESIAN_POINT ( 'NONE',  ( -0.2449999999999999956, -0.06750000000000017097, -0.004499999999999994456 ) ) ;
#3404 = AXIS2_PLACEMENT_3D ( 'NONE', #3472, #2363, #965 ) ;
#3405 = SURFACE_STYLE_FILL_AREA ( #1078 ) ;
#3406 = VERTEX_POINT ( 'NONE', #1016 ) ;
#3407 = ORIENTED_EDGE ( 'NONE', *, *, #1300, .F. ) ;
#3408 = CARTESIAN_POINT ( 'NONE',  ( 0.08750000000000002220, -0.01500000000000007404, -0.03000000000000001277 ) ) ;
#3409 = VECTOR ( 'NONE', #1551, 39.37007874015748143 ) ;
#3410 = VERTEX_POINT ( 'NONE', #945 ) ;
#3411 = PLANE ( 'NONE',  #471 ) ;
#3412 = VERTEX_POINT ( 'NONE', #3153 ) ;
#3413 = ORIENTED_EDGE ( 'NONE', *, *, #3163, .F. ) ;
#3414 = DIRECTION ( 'NONE',  ( 1.000000000000000000, 0.000000000000000000, 0.000000000000000000 ) ) ;
#3415 = DIRECTION ( 'NONE',  ( 0.000000000000000000, 1.000000000000000000, 0.000000000000000000 ) ) ;
#3416 = VERTEX_POINT ( 'NONE', #614 ) ;
#3417 = DIRECTION ( 'NONE',  ( 1.000000000000000000, 0.000000000000000000, 0.000000000000000000 ) ) ;
#3418 = LINE ( 'NONE', #417, #948 ) ;
#3419 = VERTEX_POINT ( 'NONE', #2524 ) ;
#3420 = ORIENTED_EDGE ( 'NONE', *, *, #2219, .T. ) ;
#3421 = DIRECTION ( 'NONE',  ( 0.000000000000000000, 0.000000000000000000, 1.000000000000000000 ) ) ;
#3422 = VERTEX_POINT ( 'NONE', #881 ) ;
#3423 = CARTESIAN_POINT ( 'NONE',  ( -0.01249999999999999029, 0.1024999999999999661, -0.01250000000000000069 ) ) ;
#3424 = DIRECTION ( 'NONE',  ( -1.000000000000000000, 0.000000000000000000, 0.000000000000000000 ) ) ;
#3425 = CARTESIAN_POINT ( 'NONE',  ( 0.05700000000000000205, 0.3519999999999999796, -0.1200000000000000233 ) ) ;
#3426 = VECTOR ( 'NONE', #2207, 39.37007874015748143 ) ;
#3427 = EDGE_CURVE ( 'NONE', #3369, #879, #345, .T. ) ;
#3428 = ORIENTED_EDGE ( 'NONE', *, *, #2551, .F. ) ;
#3429 = VERTEX_POINT ( 'NONE', #586 ) ;
#3430 = DIRECTION ( 'NONE',  ( 1.000000000000000000, 0.000000000000000000, -0.000000000000000000 ) ) ;
#3431 = ITEM_DEFINED_TRANSFORMATION ( 'NONE', 'NONE', #2471,  #1810 ) ;
#3432 = CARTESIAN_POINT ( 'NONE',  ( 0.2600000000000000089, -0.01500000000000007057, -0.07000000000000000666 ) ) ;
#3433 = ORIENTED_EDGE ( 'NONE', *, *, #253, .F. ) ;
#3434 = DIRECTION ( 'NONE',  ( -0.000000000000000000, -0.7071067811865487940, -0.7071067811865463515 ) ) ;
#3435 = ORIENTED_EDGE ( 'NONE', *, *, #3163, .T. ) ;
#3436 = EDGE_CURVE ( 'NONE', #3096, #2223, #2651, .T. ) ;
#3437 = EDGE_CURVE ( 'NONE', #1074, #601, #350, .T. ) ;
#3438 = VECTOR ( 'NONE', #1570, 39.37007874015748143 ) ;
#3439 = VERTEX_POINT ( 'NONE', #110 ) ;
#3440 = ORIENTED_EDGE ( 'NONE', *, *, #1864, .T. ) ;
#3441 = CARTESIAN_POINT ( 'NONE',  ( 0.1099999999999999867, 0.4449999999999998956, -0.05999999999999999084 ) ) ;
#3442 = EDGE_LOOP ( 'NONE', ( #1793, #660, #3573, #1886, #1168, #1823, #3054, #2064 ) ) ;
#3443 = CARTESIAN_POINT ( 'NONE',  ( -0.2600000000000000089, 0.4449999999999998956, 0.06000000000000001166 ) ) ;
#3444 = EDGE_CURVE ( 'NONE', #1303, #1020, #2007, .T. ) ;
#3445 = ORIENTED_EDGE ( 'NONE', *, *, #2323, .T. ) ;
#3446 = FACE_OUTER_BOUND ( 'NONE', #3341, .T. ) ;
#3447 = AXIS2_PLACEMENT_3D ( 'NONE', #1901, #2275, #2251 ) ;
#3448 = EDGE_LOOP ( 'NONE', ( #3262, #3154, #834, #931, #889 ) ) ;
#3449 = DIRECTION ( 'NONE',  ( 0.000000000000000000, 0.000000000000000000, -1.000000000000000000 ) ) ;
#3450 = DIRECTION ( 'NONE',  ( 0.000000000000000000, 0.000000000000000000, 1.000000000000000000 ) ) ;
#3451 = SURFACE_SIDE_STYLE ('',( #574 ) ) ;
#3452 = ORIENTED_EDGE ( 'NONE', *, *, #777, .T. ) ;
#3453 = EDGE_CURVE ( 'NONE', #2198, #550, #3258, .T. ) ;
#3454 = EDGE_LOOP ( 'NONE', ( #510, #3040, #1855, #3050 ) ) ;
#3455 = CARTESIAN_POINT ( 'NONE',  ( 0.000000000000000000, 0.3150000000000000022, -0.08000000000000005718 ) ) ;
#3456 = LINE ( 'NONE', #1161, #2318 ) ;
#3457 = VERTEX_POINT ( 'NONE', #901 ) ;
#3458 = EDGE_CURVE ( 'NONE', #1533, #91, #895, .T. ) ;
#3459 = ITEM_DEFINED_TRANSFORMATION ( 'NONE', 'NONE', #949,  #1810 ) ;
#3460 = DIRECTION ( 'NONE',  ( -1.000000000000000000, 0.000000000000000000, 0.000000000000000000 ) ) ;
#3461 = VECTOR ( 'NONE', #1058, 39.37007874015748143 ) ;
#3462 = DIRECTION ( 'NONE',  ( 1.000000000000000000, 0.000000000000000000, 0.000000000000000000 ) ) ;
#3463 = VERTEX_POINT ( 'NONE', #2579 ) ;
#3464 = CARTESIAN_POINT ( 'NONE',  ( -0.3000000000000000444, -0.01500000000000007404, -0.03000000000000001277 ) ) ;
#3465 = AXIS2_PLACEMENT_3D ( 'NONE', #72, #3567, #3307 ) ;
#3466 = LINE ( 'NONE', #83, #2274 ) ;
#3467 = ORIENTED_EDGE ( 'NONE', *, *, #1152, .T. ) ;
#3468 =( LENGTH_UNIT ( ) NAMED_UNIT ( * ) SI_UNIT ( $, .METRE. ) );
#3469 = EDGE_LOOP ( 'NONE', ( #582, #3558, #2990, #2873 ) ) ;
#3470 = DIRECTION ( 'NONE',  ( 0.000000000000000000, 1.000000000000000000, 0.000000000000000000 ) ) ;
#3471 = EDGE_CURVE ( 'NONE', #228, #2983, #843, .T. ) ;
#3472 = CARTESIAN_POINT ( 'NONE',  ( -0.3000000000000000444, -0.07000000000000007605, -0.03000000000000001277 ) ) ;
#3473 = CARTESIAN_POINT ( 'NONE',  ( -0.1700000000000000400, 0.1150000000000000050, 0.1000000000000000056 ) ) ;
#3474 = AXIS2_PLACEMENT_3D ( 'NONE', #3184, #3434, #2108 ) ;
#3475 = COLOUR_RGB ( '',1.000000000000000000, 0.8117647058823529438, 0.5019607843137254832 ) ;
#3476 = VERTEX_POINT ( 'NONE', #3124 ) ;
#3477 = LINE ( 'NONE', #1420, #3557 ) ;
#3478 = VERTEX_POINT ( 'NONE', #2852 ) ;
#3479 = CARTESIAN_POINT ( 'NONE',  ( 0.1700000000000000400, 0.000000000000000000, 0.000000000000000000 ) ) ;
#3480 = LINE ( 'NONE', #824, #3438 ) ;
#3481 = CARTESIAN_POINT ( 'NONE',  ( -0.01999999999999992409, -0.06750000000000012934, 0.01250000000000000069 ) ) ;
#3482 = EDGE_CURVE ( 'NONE', #1196, #2205, #1977, .T. ) ;
#3483 = DIRECTION ( 'NONE',  ( 0.000000000000000000, -1.000000000000000000, -1.552186360036505819E-16 ) ) ;
#3484 = ORIENTED_EDGE ( 'NONE', *, *, #1381, .F. ) ;
#3485 = VERTEX_POINT ( 'NONE', #3338 ) ;
#3486 = EDGE_CURVE ( 'NONE', #3333, #175, #3264, .T. ) ;
#3487 = MECHANICAL_DESIGN_GEOMETRIC_PRESENTATION_REPRESENTATION (  '', ( #3323 ), #1758 ) ;
#3488 = LINE ( 'NONE', #2855, #2265 ) ;
#3489 = PRESENTATION_STYLE_ASSIGNMENT (( #1252 ) ) ;
#3490 = VERTEX_POINT ( 'NONE', #2136 ) ;
#3491 = CARTESIAN_POINT ( 'NONE',  ( -0.2600000000000000089, -0.01500000000000007404, -0.03000000000000001277 ) ) ;
#3492 = CARTESIAN_POINT ( 'NONE',  ( 0.000000000000000000, -0.07000000000000007605, 0.000000000000000000 ) ) ;
#3493 = LINE ( 'NONE', #2568, #1146 ) ;
#3494 = DIRECTION ( 'NONE',  ( 1.000000000000000000, 0.000000000000000000, -0.000000000000000000 ) ) ;
#3495 = ORIENTED_EDGE ( 'NONE', *, *, #300, .T. ) ;
#3496 = DIRECTION ( 'NONE',  ( 0.000000000000000000, 0.7071067811865462405, 0.7071067811865486830 ) ) ;
#3497 = FILL_AREA_STYLE_COLOUR ( '', #3270 ) ;
#3498 = EDGE_CURVE ( 'NONE', #1256, #2347, #886, .T. ) ;
#3499 = VECTOR ( 'NONE', #1247, 39.37007874015748143 ) ;
#3500 = CONTEXT_DEPENDENT_SHAPE_REPRESENTATION ( #1784, #2491 ) ;
#3501 = ORIENTED_EDGE ( 'NONE', *, *, #484, .T. ) ;
#3502 = VECTOR ( 'NONE', #96, 39.37007874015748854 ) ;
#3503 = CARTESIAN_POINT ( 'NONE',  ( -0.2600000000000000089, 0.4449999999999998956, 0.06000000000000001166 ) ) ;
#3504 = EDGE_LOOP ( 'NONE', ( #2880, #2404, #2805, #596, #494, #553, #2933, #2906, #2997, #536, #1038, #3385, #1679, #2277, #2937, #1021, #2232, #1079, #2833, #531, #1010, #1723, #3378, #2977 ) ) ;
#3505 = DIRECTION ( 'NONE',  ( 0.000000000000000000, 0.000000000000000000, 1.000000000000000000 ) ) ;
#3506 = CARTESIAN_POINT ( 'NONE',  ( -0.2999999999999999889, 0.01499999999999997689, 0.1000000000000000056 ) ) ;
#3507 = CARTESIAN_POINT ( 'NONE',  ( -0.2449999999999999956, -0.04250000000000016265, 0.01250000000000000069 ) ) ;
#3508 = VERTEX_POINT ( 'NONE', #1850 ) ;
#3509 = ORIENTED_EDGE ( 'NONE', *, *, #2585, .T. ) ;
#3510 = VECTOR ( 'NONE', #258, 39.37007874015748143 ) ;
#3511 = EDGE_LOOP ( 'NONE', ( #3509, #3005, #2799, #1225 ) ) ;
#3512 = CARTESIAN_POINT ( 'NONE',  ( -0.01249999999999994171, -0.02750000000000010075, -0.01250000000000000069 ) ) ;
#3513 = CARTESIAN_POINT ( 'NONE',  ( -0.2600000000000000644, 0.01500000000000000291, 0.1000000000000000472 ) ) ;
#3514 = ORIENTED_EDGE ( 'NONE', *, *, #3244, .F. ) ;
#3515 = LINE ( 'NONE', #3160, #3502 ) ;
#3516 = DIRECTION ( 'NONE',  ( -1.000000000000000000, 0.000000000000000000, 0.000000000000000000 ) ) ;
#3517 = VERTEX_POINT ( 'NONE', #1215 ) ;
#3518 = SHAPE_DEFINITION_REPRESENTATION ( #3133, #82 ) ;
#3519 = AXIS2_PLACEMENT_3D ( 'NONE', #2119, #206, #1299 ) ;
#3520 = ORIENTED_EDGE ( 'NONE', *, *, #3042, .T. ) ;
#3521 = CARTESIAN_POINT ( 'NONE',  ( -0.2600000000000000089, -1.143516480713450578, 0.07000000000000000666 ) ) ;
#3522 = VECTOR ( 'NONE', #745, 39.37007874015748854 ) ;
#3523 = CARTESIAN_POINT ( 'NONE',  ( 0.01250000000000006141, -0.02750000000000010075, -0.01250000000000000069 ) ) ;
#3524 = ADVANCED_FACE ( 'NONE', ( #2031 ), #385, .F. ) ;
#3525 = VERTEX_POINT ( 'NONE', #1492 ) ;
#3526 = ORIENTED_EDGE ( 'NONE', *, *, #114, .F. ) ;
#3527 = EDGE_CURVE ( 'NONE', #2082, #2042, #3277, .T. ) ;
#3528 = CARTESIAN_POINT ( 'NONE',  ( 0.2399999999999999634, 0.3850000000000000089, -0.09800000000000000377 ) ) ;
#3529 = CARTESIAN_POINT ( 'NONE',  ( -0.2449999999999999956, -0.06750000000000017097, 0.01250000000000000069 ) ) ;
#3530 = DIMENSIONAL_EXPONENTS ( 1.000000000000000000, 0.000000000000000000, 0.000000000000000000, 0.000000000000000000, 0.000000000000000000, 0.000000000000000000, 0.000000000000000000 ) ;
#3531 = EDGE_CURVE ( 'NONE', #2243, #2205, #825, .T. ) ;
#3532 = CARTESIAN_POINT ( 'NONE',  ( -0.06000000000000003247, -0.01149110640673522282, -0.1000000000000000056 ) ) ;
#3533 = EDGE_CURVE ( 'NONE', #3170, #1925, #806, .T. ) ;
#3534 = CARTESIAN_POINT ( 'NONE',  ( -0.2600000000000000089, 0.01499999999999999944, 0.07000000000000000666 ) ) ;
#3535 = ORIENTED_EDGE ( 'NONE', *, *, #511, .F. ) ;
#3536 = LINE ( 'NONE', #2533, #1110 ) ;
#3537 = AXIS2_PLACEMENT_3D ( 'NONE', #1238, #2046, #103 ) ;
#3538 = LENGTH_MEASURE_WITH_UNIT ( LENGTH_MEASURE( 0.02539999999999999897 ), #2769 );
#3539 = DIRECTION ( 'NONE',  ( 1.000000000000000000, 0.000000000000000000, -0.000000000000000000 ) ) ;
#3540 = ORIENTED_EDGE ( 'NONE', *, *, #1445, .T. ) ;
#3541 = DIRECTION ( 'NONE',  ( 0.000000000000000000, -1.067128122525103097E-16, 1.000000000000000000 ) ) ;
#3542 = CARTESIAN_POINT ( 'NONE',  ( -0.1499999999999999944, 0.3150000000000000022, -0.1600000000000000033 ) ) ;
#3543 = ORIENTED_EDGE ( 'NONE', *, *, #2287, .F. ) ;
#3544 = CARTESIAN_POINT ( 'NONE',  ( 0.1700000000000000400, 0.1150000000000000050, 0.1000000000000000056 ) ) ;
#3545 = CARTESIAN_POINT ( 'NONE',  ( 0.01250000000000006314, -0.03500000000000008660, 0.01250000000000000069 ) ) ;
#3546 = ADVANCED_FACE ( 'NONE', ( #3286 ), #369, .F. ) ;
#3547 = LINE ( 'NONE', #3377, #1060 ) ;
#3548 = ORIENTED_EDGE ( 'NONE', *, *, #1232, .T. ) ;
#3549 = ADVANCED_FACE ( 'NONE', ( #3253 ), #2066, .F. ) ;
#3550 = DIRECTION ( 'NONE',  ( 0.000000000000000000, -1.000000000000000000, 0.000000000000000000 ) ) ;
#3551 = ORIENTED_EDGE ( 'NONE', *, *, #1305, .T. ) ;
#3552 = EDGE_LOOP ( 'NONE', ( #851, #724, #1291, #1944, #2574, #3306, #675, #239 ) ) ;
#3553 = AXIS2_PLACEMENT_3D ( 'NONE', #1771, #1284, #2121 ) ;
#3554 = CARTESIAN_POINT ( 'NONE',  ( -0.2600000000000000089, 0.1150000000000000050, 0.06000000000000001166 ) ) ;
#3555 = CARTESIAN_POINT ( 'NONE',  ( 0.000000000000000000, 0.4649999999999999689, 0.08000000000000014044 ) ) ;
#3556 = ORIENTED_EDGE ( 'NONE', *, *, #1443, .F. ) ;
#3557 = VECTOR ( 'NONE', #1230, 39.37007874015748143 ) ;
#3558 = ORIENTED_EDGE ( 'NONE', *, *, #20, .T. ) ;
#3559 = CARTESIAN_POINT ( 'NONE',  ( -0.01249999999999996773, -0.07000000000000033973, 0.07000000000000000666 ) ) ;
#3560 = ORIENTED_EDGE ( 'NONE', *, *, #101, .F. ) ;
#3561 = DIRECTION ( 'NONE',  ( 0.000000000000000000, 0.000000000000000000, 1.000000000000000000 ) ) ;
#3562 = ORIENTED_EDGE ( 'NONE', *, *, #3355, .F. ) ;
#3563 = DIRECTION ( 'NONE',  ( 1.000000000000000000, 0.000000000000000000, 0.000000000000000000 ) ) ;
#3564 = EDGE_CURVE ( 'NONE', #1119, #644, #853, .T. ) ;
#3565 = ORIENTED_EDGE ( 'NONE', *, *, #1166, .T. ) ;
#3566 = VECTOR ( 'NONE', #1692, 39.37007874015748143 ) ;
#3567 = DIRECTION ( 'NONE',  ( 0.000000000000000000, 0.000000000000000000, 1.000000000000000000 ) ) ;
#3568 = ORIENTED_EDGE ( 'NONE', *, *, #2400, .F. ) ;
#3569 = DIRECTION ( 'NONE',  ( 0.000000000000000000, 0.000000000000000000, 1.000000000000000000 ) ) ;
#3570 = CARTESIAN_POINT ( 'NONE',  ( -0.2600000000000000089, 0.4449999999999998956, 0.06000000000000001166 ) ) ;
#3571 = AXIS2_PLACEMENT_3D ( 'NONE', #2097, #3003, #1249 ) ;
#3572 = DIRECTION ( 'NONE',  ( -0.000000000000000000, 1.000000000000000000, -0.000000000000000000 ) ) ;
#3573 = ORIENTED_EDGE ( 'NONE', *, *, #1289, .T. ) ;
#3574 = VECTOR ( 'NONE', #2751, 39.37007874015748143 ) ;
#3575 =( NAMED_UNIT ( * ) SI_UNIT ( $, .STERADIAN. ) SOLID_ANGLE_UNIT ( ) );
#3576 = ORIENTED_EDGE ( 'NONE', *, *, #311, .F. ) ;
#3577 = ADVANCED_FACE ( 'NONE', ( #2012 ), #2881, .T. ) ;
#3578 = EDGE_CURVE ( 'NONE', #2452, #2481, #874, .T. ) ;
#3579 = CARTESIAN_POINT ( 'NONE',  ( -0.1874999999999999722, -0.01500000000000008618, 0.07000000000000000666 ) ) ;
#3580 = NEXT_ASSEMBLY_USAGE_OCCURRENCE ( 'NAUO1', ' ', ' ', #1264, #144, $ ) ;
#3581 = NEXT_ASSEMBLY_USAGE_OCCURRENCE ( 'NAUO2', ' ', ' ', #1264, #1704, $ ) ;
#3582 = NEXT_ASSEMBLY_USAGE_OCCURRENCE ( 'NAUO3', ' ', ' ', #1264, #1704, $ ) ;
#3583 = NEXT_ASSEMBLY_USAGE_OCCURRENCE ( 'NAUO4', ' ', ' ', #1264, #1704, $ ) ;
#3584 = NEXT_ASSEMBLY_USAGE_OCCURRENCE ( 'NAUO5', ' ', ' ', #1264, #1704, $ ) ;
#3585 = NEXT_ASSEMBLY_USAGE_OCCURRENCE ( 'NAUO6', ' ', ' ', #1264, #1704, $ ) ;
ENDSEC;
END-ISO-10303-21;
