ISO-10303-21;
HEADER;
FILE_DESCRIPTION(('STEP AP242'),'1');
FILE_NAME('0026605030.stp','2025-01-20T08:13:08',('TraceParts'),('TraceParts S.A.'),'Spatial InterOp 3D',' ',' ');
FILE_SCHEMA(('AP242_MANAGED_MODEL_BASED_3D_ENGINEERING_MIM_LF  {1 0 10303 442 1 1 4}'));
ENDSEC;
DATA;
#1=PRODUCT_DEFINITION_CONTEXT('',#10,'design');
#2=APPLICATION_PROTOCOL_DEFINITION('INTERNATIONAL STANDARD','ap242_managed_model_based_3d_engineering',2014,#10);
#3=PRODUCT_CATEGORY_RELATIONSHIP('NONE','NONE',#11,#12);
#4=SHAPE_DEFINITION_REPRESENTATION(#13,#14);
#5=SHAPE_DEFINITION_REPRESENTATION(#13,#15);
#6= (GEOMETRIC_REPRESENTATION_CONTEXT(3)GLOBAL_UNCERTAINTY_ASSIGNED_CONTEXT((#18))GLOBAL_UNIT_ASSIGNED_CONTEXT((#20,#21,#22))REPRESENTATION_CONTEXT('NONE','WORKSPACE'));
#10=APPLICATION_CONTEXT('managed model based 3d engineering');
#11=PRODUCT_CATEGORY('part','NONE');
#12=PRODUCT_RELATED_PRODUCT_CATEGORY('detail',' ',(#24));
#13=PRODUCT_DEFINITION_SHAPE('NONE','NONE',#25);
#14=ADVANCED_BREP_SHAPE_REPRESENTATION('0026605030_1',(#26,#27),#6);
#15=GEOMETRICALLY_BOUNDED_SURFACE_SHAPE_REPRESENTATION('1',(#28,#29),#6);
#18=UNCERTAINTY_MEASURE_WITH_UNIT(LENGTH_MEASURE(1.0E-06),#20,'','');
#20= (CONVERSION_BASED_UNIT('MILLIMETRE',#32)LENGTH_UNIT()NAMED_UNIT(#35));
#21= (NAMED_UNIT(#37)PLANE_ANGLE_UNIT()SI_UNIT($,.RADIAN.));
#22= (NAMED_UNIT(#37)SOLID_ANGLE_UNIT()SI_UNIT($,.STERADIAN.));
#24=PRODUCT('0026605030_1','0026605030_1','PART-0026605030_1-DESC',(#43));
#25=PRODUCT_DEFINITION('','NONE',#44,#1);
#26=MANIFOLD_SOLID_BREP('0026605030_1',#45);
#27=AXIS2_PLACEMENT_3D('',#46,#47,#48);
#28=GEOMETRIC_SET('1',(#49,#50,#51,#52,#53,#54));
#29=AXIS2_PLACEMENT_3D('',#55,#56,#57);
#32=LENGTH_MEASURE_WITH_UNIT(LENGTH_MEASURE(1.0),#58);
#35=DIMENSIONAL_EXPONENTS(1.0,0.0,0.0,0.0,0.0,0.0,0.0);
#37=DIMENSIONAL_EXPONENTS(0.0,0.0,0.0,0.0,0.0,0.0,0.0);
#43=PRODUCT_CONTEXT('',#10,'mechanical');
#44=PRODUCT_DEFINITION_FORMATION_WITH_SPECIFIED_SOURCE(' ','NONE',#24,.NOT_KNOWN.);
#45=CLOSED_SHELL('',(#59,#60,#61,#62,#63,#64,#65,#66,#67,#68,#69,#70,#71,#72,#73,#74,#75,#76,#77,#78,#79,#80,#81,#82,#83,#84,#85,#86,#87,#88,#89,#90,#91,#92,#93,#94,#95,#96,#97,#98,#99,#100,#101,#102,#103,#104,#105,#106,#107,#108,#109,#110,#111,#112,#113,#114,#115,#116,#117,#118,#119,#120,#121,#122,#123,#124,#125,#126,#127,#128,#129,#130,#131,#132,#133,#134,#135,#136,#137,#138,#139,#140));
#46=CARTESIAN_POINT('',(0.0,0.0,0.0));
#47=DIRECTION('',(0.0,0.0,1.0));
#48=DIRECTION('',(1.0,0.0,0.0));
#49=COMPOSITE_CURVE('0026605030_2',(#141),.U.);
#50=COMPOSITE_CURVE('0026605030_3',(#142),.U.);
#51=COMPOSITE_CURVE('0026605030_4',(#143),.U.);
#52=COMPOSITE_CURVE('0026605030_5',(#144),.U.);
#53=COMPOSITE_CURVE('0026605030_6',(#145),.U.);
#54=COMPOSITE_CURVE('0026605030_7',(#146),.U.);
#55=CARTESIAN_POINT('',(0.0,0.0,0.0));
#56=DIRECTION('',(0.0,0.0,1.0));
#57=DIRECTION('',(1.0,0.0,0.0));
#58= (NAMED_UNIT(#35)LENGTH_UNIT()SI_UNIT(.MILLI.,.METRE.));
#59=ADVANCED_FACE('',(#148),#149,.T.);
#60=ADVANCED_FACE('',(#150),#151,.F.);
#61=ADVANCED_FACE('',(#152,#153,#154,#155),#156,.T.);
#62=ADVANCED_FACE('',(#157),#158,.T.);
#63=ADVANCED_FACE('',(#159),#160,.T.);
#64=ADVANCED_FACE('',(#161),#162,.T.);
#65=ADVANCED_FACE('',(#163),#164,.T.);
#66=ADVANCED_FACE('',(#165),#166,.T.);
#67=ADVANCED_FACE('',(#167),#168,.T.);
#68=ADVANCED_FACE('',(#169),#170,.T.);
#69=ADVANCED_FACE('',(#171),#172,.T.);
#70=ADVANCED_FACE('',(#173),#174,.T.);
#71=ADVANCED_FACE('',(#175),#176,.F.);
#72=ADVANCED_FACE('',(#177),#178,.T.);
#73=ADVANCED_FACE('',(#179),#180,.F.);
#74=ADVANCED_FACE('',(#181),#182,.T.);
#75=ADVANCED_FACE('',(#183),#184,.T.);
#76=ADVANCED_FACE('',(#185),#186,.T.);
#77=ADVANCED_FACE('',(#187),#188,.T.);
#78=ADVANCED_FACE('',(#189),#190,.F.);
#79=ADVANCED_FACE('',(#191),#192,.F.);
#80=ADVANCED_FACE('',(#193),#194,.F.);
#81=ADVANCED_FACE('',(#195),#196,.F.);
#82=ADVANCED_FACE('',(#197),#198,.T.);
#83=ADVANCED_FACE('',(#199),#200,.T.);
#84=ADVANCED_FACE('',(#201),#202,.T.);
#85=ADVANCED_FACE('',(#203),#204,.T.);
#86=ADVANCED_FACE('',(#205,#206,#207,#208),#209,.T.);
#87=ADVANCED_FACE('',(#210),#211,.T.);
#88=ADVANCED_FACE('',(#212),#213,.F.);
#89=ADVANCED_FACE('',(#214),#215,.T.);
#90=ADVANCED_FACE('',(#216),#217,.T.);
#91=ADVANCED_FACE('',(#218),#219,.T.);
#92=ADVANCED_FACE('',(#220),#221,.T.);
#93=ADVANCED_FACE('',(#222),#223,.T.);
#94=ADVANCED_FACE('',(#224),#225,.T.);
#95=ADVANCED_FACE('',(#226),#227,.T.);
#96=ADVANCED_FACE('',(#228),#229,.F.);
#97=ADVANCED_FACE('',(#230),#231,.T.);
#98=ADVANCED_FACE('',(#232),#233,.F.);
#99=ADVANCED_FACE('',(#234),#235,.T.);
#100=ADVANCED_FACE('',(#236),#237,.T.);
#101=ADVANCED_FACE('',(#238),#239,.T.);
#102=ADVANCED_FACE('',(#240),#241,.T.);
#103=ADVANCED_FACE('',(#242),#243,.T.);
#104=ADVANCED_FACE('',(#244),#245,.T.);
#105=ADVANCED_FACE('',(#246),#247,.T.);
#106=ADVANCED_FACE('',(#248),#249,.T.);
#107=ADVANCED_FACE('',(#250),#251,.T.);
#108=ADVANCED_FACE('',(#252),#253,.T.);
#109=ADVANCED_FACE('',(#254),#255,.F.);
#110=ADVANCED_FACE('',(#256),#257,.T.);
#111=ADVANCED_FACE('',(#258),#259,.F.);
#112=ADVANCED_FACE('',(#260),#261,.T.);
#113=ADVANCED_FACE('',(#262),#263,.T.);
#114=ADVANCED_FACE('',(#264),#265,.T.);
#115=ADVANCED_FACE('',(#266),#267,.T.);
#116=ADVANCED_FACE('',(#268),#269,.T.);
#117=ADVANCED_FACE('',(#270),#271,.T.);
#118=ADVANCED_FACE('',(#272),#273,.T.);
#119=ADVANCED_FACE('',(#274),#275,.T.);
#120=ADVANCED_FACE('',(#276),#277,.T.);
#121=ADVANCED_FACE('',(#278),#279,.T.);
#122=ADVANCED_FACE('',(#280),#281,.T.);
#123=ADVANCED_FACE('',(#282),#283,.F.);
#124=ADVANCED_FACE('',(#284),#285,.T.);
#125=ADVANCED_FACE('',(#286),#287,.F.);
#126=ADVANCED_FACE('',(#288),#289,.T.);
#127=ADVANCED_FACE('',(#290),#291,.T.);
#128=ADVANCED_FACE('',(#292),#293,.T.);
#129=ADVANCED_FACE('',(#294),#295,.T.);
#130=ADVANCED_FACE('',(#296),#297,.T.);
#131=ADVANCED_FACE('',(#298),#299,.T.);
#132=ADVANCED_FACE('',(#300),#301,.T.);
#133=ADVANCED_FACE('',(#302),#303,.T.);
#134=ADVANCED_FACE('',(#304),#305,.T.);
#135=ADVANCED_FACE('',(#306),#307,.T.);
#136=ADVANCED_FACE('',(#308),#309,.T.);
#137=ADVANCED_FACE('',(#310),#311,.F.);
#138=ADVANCED_FACE('',(#312),#313,.T.);
#139=ADVANCED_FACE('',(#314),#315,.F.);
#140=ADVANCED_FACE('',(#316),#317,.T.);
#141=COMPOSITE_CURVE_SEGMENT(.CONTINUOUS.,.T.,#318);
#142=COMPOSITE_CURVE_SEGMENT(.CONTINUOUS.,.T.,#319);
#143=COMPOSITE_CURVE_SEGMENT(.CONTINUOUS.,.T.,#320);
#144=COMPOSITE_CURVE_SEGMENT(.CONTINUOUS.,.T.,#321);
#145=COMPOSITE_CURVE_SEGMENT(.CONTINUOUS.,.T.,#322);
#146=COMPOSITE_CURVE_SEGMENT(.CONTINUOUS.,.T.,#323);
#148=FACE_OUTER_BOUND('',#324,.T.);
#149=CYLINDRICAL_SURFACE('',#325,1.905);
#150=FACE_OUTER_BOUND('',#326,.T.);
#151=PLANE('',#327);
#152=FACE_OUTER_BOUND('',#328,.T.);
#153=FACE_BOUND('',#329,.T.);
#154=FACE_BOUND('',#330,.T.);
#155=FACE_BOUND('',#331,.T.);
#156=PLANE('',#332);
#157=FACE_OUTER_BOUND('',#333,.T.);
#158=PLANE('',#334);
#159=FACE_OUTER_BOUND('',#335,.T.);
#160=PLANE('',#336);
#161=FACE_OUTER_BOUND('',#337,.T.);
#162=PLANE('',#338);
#163=FACE_OUTER_BOUND('',#339,.T.);
#164=PLANE('',#340);
#165=FACE_OUTER_BOUND('',#341,.T.);
#166=PLANE('',#342);
#167=FACE_OUTER_BOUND('',#343,.T.);
#168=PLANE('',#344);
#169=FACE_OUTER_BOUND('',#345,.T.);
#170=PLANE('',#346);
#171=FACE_OUTER_BOUND('',#347,.T.);
#172=PLANE('',#348);
#173=FACE_OUTER_BOUND('',#349,.T.);
#174=PLANE('',#350);
#175=FACE_OUTER_BOUND('',#351,.T.);
#176=PLANE('',#352);
#177=FACE_OUTER_BOUND('',#353,.T.);
#178=PLANE('',#354);
#179=FACE_OUTER_BOUND('',#355,.T.);
#180=PLANE('',#356);
#181=FACE_OUTER_BOUND('',#357,.T.);
#182=PLANE('',#358);
#183=FACE_OUTER_BOUND('',#359,.T.);
#184=PLANE('',#360);
#185=FACE_OUTER_BOUND('',#361,.T.);
#186=PLANE('',#362);
#187=FACE_OUTER_BOUND('',#363,.T.);
#188=PLANE('',#364);
#189=FACE_OUTER_BOUND('',#365,.T.);
#190=PLANE('',#366);
#191=FACE_OUTER_BOUND('',#367,.T.);
#192=PLANE('',#368);
#193=FACE_OUTER_BOUND('',#369,.T.);
#194=PLANE('',#370);
#195=FACE_OUTER_BOUND('',#371,.T.);
#196=PLANE('',#372);
#197=FACE_OUTER_BOUND('',#373,.T.);
#198=PLANE('',#374);
#199=FACE_OUTER_BOUND('',#375,.T.);
#200=PLANE('',#376);
#201=FACE_OUTER_BOUND('',#377,.T.);
#202=PLANE('',#378);
#203=FACE_OUTER_BOUND('',#379,.T.);
#204=PLANE('',#380);
#205=FACE_OUTER_BOUND('',#381,.T.);
#206=FACE_BOUND('',#382,.T.);
#207=FACE_BOUND('',#383,.T.);
#208=FACE_BOUND('',#384,.T.);
#209=PLANE('',#385);
#210=FACE_OUTER_BOUND('',#386,.T.);
#211=PLANE('',#387);
#212=FACE_OUTER_BOUND('',#388,.T.);
#213=PLANE('',#389);
#214=FACE_OUTER_BOUND('',#390,.T.);
#215=PLANE('',#391);
#216=FACE_OUTER_BOUND('',#392,.T.);
#217=CYLINDRICAL_SURFACE('',#393,1.905);
#218=FACE_OUTER_BOUND('',#394,.T.);
#219=PLANE('',#395);
#220=FACE_OUTER_BOUND('',#396,.T.);
#221=PLANE('',#397);
#222=FACE_OUTER_BOUND('',#398,.T.);
#223=PLANE('',#399);
#224=FACE_OUTER_BOUND('',#400,.T.);
#225=CYLINDRICAL_SURFACE('',#401,1.905);
#226=FACE_OUTER_BOUND('',#402,.T.);
#227=PLANE('',#403);
#228=FACE_OUTER_BOUND('',#404,.T.);
#229=CYLINDRICAL_SURFACE('',#405,1.905);
#230=FACE_OUTER_BOUND('',#406,.T.);
#231=PLANE('',#407);
#232=FACE_OUTER_BOUND('',#408,.T.);
#233=CYLINDRICAL_SURFACE('',#409,0.635);
#234=FACE_OUTER_BOUND('',#410,.T.);
#235=PLANE('',#411);
#236=FACE_OUTER_BOUND('',#412,.T.);
#237=PLANE('',#413);
#238=FACE_OUTER_BOUND('',#414,.T.);
#239=PLANE('',#415);
#240=FACE_OUTER_BOUND('',#416,.T.);
#241=PLANE('',#417);
#242=FACE_OUTER_BOUND('',#418,.T.);
#243=PLANE('',#419);
#244=FACE_OUTER_BOUND('',#420,.T.);
#245=PLANE('',#421);
#246=FACE_OUTER_BOUND('',#422,.T.);
#247=PLANE('',#423);
#248=FACE_OUTER_BOUND('',#424,.T.);
#249=PLANE('',#425);
#250=FACE_OUTER_BOUND('',#426,.T.);
#251=CYLINDRICAL_SURFACE('',#427,3.0607);
#252=FACE_OUTER_BOUND('',#428,.T.);
#253=PLANE('',#429);
#254=FACE_OUTER_BOUND('',#430,.T.);
#255=PLANE('',#431);
#256=FACE_OUTER_BOUND('',#432,.T.);
#257=PLANE('',#433);
#258=FACE_OUTER_BOUND('',#434,.T.);
#259=CYLINDRICAL_SURFACE('',#435,1.9177);
#260=FACE_OUTER_BOUND('',#436,.T.);
#261=PLANE('',#437);
#262=FACE_OUTER_BOUND('',#438,.T.);
#263=PLANE('',#439);
#264=FACE_OUTER_BOUND('',#440,.T.);
#265=PLANE('',#441);
#266=FACE_OUTER_BOUND('',#442,.T.);
#267=PLANE('',#443);
#268=FACE_OUTER_BOUND('',#444,.T.);
#269=PLANE('',#445);
#270=FACE_OUTER_BOUND('',#446,.T.);
#271=PLANE('',#447);
#272=FACE_OUTER_BOUND('',#448,.T.);
#273=PLANE('',#449);
#274=FACE_OUTER_BOUND('',#450,.T.);
#275=PLANE('',#451);
#276=FACE_OUTER_BOUND('',#452,.T.);
#277=PLANE('',#453);
#278=FACE_OUTER_BOUND('',#454,.T.);
#279=CYLINDRICAL_SURFACE('',#455,3.0607);
#280=FACE_OUTER_BOUND('',#456,.T.);
#281=PLANE('',#457);
#282=FACE_OUTER_BOUND('',#458,.T.);
#283=PLANE('',#459);
#284=FACE_OUTER_BOUND('',#460,.T.);
#285=PLANE('',#461);
#286=FACE_OUTER_BOUND('',#462,.T.);
#287=CYLINDRICAL_SURFACE('',#463,1.9177);
#288=FACE_OUTER_BOUND('',#464,.T.);
#289=PLANE('',#465);
#290=FACE_OUTER_BOUND('',#466,.T.);
#291=PLANE('',#467);
#292=FACE_OUTER_BOUND('',#468,.T.);
#293=PLANE('',#469);
#294=FACE_OUTER_BOUND('',#470,.T.);
#295=PLANE('',#471);
#296=FACE_OUTER_BOUND('',#472,.T.);
#297=PLANE('',#473);
#298=FACE_OUTER_BOUND('',#474,.T.);
#299=PLANE('',#475);
#300=FACE_OUTER_BOUND('',#476,.T.);
#301=PLANE('',#477);
#302=FACE_OUTER_BOUND('',#478,.T.);
#303=PLANE('',#479);
#304=FACE_OUTER_BOUND('',#480,.T.);
#305=PLANE('',#481);
#306=FACE_OUTER_BOUND('',#482,.T.);
#307=CYLINDRICAL_SURFACE('',#483,3.0607);
#308=FACE_OUTER_BOUND('',#484,.T.);
#309=PLANE('',#485);
#310=FACE_OUTER_BOUND('',#486,.T.);
#311=PLANE('',#487);
#312=FACE_OUTER_BOUND('',#488,.T.);
#313=PLANE('',#489);
#314=FACE_OUTER_BOUND('',#490,.T.);
#315=CYLINDRICAL_SURFACE('',#491,1.9177);
#316=FACE_OUTER_BOUND('',#492,.T.);
#317=PLANE('',#493);
#318=TRIMMED_CURVE('',#494,(PARAMETER_VALUE(0.0)),(PARAMETER_VALUE(3.1415926535892)),.T.,.UNSPECIFIED.);
#319=TRIMMED_CURVE('',#495,(PARAMETER_VALUE(0.0)),(PARAMETER_VALUE(3.1415926535892)),.T.,.UNSPECIFIED.);
#320=TRIMMED_CURVE('',#496,(PARAMETER_VALUE(0.0)),(PARAMETER_VALUE(3.1415926535892)),.T.,.UNSPECIFIED.);
#321=TRIMMED_CURVE('',#497,(PARAMETER_VALUE(0.0)),(PARAMETER_VALUE(3.1415926535892)),.T.,.UNSPECIFIED.);
#322=TRIMMED_CURVE('',#498,(PARAMETER_VALUE(0.0)),(PARAMETER_VALUE(3.1415926535892)),.T.,.UNSPECIFIED.);
#323=TRIMMED_CURVE('',#499,(PARAMETER_VALUE(0.0)),(PARAMETER_VALUE(3.1415926535892)),.T.,.UNSPECIFIED.);
#324=EDGE_LOOP('',(#500,#501,#502,#503));
#325=AXIS2_PLACEMENT_3D('',#504,#505,#506);
#326=EDGE_LOOP('',(#507,#508,#509,#510,#511,#512,#513,#514,#515,#516));
#327=AXIS2_PLACEMENT_3D('',#517,#518,#519);
#328=EDGE_LOOP('',(#520,#521,#522,#523,#524,#525,#526,#527,#528,#529,#530,#531,#532,#533,#534,#535,#536,#537));
#329=EDGE_LOOP('',(#538,#539,#540,#541));
#330=EDGE_LOOP('',(#542,#543,#544,#545));
#331=EDGE_LOOP('',(#546,#547,#548,#549));
#332=AXIS2_PLACEMENT_3D('',#550,#551,#552);
#333=EDGE_LOOP('',(#553,#554,#555,#556));
#334=AXIS2_PLACEMENT_3D('',#557,#558,#559);
#335=EDGE_LOOP('',(#560,#561,#562,#563,#564,#565,#566,#567,#568,#569,#570,#571,#572,#573));
#336=AXIS2_PLACEMENT_3D('',#574,#575,#576);
#337=EDGE_LOOP('',(#577,#578,#579,#580));
#338=AXIS2_PLACEMENT_3D('',#581,#582,#583);
#339=EDGE_LOOP('',(#584,#585,#586,#587));
#340=AXIS2_PLACEMENT_3D('',#588,#589,#590);
#341=EDGE_LOOP('',(#591,#592,#593,#594,#595,#596,#597,#598,#599,#600));
#342=AXIS2_PLACEMENT_3D('',#601,#602,#603);
#343=EDGE_LOOP('',(#604,#605,#606,#607));
#344=AXIS2_PLACEMENT_3D('',#608,#609,#610);
#345=EDGE_LOOP('',(#611,#612,#613,#614));
#346=AXIS2_PLACEMENT_3D('',#615,#616,#617);
#347=EDGE_LOOP('',(#618,#619,#620,#621));
#348=AXIS2_PLACEMENT_3D('',#622,#623,#624);
#349=EDGE_LOOP('',(#625,#626,#627,#628));
#350=AXIS2_PLACEMENT_3D('',#629,#630,#631);
#351=EDGE_LOOP('',(#632,#633,#634,#635));
#352=AXIS2_PLACEMENT_3D('',#636,#637,#638);
#353=EDGE_LOOP('',(#639,#640,#641,#642,#643,#644,#645,#646,#647,#648,#649,#650,#651,#652,#653,#654));
#354=AXIS2_PLACEMENT_3D('',#655,#656,#657);
#355=EDGE_LOOP('',(#658,#659,#660,#661));
#356=AXIS2_PLACEMENT_3D('',#662,#663,#664);
#357=EDGE_LOOP('',(#665,#666,#667,#668));
#358=AXIS2_PLACEMENT_3D('',#669,#670,#671);
#359=EDGE_LOOP('',(#672,#673,#674,#675));
#360=AXIS2_PLACEMENT_3D('',#676,#677,#678);
#361=EDGE_LOOP('',(#679,#680,#681,#682));
#362=AXIS2_PLACEMENT_3D('',#683,#684,#685);
#363=EDGE_LOOP('',(#686,#687,#688,#689));
#364=AXIS2_PLACEMENT_3D('',#690,#691,#692);
#365=EDGE_LOOP('',(#693,#694,#695,#696));
#366=AXIS2_PLACEMENT_3D('',#697,#698,#699);
#367=EDGE_LOOP('',(#700,#701,#702,#703));
#368=AXIS2_PLACEMENT_3D('',#704,#705,#706);
#369=EDGE_LOOP('',(#707,#708,#709,#710));
#370=AXIS2_PLACEMENT_3D('',#711,#712,#713);
#371=EDGE_LOOP('',(#714,#715,#716,#717));
#372=AXIS2_PLACEMENT_3D('',#718,#719,#720);
#373=EDGE_LOOP('',(#721,#722,#723,#724));
#374=AXIS2_PLACEMENT_3D('',#725,#726,#727);
#375=EDGE_LOOP('',(#728,#729,#730,#731));
#376=AXIS2_PLACEMENT_3D('',#732,#733,#734);
#377=EDGE_LOOP('',(#735,#736,#737,#738));
#378=AXIS2_PLACEMENT_3D('',#739,#740,#741);
#379=EDGE_LOOP('',(#742,#743,#744,#745));
#380=AXIS2_PLACEMENT_3D('',#746,#747,#748);
#381=EDGE_LOOP('',(#749,#750,#751,#752,#753,#754));
#382=EDGE_LOOP('',(#755,#756,#757,#758));
#383=EDGE_LOOP('',(#759,#760,#761,#762));
#384=EDGE_LOOP('',(#763,#764,#765,#766));
#385=AXIS2_PLACEMENT_3D('',#767,#768,#769);
#386=EDGE_LOOP('',(#770,#771,#772,#773));
#387=AXIS2_PLACEMENT_3D('',#774,#775,#776);
#388=EDGE_LOOP('',(#777,#778,#779,#780,#781,#782,#783,#784,#785,#786,#787,#788,#789,#790));
#389=AXIS2_PLACEMENT_3D('',#791,#792,#793);
#390=EDGE_LOOP('',(#794,#795,#796,#797));
#391=AXIS2_PLACEMENT_3D('',#798,#799,#800);
#392=EDGE_LOOP('',(#801,#802,#803,#804));
#393=AXIS2_PLACEMENT_3D('',#805,#806,#807);
#394=EDGE_LOOP('',(#808,#809,#810,#811));
#395=AXIS2_PLACEMENT_3D('',#812,#813,#814);
#396=EDGE_LOOP('',(#815,#816,#817,#818));
#397=AXIS2_PLACEMENT_3D('',#819,#820,#821);
#398=EDGE_LOOP('',(#822,#823,#824,#825));
#399=AXIS2_PLACEMENT_3D('',#826,#827,#828);
#400=EDGE_LOOP('',(#829,#830,#831,#832));
#401=AXIS2_PLACEMENT_3D('',#833,#834,#835);
#402=EDGE_LOOP('',(#836,#837,#838,#839));
#403=AXIS2_PLACEMENT_3D('',#840,#841,#842);
#404=EDGE_LOOP('',(#843,#844,#845,#846));
#405=AXIS2_PLACEMENT_3D('',#847,#848,#849);
#406=EDGE_LOOP('',(#850,#851,#852,#853));
#407=AXIS2_PLACEMENT_3D('',#854,#855,#856);
#408=EDGE_LOOP('',(#857,#858,#859,#860));
#409=AXIS2_PLACEMENT_3D('',#861,#862,#863);
#410=EDGE_LOOP('',(#864,#865,#866,#867,#868,#869,#870,#871));
#411=AXIS2_PLACEMENT_3D('',#872,#873,#874);
#412=EDGE_LOOP('',(#875,#876,#877,#878));
#413=AXIS2_PLACEMENT_3D('',#879,#880,#881);
#414=EDGE_LOOP('',(#882,#883,#884,#885));
#415=AXIS2_PLACEMENT_3D('',#886,#887,#888);
#416=EDGE_LOOP('',(#889,#890,#891,#892));
#417=AXIS2_PLACEMENT_3D('',#893,#894,#895);
#418=EDGE_LOOP('',(#896,#897,#898,#899,#900,#901,#902,#903));
#419=AXIS2_PLACEMENT_3D('',#904,#905,#906);
#420=EDGE_LOOP('',(#907,#908,#909,#910));
#421=AXIS2_PLACEMENT_3D('',#911,#912,#913);
#422=EDGE_LOOP('',(#914,#915,#916,#917));
#423=AXIS2_PLACEMENT_3D('',#918,#919,#920);
#424=EDGE_LOOP('',(#921,#922,#923,#924));
#425=AXIS2_PLACEMENT_3D('',#925,#926,#927);
#426=EDGE_LOOP('',(#928,#929,#930,#931));
#427=AXIS2_PLACEMENT_3D('',#932,#933,#934);
#428=EDGE_LOOP('',(#935,#936,#937,#938));
#429=AXIS2_PLACEMENT_3D('',#939,#940,#941);
#430=EDGE_LOOP('',(#942,#943,#944,#945));
#431=AXIS2_PLACEMENT_3D('',#946,#947,#948);
#432=EDGE_LOOP('',(#949,#950,#951,#952));
#433=AXIS2_PLACEMENT_3D('',#953,#954,#955);
#434=EDGE_LOOP('',(#956,#957,#958,#959));
#435=AXIS2_PLACEMENT_3D('',#960,#961,#962);
#436=EDGE_LOOP('',(#963,#964,#965,#966));
#437=AXIS2_PLACEMENT_3D('',#967,#968,#969);
#438=EDGE_LOOP('',(#970,#971,#972,#973,#974,#975,#976,#977));
#439=AXIS2_PLACEMENT_3D('',#978,#979,#980);
#440=EDGE_LOOP('',(#981,#982,#983,#984));
#441=AXIS2_PLACEMENT_3D('',#985,#986,#987);
#442=EDGE_LOOP('',(#988,#989,#990,#991));
#443=AXIS2_PLACEMENT_3D('',#992,#993,#994);
#444=EDGE_LOOP('',(#995,#996,#997,#998));
#445=AXIS2_PLACEMENT_3D('',#999,#1000,#1001);
#446=EDGE_LOOP('',(#1002,#1003,#1004,#1005,#1006,#1007,#1008,#1009));
#447=AXIS2_PLACEMENT_3D('',#1010,#1011,#1012);
#448=EDGE_LOOP('',(#1013,#1014,#1015,#1016));
#449=AXIS2_PLACEMENT_3D('',#1017,#1018,#1019);
#450=EDGE_LOOP('',(#1020,#1021,#1022,#1023));
#451=AXIS2_PLACEMENT_3D('',#1024,#1025,#1026);
#452=EDGE_LOOP('',(#1027,#1028,#1029,#1030));
#453=AXIS2_PLACEMENT_3D('',#1031,#1032,#1033);
#454=EDGE_LOOP('',(#1034,#1035,#1036,#1037));
#455=AXIS2_PLACEMENT_3D('',#1038,#1039,#1040);
#456=EDGE_LOOP('',(#1041,#1042,#1043,#1044));
#457=AXIS2_PLACEMENT_3D('',#1045,#1046,#1047);
#458=EDGE_LOOP('',(#1048,#1049,#1050,#1051));
#459=AXIS2_PLACEMENT_3D('',#1052,#1053,#1054);
#460=EDGE_LOOP('',(#1055,#1056,#1057,#1058));
#461=AXIS2_PLACEMENT_3D('',#1059,#1060,#1061);
#462=EDGE_LOOP('',(#1062,#1063,#1064,#1065));
#463=AXIS2_PLACEMENT_3D('',#1066,#1067,#1068);
#464=EDGE_LOOP('',(#1069,#1070,#1071,#1072));
#465=AXIS2_PLACEMENT_3D('',#1073,#1074,#1075);
#466=EDGE_LOOP('',(#1076,#1077,#1078,#1079,#1080,#1081,#1082,#1083));
#467=AXIS2_PLACEMENT_3D('',#1084,#1085,#1086);
#468=EDGE_LOOP('',(#1087,#1088,#1089,#1090));
#469=AXIS2_PLACEMENT_3D('',#1091,#1092,#1093);
#470=EDGE_LOOP('',(#1094,#1095,#1096,#1097));
#471=AXIS2_PLACEMENT_3D('',#1098,#1099,#1100);
#472=EDGE_LOOP('',(#1101,#1102,#1103,#1104));
#473=AXIS2_PLACEMENT_3D('',#1105,#1106,#1107);
#474=EDGE_LOOP('',(#1108,#1109,#1110,#1111,#1112,#1113,#1114,#1115));
#475=AXIS2_PLACEMENT_3D('',#1116,#1117,#1118);
#476=EDGE_LOOP('',(#1119,#1120,#1121,#1122));
#477=AXIS2_PLACEMENT_3D('',#1123,#1124,#1125);
#478=EDGE_LOOP('',(#1126,#1127,#1128,#1129));
#479=AXIS2_PLACEMENT_3D('',#1130,#1131,#1132);
#480=EDGE_LOOP('',(#1133,#1134,#1135,#1136));
#481=AXIS2_PLACEMENT_3D('',#1137,#1138,#1139);
#482=EDGE_LOOP('',(#1140,#1141,#1142,#1143));
#483=AXIS2_PLACEMENT_3D('',#1144,#1145,#1146);
#484=EDGE_LOOP('',(#1147,#1148,#1149,#1150));
#485=AXIS2_PLACEMENT_3D('',#1151,#1152,#1153);
#486=EDGE_LOOP('',(#1154,#1155,#1156,#1157));
#487=AXIS2_PLACEMENT_3D('',#1158,#1159,#1160);
#488=EDGE_LOOP('',(#1161,#1162,#1163,#1164));
#489=AXIS2_PLACEMENT_3D('',#1165,#1166,#1167);
#490=EDGE_LOOP('',(#1168,#1169,#1170,#1171));
#491=AXIS2_PLACEMENT_3D('',#1172,#1173,#1174);
#492=EDGE_LOOP('',(#1175,#1176,#1177,#1178));
#493=AXIS2_PLACEMENT_3D('',#1179,#1180,#1181);
#494=CIRCLE('',#1182,0.8509);
#495=CIRCLE('',#1183,0.8509);
#496=CIRCLE('',#1184,0.8509);
#497=CIRCLE('',#1185,0.8509);
#498=CIRCLE('',#1186,0.8509);
#499=CIRCLE('',#1187,0.8509);
#500=ORIENTED_EDGE('',*,*,#1188,.F.);
#501=ORIENTED_EDGE('',*,*,#1189,.F.);
#502=ORIENTED_EDGE('',*,*,#1190,.T.);
#503=ORIENTED_EDGE('',*,*,#1191,.T.);
#504=CARTESIAN_POINT('',(3.9624,6.1722,-5.9817));
#505=DIRECTION('',(-1.0,0.0,-0.0));
#506=DIRECTION('',(0.0,0.0,-1.0));
#507=ORIENTED_EDGE('',*,*,#1192,.F.);
#508=ORIENTED_EDGE('',*,*,#1193,.F.);
#509=ORIENTED_EDGE('',*,*,#1194,.F.);
#510=ORIENTED_EDGE('',*,*,#1195,.F.);
#511=ORIENTED_EDGE('',*,*,#1196,.F.);
#512=ORIENTED_EDGE('',*,*,#1197,.F.);
#513=ORIENTED_EDGE('',*,*,#1198,.F.);
#514=ORIENTED_EDGE('',*,*,#1199,.F.);
#515=ORIENTED_EDGE('',*,*,#1200,.F.);
#516=ORIENTED_EDGE('',*,*,#1201,.F.);
#517=CARTESIAN_POINT('',(-5.8674,0.0,0.0));
#518=DIRECTION('',(1.0,0.0,0.0));
#519=DIRECTION('',(0.0,1.0,0.0));
#520=ORIENTED_EDGE('',*,*,#1202,.T.);
#521=ORIENTED_EDGE('',*,*,#1203,.F.);
#522=ORIENTED_EDGE('',*,*,#1204,.F.);
#523=ORIENTED_EDGE('',*,*,#1205,.F.);
#524=ORIENTED_EDGE('',*,*,#1206,.T.);
#525=ORIENTED_EDGE('',*,*,#1207,.T.);
#526=ORIENTED_EDGE('',*,*,#1208,.F.);
#527=ORIENTED_EDGE('',*,*,#1209,.F.);
#528=ORIENTED_EDGE('',*,*,#1210,.T.);
#529=ORIENTED_EDGE('',*,*,#1211,.T.);
#530=ORIENTED_EDGE('',*,*,#1212,.F.);
#531=ORIENTED_EDGE('',*,*,#1213,.F.);
#532=ORIENTED_EDGE('',*,*,#1214,.T.);
#533=ORIENTED_EDGE('',*,*,#1215,.T.);
#534=ORIENTED_EDGE('',*,*,#1216,.F.);
#535=ORIENTED_EDGE('',*,*,#1201,.T.);
#536=ORIENTED_EDGE('',*,*,#1217,.T.);
#537=ORIENTED_EDGE('',*,*,#1218,.T.);
#538=ORIENTED_EDGE('',*,*,#1219,.T.);
#539=ORIENTED_EDGE('',*,*,#1220,.T.);
#540=ORIENTED_EDGE('',*,*,#1221,.T.);
#541=ORIENTED_EDGE('',*,*,#1222,.F.);
#542=ORIENTED_EDGE('',*,*,#1223,.T.);
#543=ORIENTED_EDGE('',*,*,#1224,.T.);
#544=ORIENTED_EDGE('',*,*,#1225,.T.);
#545=ORIENTED_EDGE('',*,*,#1226,.F.);
#546=ORIENTED_EDGE('',*,*,#1227,.T.);
#547=ORIENTED_EDGE('',*,*,#1228,.T.);
#548=ORIENTED_EDGE('',*,*,#1229,.T.);
#549=ORIENTED_EDGE('',*,*,#1230,.F.);
#550=CARTESIAN_POINT('',(-5.8674,-1.27,1.9177));
#551=DIRECTION('',(0.0,-1.0,0.0));
#552=DIRECTION('',(0.0,0.0,-1.0));
#553=ORIENTED_EDGE('',*,*,#1231,.T.);
#554=ORIENTED_EDGE('',*,*,#1232,.F.);
#555=ORIENTED_EDGE('',*,*,#1233,.F.);
#556=ORIENTED_EDGE('',*,*,#1218,.F.);
#557=CARTESIAN_POINT('',(3.9624,1.27,-3.4417));
#558=DIRECTION('',(0.0,0.0,1.0));
#559=DIRECTION('',(1.0,0.0,0.0));
#560=ORIENTED_EDGE('',*,*,#1233,.T.);
#561=ORIENTED_EDGE('',*,*,#1234,.T.);
#562=ORIENTED_EDGE('',*,*,#1235,.T.);
#563=ORIENTED_EDGE('',*,*,#1236,.T.);
#564=ORIENTED_EDGE('',*,*,#1237,.T.);
#565=ORIENTED_EDGE('',*,*,#1238,.T.);
#566=ORIENTED_EDGE('',*,*,#1189,.T.);
#567=ORIENTED_EDGE('',*,*,#1239,.T.);
#568=ORIENTED_EDGE('',*,*,#1240,.T.);
#569=ORIENTED_EDGE('',*,*,#1241,.T.);
#570=ORIENTED_EDGE('',*,*,#1242,.T.);
#571=ORIENTED_EDGE('',*,*,#1243,.T.);
#572=ORIENTED_EDGE('',*,*,#1244,.T.);
#573=ORIENTED_EDGE('',*,*,#1245,.F.);
#574=CARTESIAN_POINT('',(3.9624,0.0,0.0));
#575=DIRECTION('',(1.0,0.0,0.0));
#576=DIRECTION('',(0.0,1.0,0.0));
#577=ORIENTED_EDGE('',*,*,#1246,.T.);
#578=ORIENTED_EDGE('',*,*,#1247,.F.);
#579=ORIENTED_EDGE('',*,*,#1202,.F.);
#580=ORIENTED_EDGE('',*,*,#1245,.T.);
#581=CARTESIAN_POINT('',(-5.8674,-1.27,-3.4417));
#582=DIRECTION('',(0.0,0.0,-1.0));
#583=DIRECTION('',(0.0,-1.0,0.0));
#584=ORIENTED_EDGE('',*,*,#1217,.F.);
#585=ORIENTED_EDGE('',*,*,#1200,.T.);
#586=ORIENTED_EDGE('',*,*,#1248,.T.);
#587=ORIENTED_EDGE('',*,*,#1249,.F.);
#588=CARTESIAN_POINT('',(-5.8674,-1.27,-3.4417));
#589=DIRECTION('',(0.0,0.0,-1.0));
#590=DIRECTION('',(0.0,-1.0,0.0));
#591=ORIENTED_EDGE('',*,*,#1247,.T.);
#592=ORIENTED_EDGE('',*,*,#1250,.T.);
#593=ORIENTED_EDGE('',*,*,#1251,.T.);
#594=ORIENTED_EDGE('',*,*,#1252,.T.);
#595=ORIENTED_EDGE('',*,*,#1253,.T.);
#596=ORIENTED_EDGE('',*,*,#1254,.T.);
#597=ORIENTED_EDGE('',*,*,#1255,.T.);
#598=ORIENTED_EDGE('',*,*,#1256,.T.);
#599=ORIENTED_EDGE('',*,*,#1257,.T.);
#600=ORIENTED_EDGE('',*,*,#1203,.T.);
#601=CARTESIAN_POINT('',(5.8674,0.0,0.0));
#602=DIRECTION('',(1.0,0.0,0.0));
#603=DIRECTION('',(0.0,1.0,0.0));
#604=ORIENTED_EDGE('',*,*,#1204,.T.);
#605=ORIENTED_EDGE('',*,*,#1257,.F.);
#606=ORIENTED_EDGE('',*,*,#1258,.F.);
#607=ORIENTED_EDGE('',*,*,#1259,.T.);
#608=CARTESIAN_POINT('',(-5.8674,-2.032,1.9177));
#609=DIRECTION('',(0.0,0.0,-1.0));
#610=DIRECTION('',(0.0,-1.0,0.0));
#611=ORIENTED_EDGE('',*,*,#1208,.T.);
#612=ORIENTED_EDGE('',*,*,#1260,.F.);
#613=ORIENTED_EDGE('',*,*,#1261,.F.);
#614=ORIENTED_EDGE('',*,*,#1262,.T.);
#615=CARTESIAN_POINT('',(-5.8674,-2.032,1.9177));
#616=DIRECTION('',(0.0,0.0,-1.0));
#617=DIRECTION('',(0.0,-1.0,0.0));
#618=ORIENTED_EDGE('',*,*,#1263,.F.);
#619=ORIENTED_EDGE('',*,*,#1192,.T.);
#620=ORIENTED_EDGE('',*,*,#1216,.T.);
#621=ORIENTED_EDGE('',*,*,#1264,.F.);
#622=CARTESIAN_POINT('',(-5.8674,-2.032,1.9177));
#623=DIRECTION('',(0.0,0.0,-1.0));
#624=DIRECTION('',(0.0,-1.0,0.0));
#625=ORIENTED_EDGE('',*,*,#1212,.T.);
#626=ORIENTED_EDGE('',*,*,#1265,.F.);
#627=ORIENTED_EDGE('',*,*,#1266,.F.);
#628=ORIENTED_EDGE('',*,*,#1267,.T.);
#629=CARTESIAN_POINT('',(-5.8674,-2.032,1.9177));
#630=DIRECTION('',(0.0,0.0,-1.0));
#631=DIRECTION('',(0.0,-1.0,0.0));
#632=ORIENTED_EDGE('',*,*,#1205,.T.);
#633=ORIENTED_EDGE('',*,*,#1259,.F.);
#634=ORIENTED_EDGE('',*,*,#1268,.F.);
#635=ORIENTED_EDGE('',*,*,#1269,.T.);
#636=CARTESIAN_POINT('',(5.2832,-2.032,3.4417));
#637=DIRECTION('',(1.0,0.0,0.0));
#638=DIRECTION('',(0.0,1.0,0.0));
#639=ORIENTED_EDGE('',*,*,#1214,.F.);
#640=ORIENTED_EDGE('',*,*,#1270,.F.);
#641=ORIENTED_EDGE('',*,*,#1271,.T.);
#642=ORIENTED_EDGE('',*,*,#1272,.T.);
#643=ORIENTED_EDGE('',*,*,#1210,.F.);
#644=ORIENTED_EDGE('',*,*,#1273,.F.);
#645=ORIENTED_EDGE('',*,*,#1274,.T.);
#646=ORIENTED_EDGE('',*,*,#1275,.T.);
#647=ORIENTED_EDGE('',*,*,#1206,.F.);
#648=ORIENTED_EDGE('',*,*,#1269,.F.);
#649=ORIENTED_EDGE('',*,*,#1276,.T.);
#650=ORIENTED_EDGE('',*,*,#1255,.F.);
#651=ORIENTED_EDGE('',*,*,#1277,.F.);
#652=ORIENTED_EDGE('',*,*,#1194,.T.);
#653=ORIENTED_EDGE('',*,*,#1278,.T.);
#654=ORIENTED_EDGE('',*,*,#1279,.T.);
#655=CARTESIAN_POINT('',(-5.8674,-0.693940905122526,3.4417));
#656=DIRECTION('',(0.0,0.0,1.0));
#657=DIRECTION('',(1.0,0.0,0.0));
#658=ORIENTED_EDGE('',*,*,#1280,.T.);
#659=ORIENTED_EDGE('',*,*,#1264,.T.);
#660=ORIENTED_EDGE('',*,*,#1215,.F.);
#661=ORIENTED_EDGE('',*,*,#1279,.F.);
#662=CARTESIAN_POINT('',(-5.2832,-1.27,3.4417));
#663=DIRECTION('',(-1.0,0.0,0.0));
#664=DIRECTION('',(0.0,0.0,1.0));
#665=ORIENTED_EDGE('',*,*,#1258,.T.);
#666=ORIENTED_EDGE('',*,*,#1256,.F.);
#667=ORIENTED_EDGE('',*,*,#1276,.F.);
#668=ORIENTED_EDGE('',*,*,#1268,.T.);
#669=CARTESIAN_POINT('',(-5.8674,-2.032,3.4417));
#670=DIRECTION('',(0.0,-1.0,0.0));
#671=DIRECTION('',(0.0,0.0,-1.0));
#672=ORIENTED_EDGE('',*,*,#1261,.T.);
#673=ORIENTED_EDGE('',*,*,#1281,.F.);
#674=ORIENTED_EDGE('',*,*,#1274,.F.);
#675=ORIENTED_EDGE('',*,*,#1282,.T.);
#676=CARTESIAN_POINT('',(-5.8674,-2.032,3.4417));
#677=DIRECTION('',(0.0,-1.0,0.0));
#678=DIRECTION('',(0.0,0.0,-1.0));
#679=ORIENTED_EDGE('',*,*,#1278,.F.);
#680=ORIENTED_EDGE('',*,*,#1193,.T.);
#681=ORIENTED_EDGE('',*,*,#1263,.T.);
#682=ORIENTED_EDGE('',*,*,#1280,.F.);
#683=CARTESIAN_POINT('',(-5.8674,-2.032,3.4417));
#684=DIRECTION('',(0.0,-1.0,0.0));
#685=DIRECTION('',(0.0,0.0,-1.0));
#686=ORIENTED_EDGE('',*,*,#1266,.T.);
#687=ORIENTED_EDGE('',*,*,#1283,.F.);
#688=ORIENTED_EDGE('',*,*,#1271,.F.);
#689=ORIENTED_EDGE('',*,*,#1284,.T.);
#690=CARTESIAN_POINT('',(-5.8674,-2.032,3.4417));
#691=DIRECTION('',(0.0,-1.0,0.0));
#692=DIRECTION('',(0.0,0.0,-1.0));
#693=ORIENTED_EDGE('',*,*,#1209,.T.);
#694=ORIENTED_EDGE('',*,*,#1262,.F.);
#695=ORIENTED_EDGE('',*,*,#1282,.F.);
#696=ORIENTED_EDGE('',*,*,#1273,.T.);
#697=CARTESIAN_POINT('',(1.3208,-2.032,3.4417));
#698=DIRECTION('',(1.0,0.0,0.0));
#699=DIRECTION('',(0.0,1.0,0.0));
#700=ORIENTED_EDGE('',*,*,#1281,.T.);
#701=ORIENTED_EDGE('',*,*,#1260,.T.);
#702=ORIENTED_EDGE('',*,*,#1207,.F.);
#703=ORIENTED_EDGE('',*,*,#1275,.F.);
#704=CARTESIAN_POINT('',(2.6416,-1.27,3.4417));
#705=DIRECTION('',(-1.0,0.0,0.0));
#706=DIRECTION('',(0.0,0.0,1.0));
#707=ORIENTED_EDGE('',*,*,#1213,.T.);
#708=ORIENTED_EDGE('',*,*,#1267,.F.);
#709=ORIENTED_EDGE('',*,*,#1284,.F.);
#710=ORIENTED_EDGE('',*,*,#1270,.T.);
#711=CARTESIAN_POINT('',(-2.6416,-2.032,3.4417));
#712=DIRECTION('',(1.0,0.0,0.0));
#713=DIRECTION('',(0.0,1.0,0.0));
#714=ORIENTED_EDGE('',*,*,#1283,.T.);
#715=ORIENTED_EDGE('',*,*,#1265,.T.);
#716=ORIENTED_EDGE('',*,*,#1211,.F.);
#717=ORIENTED_EDGE('',*,*,#1272,.F.);
#718=CARTESIAN_POINT('',(-1.3208,-1.27,3.4417));
#719=DIRECTION('',(-1.0,0.0,0.0));
#720=DIRECTION('',(0.0,0.0,1.0));
#721=ORIENTED_EDGE('',*,*,#1277,.T.);
#722=ORIENTED_EDGE('',*,*,#1254,.F.);
#723=ORIENTED_EDGE('',*,*,#1285,.F.);
#724=ORIENTED_EDGE('',*,*,#1195,.T.);
#725=CARTESIAN_POINT('',(-5.8674,-0.693940905122526,3.1877));
#726=DIRECTION('',(-0.0,1.0,0.0));
#727=DIRECTION('',(1.0,0.0,0.0));
#728=ORIENTED_EDGE('',*,*,#1285,.T.);
#729=ORIENTED_EDGE('',*,*,#1253,.F.);
#730=ORIENTED_EDGE('',*,*,#1286,.F.);
#731=ORIENTED_EDGE('',*,*,#1196,.T.);
#732=CARTESIAN_POINT('',(-5.8674,-0.058940905122526,3.1877));
#733=DIRECTION('',(0.0,0.0,1.0));
#734=DIRECTION('',(1.0,0.0,0.0));
#735=ORIENTED_EDGE('',*,*,#1286,.T.);
#736=ORIENTED_EDGE('',*,*,#1252,.F.);
#737=ORIENTED_EDGE('',*,*,#1287,.F.);
#738=ORIENTED_EDGE('',*,*,#1197,.T.);
#739=CARTESIAN_POINT('',(-5.8674,0.381,3.4417));
#740=DIRECTION('',(0.0,-0.499999999999973,0.866025403784454));
#741=DIRECTION('',(-1.0,0.0,0.0));
#742=ORIENTED_EDGE('',*,*,#1287,.T.);
#743=ORIENTED_EDGE('',*,*,#1251,.F.);
#744=ORIENTED_EDGE('',*,*,#1288,.F.);
#745=ORIENTED_EDGE('',*,*,#1198,.T.);
#746=CARTESIAN_POINT('',(-5.8674,1.27,3.4417));
#747=DIRECTION('',(0.0,0.0,1.0));
#748=DIRECTION('',(1.0,0.0,0.0));
#749=ORIENTED_EDGE('',*,*,#1248,.F.);
#750=ORIENTED_EDGE('',*,*,#1199,.T.);
#751=ORIENTED_EDGE('',*,*,#1288,.T.);
#752=ORIENTED_EDGE('',*,*,#1250,.F.);
#753=ORIENTED_EDGE('',*,*,#1246,.F.);
#754=ORIENTED_EDGE('',*,*,#1289,.F.);
#755=ORIENTED_EDGE('',*,*,#1290,.F.);
#756=ORIENTED_EDGE('',*,*,#1291,.F.);
#757=ORIENTED_EDGE('',*,*,#1292,.F.);
#758=ORIENTED_EDGE('',*,*,#1293,.T.);
#759=ORIENTED_EDGE('',*,*,#1294,.F.);
#760=ORIENTED_EDGE('',*,*,#1295,.F.);
#761=ORIENTED_EDGE('',*,*,#1296,.F.);
#762=ORIENTED_EDGE('',*,*,#1297,.T.);
#763=ORIENTED_EDGE('',*,*,#1298,.F.);
#764=ORIENTED_EDGE('',*,*,#1299,.F.);
#765=ORIENTED_EDGE('',*,*,#1300,.F.);
#766=ORIENTED_EDGE('',*,*,#1301,.T.);
#767=CARTESIAN_POINT('',(-5.8674,1.27,-3.4417));
#768=DIRECTION('',(-0.0,1.0,0.0));
#769=DIRECTION('',(1.0,0.0,0.0));
#770=ORIENTED_EDGE('',*,*,#1244,.F.);
#771=ORIENTED_EDGE('',*,*,#1302,.T.);
#772=ORIENTED_EDGE('',*,*,#1303,.T.);
#773=ORIENTED_EDGE('',*,*,#1289,.T.);
#774=CARTESIAN_POINT('',(3.9624,-0.00818719394657504,-4.71988719394562));
#775=DIRECTION('',(0.0,0.707106781186547,-0.707106781186547));
#776=DIRECTION('',(-1.0,0.0,0.0));
#777=ORIENTED_EDGE('',*,*,#1303,.F.);
#778=ORIENTED_EDGE('',*,*,#1304,.F.);
#779=ORIENTED_EDGE('',*,*,#1305,.F.);
#780=ORIENTED_EDGE('',*,*,#1306,.F.);
#781=ORIENTED_EDGE('',*,*,#1307,.F.);
#782=ORIENTED_EDGE('',*,*,#1308,.F.);
#783=ORIENTED_EDGE('',*,*,#1191,.F.);
#784=ORIENTED_EDGE('',*,*,#1309,.F.);
#785=ORIENTED_EDGE('',*,*,#1310,.F.);
#786=ORIENTED_EDGE('',*,*,#1311,.F.);
#787=ORIENTED_EDGE('',*,*,#1312,.F.);
#788=ORIENTED_EDGE('',*,*,#1313,.F.);
#789=ORIENTED_EDGE('',*,*,#1231,.F.);
#790=ORIENTED_EDGE('',*,*,#1249,.T.);
#791=CARTESIAN_POINT('',(-3.9624,0.0,0.0));
#792=DIRECTION('',(1.0,0.0,0.0));
#793=DIRECTION('',(0.0,1.0,0.0));
#794=ORIENTED_EDGE('',*,*,#1232,.T.);
#795=ORIENTED_EDGE('',*,*,#1313,.T.);
#796=ORIENTED_EDGE('',*,*,#1314,.F.);
#797=ORIENTED_EDGE('',*,*,#1234,.F.);
#798=CARTESIAN_POINT('',(3.9624,-2.032,-3.4417));
#799=DIRECTION('',(0.0,-1.0,0.0));
#800=DIRECTION('',(0.0,0.0,-1.0));
#801=ORIENTED_EDGE('',*,*,#1314,.T.);
#802=ORIENTED_EDGE('',*,*,#1312,.T.);
#803=ORIENTED_EDGE('',*,*,#1315,.F.);
#804=ORIENTED_EDGE('',*,*,#1235,.F.);
#805=CARTESIAN_POINT('',(3.9624,-0.127,-4.6609));
#806=DIRECTION('',(-1.0,0.0,-0.0));
#807=DIRECTION('',(0.0,0.0,-1.0));
#808=ORIENTED_EDGE('',*,*,#1315,.T.);
#809=ORIENTED_EDGE('',*,*,#1311,.T.);
#810=ORIENTED_EDGE('',*,*,#1316,.F.);
#811=ORIENTED_EDGE('',*,*,#1236,.F.);
#812=CARTESIAN_POINT('',(3.9624,-0.127,-6.5659));
#813=DIRECTION('',(0.0,0.0,-1.0));
#814=DIRECTION('',(0.0,-1.0,0.0));
#815=ORIENTED_EDGE('',*,*,#1316,.T.);
#816=ORIENTED_EDGE('',*,*,#1310,.T.);
#817=ORIENTED_EDGE('',*,*,#1317,.F.);
#818=ORIENTED_EDGE('',*,*,#1237,.F.);
#819=CARTESIAN_POINT('',(3.9624,9.2964,-6.5659));
#820=DIRECTION('',(-0.0,1.0,0.0));
#821=DIRECTION('',(1.0,0.0,0.0));
#822=ORIENTED_EDGE('',*,*,#1317,.T.);
#823=ORIENTED_EDGE('',*,*,#1309,.T.);
#824=ORIENTED_EDGE('',*,*,#1190,.F.);
#825=ORIENTED_EDGE('',*,*,#1238,.F.);
#826=CARTESIAN_POINT('',(3.9624,9.2964,-5.84371279928458));
#827=DIRECTION('',(0.0,0.573576436351011,0.819152044289016));
#828=DIRECTION('',(1.0,-0.0,0.0));
#829=ORIENTED_EDGE('',*,*,#1188,.T.);
#830=ORIENTED_EDGE('',*,*,#1308,.T.);
#831=ORIENTED_EDGE('',*,*,#1318,.F.);
#832=ORIENTED_EDGE('',*,*,#1239,.F.);
#833=CARTESIAN_POINT('',(3.9624,6.1722,-5.9817));
#834=DIRECTION('',(-1.0,0.0,-0.0));
#835=DIRECTION('',(0.0,0.0,-1.0));
#836=ORIENTED_EDGE('',*,*,#1318,.T.);
#837=ORIENTED_EDGE('',*,*,#1307,.T.);
#838=ORIENTED_EDGE('',*,*,#1319,.F.);
#839=ORIENTED_EDGE('',*,*,#1240,.F.);
#840=CARTESIAN_POINT('',(3.9624,4.8251615818394,-4.6346615818394));
#841=DIRECTION('',(0.0,-0.707106781186547,0.707106781186547));
#842=DIRECTION('',(-1.0,0.0,0.0));
#843=ORIENTED_EDGE('',*,*,#1319,.T.);
#844=ORIENTED_EDGE('',*,*,#1306,.T.);
#845=ORIENTED_EDGE('',*,*,#1320,.F.);
#846=ORIENTED_EDGE('',*,*,#1241,.F.);
#847=CARTESIAN_POINT('',(3.9624,2.8668463273576,-3.8989));
#848=DIRECTION('',(-1.0,0.0,-0.0));
#849=DIRECTION('',(0.0,0.0,-1.0));
#850=ORIENTED_EDGE('',*,*,#1320,.T.);
#851=ORIENTED_EDGE('',*,*,#1305,.T.);
#852=ORIENTED_EDGE('',*,*,#1321,.F.);
#853=ORIENTED_EDGE('',*,*,#1242,.F.);
#854=CARTESIAN_POINT('',(3.9624,2.8668463273576,-5.8039));
#855=DIRECTION('',(0.0,0.0,1.0));
#856=DIRECTION('',(1.0,0.0,0.0));
#857=ORIENTED_EDGE('',*,*,#1321,.T.);
#858=ORIENTED_EDGE('',*,*,#1304,.T.);
#859=ORIENTED_EDGE('',*,*,#1302,.F.);
#860=ORIENTED_EDGE('',*,*,#1243,.F.);
#861=CARTESIAN_POINT('',(3.9624,0.440825612106982,-5.1689));
#862=DIRECTION('',(-1.0,0.0,-0.0));
#863=DIRECTION('',(0.0,0.0,-1.0));
#864=ORIENTED_EDGE('',*,*,#1322,.F.);
#865=ORIENTED_EDGE('',*,*,#1323,.F.);
#866=ORIENTED_EDGE('',*,*,#1324,.F.);
#867=ORIENTED_EDGE('',*,*,#1325,.T.);
#868=ORIENTED_EDGE('',*,*,#1326,.T.);
#869=ORIENTED_EDGE('',*,*,#1327,.T.);
#870=ORIENTED_EDGE('',*,*,#1328,.T.);
#871=ORIENTED_EDGE('',*,*,#1222,.T.);
#872=CARTESIAN_POINT('',(3.3401,-8.0137,7.4041));
#873=DIRECTION('',(-1.0,0.0,0.0));
#874=DIRECTION('',(0.0,0.0,1.0));
#875=ORIENTED_EDGE('',*,*,#1329,.T.);
#876=ORIENTED_EDGE('',*,*,#1330,.F.);
#877=ORIENTED_EDGE('',*,*,#1331,.F.);
#878=ORIENTED_EDGE('',*,*,#1293,.F.);
#879=CARTESIAN_POINT('',(3.3401,-8.0137,7.4041));
#880=DIRECTION('',(-1.0,0.0,0.0));
#881=DIRECTION('',(0.0,0.0,1.0));
#882=ORIENTED_EDGE('',*,*,#1328,.F.);
#883=ORIENTED_EDGE('',*,*,#1332,.T.);
#884=ORIENTED_EDGE('',*,*,#1333,.T.);
#885=ORIENTED_EDGE('',*,*,#1219,.F.);
#886=CARTESIAN_POINT('',(3.3401,-4.953,-1.0922));
#887=DIRECTION('',(0.0,0.0,1.0));
#888=DIRECTION('',(1.0,0.0,0.0));
#889=ORIENTED_EDGE('',*,*,#1334,.T.);
#890=ORIENTED_EDGE('',*,*,#1335,.F.);
#891=ORIENTED_EDGE('',*,*,#1329,.F.);
#892=ORIENTED_EDGE('',*,*,#1292,.T.);
#893=CARTESIAN_POINT('',(3.3401,-4.953,-1.0922));
#894=DIRECTION('',(0.0,0.0,1.0));
#895=DIRECTION('',(1.0,0.0,0.0));
#896=ORIENTED_EDGE('',*,*,#1333,.F.);
#897=ORIENTED_EDGE('',*,*,#1336,.F.);
#898=ORIENTED_EDGE('',*,*,#1337,.F.);
#899=ORIENTED_EDGE('',*,*,#1338,.T.);
#900=ORIENTED_EDGE('',*,*,#1339,.T.);
#901=ORIENTED_EDGE('',*,*,#1340,.T.);
#902=ORIENTED_EDGE('',*,*,#1341,.T.);
#903=ORIENTED_EDGE('',*,*,#1220,.F.);
#904=CARTESIAN_POINT('',(4.4831,-6.8707,7.4041));
#905=DIRECTION('',(1.0,0.0,0.0));
#906=DIRECTION('',(0.0,1.0,0.0));
#907=ORIENTED_EDGE('',*,*,#1342,.T.);
#908=ORIENTED_EDGE('',*,*,#1343,.F.);
#909=ORIENTED_EDGE('',*,*,#1334,.F.);
#910=ORIENTED_EDGE('',*,*,#1291,.T.);
#911=CARTESIAN_POINT('',(4.4831,-6.8707,7.4041));
#912=DIRECTION('',(1.0,0.0,0.0));
#913=DIRECTION('',(0.0,1.0,0.0));
#914=ORIENTED_EDGE('',*,*,#1341,.F.);
#915=ORIENTED_EDGE('',*,*,#1344,.T.);
#916=ORIENTED_EDGE('',*,*,#1322,.T.);
#917=ORIENTED_EDGE('',*,*,#1221,.F.);
#918=CARTESIAN_POINT('',(4.4831,-4.953,-2.2352));
#919=DIRECTION('',(0.0,0.0,-1.0));
#920=DIRECTION('',(0.0,-1.0,0.0));
#921=ORIENTED_EDGE('',*,*,#1331,.T.);
#922=ORIENTED_EDGE('',*,*,#1345,.F.);
#923=ORIENTED_EDGE('',*,*,#1342,.F.);
#924=ORIENTED_EDGE('',*,*,#1290,.T.);
#925=CARTESIAN_POINT('',(4.4831,-4.953,-2.2352));
#926=DIRECTION('',(0.0,0.0,-1.0));
#927=DIRECTION('',(0.0,-1.0,0.0));
#928=ORIENTED_EDGE('',*,*,#1323,.T.);
#929=ORIENTED_EDGE('',*,*,#1344,.F.);
#930=ORIENTED_EDGE('',*,*,#1340,.F.);
#931=ORIENTED_EDGE('',*,*,#1346,.T.);
#932=CARTESIAN_POINT('',(-21.4884,-4.953,0.8255));
#933=DIRECTION('',(-1.0,0.0,0.0));
#934=DIRECTION('',(0.0,1.0,0.0));
#935=ORIENTED_EDGE('',*,*,#1324,.T.);
#936=ORIENTED_EDGE('',*,*,#1346,.F.);
#937=ORIENTED_EDGE('',*,*,#1339,.F.);
#938=ORIENTED_EDGE('',*,*,#1347,.T.);
#939=CARTESIAN_POINT('',(4.4831,-8.0137,7.4041));
#940=DIRECTION('',(0.0,-1.0,0.0));
#941=DIRECTION('',(0.0,0.0,-1.0));
#942=ORIENTED_EDGE('',*,*,#1338,.F.);
#943=ORIENTED_EDGE('',*,*,#1348,.F.);
#944=ORIENTED_EDGE('',*,*,#1325,.F.);
#945=ORIENTED_EDGE('',*,*,#1347,.F.);
#946=CARTESIAN_POINT('',(3.9116,-7.4422,7.4041));
#947=DIRECTION('',(0.0,0.0,-1.0));
#948=DIRECTION('',(0.0,-1.0,0.0));
#949=ORIENTED_EDGE('',*,*,#1337,.T.);
#950=ORIENTED_EDGE('',*,*,#1349,.F.);
#951=ORIENTED_EDGE('',*,*,#1326,.F.);
#952=ORIENTED_EDGE('',*,*,#1348,.T.);
#953=CARTESIAN_POINT('',(3.3401,-6.8707,7.4041));
#954=DIRECTION('',(-0.0,1.0,0.0));
#955=DIRECTION('',(1.0,0.0,0.0));
#956=ORIENTED_EDGE('',*,*,#1336,.T.);
#957=ORIENTED_EDGE('',*,*,#1332,.F.);
#958=ORIENTED_EDGE('',*,*,#1327,.F.);
#959=ORIENTED_EDGE('',*,*,#1349,.T.);
#960=CARTESIAN_POINT('',(-21.4884,-4.953,0.8255));
#961=DIRECTION('',(-1.0,0.0,0.0));
#962=DIRECTION('',(0.0,1.0,0.0));
#963=ORIENTED_EDGE('',*,*,#1330,.T.);
#964=ORIENTED_EDGE('',*,*,#1335,.T.);
#965=ORIENTED_EDGE('',*,*,#1343,.T.);
#966=ORIENTED_EDGE('',*,*,#1345,.T.);
#967=CARTESIAN_POINT('',(3.9116,12.7,-1.6637));
#968=DIRECTION('',(-0.0,1.0,0.0));
#969=DIRECTION('',(1.0,0.0,0.0));
#970=ORIENTED_EDGE('',*,*,#1350,.F.);
#971=ORIENTED_EDGE('',*,*,#1351,.F.);
#972=ORIENTED_EDGE('',*,*,#1352,.F.);
#973=ORIENTED_EDGE('',*,*,#1353,.T.);
#974=ORIENTED_EDGE('',*,*,#1354,.T.);
#975=ORIENTED_EDGE('',*,*,#1355,.T.);
#976=ORIENTED_EDGE('',*,*,#1356,.T.);
#977=ORIENTED_EDGE('',*,*,#1226,.T.);
#978=CARTESIAN_POINT('',(-0.6223,-8.0137,7.4041));
#979=DIRECTION('',(-1.0,0.0,0.0));
#980=DIRECTION('',(0.0,0.0,1.0));
#981=ORIENTED_EDGE('',*,*,#1357,.T.);
#982=ORIENTED_EDGE('',*,*,#1358,.F.);
#983=ORIENTED_EDGE('',*,*,#1359,.F.);
#984=ORIENTED_EDGE('',*,*,#1297,.F.);
#985=CARTESIAN_POINT('',(-0.6223,-8.0137,7.4041));
#986=DIRECTION('',(-1.0,0.0,0.0));
#987=DIRECTION('',(0.0,0.0,1.0));
#988=ORIENTED_EDGE('',*,*,#1356,.F.);
#989=ORIENTED_EDGE('',*,*,#1360,.T.);
#990=ORIENTED_EDGE('',*,*,#1361,.T.);
#991=ORIENTED_EDGE('',*,*,#1223,.F.);
#992=CARTESIAN_POINT('',(-0.6223,-4.953,-1.0922));
#993=DIRECTION('',(0.0,0.0,1.0));
#994=DIRECTION('',(1.0,0.0,0.0));
#995=ORIENTED_EDGE('',*,*,#1362,.T.);
#996=ORIENTED_EDGE('',*,*,#1363,.F.);
#997=ORIENTED_EDGE('',*,*,#1357,.F.);
#998=ORIENTED_EDGE('',*,*,#1296,.T.);
#999=CARTESIAN_POINT('',(-0.6223,-4.953,-1.0922));
#1000=DIRECTION('',(0.0,0.0,1.0));
#1001=DIRECTION('',(1.0,0.0,0.0));
#1002=ORIENTED_EDGE('',*,*,#1361,.F.);
#1003=ORIENTED_EDGE('',*,*,#1364,.F.);
#1004=ORIENTED_EDGE('',*,*,#1365,.F.);
#1005=ORIENTED_EDGE('',*,*,#1366,.T.);
#1006=ORIENTED_EDGE('',*,*,#1367,.T.);
#1007=ORIENTED_EDGE('',*,*,#1368,.T.);
#1008=ORIENTED_EDGE('',*,*,#1369,.T.);
#1009=ORIENTED_EDGE('',*,*,#1224,.F.);
#1010=CARTESIAN_POINT('',(0.5207,-6.8707,7.4041));
#1011=DIRECTION('',(1.0,0.0,0.0));
#1012=DIRECTION('',(0.0,1.0,0.0));
#1013=ORIENTED_EDGE('',*,*,#1370,.T.);
#1014=ORIENTED_EDGE('',*,*,#1371,.F.);
#1015=ORIENTED_EDGE('',*,*,#1362,.F.);
#1016=ORIENTED_EDGE('',*,*,#1295,.T.);
#1017=CARTESIAN_POINT('',(0.5207,-6.8707,7.4041));
#1018=DIRECTION('',(1.0,0.0,0.0));
#1019=DIRECTION('',(0.0,1.0,0.0));
#1020=ORIENTED_EDGE('',*,*,#1369,.F.);
#1021=ORIENTED_EDGE('',*,*,#1372,.T.);
#1022=ORIENTED_EDGE('',*,*,#1350,.T.);
#1023=ORIENTED_EDGE('',*,*,#1225,.F.);
#1024=CARTESIAN_POINT('',(0.5207,-4.953,-2.2352));
#1025=DIRECTION('',(0.0,0.0,-1.0));
#1026=DIRECTION('',(0.0,-1.0,0.0));
#1027=ORIENTED_EDGE('',*,*,#1359,.T.);
#1028=ORIENTED_EDGE('',*,*,#1373,.F.);
#1029=ORIENTED_EDGE('',*,*,#1370,.F.);
#1030=ORIENTED_EDGE('',*,*,#1294,.T.);
#1031=CARTESIAN_POINT('',(0.5207,-4.953,-2.2352));
#1032=DIRECTION('',(0.0,0.0,-1.0));
#1033=DIRECTION('',(0.0,-1.0,0.0));
#1034=ORIENTED_EDGE('',*,*,#1351,.T.);
#1035=ORIENTED_EDGE('',*,*,#1372,.F.);
#1036=ORIENTED_EDGE('',*,*,#1368,.F.);
#1037=ORIENTED_EDGE('',*,*,#1374,.T.);
#1038=CARTESIAN_POINT('',(-25.4508,-4.953,0.8255));
#1039=DIRECTION('',(-1.0,0.0,0.0));
#1040=DIRECTION('',(0.0,1.0,0.0));
#1041=ORIENTED_EDGE('',*,*,#1352,.T.);
#1042=ORIENTED_EDGE('',*,*,#1374,.F.);
#1043=ORIENTED_EDGE('',*,*,#1367,.F.);
#1044=ORIENTED_EDGE('',*,*,#1375,.T.);
#1045=CARTESIAN_POINT('',(0.5207,-8.0137,7.4041));
#1046=DIRECTION('',(0.0,-1.0,0.0));
#1047=DIRECTION('',(0.0,0.0,-1.0));
#1048=ORIENTED_EDGE('',*,*,#1366,.F.);
#1049=ORIENTED_EDGE('',*,*,#1376,.F.);
#1050=ORIENTED_EDGE('',*,*,#1353,.F.);
#1051=ORIENTED_EDGE('',*,*,#1375,.F.);
#1052=CARTESIAN_POINT('',(-0.0508,-7.4422,7.4041));
#1053=DIRECTION('',(0.0,0.0,-1.0));
#1054=DIRECTION('',(0.0,-1.0,0.0));
#1055=ORIENTED_EDGE('',*,*,#1365,.T.);
#1056=ORIENTED_EDGE('',*,*,#1377,.F.);
#1057=ORIENTED_EDGE('',*,*,#1354,.F.);
#1058=ORIENTED_EDGE('',*,*,#1376,.T.);
#1059=CARTESIAN_POINT('',(-0.6223,-6.8707,7.4041));
#1060=DIRECTION('',(-0.0,1.0,0.0));
#1061=DIRECTION('',(1.0,0.0,0.0));
#1062=ORIENTED_EDGE('',*,*,#1364,.T.);
#1063=ORIENTED_EDGE('',*,*,#1360,.F.);
#1064=ORIENTED_EDGE('',*,*,#1355,.F.);
#1065=ORIENTED_EDGE('',*,*,#1377,.T.);
#1066=CARTESIAN_POINT('',(-25.4508,-4.953,0.8255));
#1067=DIRECTION('',(-1.0,0.0,0.0));
#1068=DIRECTION('',(0.0,1.0,0.0));
#1069=ORIENTED_EDGE('',*,*,#1358,.T.);
#1070=ORIENTED_EDGE('',*,*,#1363,.T.);
#1071=ORIENTED_EDGE('',*,*,#1371,.T.);
#1072=ORIENTED_EDGE('',*,*,#1373,.T.);
#1073=CARTESIAN_POINT('',(-0.0508,12.7,-1.6637));
#1074=DIRECTION('',(-0.0,1.0,0.0));
#1075=DIRECTION('',(1.0,0.0,0.0));
#1076=ORIENTED_EDGE('',*,*,#1378,.F.);
#1077=ORIENTED_EDGE('',*,*,#1379,.F.);
#1078=ORIENTED_EDGE('',*,*,#1380,.F.);
#1079=ORIENTED_EDGE('',*,*,#1381,.T.);
#1080=ORIENTED_EDGE('',*,*,#1382,.T.);
#1081=ORIENTED_EDGE('',*,*,#1383,.T.);
#1082=ORIENTED_EDGE('',*,*,#1384,.T.);
#1083=ORIENTED_EDGE('',*,*,#1230,.T.);
#1084=CARTESIAN_POINT('',(-4.5847,-8.0137,7.4041));
#1085=DIRECTION('',(-1.0,0.0,0.0));
#1086=DIRECTION('',(0.0,0.0,1.0));
#1087=ORIENTED_EDGE('',*,*,#1385,.T.);
#1088=ORIENTED_EDGE('',*,*,#1386,.F.);
#1089=ORIENTED_EDGE('',*,*,#1387,.F.);
#1090=ORIENTED_EDGE('',*,*,#1301,.F.);
#1091=CARTESIAN_POINT('',(-4.5847,-8.0137,7.4041));
#1092=DIRECTION('',(-1.0,0.0,0.0));
#1093=DIRECTION('',(0.0,0.0,1.0));
#1094=ORIENTED_EDGE('',*,*,#1384,.F.);
#1095=ORIENTED_EDGE('',*,*,#1388,.T.);
#1096=ORIENTED_EDGE('',*,*,#1389,.T.);
#1097=ORIENTED_EDGE('',*,*,#1227,.F.);
#1098=CARTESIAN_POINT('',(-4.5847,-4.953,-1.0922));
#1099=DIRECTION('',(0.0,0.0,1.0));
#1100=DIRECTION('',(1.0,0.0,0.0));
#1101=ORIENTED_EDGE('',*,*,#1390,.T.);
#1102=ORIENTED_EDGE('',*,*,#1391,.F.);
#1103=ORIENTED_EDGE('',*,*,#1385,.F.);
#1104=ORIENTED_EDGE('',*,*,#1300,.T.);
#1105=CARTESIAN_POINT('',(-4.5847,-4.953,-1.0922));
#1106=DIRECTION('',(0.0,0.0,1.0));
#1107=DIRECTION('',(1.0,0.0,0.0));
#1108=ORIENTED_EDGE('',*,*,#1389,.F.);
#1109=ORIENTED_EDGE('',*,*,#1392,.F.);
#1110=ORIENTED_EDGE('',*,*,#1393,.F.);
#1111=ORIENTED_EDGE('',*,*,#1394,.T.);
#1112=ORIENTED_EDGE('',*,*,#1395,.T.);
#1113=ORIENTED_EDGE('',*,*,#1396,.T.);
#1114=ORIENTED_EDGE('',*,*,#1397,.T.);
#1115=ORIENTED_EDGE('',*,*,#1228,.F.);
#1116=CARTESIAN_POINT('',(-3.4417,-6.8707,7.4041));
#1117=DIRECTION('',(1.0,0.0,0.0));
#1118=DIRECTION('',(0.0,1.0,0.0));
#1119=ORIENTED_EDGE('',*,*,#1398,.T.);
#1120=ORIENTED_EDGE('',*,*,#1399,.F.);
#1121=ORIENTED_EDGE('',*,*,#1390,.F.);
#1122=ORIENTED_EDGE('',*,*,#1299,.T.);
#1123=CARTESIAN_POINT('',(-3.4417,-6.8707,7.4041));
#1124=DIRECTION('',(1.0,0.0,0.0));
#1125=DIRECTION('',(0.0,1.0,0.0));
#1126=ORIENTED_EDGE('',*,*,#1397,.F.);
#1127=ORIENTED_EDGE('',*,*,#1400,.T.);
#1128=ORIENTED_EDGE('',*,*,#1378,.T.);
#1129=ORIENTED_EDGE('',*,*,#1229,.F.);
#1130=CARTESIAN_POINT('',(-3.4417,-4.953,-2.2352));
#1131=DIRECTION('',(0.0,0.0,-1.0));
#1132=DIRECTION('',(0.0,-1.0,0.0));
#1133=ORIENTED_EDGE('',*,*,#1387,.T.);
#1134=ORIENTED_EDGE('',*,*,#1401,.F.);
#1135=ORIENTED_EDGE('',*,*,#1398,.F.);
#1136=ORIENTED_EDGE('',*,*,#1298,.T.);
#1137=CARTESIAN_POINT('',(-3.4417,-4.953,-2.2352));
#1138=DIRECTION('',(0.0,0.0,-1.0));
#1139=DIRECTION('',(0.0,-1.0,0.0));
#1140=ORIENTED_EDGE('',*,*,#1379,.T.);
#1141=ORIENTED_EDGE('',*,*,#1400,.F.);
#1142=ORIENTED_EDGE('',*,*,#1396,.F.);
#1143=ORIENTED_EDGE('',*,*,#1402,.T.);
#1144=CARTESIAN_POINT('',(-29.4132,-4.953,0.8255));
#1145=DIRECTION('',(-1.0,0.0,0.0));
#1146=DIRECTION('',(0.0,1.0,0.0));
#1147=ORIENTED_EDGE('',*,*,#1380,.T.);
#1148=ORIENTED_EDGE('',*,*,#1402,.F.);
#1149=ORIENTED_EDGE('',*,*,#1395,.F.);
#1150=ORIENTED_EDGE('',*,*,#1403,.T.);
#1151=CARTESIAN_POINT('',(-3.4417,-8.0137,7.4041));
#1152=DIRECTION('',(0.0,-1.0,0.0));
#1153=DIRECTION('',(0.0,0.0,-1.0));
#1154=ORIENTED_EDGE('',*,*,#1394,.F.);
#1155=ORIENTED_EDGE('',*,*,#1404,.F.);
#1156=ORIENTED_EDGE('',*,*,#1381,.F.);
#1157=ORIENTED_EDGE('',*,*,#1403,.F.);
#1158=CARTESIAN_POINT('',(-4.0132,-7.4422,7.4041));
#1159=DIRECTION('',(0.0,0.0,-1.0));
#1160=DIRECTION('',(0.0,-1.0,0.0));
#1161=ORIENTED_EDGE('',*,*,#1393,.T.);
#1162=ORIENTED_EDGE('',*,*,#1405,.F.);
#1163=ORIENTED_EDGE('',*,*,#1382,.F.);
#1164=ORIENTED_EDGE('',*,*,#1404,.T.);
#1165=CARTESIAN_POINT('',(-4.5847,-6.8707,7.4041));
#1166=DIRECTION('',(-0.0,1.0,0.0));
#1167=DIRECTION('',(1.0,0.0,0.0));
#1168=ORIENTED_EDGE('',*,*,#1392,.T.);
#1169=ORIENTED_EDGE('',*,*,#1388,.F.);
#1170=ORIENTED_EDGE('',*,*,#1383,.F.);
#1171=ORIENTED_EDGE('',*,*,#1405,.T.);
#1172=CARTESIAN_POINT('',(-29.4132,-4.953,0.8255));
#1173=DIRECTION('',(-1.0,0.0,0.0));
#1174=DIRECTION('',(0.0,1.0,0.0));
#1175=ORIENTED_EDGE('',*,*,#1386,.T.);
#1176=ORIENTED_EDGE('',*,*,#1391,.T.);
#1177=ORIENTED_EDGE('',*,*,#1399,.T.);
#1178=ORIENTED_EDGE('',*,*,#1401,.T.);
#1179=CARTESIAN_POINT('',(-4.0132,12.7,-1.6637));
#1180=DIRECTION('',(-0.0,1.0,0.0));
#1181=DIRECTION('',(1.0,0.0,0.0));
#1182=AXIS2_PLACEMENT_3D('',#1406,#1407,#1408);
#1183=AXIS2_PLACEMENT_3D('',#1409,#1410,#1411);
#1184=AXIS2_PLACEMENT_3D('',#1412,#1413,#1414);
#1185=AXIS2_PLACEMENT_3D('',#1415,#1416,#1417);
#1186=AXIS2_PLACEMENT_3D('',#1418,#1419,#1420);
#1187=AXIS2_PLACEMENT_3D('',#1421,#1422,#1423);
#1188=EDGE_CURVE('',#1424,#1425,#1426,.T.);
#1189=EDGE_CURVE('',#1427,#1424,#1428,.T.);
#1190=EDGE_CURVE('',#1427,#1429,#1430,.T.);
#1191=EDGE_CURVE('',#1429,#1425,#1431,.T.);
#1192=EDGE_CURVE('',#1432,#1433,#1434,.T.);
#1193=EDGE_CURVE('',#1435,#1432,#1436,.T.);
#1194=EDGE_CURVE('',#1437,#1435,#1438,.T.);
#1195=EDGE_CURVE('',#1439,#1437,#1440,.T.);
#1196=EDGE_CURVE('',#1441,#1439,#1442,.T.);
#1197=EDGE_CURVE('',#1443,#1441,#1444,.T.);
#1198=EDGE_CURVE('',#1445,#1443,#1446,.T.);
#1199=EDGE_CURVE('',#1447,#1445,#1448,.T.);
#1200=EDGE_CURVE('',#1449,#1447,#1450,.T.);
#1201=EDGE_CURVE('',#1433,#1449,#1451,.T.);
#1202=EDGE_CURVE('',#1452,#1453,#1454,.T.);
#1203=EDGE_CURVE('',#1455,#1453,#1456,.T.);
#1204=EDGE_CURVE('',#1457,#1455,#1458,.T.);
#1205=EDGE_CURVE('',#1459,#1457,#1460,.T.);
#1206=EDGE_CURVE('',#1459,#1461,#1462,.T.);
#1207=EDGE_CURVE('',#1461,#1463,#1464,.T.);
#1208=EDGE_CURVE('',#1465,#1463,#1466,.T.);
#1209=EDGE_CURVE('',#1467,#1465,#1468,.T.);
#1210=EDGE_CURVE('',#1467,#1469,#1470,.T.);
#1211=EDGE_CURVE('',#1469,#1471,#1472,.T.);
#1212=EDGE_CURVE('',#1473,#1471,#1474,.T.);
#1213=EDGE_CURVE('',#1475,#1473,#1476,.T.);
#1214=EDGE_CURVE('',#1475,#1477,#1478,.T.);
#1215=EDGE_CURVE('',#1477,#1479,#1480,.T.);
#1216=EDGE_CURVE('',#1433,#1479,#1481,.T.);
#1217=EDGE_CURVE('',#1449,#1482,#1483,.T.);
#1218=EDGE_CURVE('',#1482,#1452,#1484,.T.);
#1219=EDGE_CURVE('',#1485,#1486,#1487,.T.);
#1220=EDGE_CURVE('',#1486,#1488,#1489,.T.);
#1221=EDGE_CURVE('',#1488,#1490,#1491,.T.);
#1222=EDGE_CURVE('',#1485,#1490,#1492,.T.);
#1223=EDGE_CURVE('',#1493,#1494,#1495,.T.);
#1224=EDGE_CURVE('',#1494,#1496,#1497,.T.);
#1225=EDGE_CURVE('',#1496,#1498,#1499,.T.);
#1226=EDGE_CURVE('',#1493,#1498,#1500,.T.);
#1227=EDGE_CURVE('',#1501,#1502,#1503,.T.);
#1228=EDGE_CURVE('',#1502,#1504,#1505,.T.);
#1229=EDGE_CURVE('',#1504,#1506,#1507,.T.);
#1230=EDGE_CURVE('',#1501,#1506,#1508,.T.);
#1231=EDGE_CURVE('',#1482,#1509,#1510,.T.);
#1232=EDGE_CURVE('',#1511,#1509,#1512,.T.);
#1233=EDGE_CURVE('',#1452,#1511,#1513,.T.);
#1234=EDGE_CURVE('',#1511,#1514,#1515,.T.);
#1235=EDGE_CURVE('',#1514,#1516,#1517,.T.);
#1236=EDGE_CURVE('',#1516,#1518,#1519,.T.);
#1237=EDGE_CURVE('',#1518,#1520,#1521,.T.);
#1238=EDGE_CURVE('',#1520,#1427,#1522,.T.);
#1239=EDGE_CURVE('',#1424,#1523,#1524,.T.);
#1240=EDGE_CURVE('',#1523,#1525,#1526,.T.);
#1241=EDGE_CURVE('',#1525,#1527,#1528,.T.);
#1242=EDGE_CURVE('',#1527,#1529,#1530,.T.);
#1243=EDGE_CURVE('',#1529,#1531,#1532,.T.);
#1244=EDGE_CURVE('',#1531,#1533,#1534,.T.);
#1245=EDGE_CURVE('',#1452,#1533,#1535,.T.);
#1246=EDGE_CURVE('',#1533,#1536,#1537,.T.);
#1247=EDGE_CURVE('',#1453,#1536,#1538,.T.);
#1248=EDGE_CURVE('',#1447,#1539,#1540,.T.);
#1249=EDGE_CURVE('',#1482,#1539,#1541,.T.);
#1250=EDGE_CURVE('',#1536,#1542,#1543,.T.);
#1251=EDGE_CURVE('',#1542,#1544,#1545,.T.);
#1252=EDGE_CURVE('',#1544,#1546,#1547,.T.);
#1253=EDGE_CURVE('',#1546,#1548,#1549,.T.);
#1254=EDGE_CURVE('',#1548,#1550,#1551,.T.);
#1255=EDGE_CURVE('',#1550,#1552,#1553,.T.);
#1256=EDGE_CURVE('',#1552,#1554,#1555,.T.);
#1257=EDGE_CURVE('',#1554,#1455,#1556,.T.);
#1258=EDGE_CURVE('',#1557,#1554,#1558,.T.);
#1259=EDGE_CURVE('',#1557,#1457,#1559,.T.);
#1260=EDGE_CURVE('',#1560,#1463,#1561,.T.);
#1261=EDGE_CURVE('',#1562,#1560,#1563,.T.);
#1262=EDGE_CURVE('',#1562,#1465,#1564,.T.);
#1263=EDGE_CURVE('',#1432,#1565,#1566,.T.);
#1264=EDGE_CURVE('',#1565,#1479,#1567,.T.);
#1265=EDGE_CURVE('',#1568,#1471,#1569,.T.);
#1266=EDGE_CURVE('',#1570,#1568,#1571,.T.);
#1267=EDGE_CURVE('',#1570,#1473,#1572,.T.);
#1268=EDGE_CURVE('',#1573,#1557,#1574,.T.);
#1269=EDGE_CURVE('',#1573,#1459,#1575,.T.);
#1270=EDGE_CURVE('',#1576,#1475,#1577,.T.);
#1271=EDGE_CURVE('',#1576,#1578,#1579,.T.);
#1272=EDGE_CURVE('',#1578,#1469,#1580,.T.);
#1273=EDGE_CURVE('',#1581,#1467,#1582,.T.);
#1274=EDGE_CURVE('',#1581,#1583,#1584,.T.);
#1275=EDGE_CURVE('',#1583,#1461,#1585,.T.);
#1276=EDGE_CURVE('',#1573,#1552,#1586,.T.);
#1277=EDGE_CURVE('',#1437,#1550,#1587,.T.);
#1278=EDGE_CURVE('',#1435,#1588,#1589,.T.);
#1279=EDGE_CURVE('',#1588,#1477,#1590,.T.);
#1280=EDGE_CURVE('',#1588,#1565,#1591,.T.);
#1281=EDGE_CURVE('',#1583,#1560,#1592,.T.);
#1282=EDGE_CURVE('',#1581,#1562,#1593,.T.);
#1283=EDGE_CURVE('',#1578,#1568,#1594,.T.);
#1284=EDGE_CURVE('',#1576,#1570,#1595,.T.);
#1285=EDGE_CURVE('',#1439,#1548,#1596,.T.);
#1286=EDGE_CURVE('',#1441,#1546,#1597,.T.);
#1287=EDGE_CURVE('',#1443,#1544,#1598,.T.);
#1288=EDGE_CURVE('',#1445,#1542,#1599,.T.);
#1289=EDGE_CURVE('',#1539,#1533,#1600,.T.);
#1290=EDGE_CURVE('',#1601,#1602,#1603,.T.);
#1291=EDGE_CURVE('',#1604,#1601,#1605,.T.);
#1292=EDGE_CURVE('',#1606,#1604,#1607,.T.);
#1293=EDGE_CURVE('',#1606,#1602,#1608,.T.);
#1294=EDGE_CURVE('',#1609,#1610,#1611,.T.);
#1295=EDGE_CURVE('',#1612,#1609,#1613,.T.);
#1296=EDGE_CURVE('',#1614,#1612,#1615,.T.);
#1297=EDGE_CURVE('',#1614,#1610,#1616,.T.);
#1298=EDGE_CURVE('',#1617,#1618,#1619,.T.);
#1299=EDGE_CURVE('',#1620,#1617,#1621,.T.);
#1300=EDGE_CURVE('',#1622,#1620,#1623,.T.);
#1301=EDGE_CURVE('',#1622,#1618,#1624,.T.);
#1302=EDGE_CURVE('',#1531,#1625,#1626,.T.);
#1303=EDGE_CURVE('',#1625,#1539,#1627,.T.);
#1304=EDGE_CURVE('',#1628,#1625,#1629,.T.);
#1305=EDGE_CURVE('',#1630,#1628,#1631,.T.);
#1306=EDGE_CURVE('',#1632,#1630,#1633,.T.);
#1307=EDGE_CURVE('',#1634,#1632,#1635,.T.);
#1308=EDGE_CURVE('',#1425,#1634,#1636,.T.);
#1309=EDGE_CURVE('',#1637,#1429,#1638,.T.);
#1310=EDGE_CURVE('',#1639,#1637,#1640,.T.);
#1311=EDGE_CURVE('',#1641,#1639,#1642,.T.);
#1312=EDGE_CURVE('',#1643,#1641,#1644,.T.);
#1313=EDGE_CURVE('',#1509,#1643,#1645,.T.);
#1314=EDGE_CURVE('',#1514,#1643,#1646,.T.);
#1315=EDGE_CURVE('',#1516,#1641,#1647,.T.);
#1316=EDGE_CURVE('',#1518,#1639,#1648,.T.);
#1317=EDGE_CURVE('',#1520,#1637,#1649,.T.);
#1318=EDGE_CURVE('',#1523,#1634,#1650,.T.);
#1319=EDGE_CURVE('',#1525,#1632,#1651,.T.);
#1320=EDGE_CURVE('',#1527,#1630,#1652,.T.);
#1321=EDGE_CURVE('',#1529,#1628,#1653,.T.);
#1322=EDGE_CURVE('',#1654,#1490,#1655,.T.);
#1323=EDGE_CURVE('',#1656,#1654,#1657,.T.);
#1324=EDGE_CURVE('',#1658,#1656,#1659,.T.);
#1325=EDGE_CURVE('',#1658,#1660,#1661,.T.);
#1326=EDGE_CURVE('',#1660,#1662,#1663,.T.);
#1327=EDGE_CURVE('',#1662,#1664,#1665,.T.);
#1328=EDGE_CURVE('',#1664,#1485,#1666,.T.);
#1329=EDGE_CURVE('',#1606,#1667,#1668,.T.);
#1330=EDGE_CURVE('',#1669,#1667,#1670,.T.);
#1331=EDGE_CURVE('',#1602,#1669,#1671,.T.);
#1332=EDGE_CURVE('',#1664,#1672,#1673,.T.);
#1333=EDGE_CURVE('',#1672,#1486,#1674,.T.);
#1334=EDGE_CURVE('',#1604,#1675,#1676,.T.);
#1335=EDGE_CURVE('',#1667,#1675,#1677,.T.);
#1336=EDGE_CURVE('',#1678,#1672,#1679,.T.);
#1337=EDGE_CURVE('',#1680,#1678,#1681,.T.);
#1338=EDGE_CURVE('',#1680,#1682,#1683,.T.);
#1339=EDGE_CURVE('',#1682,#1684,#1685,.T.);
#1340=EDGE_CURVE('',#1684,#1686,#1687,.T.);
#1341=EDGE_CURVE('',#1686,#1488,#1688,.T.);
#1342=EDGE_CURVE('',#1601,#1689,#1690,.T.);
#1343=EDGE_CURVE('',#1675,#1689,#1691,.T.);
#1344=EDGE_CURVE('',#1686,#1654,#1692,.T.);
#1345=EDGE_CURVE('',#1689,#1669,#1693,.T.);
#1346=EDGE_CURVE('',#1684,#1656,#1694,.T.);
#1347=EDGE_CURVE('',#1682,#1658,#1695,.T.);
#1348=EDGE_CURVE('',#1660,#1680,#1696,.T.);
#1349=EDGE_CURVE('',#1662,#1678,#1697,.T.);
#1350=EDGE_CURVE('',#1698,#1498,#1699,.T.);
#1351=EDGE_CURVE('',#1700,#1698,#1701,.T.);
#1352=EDGE_CURVE('',#1702,#1700,#1703,.T.);
#1353=EDGE_CURVE('',#1702,#1704,#1705,.T.);
#1354=EDGE_CURVE('',#1704,#1706,#1707,.T.);
#1355=EDGE_CURVE('',#1706,#1708,#1709,.T.);
#1356=EDGE_CURVE('',#1708,#1493,#1710,.T.);
#1357=EDGE_CURVE('',#1614,#1711,#1712,.T.);
#1358=EDGE_CURVE('',#1713,#1711,#1714,.T.);
#1359=EDGE_CURVE('',#1610,#1713,#1715,.T.);
#1360=EDGE_CURVE('',#1708,#1716,#1717,.T.);
#1361=EDGE_CURVE('',#1716,#1494,#1718,.T.);
#1362=EDGE_CURVE('',#1612,#1719,#1720,.T.);
#1363=EDGE_CURVE('',#1711,#1719,#1721,.T.);
#1364=EDGE_CURVE('',#1722,#1716,#1723,.T.);
#1365=EDGE_CURVE('',#1724,#1722,#1725,.T.);
#1366=EDGE_CURVE('',#1724,#1726,#1727,.T.);
#1367=EDGE_CURVE('',#1726,#1728,#1729,.T.);
#1368=EDGE_CURVE('',#1728,#1730,#1731,.T.);
#1369=EDGE_CURVE('',#1730,#1496,#1732,.T.);
#1370=EDGE_CURVE('',#1609,#1733,#1734,.T.);
#1371=EDGE_CURVE('',#1719,#1733,#1735,.T.);
#1372=EDGE_CURVE('',#1730,#1698,#1736,.T.);
#1373=EDGE_CURVE('',#1733,#1713,#1737,.T.);
#1374=EDGE_CURVE('',#1728,#1700,#1738,.T.);
#1375=EDGE_CURVE('',#1726,#1702,#1739,.T.);
#1376=EDGE_CURVE('',#1704,#1724,#1740,.T.);
#1377=EDGE_CURVE('',#1706,#1722,#1741,.T.);
#1378=EDGE_CURVE('',#1742,#1506,#1743,.T.);
#1379=EDGE_CURVE('',#1744,#1742,#1745,.T.);
#1380=EDGE_CURVE('',#1746,#1744,#1747,.T.);
#1381=EDGE_CURVE('',#1746,#1748,#1749,.T.);
#1382=EDGE_CURVE('',#1748,#1750,#1751,.T.);
#1383=EDGE_CURVE('',#1750,#1752,#1753,.T.);
#1384=EDGE_CURVE('',#1752,#1501,#1754,.T.);
#1385=EDGE_CURVE('',#1622,#1755,#1756,.T.);
#1386=EDGE_CURVE('',#1757,#1755,#1758,.T.);
#1387=EDGE_CURVE('',#1618,#1757,#1759,.T.);
#1388=EDGE_CURVE('',#1752,#1760,#1761,.T.);
#1389=EDGE_CURVE('',#1760,#1502,#1762,.T.);
#1390=EDGE_CURVE('',#1620,#1763,#1764,.T.);
#1391=EDGE_CURVE('',#1755,#1763,#1765,.T.);
#1392=EDGE_CURVE('',#1766,#1760,#1767,.T.);
#1393=EDGE_CURVE('',#1768,#1766,#1769,.T.);
#1394=EDGE_CURVE('',#1768,#1770,#1771,.T.);
#1395=EDGE_CURVE('',#1770,#1772,#1773,.T.);
#1396=EDGE_CURVE('',#1772,#1774,#1775,.T.);
#1397=EDGE_CURVE('',#1774,#1504,#1776,.T.);
#1398=EDGE_CURVE('',#1617,#1777,#1778,.T.);
#1399=EDGE_CURVE('',#1763,#1777,#1779,.T.);
#1400=EDGE_CURVE('',#1774,#1742,#1780,.T.);
#1401=EDGE_CURVE('',#1777,#1757,#1781,.T.);
#1402=EDGE_CURVE('',#1772,#1744,#1782,.T.);
#1403=EDGE_CURVE('',#1770,#1746,#1783,.T.);
#1404=EDGE_CURVE('',#1748,#1768,#1784,.T.);
#1405=EDGE_CURVE('',#1750,#1766,#1785,.T.);
#1406=CARTESIAN_POINT('',(3.9624,-7.3152,3.4417));
#1407=DIRECTION('',(0.0,0.0,1.0));
#1408=DIRECTION('',(1.0,0.0,0.0));
#1409=CARTESIAN_POINT('',(3.9624,-7.3152,3.4417));
#1410=DIRECTION('',(0.0,0.0,1.0));
#1411=DIRECTION('',(-1.0,0.0,0.0));
#1412=CARTESIAN_POINT('',(0.0,-7.3152,3.4417));
#1413=DIRECTION('',(0.0,0.0,1.0));
#1414=DIRECTION('',(1.0,0.0,0.0));
#1415=CARTESIAN_POINT('',(0.0,-7.3152,3.4417));
#1416=DIRECTION('',(0.0,0.0,1.0));
#1417=DIRECTION('',(-1.0,0.0,0.0));
#1418=CARTESIAN_POINT('',(-3.9624,-7.3152,3.4417));
#1419=DIRECTION('',(0.0,0.0,1.0));
#1420=DIRECTION('',(1.0,0.0,0.0));
#1421=CARTESIAN_POINT('',(-3.9624,-7.3152,3.4417));
#1422=DIRECTION('',(0.0,0.0,1.0));
#1423=DIRECTION('',(-1.0,0.0,0.0));
#1424=VERTEX_POINT('',#1786);
#1425=VERTEX_POINT('',#1787);
#1426=LINE('',#1788,#1789);
#1427=VERTEX_POINT('',#1790);
#1428=CIRCLE('',#1791,1.905);
#1429=VERTEX_POINT('',#1792);
#1430=LINE('',#1793,#1794);
#1431=CIRCLE('',#1795,1.905);
#1432=VERTEX_POINT('',#1796);
#1433=VERTEX_POINT('',#1797);
#1434=LINE('',#1798,#1799);
#1435=VERTEX_POINT('',#1800);
#1436=LINE('',#1801,#1802);
#1437=VERTEX_POINT('',#1803);
#1438=LINE('',#1804,#1805);
#1439=VERTEX_POINT('',#1806);
#1440=LINE('',#1807,#1808);
#1441=VERTEX_POINT('',#1809);
#1442=LINE('',#1810,#1811);
#1443=VERTEX_POINT('',#1812);
#1444=LINE('',#1813,#1814);
#1445=VERTEX_POINT('',#1815);
#1446=LINE('',#1816,#1817);
#1447=VERTEX_POINT('',#1818);
#1448=LINE('',#1819,#1820);
#1449=VERTEX_POINT('',#1821);
#1450=LINE('',#1822,#1823);
#1451=LINE('',#1824,#1825);
#1452=VERTEX_POINT('',#1826);
#1453=VERTEX_POINT('',#1827);
#1454=LINE('',#1828,#1829);
#1455=VERTEX_POINT('',#1830);
#1456=LINE('',#1831,#1832);
#1457=VERTEX_POINT('',#1833);
#1458=LINE('',#1834,#1835);
#1459=VERTEX_POINT('',#1836);
#1460=LINE('',#1837,#1838);
#1461=VERTEX_POINT('',#1839);
#1462=LINE('',#1840,#1841);
#1463=VERTEX_POINT('',#1842);
#1464=LINE('',#1843,#1844);
#1465=VERTEX_POINT('',#1845);
#1466=LINE('',#1846,#1847);
#1467=VERTEX_POINT('',#1848);
#1468=LINE('',#1849,#1850);
#1469=VERTEX_POINT('',#1851);
#1470=LINE('',#1852,#1853);
#1471=VERTEX_POINT('',#1854);
#1472=LINE('',#1855,#1856);
#1473=VERTEX_POINT('',#1857);
#1474=LINE('',#1858,#1859);
#1475=VERTEX_POINT('',#1860);
#1476=LINE('',#1861,#1862);
#1477=VERTEX_POINT('',#1863);
#1478=LINE('',#1864,#1865);
#1479=VERTEX_POINT('',#1866);
#1480=LINE('',#1867,#1868);
#1481=LINE('',#1869,#1870);
#1482=VERTEX_POINT('',#1871);
#1483=LINE('',#1872,#1873);
#1484=LINE('',#1874,#1875);
#1485=VERTEX_POINT('',#1876);
#1486=VERTEX_POINT('',#1877);
#1487=LINE('',#1878,#1879);
#1488=VERTEX_POINT('',#1880);
#1489=LINE('',#1881,#1882);
#1490=VERTEX_POINT('',#1883);
#1491=LINE('',#1884,#1885);
#1492=LINE('',#1886,#1887);
#1493=VERTEX_POINT('',#1888);
#1494=VERTEX_POINT('',#1889);
#1495=LINE('',#1890,#1891);
#1496=VERTEX_POINT('',#1892);
#1497=LINE('',#1893,#1894);
#1498=VERTEX_POINT('',#1895);
#1499=LINE('',#1896,#1897);
#1500=LINE('',#1898,#1899);
#1501=VERTEX_POINT('',#1900);
#1502=VERTEX_POINT('',#1901);
#1503=LINE('',#1902,#1903);
#1504=VERTEX_POINT('',#1904);
#1505=LINE('',#1905,#1906);
#1506=VERTEX_POINT('',#1907);
#1507=LINE('',#1908,#1909);
#1508=LINE('',#1910,#1911);
#1509=VERTEX_POINT('',#1912);
#1510=LINE('',#1913,#1914);
#1511=VERTEX_POINT('',#1915);
#1512=LINE('',#1916,#1917);
#1513=LINE('',#1918,#1919);
#1514=VERTEX_POINT('',#1920);
#1515=LINE('',#1921,#1922);
#1516=VERTEX_POINT('',#1923);
#1517=CIRCLE('',#1924,1.905);
#1518=VERTEX_POINT('',#1925);
#1519=LINE('',#1926,#1927);
#1520=VERTEX_POINT('',#1928);
#1521=LINE('',#1929,#1930);
#1522=LINE('',#1931,#1932);
#1523=VERTEX_POINT('',#1933);
#1524=CIRCLE('',#1934,1.905);
#1525=VERTEX_POINT('',#1935);
#1526=LINE('',#1936,#1937);
#1527=VERTEX_POINT('',#1938);
#1528=CIRCLE('',#1939,1.905);
#1529=VERTEX_POINT('',#1940);
#1530=LINE('',#1941,#1942);
#1531=VERTEX_POINT('',#1943);
#1532=CIRCLE('',#1944,0.635);
#1533=VERTEX_POINT('',#1945);
#1534=LINE('',#1946,#1947);
#1535=LINE('',#1948,#1949);
#1536=VERTEX_POINT('',#1950);
#1537=LINE('',#1951,#1952);
#1538=LINE('',#1953,#1954);
#1539=VERTEX_POINT('',#1955);
#1540=LINE('',#1956,#1957);
#1541=LINE('',#1958,#1959);
#1542=VERTEX_POINT('',#1960);
#1543=LINE('',#1961,#1962);
#1544=VERTEX_POINT('',#1963);
#1545=LINE('',#1964,#1965);
#1546=VERTEX_POINT('',#1966);
#1547=LINE('',#1967,#1968);
#1548=VERTEX_POINT('',#1969);
#1549=LINE('',#1970,#1971);
#1550=VERTEX_POINT('',#1972);
#1551=LINE('',#1973,#1974);
#1552=VERTEX_POINT('',#1975);
#1553=LINE('',#1976,#1977);
#1554=VERTEX_POINT('',#1978);
#1555=LINE('',#1979,#1980);
#1556=LINE('',#1981,#1982);
#1557=VERTEX_POINT('',#1983);
#1558=LINE('',#1984,#1985);
#1559=LINE('',#1986,#1987);
#1560=VERTEX_POINT('',#1988);
#1561=LINE('',#1989,#1990);
#1562=VERTEX_POINT('',#1991);
#1563=LINE('',#1992,#1993);
#1564=LINE('',#1994,#1995);
#1565=VERTEX_POINT('',#1996);
#1566=LINE('',#1997,#1998);
#1567=LINE('',#1999,#2000);
#1568=VERTEX_POINT('',#2001);
#1569=LINE('',#2002,#2003);
#1570=VERTEX_POINT('',#2004);
#1571=LINE('',#2005,#2006);
#1572=LINE('',#2007,#2008);
#1573=VERTEX_POINT('',#2009);
#1574=LINE('',#2010,#2011);
#1575=LINE('',#2012,#2013);
#1576=VERTEX_POINT('',#2014);
#1577=LINE('',#2015,#2016);
#1578=VERTEX_POINT('',#2017);
#1579=LINE('',#2018,#2019);
#1580=LINE('',#2020,#2021);
#1581=VERTEX_POINT('',#2022);
#1582=LINE('',#2023,#2024);
#1583=VERTEX_POINT('',#2025);
#1584=LINE('',#2026,#2027);
#1585=LINE('',#2028,#2029);
#1586=LINE('',#2030,#2031);
#1587=LINE('',#2032,#2033);
#1588=VERTEX_POINT('',#2034);
#1589=LINE('',#2035,#2036);
#1590=LINE('',#2037,#2038);
#1591=LINE('',#2039,#2040);
#1592=LINE('',#2041,#2042);
#1593=LINE('',#2043,#2044);
#1594=LINE('',#2045,#2046);
#1595=LINE('',#2047,#2048);
#1596=LINE('',#2049,#2050);
#1597=LINE('',#2051,#2052);
#1598=LINE('',#2053,#2054);
#1599=LINE('',#2055,#2056);
#1600=LINE('',#2057,#2058);
#1601=VERTEX_POINT('',#2059);
#1602=VERTEX_POINT('',#2060);
#1603=LINE('',#2061,#2062);
#1604=VERTEX_POINT('',#2063);
#1605=LINE('',#2064,#2065);
#1606=VERTEX_POINT('',#2066);
#1607=LINE('',#2067,#2068);
#1608=LINE('',#2069,#2070);
#1609=VERTEX_POINT('',#2071);
#1610=VERTEX_POINT('',#2072);
#1611=LINE('',#2073,#2074);
#1612=VERTEX_POINT('',#2075);
#1613=LINE('',#2076,#2077);
#1614=VERTEX_POINT('',#2078);
#1615=LINE('',#2079,#2080);
#1616=LINE('',#2081,#2082);
#1617=VERTEX_POINT('',#2083);
#1618=VERTEX_POINT('',#2084);
#1619=LINE('',#2085,#2086);
#1620=VERTEX_POINT('',#2087);
#1621=LINE('',#2088,#2089);
#1622=VERTEX_POINT('',#2090);
#1623=LINE('',#2091,#2092);
#1624=LINE('',#2093,#2094);
#1625=VERTEX_POINT('',#2095);
#1626=LINE('',#2096,#2097);
#1627=LINE('',#2098,#2099);
#1628=VERTEX_POINT('',#2100);
#1629=CIRCLE('',#2101,0.635);
#1630=VERTEX_POINT('',#2102);
#1631=LINE('',#2103,#2104);
#1632=VERTEX_POINT('',#2105);
#1633=CIRCLE('',#2106,1.905);
#1634=VERTEX_POINT('',#2107);
#1635=LINE('',#2108,#2109);
#1636=CIRCLE('',#2110,1.905);
#1637=VERTEX_POINT('',#2111);
#1638=LINE('',#2112,#2113);
#1639=VERTEX_POINT('',#2114);
#1640=LINE('',#2115,#2116);
#1641=VERTEX_POINT('',#2117);
#1642=LINE('',#2118,#2119);
#1643=VERTEX_POINT('',#2120);
#1644=CIRCLE('',#2121,1.905);
#1645=LINE('',#2122,#2123);
#1646=LINE('',#2124,#2125);
#1647=LINE('',#2126,#2127);
#1648=LINE('',#2128,#2129);
#1649=LINE('',#2130,#2131);
#1650=LINE('',#2132,#2133);
#1651=LINE('',#2134,#2135);
#1652=LINE('',#2136,#2137);
#1653=LINE('',#2138,#2139);
#1654=VERTEX_POINT('',#2140);
#1655=LINE('',#2141,#2142);
#1656=VERTEX_POINT('',#2143);
#1657=CIRCLE('',#2144,3.0607);
#1658=VERTEX_POINT('',#2145);
#1659=LINE('',#2146,#2147);
#1660=VERTEX_POINT('',#2148);
#1661=LINE('',#2149,#2150);
#1662=VERTEX_POINT('',#2151);
#1663=LINE('',#2152,#2153);
#1664=VERTEX_POINT('',#2154);
#1665=CIRCLE('',#2155,1.9177);
#1666=LINE('',#2156,#2157);
#1667=VERTEX_POINT('',#2158);
#1668=LINE('',#2159,#2160);
#1669=VERTEX_POINT('',#2161);
#1670=LINE('',#2162,#2163);
#1671=LINE('',#2164,#2165);
#1672=VERTEX_POINT('',#2166);
#1673=LINE('',#2167,#2168);
#1674=LINE('',#2169,#2170);
#1675=VERTEX_POINT('',#2171);
#1676=LINE('',#2172,#2173);
#1677=LINE('',#2174,#2175);
#1678=VERTEX_POINT('',#2176);
#1679=CIRCLE('',#2177,1.9177);
#1680=VERTEX_POINT('',#2178);
#1681=LINE('',#2179,#2180);
#1682=VERTEX_POINT('',#2181);
#1683=LINE('',#2182,#2183);
#1684=VERTEX_POINT('',#2184);
#1685=LINE('',#2185,#2186);
#1686=VERTEX_POINT('',#2187);
#1687=CIRCLE('',#2188,3.0607);
#1688=LINE('',#2189,#2190);
#1689=VERTEX_POINT('',#2191);
#1690=LINE('',#2192,#2193);
#1691=LINE('',#2194,#2195);
#1692=LINE('',#2196,#2197);
#1693=LINE('',#2198,#2199);
#1694=LINE('',#2200,#2201);
#1695=LINE('',#2202,#2203);
#1696=LINE('',#2204,#2205);
#1697=LINE('',#2206,#2207);
#1698=VERTEX_POINT('',#2208);
#1699=LINE('',#2209,#2210);
#1700=VERTEX_POINT('',#2211);
#1701=CIRCLE('',#2212,3.0607);
#1702=VERTEX_POINT('',#2213);
#1703=LINE('',#2214,#2215);
#1704=VERTEX_POINT('',#2216);
#1705=LINE('',#2217,#2218);
#1706=VERTEX_POINT('',#2219);
#1707=LINE('',#2220,#2221);
#1708=VERTEX_POINT('',#2222);
#1709=CIRCLE('',#2223,1.9177);
#1710=LINE('',#2224,#2225);
#1711=VERTEX_POINT('',#2226);
#1712=LINE('',#2227,#2228);
#1713=VERTEX_POINT('',#2229);
#1714=LINE('',#2230,#2231);
#1715=LINE('',#2232,#2233);
#1716=VERTEX_POINT('',#2234);
#1717=LINE('',#2235,#2236);
#1718=LINE('',#2237,#2238);
#1719=VERTEX_POINT('',#2239);
#1720=LINE('',#2240,#2241);
#1721=LINE('',#2242,#2243);
#1722=VERTEX_POINT('',#2244);
#1723=CIRCLE('',#2245,1.9177);
#1724=VERTEX_POINT('',#2246);
#1725=LINE('',#2247,#2248);
#1726=VERTEX_POINT('',#2249);
#1727=LINE('',#2250,#2251);
#1728=VERTEX_POINT('',#2252);
#1729=LINE('',#2253,#2254);
#1730=VERTEX_POINT('',#2255);
#1731=CIRCLE('',#2256,3.0607);
#1732=LINE('',#2257,#2258);
#1733=VERTEX_POINT('',#2259);
#1734=LINE('',#2260,#2261);
#1735=LINE('',#2262,#2263);
#1736=LINE('',#2264,#2265);
#1737=LINE('',#2266,#2267);
#1738=LINE('',#2268,#2269);
#1739=LINE('',#2270,#2271);
#1740=LINE('',#2272,#2273);
#1741=LINE('',#2274,#2275);
#1742=VERTEX_POINT('',#2276);
#1743=LINE('',#2277,#2278);
#1744=VERTEX_POINT('',#2279);
#1745=CIRCLE('',#2280,3.0607);
#1746=VERTEX_POINT('',#2281);
#1747=LINE('',#2282,#2283);
#1748=VERTEX_POINT('',#2284);
#1749=LINE('',#2285,#2286);
#1750=VERTEX_POINT('',#2287);
#1751=LINE('',#2288,#2289);
#1752=VERTEX_POINT('',#2290);
#1753=CIRCLE('',#2291,1.9177);
#1754=LINE('',#2292,#2293);
#1755=VERTEX_POINT('',#2294);
#1756=LINE('',#2295,#2296);
#1757=VERTEX_POINT('',#2297);
#1758=LINE('',#2298,#2299);
#1759=LINE('',#2300,#2301);
#1760=VERTEX_POINT('',#2302);
#1761=LINE('',#2303,#2304);
#1762=LINE('',#2305,#2306);
#1763=VERTEX_POINT('',#2307);
#1764=LINE('',#2308,#2309);
#1765=LINE('',#2310,#2311);
#1766=VERTEX_POINT('',#2312);
#1767=CIRCLE('',#2313,1.9177);
#1768=VERTEX_POINT('',#2314);
#1769=LINE('',#2315,#2316);
#1770=VERTEX_POINT('',#2317);
#1771=LINE('',#2318,#2319);
#1772=VERTEX_POINT('',#2320);
#1773=LINE('',#2321,#2322);
#1774=VERTEX_POINT('',#2323);
#1775=CIRCLE('',#2324,3.0607);
#1776=LINE('',#2325,#2326);
#1777=VERTEX_POINT('',#2327);
#1778=LINE('',#2328,#2329);
#1779=LINE('',#2330,#2331);
#1780=LINE('',#2332,#2333);
#1781=LINE('',#2334,#2335);
#1782=LINE('',#2336,#2337);
#1783=LINE('',#2338,#2339);
#1784=LINE('',#2340,#2341);
#1785=LINE('',#2342,#2343);
#1786=CARTESIAN_POINT('',(3.9624,6.1722,-4.0767));
#1787=CARTESIAN_POINT('',(-3.9624,6.1722,-4.0767));
#1788=CARTESIAN_POINT('',(0.0,6.1722,-4.0767));
#1789=VECTOR('',#2344,1.0);
#1790=CARTESIAN_POINT('',(3.9624,7.26486311124802,-4.42121535562882));
#1791=AXIS2_PLACEMENT_3D('',#2345,#2346,#2347);
#1792=CARTESIAN_POINT('',(-3.9624,7.26486311124802,-4.42121535562882));
#1793=CARTESIAN_POINT('',(3.9624,7.26486311124802,-4.42121535562882));
#1794=VECTOR('',#2348,7.9248);
#1795=AXIS2_PLACEMENT_3D('',#2349,#2350,#2351);
#1796=CARTESIAN_POINT('',(-5.8674,-2.032,1.9177));
#1797=CARTESIAN_POINT('',(-5.8674,-1.27,1.9177));
#1798=CARTESIAN_POINT('',(-5.8674,-2.032,1.9177));
#1799=VECTOR('',#2352,0.762);
#1800=CARTESIAN_POINT('',(-5.8674,-2.032,3.4417));
#1801=CARTESIAN_POINT('',(-5.8674,-2.032,3.4417));
#1802=VECTOR('',#2353,1.524);
#1803=CARTESIAN_POINT('',(-5.8674,-0.693940905122526,3.4417));
#1804=CARTESIAN_POINT('',(-5.8674,-0.693940905122526,3.4417));
#1805=VECTOR('',#2354,1.33805909487747);
#1806=CARTESIAN_POINT('',(-5.8674,-0.693940905122526,3.1877));
#1807=CARTESIAN_POINT('',(-5.8674,-0.693940905122526,3.1877));
#1808=VECTOR('',#2355,0.254);
#1809=CARTESIAN_POINT('',(-5.8674,-0.058940905122526,3.1877));
#1810=CARTESIAN_POINT('',(-5.8674,-0.058940905122526,3.1877));
#1811=VECTOR('',#2356,0.635);
#1812=CARTESIAN_POINT('',(-5.8674,0.381,3.4417));
#1813=CARTESIAN_POINT('',(-5.8674,0.381,3.4417));
#1814=VECTOR('',#2357,0.508);
#1815=CARTESIAN_POINT('',(-5.8674,1.27,3.4417));
#1816=CARTESIAN_POINT('',(-5.8674,1.27,3.4417));
#1817=VECTOR('',#2358,0.889);
#1818=CARTESIAN_POINT('',(-5.8674,1.27,-3.4417));
#1819=CARTESIAN_POINT('',(-5.8674,1.27,-3.4417));
#1820=VECTOR('',#2359,6.8834);
#1821=CARTESIAN_POINT('',(-5.8674,-1.27,-3.4417));
#1822=CARTESIAN_POINT('',(-5.8674,-1.27,-3.4417));
#1823=VECTOR('',#2360,2.54);
#1824=CARTESIAN_POINT('',(-5.8674,-1.27,1.9177));
#1825=VECTOR('',#2361,5.3594);
#1826=CARTESIAN_POINT('',(3.9624,-1.27,-3.4417));
#1827=CARTESIAN_POINT('',(5.8674,-1.27,-3.4417));
#1828=CARTESIAN_POINT('',(3.9624,-1.27,-3.4417));
#1829=VECTOR('',#2362,1.905);
#1830=CARTESIAN_POINT('',(5.8674,-1.27,1.9177));
#1831=CARTESIAN_POINT('',(5.8674,-1.27,1.9177));
#1832=VECTOR('',#2363,5.3594);
#1833=CARTESIAN_POINT('',(5.2832,-1.27,1.9177));
#1834=CARTESIAN_POINT('',(5.2832,-1.27,1.9177));
#1835=VECTOR('',#2364,0.5842);
#1836=CARTESIAN_POINT('',(5.2832,-1.27,3.4417));
#1837=CARTESIAN_POINT('',(5.2832,-1.27,3.4417));
#1838=VECTOR('',#2365,1.524);
#1839=CARTESIAN_POINT('',(2.6416,-1.27,3.4417));
#1840=CARTESIAN_POINT('',(5.2832,-1.27,3.4417));
#1841=VECTOR('',#2366,2.6416);
#1842=CARTESIAN_POINT('',(2.6416,-1.27,1.9177));
#1843=CARTESIAN_POINT('',(2.6416,-1.27,3.4417));
#1844=VECTOR('',#2367,1.524);
#1845=CARTESIAN_POINT('',(1.3208,-1.27,1.9177));
#1846=CARTESIAN_POINT('',(1.3208,-1.27,1.9177));
#1847=VECTOR('',#2368,1.3208);
#1848=CARTESIAN_POINT('',(1.3208,-1.27,3.4417));
#1849=CARTESIAN_POINT('',(1.3208,-1.27,3.4417));
#1850=VECTOR('',#2369,1.524);
#1851=CARTESIAN_POINT('',(-1.3208,-1.27,3.4417));
#1852=CARTESIAN_POINT('',(1.3208,-1.27,3.4417));
#1853=VECTOR('',#2370,2.6416);
#1854=CARTESIAN_POINT('',(-1.3208,-1.27,1.9177));
#1855=CARTESIAN_POINT('',(-1.3208,-1.27,3.4417));
#1856=VECTOR('',#2371,1.524);
#1857=CARTESIAN_POINT('',(-2.6416,-1.27,1.9177));
#1858=CARTESIAN_POINT('',(-2.6416,-1.27,1.9177));
#1859=VECTOR('',#2372,1.3208);
#1860=CARTESIAN_POINT('',(-2.6416,-1.27,3.4417));
#1861=CARTESIAN_POINT('',(-2.6416,-1.27,3.4417));
#1862=VECTOR('',#2373,1.524);
#1863=CARTESIAN_POINT('',(-5.2832,-1.27,3.4417));
#1864=CARTESIAN_POINT('',(-2.6416,-1.27,3.4417));
#1865=VECTOR('',#2374,2.6416);
#1866=CARTESIAN_POINT('',(-5.2832,-1.27,1.9177));
#1867=CARTESIAN_POINT('',(-5.2832,-1.27,3.4417));
#1868=VECTOR('',#2375,1.524);
#1869=CARTESIAN_POINT('',(-5.8674,-1.27,1.9177));
#1870=VECTOR('',#2376,0.5842);
#1871=CARTESIAN_POINT('',(-3.9624,-1.27,-3.4417));
#1872=CARTESIAN_POINT('',(-5.8674,-1.27,-3.4417));
#1873=VECTOR('',#2377,1.905);
#1874=CARTESIAN_POINT('',(-3.9624,-1.27,-3.4417));
#1875=VECTOR('',#2378,7.9248);
#1876=CARTESIAN_POINT('',(3.3401,-1.27,-1.0922));
#1877=CARTESIAN_POINT('',(4.4831,-1.27,-1.0922));
#1878=CARTESIAN_POINT('',(3.3401,-1.27,-1.0922));
#1879=VECTOR('',#2379,1.143);
#1880=CARTESIAN_POINT('',(4.4831,-1.27,-2.2352));
#1881=CARTESIAN_POINT('',(4.4831,-1.27,-1.0922));
#1882=VECTOR('',#2380,1.143);
#1883=CARTESIAN_POINT('',(3.3401,-1.27,-2.2352));
#1884=CARTESIAN_POINT('',(4.4831,-1.27,-2.2352));
#1885=VECTOR('',#2381,1.143);
#1886=CARTESIAN_POINT('',(3.3401,-1.27,-1.0922));
#1887=VECTOR('',#2382,1.143);
#1888=CARTESIAN_POINT('',(-0.6223,-1.27,-1.0922));
#1889=CARTESIAN_POINT('',(0.5207,-1.27,-1.0922));
#1890=CARTESIAN_POINT('',(-0.6223,-1.27,-1.0922));
#1891=VECTOR('',#2383,1.143);
#1892=CARTESIAN_POINT('',(0.5207,-1.27,-2.2352));
#1893=CARTESIAN_POINT('',(0.5207,-1.27,-1.0922));
#1894=VECTOR('',#2384,1.143);
#1895=CARTESIAN_POINT('',(-0.6223,-1.27,-2.2352));
#1896=CARTESIAN_POINT('',(0.5207,-1.27,-2.2352));
#1897=VECTOR('',#2385,1.143);
#1898=CARTESIAN_POINT('',(-0.6223,-1.27,-1.0922));
#1899=VECTOR('',#2386,1.143);
#1900=CARTESIAN_POINT('',(-4.5847,-1.27,-1.0922));
#1901=CARTESIAN_POINT('',(-3.4417,-1.27,-1.0922));
#1902=CARTESIAN_POINT('',(-4.5847,-1.27,-1.0922));
#1903=VECTOR('',#2387,1.143);
#1904=CARTESIAN_POINT('',(-3.4417,-1.27,-2.2352));
#1905=CARTESIAN_POINT('',(-3.4417,-1.27,-1.0922));
#1906=VECTOR('',#2388,1.143);
#1907=CARTESIAN_POINT('',(-4.5847,-1.27,-2.2352));
#1908=CARTESIAN_POINT('',(-3.4417,-1.27,-2.2352));
#1909=VECTOR('',#2389,1.143);
#1910=CARTESIAN_POINT('',(-4.5847,-1.27,-1.0922));
#1911=VECTOR('',#2390,1.143);
#1912=CARTESIAN_POINT('',(-3.9624,-2.032,-3.4417));
#1913=CARTESIAN_POINT('',(-3.9624,-1.27,-3.4417));
#1914=VECTOR('',#2391,0.762);
#1915=CARTESIAN_POINT('',(3.9624,-2.032,-3.4417));
#1916=CARTESIAN_POINT('',(3.9624,-2.032,-3.4417));
#1917=VECTOR('',#2392,7.9248);
#1918=CARTESIAN_POINT('',(3.9624,-1.27,-3.4417));
#1919=VECTOR('',#2393,0.762);
#1920=CARTESIAN_POINT('',(3.9624,-2.032,-4.6609));
#1921=CARTESIAN_POINT('',(3.9624,-2.032,-3.4417));
#1922=VECTOR('',#2394,1.2192);
#1923=CARTESIAN_POINT('',(3.9624,-0.127,-6.5659));
#1924=AXIS2_PLACEMENT_3D('',#2395,#2396,#2397);
#1925=CARTESIAN_POINT('',(3.9624,9.2964,-6.5659));
#1926=CARTESIAN_POINT('',(3.9624,-0.127,-6.5659));
#1927=VECTOR('',#2398,9.4234);
#1928=CARTESIAN_POINT('',(3.9624,9.2964,-5.84371279928458));
#1929=CARTESIAN_POINT('',(3.9624,9.2964,-6.5659));
#1930=VECTOR('',#2399,0.722187200715928);
#1931=CARTESIAN_POINT('',(3.9624,9.2964,-5.84371279928458));
#1932=VECTOR('',#2400,2.48004860991902);
#1933=CARTESIAN_POINT('',(3.9624,4.8251615818394,-4.6346615818394));
#1934=AXIS2_PLACEMENT_3D('',#2401,#2402,#2403);
#1935=CARTESIAN_POINT('',(3.9624,4.2138847455182,-5.2459384181606));
#1936=CARTESIAN_POINT('',(3.9624,4.8251615818394,-4.6346615818394));
#1937=VECTOR('',#2404,0.864475992289414);
#1938=CARTESIAN_POINT('',(3.9624,2.8668463273576,-5.8039));
#1939=AXIS2_PLACEMENT_3D('',#2405,#2406,#2407);
#1940=CARTESIAN_POINT('',(3.9624,0.440825612106982,-5.8039));
#1941=CARTESIAN_POINT('',(3.9624,2.8668463273576,-5.8039));
#1942=VECTOR('',#2408,2.42602071525163);
#1943=CARTESIAN_POINT('',(3.9624,-0.0081871939465725,-4.71988719394562));
#1944=AXIS2_PLACEMENT_3D('',#2409,#2410,#2411);
#1945=CARTESIAN_POINT('',(3.9624,1.27,-3.4417));
#1946=CARTESIAN_POINT('',(3.9624,-0.00818719394657504,-4.71988719394562));
#1947=VECTOR('',#2412,1.8076296649308);
#1948=CARTESIAN_POINT('',(3.9624,-1.27,-3.4417));
#1949=VECTOR('',#2413,2.54);
#1950=CARTESIAN_POINT('',(5.8674,1.27,-3.4417));
#1951=CARTESIAN_POINT('',(3.9624,1.27,-3.4417));
#1952=VECTOR('',#2414,1.905);
#1953=CARTESIAN_POINT('',(5.8674,-1.27,-3.4417));
#1954=VECTOR('',#2415,2.54);
#1955=CARTESIAN_POINT('',(-3.9624,1.27,-3.4417));
#1956=CARTESIAN_POINT('',(-5.8674,1.27,-3.4417));
#1957=VECTOR('',#2416,1.905);
#1958=CARTESIAN_POINT('',(-3.9624,-1.27,-3.4417));
#1959=VECTOR('',#2417,2.54);
#1960=CARTESIAN_POINT('',(5.8674,1.27,3.4417));
#1961=CARTESIAN_POINT('',(5.8674,1.27,-3.4417));
#1962=VECTOR('',#2418,6.8834);
#1963=CARTESIAN_POINT('',(5.8674,0.381,3.4417));
#1964=CARTESIAN_POINT('',(5.8674,1.27,3.4417));
#1965=VECTOR('',#2419,0.889);
#1966=CARTESIAN_POINT('',(5.8674,-0.058940905122526,3.1877));
#1967=CARTESIAN_POINT('',(5.8674,0.381,3.4417));
#1968=VECTOR('',#2420,0.508);
#1969=CARTESIAN_POINT('',(5.8674,-0.693940905122526,3.1877));
#1970=CARTESIAN_POINT('',(5.8674,-0.058940905122526,3.1877));
#1971=VECTOR('',#2421,0.635);
#1972=CARTESIAN_POINT('',(5.8674,-0.693940905122526,3.4417));
#1973=CARTESIAN_POINT('',(5.8674,-0.693940905122526,3.1877));
#1974=VECTOR('',#2422,0.254);
#1975=CARTESIAN_POINT('',(5.8674,-2.032,3.4417));
#1976=CARTESIAN_POINT('',(5.8674,-0.693940905122526,3.4417));
#1977=VECTOR('',#2423,1.33805909487747);
#1978=CARTESIAN_POINT('',(5.8674,-2.032,1.9177));
#1979=CARTESIAN_POINT('',(5.8674,-2.032,3.4417));
#1980=VECTOR('',#2424,1.524);
#1981=CARTESIAN_POINT('',(5.8674,-2.032,1.9177));
#1982=VECTOR('',#2425,0.762);
#1983=CARTESIAN_POINT('',(5.2832,-2.032,1.9177));
#1984=CARTESIAN_POINT('',(5.2832,-2.032,1.9177));
#1985=VECTOR('',#2426,0.5842);
#1986=CARTESIAN_POINT('',(5.2832,-2.032,1.9177));
#1987=VECTOR('',#2427,0.762);
#1988=CARTESIAN_POINT('',(2.6416,-2.032,1.9177));
#1989=CARTESIAN_POINT('',(2.6416,-2.032,1.9177));
#1990=VECTOR('',#2428,0.762);
#1991=CARTESIAN_POINT('',(1.3208,-2.032,1.9177));
#1992=CARTESIAN_POINT('',(1.3208,-2.032,1.9177));
#1993=VECTOR('',#2429,1.3208);
#1994=CARTESIAN_POINT('',(1.3208,-2.032,1.9177));
#1995=VECTOR('',#2430,0.762);
#1996=CARTESIAN_POINT('',(-5.2832,-2.032,1.9177));
#1997=CARTESIAN_POINT('',(-5.8674,-2.032,1.9177));
#1998=VECTOR('',#2431,0.5842);
#1999=CARTESIAN_POINT('',(-5.2832,-2.032,1.9177));
#2000=VECTOR('',#2432,0.762);
#2001=CARTESIAN_POINT('',(-1.3208,-2.032,1.9177));
#2002=CARTESIAN_POINT('',(-1.3208,-2.032,1.9177));
#2003=VECTOR('',#2433,0.762);
#2004=CARTESIAN_POINT('',(-2.6416,-2.032,1.9177));
#2005=CARTESIAN_POINT('',(-2.6416,-2.032,1.9177));
#2006=VECTOR('',#2434,1.3208);
#2007=CARTESIAN_POINT('',(-2.6416,-2.032,1.9177));
#2008=VECTOR('',#2435,0.762);
#2009=CARTESIAN_POINT('',(5.2832,-2.032,3.4417));
#2010=CARTESIAN_POINT('',(5.2832,-2.032,3.4417));
#2011=VECTOR('',#2436,1.524);
#2012=CARTESIAN_POINT('',(5.2832,-2.032,3.4417));
#2013=VECTOR('',#2437,0.762);
#2014=CARTESIAN_POINT('',(-2.6416,-2.032,3.4417));
#2015=CARTESIAN_POINT('',(-2.6416,-2.032,3.4417));
#2016=VECTOR('',#2438,0.762);
#2017=CARTESIAN_POINT('',(-1.3208,-2.032,3.4417));
#2018=CARTESIAN_POINT('',(-2.6416,-2.032,3.4417));
#2019=VECTOR('',#2439,1.3208);
#2020=CARTESIAN_POINT('',(-1.3208,-2.032,3.4417));
#2021=VECTOR('',#2440,0.762);
#2022=CARTESIAN_POINT('',(1.3208,-2.032,3.4417));
#2023=CARTESIAN_POINT('',(1.3208,-2.032,3.4417));
#2024=VECTOR('',#2441,0.762);
#2025=CARTESIAN_POINT('',(2.6416,-2.032,3.4417));
#2026=CARTESIAN_POINT('',(1.3208,-2.032,3.4417));
#2027=VECTOR('',#2442,1.3208);
#2028=CARTESIAN_POINT('',(2.6416,-2.032,3.4417));
#2029=VECTOR('',#2443,0.762);
#2030=CARTESIAN_POINT('',(5.2832,-2.032,3.4417));
#2031=VECTOR('',#2444,0.5842);
#2032=CARTESIAN_POINT('',(-5.8674,-0.693940905122526,3.4417));
#2033=VECTOR('',#2445,11.7348);
#2034=CARTESIAN_POINT('',(-5.2832,-2.032,3.4417));
#2035=CARTESIAN_POINT('',(-5.8674,-2.032,3.4417));
#2036=VECTOR('',#2446,0.5842);
#2037=CARTESIAN_POINT('',(-5.2832,-2.032,3.4417));
#2038=VECTOR('',#2447,0.762);
#2039=CARTESIAN_POINT('',(-5.2832,-2.032,3.4417));
#2040=VECTOR('',#2448,1.524);
#2041=CARTESIAN_POINT('',(2.6416,-2.032,3.4417));
#2042=VECTOR('',#2449,1.524);
#2043=CARTESIAN_POINT('',(1.3208,-2.032,3.4417));
#2044=VECTOR('',#2450,1.524);
#2045=CARTESIAN_POINT('',(-1.3208,-2.032,3.4417));
#2046=VECTOR('',#2451,1.524);
#2047=CARTESIAN_POINT('',(-2.6416,-2.032,3.4417));
#2048=VECTOR('',#2452,1.524);
#2049=CARTESIAN_POINT('',(-5.8674,-0.693940905122526,3.1877));
#2050=VECTOR('',#2453,11.7348);
#2051=CARTESIAN_POINT('',(-5.8674,-0.058940905122526,3.1877));
#2052=VECTOR('',#2454,11.7348);
#2053=CARTESIAN_POINT('',(-5.8674,0.381,3.4417));
#2054=VECTOR('',#2455,11.7348);
#2055=CARTESIAN_POINT('',(-5.8674,1.27,3.4417));
#2056=VECTOR('',#2456,11.7348);
#2057=CARTESIAN_POINT('',(-3.9624,1.27,-3.4417));
#2058=VECTOR('',#2457,7.9248);
#2059=CARTESIAN_POINT('',(4.4831,1.27,-2.2352));
#2060=CARTESIAN_POINT('',(3.3401,1.27,-2.2352));
#2061=CARTESIAN_POINT('',(4.4831,1.27,-2.2352));
#2062=VECTOR('',#2458,1.143);
#2063=CARTESIAN_POINT('',(4.4831,1.27,-1.0922));
#2064=CARTESIAN_POINT('',(4.4831,1.27,-1.0922));
#2065=VECTOR('',#2459,1.143);
#2066=CARTESIAN_POINT('',(3.3401,1.27,-1.0922));
#2067=CARTESIAN_POINT('',(3.3401,1.27,-1.0922));
#2068=VECTOR('',#2460,1.143);
#2069=CARTESIAN_POINT('',(3.3401,1.27,-1.0922));
#2070=VECTOR('',#2461,1.143);
#2071=CARTESIAN_POINT('',(0.5207,1.27,-2.2352));
#2072=CARTESIAN_POINT('',(-0.6223,1.27,-2.2352));
#2073=CARTESIAN_POINT('',(0.5207,1.27,-2.2352));
#2074=VECTOR('',#2462,1.143);
#2075=CARTESIAN_POINT('',(0.5207,1.27,-1.0922));
#2076=CARTESIAN_POINT('',(0.5207,1.27,-1.0922));
#2077=VECTOR('',#2463,1.143);
#2078=CARTESIAN_POINT('',(-0.6223,1.27,-1.0922));
#2079=CARTESIAN_POINT('',(-0.6223,1.27,-1.0922));
#2080=VECTOR('',#2464,1.143);
#2081=CARTESIAN_POINT('',(-0.6223,1.27,-1.0922));
#2082=VECTOR('',#2465,1.143);
#2083=CARTESIAN_POINT('',(-3.4417,1.27,-2.2352));
#2084=CARTESIAN_POINT('',(-4.5847,1.27,-2.2352));
#2085=CARTESIAN_POINT('',(-3.4417,1.27,-2.2352));
#2086=VECTOR('',#2466,1.143);
#2087=CARTESIAN_POINT('',(-3.4417,1.27,-1.0922));
#2088=CARTESIAN_POINT('',(-3.4417,1.27,-1.0922));
#2089=VECTOR('',#2467,1.143);
#2090=CARTESIAN_POINT('',(-4.5847,1.27,-1.0922));
#2091=CARTESIAN_POINT('',(-4.5847,1.27,-1.0922));
#2092=VECTOR('',#2468,1.143);
#2093=CARTESIAN_POINT('',(-4.5847,1.27,-1.0922));
#2094=VECTOR('',#2469,1.143);
#2095=CARTESIAN_POINT('',(-3.9624,-0.0081871939465725,-4.71988719394562));
#2096=CARTESIAN_POINT('',(3.9624,-0.00818719394657504,-4.71988719394562));
#2097=VECTOR('',#2470,7.9248);
#2098=CARTESIAN_POINT('',(-3.9624,-0.00818719394657504,-4.71988719394562));
#2099=VECTOR('',#2471,1.8076296649308);
#2100=CARTESIAN_POINT('',(-3.9624,0.440825612106982,-5.8039));
#2101=AXIS2_PLACEMENT_3D('',#2472,#2473,#2474);
#2102=CARTESIAN_POINT('',(-3.9624,2.8668463273576,-5.8039));
#2103=CARTESIAN_POINT('',(-3.9624,2.8668463273576,-5.8039));
#2104=VECTOR('',#2475,2.42602071525163);
#2105=CARTESIAN_POINT('',(-3.9624,4.2138847455182,-5.2459384181606));
#2106=AXIS2_PLACEMENT_3D('',#2476,#2477,#2478);
#2107=CARTESIAN_POINT('',(-3.9624,4.8251615818394,-4.6346615818394));
#2108=CARTESIAN_POINT('',(-3.9624,4.8251615818394,-4.6346615818394));
#2109=VECTOR('',#2479,0.864475992289414);
#2110=AXIS2_PLACEMENT_3D('',#2480,#2481,#2482);
#2111=CARTESIAN_POINT('',(-3.9624,9.2964,-5.84371279928458));
#2112=CARTESIAN_POINT('',(-3.9624,9.2964,-5.84371279928458));
#2113=VECTOR('',#2483,2.48004860991902);
#2114=CARTESIAN_POINT('',(-3.9624,9.2964,-6.5659));
#2115=CARTESIAN_POINT('',(-3.9624,9.2964,-6.5659));
#2116=VECTOR('',#2484,0.722187200715928);
#2117=CARTESIAN_POINT('',(-3.9624,-0.127,-6.5659));
#2118=CARTESIAN_POINT('',(-3.9624,-0.127,-6.5659));
#2119=VECTOR('',#2485,9.4234);
#2120=CARTESIAN_POINT('',(-3.9624,-2.032,-4.6609));
#2121=AXIS2_PLACEMENT_3D('',#2486,#2487,#2488);
#2122=CARTESIAN_POINT('',(-3.9624,-2.032,-3.4417));
#2123=VECTOR('',#2489,1.2192);
#2124=CARTESIAN_POINT('',(3.9624,-2.032,-4.6609));
#2125=VECTOR('',#2490,7.9248);
#2126=CARTESIAN_POINT('',(3.9624,-0.127,-6.5659));
#2127=VECTOR('',#2491,7.9248);
#2128=CARTESIAN_POINT('',(3.9624,9.2964,-6.5659));
#2129=VECTOR('',#2492,7.9248);
#2130=CARTESIAN_POINT('',(3.9624,9.2964,-5.84371279928458));
#2131=VECTOR('',#2493,7.9248);
#2132=CARTESIAN_POINT('',(3.9624,4.8251615818394,-4.6346615818394));
#2133=VECTOR('',#2494,7.9248);
#2134=CARTESIAN_POINT('',(3.9624,4.2138847455182,-5.2459384181606));
#2135=VECTOR('',#2495,7.9248);
#2136=CARTESIAN_POINT('',(3.9624,2.8668463273576,-5.8039));
#2137=VECTOR('',#2496,7.9248);
#2138=CARTESIAN_POINT('',(3.9624,0.440825612106982,-5.8039));
#2139=VECTOR('',#2497,7.9248);
#2140=CARTESIAN_POINT('',(3.3401,-4.953,-2.2352));
#2141=CARTESIAN_POINT('',(3.3401,-4.953,-2.2352));
#2142=VECTOR('',#2498,3.683);
#2143=CARTESIAN_POINT('',(3.3401,-8.0137,0.8255));
#2144=AXIS2_PLACEMENT_3D('',#2499,#2500,#2501);
#2145=CARTESIAN_POINT('',(3.3401,-8.0137,7.4041));
#2146=CARTESIAN_POINT('',(3.3401,-8.0137,7.4041));
#2147=VECTOR('',#2502,6.5786);
#2148=CARTESIAN_POINT('',(3.3401,-6.8707,7.4041));
#2149=CARTESIAN_POINT('',(3.3401,-8.0137,7.4041));
#2150=VECTOR('',#2503,1.143);
#2151=CARTESIAN_POINT('',(3.3401,-6.8707,0.8255));
#2152=CARTESIAN_POINT('',(3.3401,-6.8707,7.4041));
#2153=VECTOR('',#2504,6.5786);
#2154=CARTESIAN_POINT('',(3.3401,-4.953,-1.0922));
#2155=AXIS2_PLACEMENT_3D('',#2505,#2506,#2507);
#2156=CARTESIAN_POINT('',(3.3401,-4.953,-1.0922));
#2157=VECTOR('',#2508,3.683);
#2158=CARTESIAN_POINT('',(3.3401,12.7,-1.0922));
#2159=CARTESIAN_POINT('',(3.3401,1.27,-1.0922));
#2160=VECTOR('',#2509,11.43);
#2161=CARTESIAN_POINT('',(3.3401,12.7,-2.2352));
#2162=CARTESIAN_POINT('',(3.3401,12.7,-2.2352));
#2163=VECTOR('',#2510,1.143);
#2164=CARTESIAN_POINT('',(3.3401,1.27,-2.2352));
#2165=VECTOR('',#2511,11.43);
#2166=CARTESIAN_POINT('',(4.4831,-4.953,-1.0922));
#2167=CARTESIAN_POINT('',(3.3401,-4.953,-1.0922));
#2168=VECTOR('',#2512,1.143);
#2169=CARTESIAN_POINT('',(4.4831,-4.953,-1.0922));
#2170=VECTOR('',#2513,3.683);
#2171=CARTESIAN_POINT('',(4.4831,12.7,-1.0922));
#2172=CARTESIAN_POINT('',(4.4831,1.27,-1.0922));
#2173=VECTOR('',#2514,11.43);
#2174=CARTESIAN_POINT('',(3.3401,12.7,-1.0922));
#2175=VECTOR('',#2515,1.143);
#2176=CARTESIAN_POINT('',(4.4831,-6.8707,0.8255));
#2177=AXIS2_PLACEMENT_3D('',#2516,#2517,#2518);
#2178=CARTESIAN_POINT('',(4.4831,-6.8707,7.4041));
#2179=CARTESIAN_POINT('',(4.4831,-6.8707,7.4041));
#2180=VECTOR('',#2519,6.5786);
#2181=CARTESIAN_POINT('',(4.4831,-8.0137,7.4041));
#2182=CARTESIAN_POINT('',(4.4831,-6.8707,7.4041));
#2183=VECTOR('',#2520,1.143);
#2184=CARTESIAN_POINT('',(4.4831,-8.0137,0.8255));
#2185=CARTESIAN_POINT('',(4.4831,-8.0137,7.4041));
#2186=VECTOR('',#2521,6.5786);
#2187=CARTESIAN_POINT('',(4.4831,-4.953,-2.2352));
#2188=AXIS2_PLACEMENT_3D('',#2522,#2523,#2524);
#2189=CARTESIAN_POINT('',(4.4831,-4.953,-2.2352));
#2190=VECTOR('',#2525,3.683);
#2191=CARTESIAN_POINT('',(4.4831,12.7,-2.2352));
#2192=CARTESIAN_POINT('',(4.4831,1.27,-2.2352));
#2193=VECTOR('',#2526,11.43);
#2194=CARTESIAN_POINT('',(4.4831,12.7,-1.0922));
#2195=VECTOR('',#2527,1.143);
#2196=CARTESIAN_POINT('',(4.4831,-4.953,-2.2352));
#2197=VECTOR('',#2528,1.143);
#2198=CARTESIAN_POINT('',(4.4831,12.7,-2.2352));
#2199=VECTOR('',#2529,1.143);
#2200=CARTESIAN_POINT('',(4.4831,-8.0137,0.8255));
#2201=VECTOR('',#2530,1.143);
#2202=CARTESIAN_POINT('',(4.4831,-8.0137,7.4041));
#2203=VECTOR('',#2531,1.143);
#2204=CARTESIAN_POINT('',(3.3401,-6.8707,7.4041));
#2205=VECTOR('',#2532,1.143);
#2206=CARTESIAN_POINT('',(3.3401,-6.8707,0.8255));
#2207=VECTOR('',#2533,1.143);
#2208=CARTESIAN_POINT('',(-0.6223,-4.953,-2.2352));
#2209=CARTESIAN_POINT('',(-0.6223,-4.953,-2.2352));
#2210=VECTOR('',#2534,3.683);
#2211=CARTESIAN_POINT('',(-0.6223,-8.0137,0.8255));
#2212=AXIS2_PLACEMENT_3D('',#2535,#2536,#2537);
#2213=CARTESIAN_POINT('',(-0.6223,-8.0137,7.4041));
#2214=CARTESIAN_POINT('',(-0.6223,-8.0137,7.4041));
#2215=VECTOR('',#2538,6.5786);
#2216=CARTESIAN_POINT('',(-0.6223,-6.8707,7.4041));
#2217=CARTESIAN_POINT('',(-0.6223,-8.0137,7.4041));
#2218=VECTOR('',#2539,1.143);
#2219=CARTESIAN_POINT('',(-0.6223,-6.8707,0.8255));
#2220=CARTESIAN_POINT('',(-0.6223,-6.8707,7.4041));
#2221=VECTOR('',#2540,6.5786);
#2222=CARTESIAN_POINT('',(-0.6223,-4.953,-1.0922));
#2223=AXIS2_PLACEMENT_3D('',#2541,#2542,#2543);
#2224=CARTESIAN_POINT('',(-0.6223,-4.953,-1.0922));
#2225=VECTOR('',#2544,3.683);
#2226=CARTESIAN_POINT('',(-0.6223,12.7,-1.0922));
#2227=CARTESIAN_POINT('',(-0.6223,1.27,-1.0922));
#2228=VECTOR('',#2545,11.43);
#2229=CARTESIAN_POINT('',(-0.6223,12.7,-2.2352));
#2230=CARTESIAN_POINT('',(-0.6223,12.7,-2.2352));
#2231=VECTOR('',#2546,1.143);
#2232=CARTESIAN_POINT('',(-0.6223,1.27,-2.2352));
#2233=VECTOR('',#2547,11.43);
#2234=CARTESIAN_POINT('',(0.5207,-4.953,-1.0922));
#2235=CARTESIAN_POINT('',(-0.6223,-4.953,-1.0922));
#2236=VECTOR('',#2548,1.143);
#2237=CARTESIAN_POINT('',(0.5207,-4.953,-1.0922));
#2238=VECTOR('',#2549,3.683);
#2239=CARTESIAN_POINT('',(0.5207,12.7,-1.0922));
#2240=CARTESIAN_POINT('',(0.5207,1.27,-1.0922));
#2241=VECTOR('',#2550,11.43);
#2242=CARTESIAN_POINT('',(-0.6223,12.7,-1.0922));
#2243=VECTOR('',#2551,1.143);
#2244=CARTESIAN_POINT('',(0.5207,-6.8707,0.8255));
#2245=AXIS2_PLACEMENT_3D('',#2552,#2553,#2554);
#2246=CARTESIAN_POINT('',(0.5207,-6.8707,7.4041));
#2247=CARTESIAN_POINT('',(0.5207,-6.8707,7.4041));
#2248=VECTOR('',#2555,6.5786);
#2249=CARTESIAN_POINT('',(0.5207,-8.0137,7.4041));
#2250=CARTESIAN_POINT('',(0.5207,-6.8707,7.4041));
#2251=VECTOR('',#2556,1.143);
#2252=CARTESIAN_POINT('',(0.5207,-8.0137,0.8255));
#2253=CARTESIAN_POINT('',(0.5207,-8.0137,7.4041));
#2254=VECTOR('',#2557,6.5786);
#2255=CARTESIAN_POINT('',(0.5207,-4.953,-2.2352));
#2256=AXIS2_PLACEMENT_3D('',#2558,#2559,#2560);
#2257=CARTESIAN_POINT('',(0.5207,-4.953,-2.2352));
#2258=VECTOR('',#2561,3.683);
#2259=CARTESIAN_POINT('',(0.5207,12.7,-2.2352));
#2260=CARTESIAN_POINT('',(0.5207,1.27,-2.2352));
#2261=VECTOR('',#2562,11.43);
#2262=CARTESIAN_POINT('',(0.5207,12.7,-1.0922));
#2263=VECTOR('',#2563,1.143);
#2264=CARTESIAN_POINT('',(0.5207,-4.953,-2.2352));
#2265=VECTOR('',#2564,1.143);
#2266=CARTESIAN_POINT('',(0.5207,12.7,-2.2352));
#2267=VECTOR('',#2565,1.143);
#2268=CARTESIAN_POINT('',(0.5207,-8.0137,0.8255));
#2269=VECTOR('',#2566,1.143);
#2270=CARTESIAN_POINT('',(0.5207,-8.0137,7.4041));
#2271=VECTOR('',#2567,1.143);
#2272=CARTESIAN_POINT('',(-0.6223,-6.8707,7.4041));
#2273=VECTOR('',#2568,1.143);
#2274=CARTESIAN_POINT('',(-0.6223,-6.8707,0.8255));
#2275=VECTOR('',#2569,1.143);
#2276=CARTESIAN_POINT('',(-4.5847,-4.953,-2.2352));
#2277=CARTESIAN_POINT('',(-4.5847,-4.953,-2.2352));
#2278=VECTOR('',#2570,3.683);
#2279=CARTESIAN_POINT('',(-4.5847,-8.0137,0.8255));
#2280=AXIS2_PLACEMENT_3D('',#2571,#2572,#2573);
#2281=CARTESIAN_POINT('',(-4.5847,-8.0137,7.4041));
#2282=CARTESIAN_POINT('',(-4.5847,-8.0137,7.4041));
#2283=VECTOR('',#2574,6.5786);
#2284=CARTESIAN_POINT('',(-4.5847,-6.8707,7.4041));
#2285=CARTESIAN_POINT('',(-4.5847,-8.0137,7.4041));
#2286=VECTOR('',#2575,1.143);
#2287=CARTESIAN_POINT('',(-4.5847,-6.8707,0.8255));
#2288=CARTESIAN_POINT('',(-4.5847,-6.8707,7.4041));
#2289=VECTOR('',#2576,6.5786);
#2290=CARTESIAN_POINT('',(-4.5847,-4.953,-1.0922));
#2291=AXIS2_PLACEMENT_3D('',#2577,#2578,#2579);
#2292=CARTESIAN_POINT('',(-4.5847,-4.953,-1.0922));
#2293=VECTOR('',#2580,3.683);
#2294=CARTESIAN_POINT('',(-4.5847,12.7,-1.0922));
#2295=CARTESIAN_POINT('',(-4.5847,1.27,-1.0922));
#2296=VECTOR('',#2581,11.43);
#2297=CARTESIAN_POINT('',(-4.5847,12.7,-2.2352));
#2298=CARTESIAN_POINT('',(-4.5847,12.7,-2.2352));
#2299=VECTOR('',#2582,1.143);
#2300=CARTESIAN_POINT('',(-4.5847,1.27,-2.2352));
#2301=VECTOR('',#2583,11.43);
#2302=CARTESIAN_POINT('',(-3.4417,-4.953,-1.0922));
#2303=CARTESIAN_POINT('',(-4.5847,-4.953,-1.0922));
#2304=VECTOR('',#2584,1.143);
#2305=CARTESIAN_POINT('',(-3.4417,-4.953,-1.0922));
#2306=VECTOR('',#2585,3.683);
#2307=CARTESIAN_POINT('',(-3.4417,12.7,-1.0922));
#2308=CARTESIAN_POINT('',(-3.4417,1.27,-1.0922));
#2309=VECTOR('',#2586,11.43);
#2310=CARTESIAN_POINT('',(-4.5847,12.7,-1.0922));
#2311=VECTOR('',#2587,1.143);
#2312=CARTESIAN_POINT('',(-3.4417,-6.8707,0.8255));
#2313=AXIS2_PLACEMENT_3D('',#2588,#2589,#2590);
#2314=CARTESIAN_POINT('',(-3.4417,-6.8707,7.4041));
#2315=CARTESIAN_POINT('',(-3.4417,-6.8707,7.4041));
#2316=VECTOR('',#2591,6.5786);
#2317=CARTESIAN_POINT('',(-3.4417,-8.0137,7.4041));
#2318=CARTESIAN_POINT('',(-3.4417,-6.8707,7.4041));
#2319=VECTOR('',#2592,1.143);
#2320=CARTESIAN_POINT('',(-3.4417,-8.0137,0.8255));
#2321=CARTESIAN_POINT('',(-3.4417,-8.0137,7.4041));
#2322=VECTOR('',#2593,6.5786);
#2323=CARTESIAN_POINT('',(-3.4417,-4.953,-2.2352));
#2324=AXIS2_PLACEMENT_3D('',#2594,#2595,#2596);
#2325=CARTESIAN_POINT('',(-3.4417,-4.953,-2.2352));
#2326=VECTOR('',#2597,3.683);
#2327=CARTESIAN_POINT('',(-3.4417,12.7,-2.2352));
#2328=CARTESIAN_POINT('',(-3.4417,1.27,-2.2352));
#2329=VECTOR('',#2598,11.43);
#2330=CARTESIAN_POINT('',(-3.4417,12.7,-1.0922));
#2331=VECTOR('',#2599,1.143);
#2332=CARTESIAN_POINT('',(-3.4417,-4.953,-2.2352));
#2333=VECTOR('',#2600,1.143);
#2334=CARTESIAN_POINT('',(-3.4417,12.7,-2.2352));
#2335=VECTOR('',#2601,1.143);
#2336=CARTESIAN_POINT('',(-3.4417,-8.0137,0.8255));
#2337=VECTOR('',#2602,1.143);
#2338=CARTESIAN_POINT('',(-3.4417,-8.0137,7.4041));
#2339=VECTOR('',#2603,1.143);
#2340=CARTESIAN_POINT('',(-4.5847,-6.8707,7.4041));
#2341=VECTOR('',#2604,1.143);
#2342=CARTESIAN_POINT('',(-4.5847,-6.8707,0.8255));
#2343=VECTOR('',#2605,1.143);
#2344=DIRECTION('',(-1.0,0.0,-0.0));
#2345=CARTESIAN_POINT('',(3.9624,6.1722,-5.9817));
#2346=DIRECTION('',(1.0,0.0,-0.0));
#2347=DIRECTION('',(0.0,0.573576436351011,0.819152044289016));
#2348=DIRECTION('',(-1.0,0.0,0.0));
#2349=CARTESIAN_POINT('',(-3.9624,6.1722,-5.9817));
#2350=DIRECTION('',(1.0,0.0,-0.0));
#2351=DIRECTION('',(0.0,0.573576436351011,0.819152044289016));
#2352=DIRECTION('',(0.0,1.0,0.0));
#2353=DIRECTION('',(0.0,0.0,-1.0));
#2354=DIRECTION('',(0.0,-1.0,0.0));
#2355=DIRECTION('',(0.0,0.0,1.0));
#2356=DIRECTION('',(0.0,-1.0,0.0));
#2357=DIRECTION('',(0.0,-0.866025403784454,-0.499999999999973));
#2358=DIRECTION('',(0.0,-1.0,0.0));
#2359=DIRECTION('',(0.0,0.0,1.0));
#2360=DIRECTION('',(0.0,1.0,0.0));
#2361=DIRECTION('',(0.0,0.0,-1.0));
#2362=DIRECTION('',(1.0,0.0,0.0));
#2363=DIRECTION('',(0.0,0.0,-1.0));
#2364=DIRECTION('',(1.0,0.0,0.0));
#2365=DIRECTION('',(0.0,0.0,-1.0));
#2366=DIRECTION('',(-1.0,0.0,0.0));
#2367=DIRECTION('',(0.0,0.0,-1.0));
#2368=DIRECTION('',(1.0,0.0,0.0));
#2369=DIRECTION('',(0.0,0.0,-1.0));
#2370=DIRECTION('',(-1.0,0.0,0.0));
#2371=DIRECTION('',(0.0,0.0,-1.0));
#2372=DIRECTION('',(1.0,0.0,0.0));
#2373=DIRECTION('',(0.0,0.0,-1.0));
#2374=DIRECTION('',(-1.0,0.0,0.0));
#2375=DIRECTION('',(0.0,0.0,-1.0));
#2376=DIRECTION('',(1.0,0.0,0.0));
#2377=DIRECTION('',(1.0,0.0,0.0));
#2378=DIRECTION('',(1.0,0.0,0.0));
#2379=DIRECTION('',(1.0,0.0,0.0));
#2380=DIRECTION('',(0.0,0.0,-1.0));
#2381=DIRECTION('',(-1.0,0.0,0.0));
#2382=DIRECTION('',(0.0,0.0,-1.0));
#2383=DIRECTION('',(1.0,0.0,0.0));
#2384=DIRECTION('',(0.0,0.0,-1.0));
#2385=DIRECTION('',(-1.0,0.0,0.0));
#2386=DIRECTION('',(0.0,0.0,-1.0));
#2387=DIRECTION('',(1.0,0.0,0.0));
#2388=DIRECTION('',(0.0,0.0,-1.0));
#2389=DIRECTION('',(-1.0,0.0,0.0));
#2390=DIRECTION('',(0.0,0.0,-1.0));
#2391=DIRECTION('',(0.0,-1.0,0.0));
#2392=DIRECTION('',(-1.0,0.0,0.0));
#2393=DIRECTION('',(0.0,-1.0,0.0));
#2394=DIRECTION('',(0.0,0.0,-1.0));
#2395=CARTESIAN_POINT('',(3.9624,-0.127,-4.6609));
#2396=DIRECTION('',(1.0,0.0,0.0));
#2397=DIRECTION('',(0.0,-1.0,0.0));
#2398=DIRECTION('',(0.0,1.0,0.0));
#2399=DIRECTION('',(0.0,0.0,1.0));
#2400=DIRECTION('',(0.0,-0.819152044289016,0.573576436351011));
#2401=CARTESIAN_POINT('',(3.9624,6.1722,-5.9817));
#2402=DIRECTION('',(1.0,0.0,-0.0));
#2403=DIRECTION('',(0.0,0.573576436351011,0.819152044289016));
#2404=DIRECTION('',(0.0,-0.707106781186548,-0.707106781186548));
#2405=CARTESIAN_POINT('',(3.9624,2.8668463273576,-3.8989));
#2406=DIRECTION('',(-1.0,0.0,0.0));
#2407=DIRECTION('',(0.0,0.707106781186548,-0.707106781186548));
#2408=DIRECTION('',(0.0,-1.0,0.0));
#2409=CARTESIAN_POINT('',(3.9624,0.440825612106982,-5.1689));
#2410=DIRECTION('',(-1.0,0.0,0.0));
#2411=DIRECTION('',(0.0,0.0,-1.0));
#2412=DIRECTION('',(0.0,0.707106781186548,0.707106781186548));
#2413=DIRECTION('',(0.0,1.0,0.0));
#2414=DIRECTION('',(1.0,0.0,0.0));
#2415=DIRECTION('',(0.0,1.0,0.0));
#2416=DIRECTION('',(1.0,0.0,0.0));
#2417=DIRECTION('',(0.0,1.0,0.0));
#2418=DIRECTION('',(0.0,0.0,1.0));
#2419=DIRECTION('',(0.0,-1.0,0.0));
#2420=DIRECTION('',(0.0,-0.866025403784454,-0.499999999999973));
#2421=DIRECTION('',(0.0,-1.0,0.0));
#2422=DIRECTION('',(0.0,0.0,1.0));
#2423=DIRECTION('',(0.0,-1.0,0.0));
#2424=DIRECTION('',(0.0,0.0,-1.0));
#2425=DIRECTION('',(0.0,1.0,0.0));
#2426=DIRECTION('',(1.0,0.0,0.0));
#2427=DIRECTION('',(0.0,1.0,0.0));
#2428=DIRECTION('',(0.0,1.0,0.0));
#2429=DIRECTION('',(1.0,0.0,0.0));
#2430=DIRECTION('',(0.0,1.0,0.0));
#2431=DIRECTION('',(1.0,0.0,0.0));
#2432=DIRECTION('',(0.0,1.0,0.0));
#2433=DIRECTION('',(0.0,1.0,0.0));
#2434=DIRECTION('',(1.0,0.0,0.0));
#2435=DIRECTION('',(0.0,1.0,0.0));
#2436=DIRECTION('',(0.0,0.0,-1.0));
#2437=DIRECTION('',(0.0,1.0,0.0));
#2438=DIRECTION('',(0.0,1.0,0.0));
#2439=DIRECTION('',(1.0,0.0,0.0));
#2440=DIRECTION('',(0.0,1.0,0.0));
#2441=DIRECTION('',(0.0,1.0,0.0));
#2442=DIRECTION('',(1.0,0.0,0.0));
#2443=DIRECTION('',(0.0,1.0,0.0));
#2444=DIRECTION('',(1.0,0.0,0.0));
#2445=DIRECTION('',(1.0,0.0,0.0));
#2446=DIRECTION('',(1.0,0.0,0.0));
#2447=DIRECTION('',(0.0,1.0,0.0));
#2448=DIRECTION('',(0.0,0.0,-1.0));
#2449=DIRECTION('',(0.0,0.0,-1.0));
#2450=DIRECTION('',(0.0,0.0,-1.0));
#2451=DIRECTION('',(0.0,0.0,-1.0));
#2452=DIRECTION('',(0.0,0.0,-1.0));
#2453=DIRECTION('',(1.0,0.0,0.0));
#2454=DIRECTION('',(1.0,0.0,0.0));
#2455=DIRECTION('',(1.0,0.0,0.0));
#2456=DIRECTION('',(1.0,0.0,0.0));
#2457=DIRECTION('',(1.0,0.0,0.0));
#2458=DIRECTION('',(-1.0,0.0,0.0));
#2459=DIRECTION('',(0.0,0.0,-1.0));
#2460=DIRECTION('',(1.0,0.0,0.0));
#2461=DIRECTION('',(0.0,0.0,-1.0));
#2462=DIRECTION('',(-1.0,0.0,0.0));
#2463=DIRECTION('',(0.0,0.0,-1.0));
#2464=DIRECTION('',(1.0,0.0,0.0));
#2465=DIRECTION('',(0.0,0.0,-1.0));
#2466=DIRECTION('',(-1.0,0.0,0.0));
#2467=DIRECTION('',(0.0,0.0,-1.0));
#2468=DIRECTION('',(1.0,0.0,0.0));
#2469=DIRECTION('',(0.0,0.0,-1.0));
#2470=DIRECTION('',(-1.0,0.0,0.0));
#2471=DIRECTION('',(0.0,0.707106781186548,0.707106781186548));
#2472=CARTESIAN_POINT('',(-3.9624,0.440825612106982,-5.1689));
#2473=DIRECTION('',(-1.0,0.0,0.0));
#2474=DIRECTION('',(0.0,0.0,-1.0));
#2475=DIRECTION('',(0.0,-1.0,0.0));
#2476=CARTESIAN_POINT('',(-3.9624,2.8668463273576,-3.8989));
#2477=DIRECTION('',(-1.0,0.0,0.0));
#2478=DIRECTION('',(0.0,0.707106781186548,-0.707106781186548));
#2479=DIRECTION('',(0.0,-0.707106781186548,-0.707106781186548));
#2480=CARTESIAN_POINT('',(-3.9624,6.1722,-5.9817));
#2481=DIRECTION('',(1.0,0.0,-0.0));
#2482=DIRECTION('',(0.0,0.573576436351011,0.819152044289016));
#2483=DIRECTION('',(0.0,-0.819152044289016,0.573576436351011));
#2484=DIRECTION('',(0.0,0.0,1.0));
#2485=DIRECTION('',(0.0,1.0,0.0));
#2486=CARTESIAN_POINT('',(-3.9624,-0.127,-4.6609));
#2487=DIRECTION('',(1.0,0.0,0.0));
#2488=DIRECTION('',(0.0,-1.0,0.0));
#2489=DIRECTION('',(0.0,0.0,-1.0));
#2490=DIRECTION('',(-1.0,0.0,0.0));
#2491=DIRECTION('',(-1.0,0.0,0.0));
#2492=DIRECTION('',(-1.0,0.0,0.0));
#2493=DIRECTION('',(-1.0,0.0,0.0));
#2494=DIRECTION('',(-1.0,0.0,0.0));
#2495=DIRECTION('',(-1.0,0.0,0.0));
#2496=DIRECTION('',(-1.0,0.0,0.0));
#2497=DIRECTION('',(-1.0,0.0,0.0));
#2498=DIRECTION('',(0.0,1.0,0.0));
#2499=CARTESIAN_POINT('',(3.3401,-4.953,0.8255));
#2500=DIRECTION('',(1.0,0.0,0.0));
#2501=DIRECTION('',(0.0,-1.0,0.0));
#2502=DIRECTION('',(0.0,0.0,-1.0));
#2503=DIRECTION('',(0.0,1.0,0.0));
#2504=DIRECTION('',(0.0,0.0,-1.0));
#2505=CARTESIAN_POINT('',(3.3401,-4.953,0.8255));
#2506=DIRECTION('',(1.0,0.0,0.0));
#2507=DIRECTION('',(0.0,-1.0,0.0));
#2508=DIRECTION('',(0.0,1.0,0.0));
#2509=DIRECTION('',(0.0,1.0,0.0));
#2510=DIRECTION('',(0.0,0.0,1.0));
#2511=DIRECTION('',(0.0,1.0,0.0));
#2512=DIRECTION('',(1.0,0.0,0.0));
#2513=DIRECTION('',(0.0,1.0,0.0));
#2514=DIRECTION('',(0.0,1.0,0.0));
#2515=DIRECTION('',(1.0,0.0,0.0));
#2516=CARTESIAN_POINT('',(4.4831,-4.953,0.8255));
#2517=DIRECTION('',(1.0,0.0,0.0));
#2518=DIRECTION('',(0.0,-1.0,0.0));
#2519=DIRECTION('',(0.0,0.0,-1.0));
#2520=DIRECTION('',(0.0,-1.0,0.0));
#2521=DIRECTION('',(0.0,0.0,-1.0));
#2522=CARTESIAN_POINT('',(4.4831,-4.953,0.8255));
#2523=DIRECTION('',(1.0,0.0,0.0));
#2524=DIRECTION('',(0.0,-1.0,0.0));
#2525=DIRECTION('',(0.0,1.0,0.0));
#2526=DIRECTION('',(0.0,1.0,0.0));
#2527=DIRECTION('',(0.0,0.0,-1.0));
#2528=DIRECTION('',(-1.0,0.0,0.0));
#2529=DIRECTION('',(-1.0,0.0,0.0));
#2530=DIRECTION('',(-1.0,0.0,0.0));
#2531=DIRECTION('',(-1.0,0.0,0.0));
#2532=DIRECTION('',(1.0,0.0,0.0));
#2533=DIRECTION('',(1.0,0.0,0.0));
#2534=DIRECTION('',(0.0,1.0,0.0));
#2535=CARTESIAN_POINT('',(-0.6223,-4.953,0.8255));
#2536=DIRECTION('',(1.0,0.0,0.0));
#2537=DIRECTION('',(0.0,-1.0,0.0));
#2538=DIRECTION('',(0.0,0.0,-1.0));
#2539=DIRECTION('',(0.0,1.0,0.0));
#2540=DIRECTION('',(0.0,0.0,-1.0));
#2541=CARTESIAN_POINT('',(-0.6223,-4.953,0.8255));
#2542=DIRECTION('',(1.0,0.0,0.0));
#2543=DIRECTION('',(0.0,-1.0,0.0));
#2544=DIRECTION('',(0.0,1.0,0.0));
#2545=DIRECTION('',(0.0,1.0,0.0));
#2546=DIRECTION('',(0.0,0.0,1.0));
#2547=DIRECTION('',(0.0,1.0,0.0));
#2548=DIRECTION('',(1.0,0.0,0.0));
#2549=DIRECTION('',(0.0,1.0,0.0));
#2550=DIRECTION('',(0.0,1.0,0.0));
#2551=DIRECTION('',(1.0,0.0,0.0));
#2552=CARTESIAN_POINT('',(0.5207,-4.953,0.8255));
#2553=DIRECTION('',(1.0,0.0,0.0));
#2554=DIRECTION('',(0.0,-1.0,0.0));
#2555=DIRECTION('',(0.0,0.0,-1.0));
#2556=DIRECTION('',(0.0,-1.0,0.0));
#2557=DIRECTION('',(0.0,0.0,-1.0));
#2558=CARTESIAN_POINT('',(0.5207,-4.953,0.8255));
#2559=DIRECTION('',(1.0,0.0,0.0));
#2560=DIRECTION('',(0.0,-1.0,0.0));
#2561=DIRECTION('',(0.0,1.0,0.0));
#2562=DIRECTION('',(0.0,1.0,0.0));
#2563=DIRECTION('',(0.0,0.0,-1.0));
#2564=DIRECTION('',(-1.0,0.0,0.0));
#2565=DIRECTION('',(-1.0,0.0,0.0));
#2566=DIRECTION('',(-1.0,0.0,0.0));
#2567=DIRECTION('',(-1.0,0.0,0.0));
#2568=DIRECTION('',(1.0,0.0,0.0));
#2569=DIRECTION('',(1.0,0.0,0.0));
#2570=DIRECTION('',(0.0,1.0,0.0));
#2571=CARTESIAN_POINT('',(-4.5847,-4.953,0.8255));
#2572=DIRECTION('',(1.0,0.0,0.0));
#2573=DIRECTION('',(0.0,-1.0,0.0));
#2574=DIRECTION('',(0.0,0.0,-1.0));
#2575=DIRECTION('',(0.0,1.0,0.0));
#2576=DIRECTION('',(0.0,0.0,-1.0));
#2577=CARTESIAN_POINT('',(-4.5847,-4.953,0.8255));
#2578=DIRECTION('',(1.0,0.0,0.0));
#2579=DIRECTION('',(0.0,-1.0,0.0));
#2580=DIRECTION('',(0.0,1.0,0.0));
#2581=DIRECTION('',(0.0,1.0,0.0));
#2582=DIRECTION('',(0.0,0.0,1.0));
#2583=DIRECTION('',(0.0,1.0,0.0));
#2584=DIRECTION('',(1.0,0.0,0.0));
#2585=DIRECTION('',(0.0,1.0,0.0));
#2586=DIRECTION('',(0.0,1.0,0.0));
#2587=DIRECTION('',(1.0,0.0,0.0));
#2588=CARTESIAN_POINT('',(-3.4417,-4.953,0.8255));
#2589=DIRECTION('',(1.0,0.0,0.0));
#2590=DIRECTION('',(0.0,-1.0,0.0));
#2591=DIRECTION('',(0.0,0.0,-1.0));
#2592=DIRECTION('',(0.0,-1.0,0.0));
#2593=DIRECTION('',(0.0,0.0,-1.0));
#2594=CARTESIAN_POINT('',(-3.4417,-4.953,0.8255));
#2595=DIRECTION('',(1.0,0.0,0.0));
#2596=DIRECTION('',(0.0,-1.0,0.0));
#2597=DIRECTION('',(0.0,1.0,0.0));
#2598=DIRECTION('',(0.0,1.0,0.0));
#2599=DIRECTION('',(0.0,0.0,-1.0));
#2600=DIRECTION('',(-1.0,0.0,0.0));
#2601=DIRECTION('',(-1.0,0.0,0.0));
#2602=DIRECTION('',(-1.0,0.0,0.0));
#2603=DIRECTION('',(-1.0,0.0,0.0));
#2604=DIRECTION('',(1.0,0.0,0.0));
#2605=DIRECTION('',(1.0,0.0,0.0));
ENDSEC;
END-ISO-10303-21;
