ISO-10303-21;
HEADER;
FILE_DESCRIPTION(('STEP AP242'),'1');
FILE_NAME('292206-8.stp','2025-05-09T10:07:23',('TraceParts'),('TraceParts S.A.'),'Spatial InterOp 3D',' ',' ');
FILE_SCHEMA(('AP242_MANAGED_MODEL_BASED_3D_ENGINEERING_MIM_LF  {1 0 10303 442 1 1 4}'));
ENDSEC;
DATA;
#1=MECHANICAL_DESIGN_GEOMETRIC_PRESENTATION_REPRESENTATION(' ',(#10,#11,#12,#13,#14,#15,#16,#17,#18),#6);
#2=PRODUCT_DEFINITION_CONTEXT('',#19,'design');
#3=APPLICATION_PROTOCOL_DEFINITION('INTERNATIONAL STANDARD','ap242_managed_model_based_3d_engineering',2014,#19);
#4=PRODUCT_CATEGORY_RELATIONSHIP('NONE','NONE',#20,#21);
#5=SHAPE_DEFINITION_REPRESENTATION(#22,#23);
#6= (GEOMETRIC_REPRESENTATION_CONTEXT(3)GLOBAL_UNCERTAINTY_ASSIGNED_CONTEXT((#26))GLOBAL_UNIT_ASSIGNED_CONTEXT((#28,#29,#30))REPRESENTATION_CONTEXT('NONE','WORKSPACE'));
#10=STYLED_ITEM('',(#32),#33);
#11=STYLED_ITEM('',(#34),#35);
#12=STYLED_ITEM('',(#36),#37);
#13=STYLED_ITEM('',(#38),#39);
#14=STYLED_ITEM('',(#40),#41);
#15=STYLED_ITEM('',(#42),#43);
#16=STYLED_ITEM('',(#44),#45);
#17=STYLED_ITEM('',(#46),#47);
#18=STYLED_ITEM('',(#48),#49);
#19=APPLICATION_CONTEXT('managed model based 3d engineering');
#20=PRODUCT_CATEGORY('part','NONE');
#21=PRODUCT_RELATED_PRODUCT_CATEGORY('detail',' ',(#50));
#22=PRODUCT_DEFINITION_SHAPE('NONE','NONE',#51);
#23=ADVANCED_BREP_SHAPE_REPRESENTATION('292206-8',(#52,#53),#6);
#26=UNCERTAINTY_MEASURE_WITH_UNIT(LENGTH_MEASURE(1.0E-06),#28,'','');
#28= (CONVERSION_BASED_UNIT('MILLIMETRE',#56)LENGTH_UNIT()NAMED_UNIT(#59));
#29= (NAMED_UNIT(#61)PLANE_ANGLE_UNIT()SI_UNIT($,.RADIAN.));
#30= (NAMED_UNIT(#61)SOLID_ANGLE_UNIT()SI_UNIT($,.STERADIAN.));
#32=PRESENTATION_STYLE_ASSIGNMENT((#67));
#33=ADVANCED_FACE('',(#68),#69,.T.);
#34=PRESENTATION_STYLE_ASSIGNMENT((#70));
#35=ADVANCED_FACE('',(#71),#72,.F.);
#36=PRESENTATION_STYLE_ASSIGNMENT((#73));
#37=ADVANCED_FACE('',(#74),#75,.T.);
#38=PRESENTATION_STYLE_ASSIGNMENT((#76));
#39=ADVANCED_FACE('',(#77),#78,.F.);
#40=PRESENTATION_STYLE_ASSIGNMENT((#79));
#41=ADVANCED_FACE('',(#80),#81,.T.);
#42=PRESENTATION_STYLE_ASSIGNMENT((#82));
#43=ADVANCED_FACE('',(#83),#84,.T.);
#44=PRESENTATION_STYLE_ASSIGNMENT((#85));
#45=ADVANCED_FACE('',(#86),#87,.T.);
#46=PRESENTATION_STYLE_ASSIGNMENT((#88));
#47=ADVANCED_FACE('',(#89),#90,.T.);
#48=PRESENTATION_STYLE_ASSIGNMENT((#91));
#49=ADVANCED_FACE('',(#92),#93,.T.);
#50=PRODUCT('292206-8','292206-8','PART-292206-8-DESC',(#94));
#51=PRODUCT_DEFINITION('','NONE',#95,#2);
#52=MANIFOLD_SOLID_BREP('292206-8',#96);
#53=AXIS2_PLACEMENT_3D('',#97,#98,#99);
#56=LENGTH_MEASURE_WITH_UNIT(LENGTH_MEASURE(1.0),#100);
#59=DIMENSIONAL_EXPONENTS(1.0,0.0,0.0,0.0,0.0,0.0,0.0);
#61=DIMENSIONAL_EXPONENTS(0.0,0.0,0.0,0.0,0.0,0.0,0.0);
#67=SURFACE_STYLE_USAGE(.BOTH.,#101);
#68=FACE_OUTER_BOUND('',#102,.T.);
#69=CYLINDRICAL_SURFACE('',#103,0.5);
#70=SURFACE_STYLE_USAGE(.BOTH.,#104);
#71=FACE_OUTER_BOUND('',#105,.T.);
#72=CYLINDRICAL_SURFACE('',#106,0.25);
#73=SURFACE_STYLE_USAGE(.BOTH.,#107);
#74=FACE_OUTER_BOUND('',#108,.T.);
#75=PLANE('',#109);
#76=SURFACE_STYLE_USAGE(.BOTH.,#110);
#77=FACE_OUTER_BOUND('',#111,.T.);
#78=CYLINDRICAL_SURFACE('',#112,0.25);
#79=SURFACE_STYLE_USAGE(.BOTH.,#113);
#80=FACE_OUTER_BOUND('',#114,.T.);
#81=PLANE('',#115);
#82=SURFACE_STYLE_USAGE(.BOTH.,#116);
#83=FACE_OUTER_BOUND('',#117,.T.);
#84=PLANE('',#118);
#85=SURFACE_STYLE_USAGE(.BOTH.,#119);
#86=FACE_OUTER_BOUND('',#120,.T.);
#87=PLANE('',#121);
#88=SURFACE_STYLE_USAGE(.BOTH.,#122);
#89=FACE_OUTER_BOUND('',#123,.T.);
#90=CYLINDRICAL_SURFACE('',#124,0.5);
#91=SURFACE_STYLE_USAGE(.BOTH.,#125);
#92=FACE_OUTER_BOUND('',#126,.T.);
#93=PLANE('',#127);
#94=PRODUCT_CONTEXT('',#19,'mechanical');
#95=PRODUCT_DEFINITION_FORMATION_WITH_SPECIFIED_SOURCE(' ','NONE',#50,.NOT_KNOWN.);
#96=CLOSED_SHELL('',(#128,#129,#130,#131,#132,#133,#33,#35,#134,#135,#136,#137,#138,#139,#140,#141,#142,#143,#144,#145,#146,#147,#148,#149,#150,#151,#152,#153,#154,#155,#156,#157,#158,#159,#160,#161,#162,#163,#164,#165,#166,#167,#168,#169,#170,#171,#172,#173,#174,#175,#176,#177,#178,#179,#180,#181,#182,#183,#184,#185,#186,#187,#188,#189,#190,#191,#192,#193,#194,#195,#196,#197,#198,#199,#200,#201,#37,#39,#41,#43,#45,#47,#49,#202,#203,#204,#205,#206,#207,#208,#209,#210,#211,#212,#213,#214,#215,#216,#217,#218,#219,#220,#221,#222,#223,#224,#225,#226,#227,#228,#229,#230,#231,#232,#233,#234,#235,#236,#237,#238,#239,#240,#241,#242,#243,#244,#245,#246,#247,#248,#249,#250,#251,#252,#253,#254,#255,#256,#257,#258,#259,#260,#261,#262,#263,#264,#265,#266,#267,#268,#269,#270,#271,#272,#273,#274,#275,#276,#277,#278,#279,#280,#281,#282,#283,#284,#285,#286,#287,#288,#289,#290));
#97=CARTESIAN_POINT('',(0.0,0.0,0.0));
#98=DIRECTION('',(0.0,0.0,1.0));
#99=DIRECTION('',(1.0,0.0,0.0));
#100= (NAMED_UNIT(#59)LENGTH_UNIT()SI_UNIT(.MILLI.,.METRE.));
#101=SURFACE_SIDE_STYLE('',(#292));
#102=EDGE_LOOP('',(#293,#294,#295,#296));
#103=AXIS2_PLACEMENT_3D('',#297,#298,#299);
#104=SURFACE_SIDE_STYLE('',(#300));
#105=EDGE_LOOP('',(#301,#302,#303,#304));
#106=AXIS2_PLACEMENT_3D('',#305,#306,#307);
#107=SURFACE_SIDE_STYLE('',(#308));
#108=EDGE_LOOP('',(#309,#310,#311,#312));
#109=AXIS2_PLACEMENT_3D('',#313,#314,#315);
#110=SURFACE_SIDE_STYLE('',(#316));
#111=EDGE_LOOP('',(#317,#318,#319,#320));
#112=AXIS2_PLACEMENT_3D('',#321,#322,#323);
#113=SURFACE_SIDE_STYLE('',(#324));
#114=EDGE_LOOP('',(#325,#326,#327,#328));
#115=AXIS2_PLACEMENT_3D('',#329,#330,#331);
#116=SURFACE_SIDE_STYLE('',(#332));
#117=EDGE_LOOP('',(#333,#334,#335,#336));
#118=AXIS2_PLACEMENT_3D('',#337,#338,#339);
#119=SURFACE_SIDE_STYLE('',(#340));
#120=EDGE_LOOP('',(#341,#342,#343,#344));
#121=AXIS2_PLACEMENT_3D('',#345,#346,#347);
#122=SURFACE_SIDE_STYLE('',(#348));
#123=EDGE_LOOP('',(#349,#350,#351,#352));
#124=AXIS2_PLACEMENT_3D('',#353,#354,#355);
#125=SURFACE_SIDE_STYLE('',(#356));
#126=EDGE_LOOP('',(#357,#358,#359,#360));
#127=AXIS2_PLACEMENT_3D('',#361,#362,#363);
#128=ADVANCED_FACE('',(#364),#365,.T.);
#129=ADVANCED_FACE('',(#366),#367,.F.);
#130=ADVANCED_FACE('',(#368),#369,.F.);
#131=ADVANCED_FACE('',(#370),#371,.T.);
#132=ADVANCED_FACE('',(#372),#373,.T.);
#133=ADVANCED_FACE('',(#374),#375,.F.);
#134=ADVANCED_FACE('',(#376),#377,.F.);
#135=ADVANCED_FACE('',(#378),#379,.F.);
#136=ADVANCED_FACE('',(#380),#381,.T.);
#137=ADVANCED_FACE('',(#382),#383,.F.);
#138=ADVANCED_FACE('',(#384),#385,.T.);
#139=ADVANCED_FACE('',(#386),#387,.T.);
#140=ADVANCED_FACE('',(#388),#389,.T.);
#141=ADVANCED_FACE('',(#390),#391,.F.);
#142=ADVANCED_FACE('',(#392,#393),#394,.T.);
#143=ADVANCED_FACE('',(#395),#396,.F.);
#144=ADVANCED_FACE('',(#397),#398,.T.);
#145=ADVANCED_FACE('',(#399),#400,.F.);
#146=ADVANCED_FACE('',(#401),#402,.F.);
#147=ADVANCED_FACE('',(#403),#404,.T.);
#148=ADVANCED_FACE('',(#405),#406,.T.);
#149=ADVANCED_FACE('',(#407),#408,.F.);
#150=ADVANCED_FACE('',(#409),#410,.F.);
#151=ADVANCED_FACE('',(#411),#412,.T.);
#152=ADVANCED_FACE('',(#413,#414,#415,#416,#417),#418,.T.);
#153=ADVANCED_FACE('',(#419),#420,.F.);
#154=ADVANCED_FACE('',(#421),#422,.F.);
#155=ADVANCED_FACE('',(#423,#424,#425,#426,#427,#428,#429,#430,#431),#432,.T.);
#156=ADVANCED_FACE('',(#433),#434,.F.);
#157=ADVANCED_FACE('',(#435),#436,.F.);
#158=ADVANCED_FACE('',(#437),#438,.F.);
#159=ADVANCED_FACE('',(#439),#440,.F.);
#160=ADVANCED_FACE('',(#441),#442,.T.);
#161=ADVANCED_FACE('',(#443),#444,.T.);
#162=ADVANCED_FACE('',(#445),#446,.T.);
#163=ADVANCED_FACE('',(#447),#448,.T.);
#164=ADVANCED_FACE('',(#449),#450,.T.);
#165=ADVANCED_FACE('',(#451),#452,.F.);
#166=ADVANCED_FACE('',(#453),#454,.T.);
#167=ADVANCED_FACE('',(#455),#456,.F.);
#168=ADVANCED_FACE('',(#457),#458,.F.);
#169=ADVANCED_FACE('',(#459),#460,.F.);
#170=ADVANCED_FACE('',(#461),#462,.F.);
#171=ADVANCED_FACE('',(#463),#464,.F.);
#172=ADVANCED_FACE('',(#465),#466,.F.);
#173=ADVANCED_FACE('',(#467),#468,.F.);
#174=ADVANCED_FACE('',(#469),#470,.T.);
#175=ADVANCED_FACE('',(#471),#472,.T.);
#176=ADVANCED_FACE('',(#473),#474,.F.);
#177=ADVANCED_FACE('',(#475),#476,.T.);
#178=ADVANCED_FACE('',(#477),#478,.T.);
#179=ADVANCED_FACE('',(#479),#480,.T.);
#180=ADVANCED_FACE('',(#481),#482,.F.);
#181=ADVANCED_FACE('',(#483),#484,.F.);
#182=ADVANCED_FACE('',(#485),#486,.T.);
#183=ADVANCED_FACE('',(#487),#488,.T.);
#184=ADVANCED_FACE('',(#489),#490,.T.);
#185=ADVANCED_FACE('',(#491),#492,.T.);
#186=ADVANCED_FACE('',(#493),#494,.T.);
#187=ADVANCED_FACE('',(#495),#496,.F.);
#188=ADVANCED_FACE('',(#497),#498,.F.);
#189=ADVANCED_FACE('',(#499),#500,.F.);
#190=ADVANCED_FACE('',(#501),#502,.F.);
#191=ADVANCED_FACE('',(#503),#504,.F.);
#192=ADVANCED_FACE('',(#505),#506,.F.);
#193=ADVANCED_FACE('',(#507),#508,.F.);
#194=ADVANCED_FACE('',(#509),#510,.F.);
#195=ADVANCED_FACE('',(#511),#512,.F.);
#196=ADVANCED_FACE('',(#513),#514,.T.);
#197=ADVANCED_FACE('',(#515),#516,.T.);
#198=ADVANCED_FACE('',(#517),#518,.T.);
#199=ADVANCED_FACE('',(#519),#520,.T.);
#200=ADVANCED_FACE('',(#521),#522,.T.);
#201=ADVANCED_FACE('',(#523),#524,.T.);
#202=ADVANCED_FACE('',(#525),#526,.T.);
#203=ADVANCED_FACE('',(#527),#528,.F.);
#204=ADVANCED_FACE('',(#529),#530,.F.);
#205=ADVANCED_FACE('',(#531),#532,.T.);
#206=ADVANCED_FACE('',(#533),#534,.T.);
#207=ADVANCED_FACE('',(#535),#536,.T.);
#208=ADVANCED_FACE('',(#537),#538,.T.);
#209=ADVANCED_FACE('',(#539),#540,.T.);
#210=ADVANCED_FACE('',(#541),#542,.T.);
#211=ADVANCED_FACE('',(#543),#544,.T.);
#212=ADVANCED_FACE('',(#545),#546,.T.);
#213=ADVANCED_FACE('',(#547),#548,.F.);
#214=ADVANCED_FACE('',(#549),#550,.F.);
#215=ADVANCED_FACE('',(#551),#552,.T.);
#216=ADVANCED_FACE('',(#553),#554,.T.);
#217=ADVANCED_FACE('',(#555),#556,.T.);
#218=ADVANCED_FACE('',(#557),#558,.T.);
#219=ADVANCED_FACE('',(#559),#560,.T.);
#220=ADVANCED_FACE('',(#561),#562,.T.);
#221=ADVANCED_FACE('',(#563),#564,.T.);
#222=ADVANCED_FACE('',(#565),#566,.T.);
#223=ADVANCED_FACE('',(#567),#568,.F.);
#224=ADVANCED_FACE('',(#569),#570,.F.);
#225=ADVANCED_FACE('',(#571),#572,.T.);
#226=ADVANCED_FACE('',(#573),#574,.T.);
#227=ADVANCED_FACE('',(#575),#576,.T.);
#228=ADVANCED_FACE('',(#577),#578,.T.);
#229=ADVANCED_FACE('',(#579),#580,.T.);
#230=ADVANCED_FACE('',(#581),#582,.T.);
#231=ADVANCED_FACE('',(#583),#584,.T.);
#232=ADVANCED_FACE('',(#585),#586,.F.);
#233=ADVANCED_FACE('',(#587),#588,.T.);
#234=ADVANCED_FACE('',(#589),#590,.T.);
#235=ADVANCED_FACE('',(#591),#592,.T.);
#236=ADVANCED_FACE('',(#593),#594,.T.);
#237=ADVANCED_FACE('',(#595),#596,.T.);
#238=ADVANCED_FACE('',(#597),#598,.T.);
#239=ADVANCED_FACE('',(#599),#600,.F.);
#240=ADVANCED_FACE('',(#601),#602,.F.);
#241=ADVANCED_FACE('',(#603),#604,.T.);
#242=ADVANCED_FACE('',(#605),#606,.T.);
#243=ADVANCED_FACE('',(#607),#608,.T.);
#244=ADVANCED_FACE('',(#609),#610,.T.);
#245=ADVANCED_FACE('',(#611),#612,.T.);
#246=ADVANCED_FACE('',(#613),#614,.T.);
#247=ADVANCED_FACE('',(#615),#616,.T.);
#248=ADVANCED_FACE('',(#617),#618,.T.);
#249=ADVANCED_FACE('',(#619),#620,.T.);
#250=ADVANCED_FACE('',(#621),#622,.T.);
#251=ADVANCED_FACE('',(#623),#624,.T.);
#252=ADVANCED_FACE('',(#625),#626,.F.);
#253=ADVANCED_FACE('',(#627),#628,.T.);
#254=ADVANCED_FACE('',(#629),#630,.T.);
#255=ADVANCED_FACE('',(#631),#632,.T.);
#256=ADVANCED_FACE('',(#633),#634,.T.);
#257=ADVANCED_FACE('',(#635),#636,.T.);
#258=ADVANCED_FACE('',(#637),#638,.T.);
#259=ADVANCED_FACE('',(#639),#640,.F.);
#260=ADVANCED_FACE('',(#641),#642,.F.);
#261=ADVANCED_FACE('',(#643),#644,.T.);
#262=ADVANCED_FACE('',(#645),#646,.T.);
#263=ADVANCED_FACE('',(#647),#648,.F.);
#264=ADVANCED_FACE('',(#649),#650,.T.);
#265=ADVANCED_FACE('',(#651),#652,.T.);
#266=ADVANCED_FACE('',(#653),#654,.T.);
#267=ADVANCED_FACE('',(#655),#656,.T.);
#268=ADVANCED_FACE('',(#657),#658,.T.);
#269=ADVANCED_FACE('',(#659),#660,.T.);
#270=ADVANCED_FACE('',(#661),#662,.F.);
#271=ADVANCED_FACE('',(#663),#664,.T.);
#272=ADVANCED_FACE('',(#665),#666,.T.);
#273=ADVANCED_FACE('',(#667),#668,.T.);
#274=ADVANCED_FACE('',(#669),#670,.T.);
#275=ADVANCED_FACE('',(#671),#672,.T.);
#276=ADVANCED_FACE('',(#673),#674,.F.);
#277=ADVANCED_FACE('',(#675),#676,.F.);
#278=ADVANCED_FACE('',(#677),#678,.T.);
#279=ADVANCED_FACE('',(#679),#680,.T.);
#280=ADVANCED_FACE('',(#681),#682,.T.);
#281=ADVANCED_FACE('',(#683),#684,.T.);
#282=ADVANCED_FACE('',(#685),#686,.T.);
#283=ADVANCED_FACE('',(#687),#688,.T.);
#284=ADVANCED_FACE('',(#689),#690,.T.);
#285=ADVANCED_FACE('',(#691),#692,.F.);
#286=ADVANCED_FACE('',(#693),#694,.F.);
#287=ADVANCED_FACE('',(#695),#696,.T.);
#288=ADVANCED_FACE('',(#697),#698,.T.);
#289=ADVANCED_FACE('',(#699),#700,.T.);
#290=ADVANCED_FACE('',(#701),#702,.T.);
#292=SURFACE_STYLE_FILL_AREA(#703);
#293=ORIENTED_EDGE('',*,*,#704,.F.);
#294=ORIENTED_EDGE('',*,*,#705,.F.);
#295=ORIENTED_EDGE('',*,*,#706,.T.);
#296=ORIENTED_EDGE('',*,*,#707,.T.);
#297=CARTESIAN_POINT('',(-5.5,-3.65,-6.15));
#298=DIRECTION('',(1.0,-0.0,0.0));
#299=DIRECTION('',(0.0,0.0,1.0));
#300=SURFACE_STYLE_FILL_AREA(#708);
#301=ORIENTED_EDGE('',*,*,#709,.F.);
#302=ORIENTED_EDGE('',*,*,#710,.T.);
#303=ORIENTED_EDGE('',*,*,#711,.F.);
#304=ORIENTED_EDGE('',*,*,#712,.F.);
#305=CARTESIAN_POINT('',(-5.5,-3.65,-5.912624359643));
#306=DIRECTION('',(1.0,-0.0,0.0));
#307=DIRECTION('',(0.0,0.0,1.0));
#308=SURFACE_STYLE_FILL_AREA(#713);
#309=ORIENTED_EDGE('',*,*,#711,.T.);
#310=ORIENTED_EDGE('',*,*,#714,.T.);
#311=ORIENTED_EDGE('',*,*,#715,.T.);
#312=ORIENTED_EDGE('',*,*,#716,.F.);
#313=CARTESIAN_POINT('',(-5.5,-3.573421068705,-6.150606853289));
#314=DIRECTION('',(0.0,-0.30631572517909,0.951929974582169));
#315=DIRECTION('',(-1.0,0.0,0.0));
#316=SURFACE_STYLE_FILL_AREA(#717);
#317=ORIENTED_EDGE('',*,*,#709,.T.);
#318=ORIENTED_EDGE('',*,*,#718,.F.);
#319=ORIENTED_EDGE('',*,*,#719,.T.);
#320=ORIENTED_EDGE('',*,*,#720,.T.);
#321=CARTESIAN_POINT('',(-5.5,-3.65,-5.912624359643));
#322=DIRECTION('',(1.0,-0.0,0.0));
#323=DIRECTION('',(0.0,0.0,1.0));
#324=SURFACE_STYLE_FILL_AREA(#721);
#325=ORIENTED_EDGE('',*,*,#722,.T.);
#326=ORIENTED_EDGE('',*,*,#723,.T.);
#327=ORIENTED_EDGE('',*,*,#719,.F.);
#328=ORIENTED_EDGE('',*,*,#724,.F.);
#329=CARTESIAN_POINT('',(-5.5,-5.395502587787,-5.967188201676));
#330=DIRECTION('',(0.0,0.112162803830803,0.993689843682028));
#331=DIRECTION('',(1.0,-0.0,0.0));
#332=SURFACE_STYLE_FILL_AREA(#725);
#333=ORIENTED_EDGE('',*,*,#726,.T.);
#334=ORIENTED_EDGE('',*,*,#727,.T.);
#335=ORIENTED_EDGE('',*,*,#722,.F.);
#336=ORIENTED_EDGE('',*,*,#728,.F.);
#337=CARTESIAN_POINT('',(-5.5,-5.45,-6.45));
#338=DIRECTION('',(0.0,-0.993689843682028,0.112162803830803));
#339=DIRECTION('',(-1.0,0.0,0.0));
#340=SURFACE_STYLE_FILL_AREA(#729);
#341=ORIENTED_EDGE('',*,*,#730,.T.);
#342=ORIENTED_EDGE('',*,*,#731,.T.);
#343=ORIENTED_EDGE('',*,*,#726,.F.);
#344=ORIENTED_EDGE('',*,*,#732,.F.);
#345=CARTESIAN_POINT('',(-5.5,-3.706081401915,-6.646844921841));
#346=DIRECTION('',(0.0,-0.112162803830803,-0.993689843682028));
#347=DIRECTION('',(0.0,-0.993689843682028,0.112162803830803));
#348=SURFACE_STYLE_FILL_AREA(#733);
#349=ORIENTED_EDGE('',*,*,#704,.T.);
#350=ORIENTED_EDGE('',*,*,#734,.T.);
#351=ORIENTED_EDGE('',*,*,#730,.F.);
#352=ORIENTED_EDGE('',*,*,#735,.F.);
#353=CARTESIAN_POINT('',(-5.5,-3.65,-6.15));
#354=DIRECTION('',(1.0,-0.0,0.0));
#355=DIRECTION('',(0.0,0.0,1.0));
#356=SURFACE_STYLE_FILL_AREA(#736);
#357=ORIENTED_EDGE('',*,*,#737,.F.);
#358=ORIENTED_EDGE('',*,*,#738,.T.);
#359=ORIENTED_EDGE('',*,*,#706,.F.);
#360=ORIENTED_EDGE('',*,*,#739,.F.);
#361=CARTESIAN_POINT('',(-5.5,-2.95,-6.45));
#362=DIRECTION('',(0.0,0.30631572517909,-0.951929974582169));
#363=DIRECTION('',(-1.0,0.0,0.0));
#364=FACE_OUTER_BOUND('',#740,.T.);
#365=CYLINDRICAL_SURFACE('',#741,0.5);
#366=FACE_OUTER_BOUND('',#742,.T.);
#367=CYLINDRICAL_SURFACE('',#743,0.25);
#368=FACE_OUTER_BOUND('',#744,.T.);
#369=CYLINDRICAL_SURFACE('',#745,0.25);
#370=FACE_OUTER_BOUND('',#746,.T.);
#371=CYLINDRICAL_SURFACE('',#747,0.5);
#372=FACE_OUTER_BOUND('',#748,.T.);
#373=CYLINDRICAL_SURFACE('',#749,0.5);
#374=FACE_OUTER_BOUND('',#750,.T.);
#375=CYLINDRICAL_SURFACE('',#751,0.25);
#376=FACE_OUTER_BOUND('',#752,.T.);
#377=PLANE('',#753);
#378=FACE_OUTER_BOUND('',#754,.T.);
#379=PLANE('',#755);
#380=FACE_OUTER_BOUND('',#756,.T.);
#381=PLANE('',#757);
#382=FACE_OUTER_BOUND('',#758,.T.);
#383=PLANE('',#759);
#384=FACE_OUTER_BOUND('',#760,.T.);
#385=PLANE('',#761);
#386=FACE_OUTER_BOUND('',#762,.T.);
#387=PLANE('',#763);
#388=FACE_OUTER_BOUND('',#764,.T.);
#389=PLANE('',#765);
#390=FACE_OUTER_BOUND('',#766,.T.);
#391=PLANE('',#767);
#392=FACE_OUTER_BOUND('',#768,.T.);
#393=FACE_BOUND('',#769,.T.);
#394=PLANE('',#770);
#395=FACE_OUTER_BOUND('',#771,.T.);
#396=PLANE('',#772);
#397=FACE_OUTER_BOUND('',#773,.T.);
#398=PLANE('',#774);
#399=FACE_OUTER_BOUND('',#775,.T.);
#400=PLANE('',#776);
#401=FACE_OUTER_BOUND('',#777,.T.);
#402=PLANE('',#778);
#403=FACE_OUTER_BOUND('',#779,.T.);
#404=PLANE('',#780);
#405=FACE_OUTER_BOUND('',#781,.T.);
#406=PLANE('',#782);
#407=FACE_OUTER_BOUND('',#783,.T.);
#408=PLANE('',#784);
#409=FACE_OUTER_BOUND('',#785,.T.);
#410=PLANE('',#786);
#411=FACE_OUTER_BOUND('',#787,.T.);
#412=PLANE('',#788);
#413=FACE_OUTER_BOUND('',#789,.T.);
#414=FACE_BOUND('',#790,.T.);
#415=FACE_BOUND('',#791,.T.);
#416=FACE_BOUND('',#792,.T.);
#417=FACE_BOUND('',#793,.T.);
#418=PLANE('',#794);
#419=FACE_OUTER_BOUND('',#795,.T.);
#420=PLANE('',#796);
#421=FACE_OUTER_BOUND('',#797,.T.);
#422=PLANE('',#798);
#423=FACE_OUTER_BOUND('',#799,.T.);
#424=FACE_BOUND('',#800,.T.);
#425=FACE_BOUND('',#801,.T.);
#426=FACE_BOUND('',#802,.T.);
#427=FACE_BOUND('',#803,.T.);
#428=FACE_BOUND('',#804,.T.);
#429=FACE_BOUND('',#805,.T.);
#430=FACE_BOUND('',#806,.T.);
#431=FACE_BOUND('',#807,.T.);
#432=PLANE('',#808);
#433=FACE_OUTER_BOUND('',#809,.T.);
#434=CYLINDRICAL_SURFACE('',#810,0.2);
#435=FACE_OUTER_BOUND('',#811,.T.);
#436=PLANE('',#812);
#437=FACE_OUTER_BOUND('',#813,.T.);
#438=PLANE('',#814);
#439=FACE_OUTER_BOUND('',#815,.T.);
#440=PLANE('',#816);
#441=FACE_OUTER_BOUND('',#817,.T.);
#442=PLANE('',#818);
#443=FACE_OUTER_BOUND('',#819,.T.);
#444=PLANE('',#820);
#445=FACE_OUTER_BOUND('',#821,.T.);
#446=PLANE('',#822);
#447=FACE_OUTER_BOUND('',#823,.T.);
#448=PLANE('',#824);
#449=FACE_OUTER_BOUND('',#825,.T.);
#450=PLANE('',#826);
#451=FACE_OUTER_BOUND('',#827,.T.);
#452=PLANE('',#828);
#453=FACE_OUTER_BOUND('',#829,.T.);
#454=PLANE('',#830);
#455=FACE_OUTER_BOUND('',#831,.T.);
#456=PLANE('',#832);
#457=FACE_OUTER_BOUND('',#833,.T.);
#458=PLANE('',#834);
#459=FACE_OUTER_BOUND('',#835,.T.);
#460=PLANE('',#836);
#461=FACE_OUTER_BOUND('',#837,.T.);
#462=PLANE('',#838);
#463=FACE_OUTER_BOUND('',#839,.T.);
#464=CYLINDRICAL_SURFACE('',#840,0.2);
#465=FACE_OUTER_BOUND('',#841,.T.);
#466=CYLINDRICAL_SURFACE('',#842,0.2);
#467=FACE_OUTER_BOUND('',#843,.T.);
#468=PLANE('',#844);
#469=FACE_OUTER_BOUND('',#845,.T.);
#470=PLANE('',#846);
#471=FACE_OUTER_BOUND('',#847,.T.);
#472=PLANE('',#848);
#473=FACE_OUTER_BOUND('',#849,.T.);
#474=PLANE('',#850);
#475=FACE_OUTER_BOUND('',#851,.T.);
#476=PLANE('',#852);
#477=FACE_OUTER_BOUND('',#853,.T.);
#478=PLANE('',#854);
#479=FACE_OUTER_BOUND('',#855,.T.);
#480=PLANE('',#856);
#481=FACE_OUTER_BOUND('',#857,.T.);
#482=PLANE('',#858);
#483=FACE_OUTER_BOUND('',#859,.T.);
#484=PLANE('',#860);
#485=FACE_OUTER_BOUND('',#861,.T.);
#486=PLANE('',#862);
#487=FACE_OUTER_BOUND('',#863,.T.);
#488=PLANE('',#864);
#489=FACE_OUTER_BOUND('',#865,.T.);
#490=PLANE('',#866);
#491=FACE_OUTER_BOUND('',#867,.T.);
#492=PLANE('',#868);
#493=FACE_OUTER_BOUND('',#869,.T.);
#494=PLANE('',#870);
#495=FACE_OUTER_BOUND('',#871,.T.);
#496=PLANE('',#872);
#497=FACE_OUTER_BOUND('',#873,.T.);
#498=CYLINDRICAL_SURFACE('',#874,0.2);
#499=FACE_OUTER_BOUND('',#875,.T.);
#500=PLANE('',#876);
#501=FACE_OUTER_BOUND('',#877,.T.);
#502=PLANE('',#878);
#503=FACE_OUTER_BOUND('',#879,.T.);
#504=PLANE('',#880);
#505=FACE_OUTER_BOUND('',#881,.T.);
#506=CYLINDRICAL_SURFACE('',#882,0.2);
#507=FACE_OUTER_BOUND('',#883,.T.);
#508=CYLINDRICAL_SURFACE('',#884,0.2);
#509=FACE_OUTER_BOUND('',#885,.T.);
#510=PLANE('',#886);
#511=FACE_OUTER_BOUND('',#887,.T.);
#512=PLANE('',#888);
#513=FACE_OUTER_BOUND('',#889,.T.);
#514=PLANE('',#890);
#515=FACE_OUTER_BOUND('',#891,.T.);
#516=PLANE('',#892);
#517=FACE_OUTER_BOUND('',#893,.T.);
#518=PLANE('',#894);
#519=FACE_OUTER_BOUND('',#895,.T.);
#520=PLANE('',#896);
#521=FACE_OUTER_BOUND('',#897,.T.);
#522=PLANE('',#898);
#523=FACE_OUTER_BOUND('',#899,.T.);
#524=PLANE('',#900);
#525=FACE_OUTER_BOUND('',#901,.T.);
#526=PLANE('',#902);
#527=FACE_OUTER_BOUND('',#903,.T.);
#528=PLANE('',#904);
#529=FACE_OUTER_BOUND('',#905,.T.);
#530=PLANE('',#906);
#531=FACE_OUTER_BOUND('',#907,.T.);
#532=PLANE('',#908);
#533=FACE_OUTER_BOUND('',#909,.T.);
#534=PLANE('',#910);
#535=FACE_OUTER_BOUND('',#911,.T.);
#536=PLANE('',#912);
#537=FACE_OUTER_BOUND('',#913,.T.);
#538=PLANE('',#914);
#539=FACE_OUTER_BOUND('',#915,.T.);
#540=PLANE('',#916);
#541=FACE_OUTER_BOUND('',#917,.T.);
#542=PLANE('',#918);
#543=FACE_OUTER_BOUND('',#919,.T.);
#544=PLANE('',#920);
#545=FACE_OUTER_BOUND('',#921,.T.);
#546=PLANE('',#922);
#547=FACE_OUTER_BOUND('',#923,.T.);
#548=PLANE('',#924);
#549=FACE_OUTER_BOUND('',#925,.T.);
#550=PLANE('',#926);
#551=FACE_OUTER_BOUND('',#927,.T.);
#552=PLANE('',#928);
#553=FACE_OUTER_BOUND('',#929,.T.);
#554=PLANE('',#930);
#555=FACE_OUTER_BOUND('',#931,.T.);
#556=PLANE('',#932);
#557=FACE_OUTER_BOUND('',#933,.T.);
#558=PLANE('',#934);
#559=FACE_OUTER_BOUND('',#935,.T.);
#560=PLANE('',#936);
#561=FACE_OUTER_BOUND('',#937,.T.);
#562=PLANE('',#938);
#563=FACE_OUTER_BOUND('',#939,.T.);
#564=PLANE('',#940);
#565=FACE_OUTER_BOUND('',#941,.T.);
#566=PLANE('',#942);
#567=FACE_OUTER_BOUND('',#943,.T.);
#568=PLANE('',#944);
#569=FACE_OUTER_BOUND('',#945,.T.);
#570=PLANE('',#946);
#571=FACE_OUTER_BOUND('',#947,.T.);
#572=PLANE('',#948);
#573=FACE_OUTER_BOUND('',#949,.T.);
#574=PLANE('',#950);
#575=FACE_OUTER_BOUND('',#951,.T.);
#576=PLANE('',#952);
#577=FACE_OUTER_BOUND('',#953,.T.);
#578=PLANE('',#954);
#579=FACE_OUTER_BOUND('',#955,.T.);
#580=PLANE('',#956);
#581=FACE_OUTER_BOUND('',#957,.T.);
#582=PLANE('',#958);
#583=FACE_OUTER_BOUND('',#959,.T.);
#584=PLANE('',#960);
#585=FACE_OUTER_BOUND('',#961,.T.);
#586=CYLINDRICAL_SURFACE('',#962,0.25);
#587=FACE_OUTER_BOUND('',#963,.T.);
#588=PLANE('',#964);
#589=FACE_OUTER_BOUND('',#965,.T.);
#590=PLANE('',#966);
#591=FACE_OUTER_BOUND('',#967,.T.);
#592=PLANE('',#968);
#593=FACE_OUTER_BOUND('',#969,.T.);
#594=CYLINDRICAL_SURFACE('',#970,0.5);
#595=FACE_OUTER_BOUND('',#971,.T.);
#596=PLANE('',#972);
#597=FACE_OUTER_BOUND('',#973,.T.);
#598=PLANE('',#974);
#599=FACE_OUTER_BOUND('',#975,.T.);
#600=PLANE('',#976);
#601=FACE_OUTER_BOUND('',#977,.T.);
#602=PLANE('',#978);
#603=FACE_OUTER_BOUND('',#979,.T.);
#604=PLANE('',#980);
#605=FACE_OUTER_BOUND('',#981,.T.);
#606=PLANE('',#982);
#607=FACE_OUTER_BOUND('',#983,.T.);
#608=PLANE('',#984);
#609=FACE_OUTER_BOUND('',#985,.T.);
#610=PLANE('',#986);
#611=FACE_OUTER_BOUND('',#987,.T.);
#612=PLANE('',#988);
#613=FACE_OUTER_BOUND('',#989,.T.);
#614=PLANE('',#990);
#615=FACE_OUTER_BOUND('',#991,.T.);
#616=PLANE('',#992);
#617=FACE_OUTER_BOUND('',#993,.T.);
#618=CYLINDRICAL_SURFACE('',#994,0.5);
#619=FACE_OUTER_BOUND('',#995,.T.);
#620=PLANE('',#996);
#621=FACE_OUTER_BOUND('',#997,.T.);
#622=PLANE('',#998);
#623=FACE_OUTER_BOUND('',#999,.T.);
#624=PLANE('',#1000);
#625=FACE_OUTER_BOUND('',#1001,.T.);
#626=CYLINDRICAL_SURFACE('',#1002,0.25);
#627=FACE_OUTER_BOUND('',#1003,.T.);
#628=PLANE('',#1004);
#629=FACE_OUTER_BOUND('',#1005,.T.);
#630=PLANE('',#1006);
#631=FACE_OUTER_BOUND('',#1007,.T.);
#632=PLANE('',#1008);
#633=FACE_OUTER_BOUND('',#1009,.T.);
#634=PLANE('',#1010);
#635=FACE_OUTER_BOUND('',#1011,.T.);
#636=PLANE('',#1012);
#637=FACE_OUTER_BOUND('',#1013,.T.);
#638=PLANE('',#1014);
#639=FACE_OUTER_BOUND('',#1015,.T.);
#640=PLANE('',#1016);
#641=FACE_OUTER_BOUND('',#1017,.T.);
#642=PLANE('',#1018);
#643=FACE_OUTER_BOUND('',#1019,.T.);
#644=PLANE('',#1020);
#645=FACE_OUTER_BOUND('',#1021,.T.);
#646=PLANE('',#1022);
#647=FACE_OUTER_BOUND('',#1023,.T.);
#648=CYLINDRICAL_SURFACE('',#1024,0.25);
#649=FACE_OUTER_BOUND('',#1025,.T.);
#650=PLANE('',#1026);
#651=FACE_OUTER_BOUND('',#1027,.T.);
#652=PLANE('',#1028);
#653=FACE_OUTER_BOUND('',#1029,.T.);
#654=PLANE('',#1030);
#655=FACE_OUTER_BOUND('',#1031,.T.);
#656=CYLINDRICAL_SURFACE('',#1032,0.5);
#657=FACE_OUTER_BOUND('',#1033,.T.);
#658=PLANE('',#1034);
#659=FACE_OUTER_BOUND('',#1035,.T.);
#660=PLANE('',#1036);
#661=FACE_OUTER_BOUND('',#1037,.T.);
#662=PLANE('',#1038);
#663=FACE_OUTER_BOUND('',#1039,.T.);
#664=PLANE('',#1040);
#665=FACE_OUTER_BOUND('',#1041,.T.);
#666=PLANE('',#1042);
#667=FACE_OUTER_BOUND('',#1043,.T.);
#668=PLANE('',#1044);
#669=FACE_OUTER_BOUND('',#1045,.T.);
#670=PLANE('',#1046);
#671=FACE_OUTER_BOUND('',#1047,.T.);
#672=PLANE('',#1048);
#673=FACE_OUTER_BOUND('',#1049,.T.);
#674=PLANE('',#1050);
#675=FACE_OUTER_BOUND('',#1051,.T.);
#676=PLANE('',#1052);
#677=FACE_OUTER_BOUND('',#1053,.T.);
#678=PLANE('',#1054);
#679=FACE_OUTER_BOUND('',#1055,.T.);
#680=PLANE('',#1056);
#681=FACE_OUTER_BOUND('',#1057,.T.);
#682=PLANE('',#1058);
#683=FACE_OUTER_BOUND('',#1059,.T.);
#684=PLANE('',#1060);
#685=FACE_OUTER_BOUND('',#1061,.T.);
#686=PLANE('',#1062);
#687=FACE_OUTER_BOUND('',#1063,.T.);
#688=PLANE('',#1064);
#689=FACE_OUTER_BOUND('',#1065,.T.);
#690=PLANE('',#1066);
#691=FACE_OUTER_BOUND('',#1067,.T.);
#692=PLANE('',#1068);
#693=FACE_OUTER_BOUND('',#1069,.T.);
#694=PLANE('',#1070);
#695=FACE_OUTER_BOUND('',#1071,.T.);
#696=PLANE('',#1072);
#697=FACE_OUTER_BOUND('',#1073,.T.);
#698=PLANE('',#1074);
#699=FACE_OUTER_BOUND('',#1075,.T.);
#700=PLANE('',#1076);
#701=FACE_OUTER_BOUND('',#1077,.T.);
#702=PLANE('',#1078);
#703=FILL_AREA_STYLE('',(#1079));
#704=EDGE_CURVE('',#1080,#1081,#1082,.T.);
#705=EDGE_CURVE('',#1083,#1080,#1084,.T.);
#706=EDGE_CURVE('',#1083,#1085,#1086,.T.);
#707=EDGE_CURVE('',#1085,#1081,#1087,.T.);
#708=FILL_AREA_STYLE('',(#1088));
#709=EDGE_CURVE('',#1089,#1090,#1091,.T.);
#710=EDGE_CURVE('',#1089,#1092,#1093,.T.);
#711=EDGE_CURVE('',#1094,#1092,#1095,.T.);
#712=EDGE_CURVE('',#1090,#1094,#1096,.T.);
#713=FILL_AREA_STYLE('',(#1097));
#714=EDGE_CURVE('',#1092,#1098,#1099,.T.);
#715=EDGE_CURVE('',#1098,#1100,#1101,.T.);
#716=EDGE_CURVE('',#1094,#1100,#1102,.T.);
#717=FILL_AREA_STYLE('',(#1103));
#718=EDGE_CURVE('',#1104,#1090,#1105,.T.);
#719=EDGE_CURVE('',#1104,#1106,#1107,.T.);
#720=EDGE_CURVE('',#1106,#1089,#1108,.T.);
#721=FILL_AREA_STYLE('',(#1109));
#722=EDGE_CURVE('',#1110,#1111,#1112,.T.);
#723=EDGE_CURVE('',#1111,#1106,#1113,.T.);
#724=EDGE_CURVE('',#1110,#1104,#1114,.T.);
#725=FILL_AREA_STYLE('',(#1115));
#726=EDGE_CURVE('',#1116,#1117,#1118,.T.);
#727=EDGE_CURVE('',#1117,#1111,#1119,.T.);
#728=EDGE_CURVE('',#1116,#1110,#1120,.T.);
#729=FILL_AREA_STYLE('',(#1121));
#730=EDGE_CURVE('',#1122,#1123,#1124,.T.);
#731=EDGE_CURVE('',#1123,#1117,#1125,.T.);
#732=EDGE_CURVE('',#1122,#1116,#1126,.T.);
#733=FILL_AREA_STYLE('',(#1127));
#734=EDGE_CURVE('',#1081,#1123,#1128,.T.);
#735=EDGE_CURVE('',#1080,#1122,#1129,.T.);
#736=FILL_AREA_STYLE('',(#1130));
#737=EDGE_CURVE('',#1131,#1132,#1133,.T.);
#738=EDGE_CURVE('',#1131,#1085,#1134,.T.);
#739=EDGE_CURVE('',#1132,#1083,#1135,.T.);
#740=EDGE_LOOP('',(#1136,#1137,#1138,#1139));
#741=AXIS2_PLACEMENT_3D('',#1140,#1141,#1142);
#742=EDGE_LOOP('',(#1143,#1144,#1145,#1146));
#743=AXIS2_PLACEMENT_3D('',#1147,#1148,#1149);
#744=EDGE_LOOP('',(#1150,#1151,#1152,#1153));
#745=AXIS2_PLACEMENT_3D('',#1154,#1155,#1156);
#746=EDGE_LOOP('',(#1157,#1158,#1159,#1160));
#747=AXIS2_PLACEMENT_3D('',#1161,#1162,#1163);
#748=EDGE_LOOP('',(#1164,#1165,#1166,#1167));
#749=AXIS2_PLACEMENT_3D('',#1168,#1169,#1170);
#750=EDGE_LOOP('',(#1171,#1172,#1173,#1174));
#751=AXIS2_PLACEMENT_3D('',#1175,#1176,#1177);
#752=EDGE_LOOP('',(#1178,#1179,#1180,#1181,#1182,#1183,#1184,#1185,#1186));
#753=AXIS2_PLACEMENT_3D('',#1187,#1188,#1189);
#754=EDGE_LOOP('',(#1190,#1191,#1192,#1193));
#755=AXIS2_PLACEMENT_3D('',#1194,#1195,#1196);
#756=EDGE_LOOP('',(#1197,#1198,#1199,#1200,#1201,#1202,#1203,#1204));
#757=AXIS2_PLACEMENT_3D('',#1205,#1206,#1207);
#758=EDGE_LOOP('',(#1208,#1209,#1210,#1211));
#759=AXIS2_PLACEMENT_3D('',#1212,#1213,#1214);
#760=EDGE_LOOP('',(#1215,#1216,#1217,#1218));
#761=AXIS2_PLACEMENT_3D('',#1219,#1220,#1221);
#762=EDGE_LOOP('',(#1222,#1223,#1224,#1225));
#763=AXIS2_PLACEMENT_3D('',#1226,#1227,#1228);
#764=EDGE_LOOP('',(#1229,#1230,#1231,#1232,#1233,#1234,#1235,#1236,#1237));
#765=AXIS2_PLACEMENT_3D('',#1238,#1239,#1240);
#766=EDGE_LOOP('',(#1241,#1242,#1243,#1244));
#767=AXIS2_PLACEMENT_3D('',#1245,#1246,#1247);
#768=EDGE_LOOP('',(#1248,#1249,#1250,#1251,#1252,#1253,#1254,#1255,#1256,#1257,#1258,#1259));
#769=EDGE_LOOP('',(#1260,#1261,#1262,#1263,#1264,#1265,#1266,#1267,#1268,#1269,#1270,#1271,#1272,#1273,#1274,#1275));
#770=AXIS2_PLACEMENT_3D('',#1276,#1277,#1278);
#771=EDGE_LOOP('',(#1279,#1280,#1281,#1282));
#772=AXIS2_PLACEMENT_3D('',#1283,#1284,#1285);
#773=EDGE_LOOP('',(#1286,#1287,#1288,#1289));
#774=AXIS2_PLACEMENT_3D('',#1290,#1291,#1292);
#775=EDGE_LOOP('',(#1293,#1294,#1295,#1296));
#776=AXIS2_PLACEMENT_3D('',#1297,#1298,#1299);
#777=EDGE_LOOP('',(#1300,#1301,#1302,#1303));
#778=AXIS2_PLACEMENT_3D('',#1304,#1305,#1306);
#779=EDGE_LOOP('',(#1307,#1308,#1309,#1310,#1311,#1312,#1313,#1314));
#780=AXIS2_PLACEMENT_3D('',#1315,#1316,#1317);
#781=EDGE_LOOP('',(#1318,#1319,#1320,#1321,#1322,#1323,#1324,#1325));
#782=AXIS2_PLACEMENT_3D('',#1326,#1327,#1328);
#783=EDGE_LOOP('',(#1329,#1330,#1331,#1332));
#784=AXIS2_PLACEMENT_3D('',#1333,#1334,#1335);
#785=EDGE_LOOP('',(#1336,#1337,#1338,#1339));
#786=AXIS2_PLACEMENT_3D('',#1340,#1341,#1342);
#787=EDGE_LOOP('',(#1343,#1344,#1345,#1346));
#788=AXIS2_PLACEMENT_3D('',#1347,#1348,#1349);
#789=EDGE_LOOP('',(#1350,#1351,#1352,#1353,#1354,#1355,#1356,#1357,#1358,#1359,#1360,#1361,#1362,#1363,#1364,#1365,#1366,#1367,#1368,#1369));
#790=EDGE_LOOP('',(#1370,#1371,#1372,#1373));
#791=EDGE_LOOP('',(#1374,#1375,#1376,#1377));
#792=EDGE_LOOP('',(#1378,#1379,#1380,#1381));
#793=EDGE_LOOP('',(#1382,#1383,#1384,#1385));
#794=AXIS2_PLACEMENT_3D('',#1386,#1387,#1388);
#795=EDGE_LOOP('',(#1389,#1390,#1391,#1392));
#796=AXIS2_PLACEMENT_3D('',#1393,#1394,#1395);
#797=EDGE_LOOP('',(#1396,#1397,#1398,#1399,#1400,#1401,#1402,#1403,#1404,#1405,#1406,#1407));
#798=AXIS2_PLACEMENT_3D('',#1408,#1409,#1410);
#799=EDGE_LOOP('',(#1411,#1412,#1413,#1414,#1415,#1416,#1417,#1418,#1419,#1420,#1421,#1422));
#800=EDGE_LOOP('',(#1423,#1424,#1425,#1426));
#801=EDGE_LOOP('',(#1427,#1428,#1429,#1430));
#802=EDGE_LOOP('',(#1431,#1432,#1433,#1434));
#803=EDGE_LOOP('',(#1435,#1436,#1437,#1438));
#804=EDGE_LOOP('',(#1439,#1440,#1441,#1442));
#805=EDGE_LOOP('',(#1443,#1444,#1445,#1446));
#806=EDGE_LOOP('',(#1447,#1448,#1449,#1450));
#807=EDGE_LOOP('',(#1451,#1452,#1453,#1454));
#808=AXIS2_PLACEMENT_3D('',#1455,#1456,#1457);
#809=EDGE_LOOP('',(#1458,#1459,#1460,#1461));
#810=AXIS2_PLACEMENT_3D('',#1462,#1463,#1464);
#811=EDGE_LOOP('',(#1465,#1466,#1467,#1468,#1469));
#812=AXIS2_PLACEMENT_3D('',#1470,#1471,#1472);
#813=EDGE_LOOP('',(#1473,#1474,#1475,#1476,#1477));
#814=AXIS2_PLACEMENT_3D('',#1478,#1479,#1480);
#815=EDGE_LOOP('',(#1481,#1482,#1483,#1484,#1485,#1486));
#816=AXIS2_PLACEMENT_3D('',#1487,#1488,#1489);
#817=EDGE_LOOP('',(#1490,#1491,#1492,#1493));
#818=AXIS2_PLACEMENT_3D('',#1494,#1495,#1496);
#819=EDGE_LOOP('',(#1497,#1498,#1499,#1500,#1501,#1502));
#820=AXIS2_PLACEMENT_3D('',#1503,#1504,#1505);
#821=EDGE_LOOP('',(#1506,#1507,#1508,#1509));
#822=AXIS2_PLACEMENT_3D('',#1510,#1511,#1512);
#823=EDGE_LOOP('',(#1513,#1514,#1515,#1516));
#824=AXIS2_PLACEMENT_3D('',#1517,#1518,#1519);
#825=EDGE_LOOP('',(#1520,#1521,#1522,#1523));
#826=AXIS2_PLACEMENT_3D('',#1524,#1525,#1526);
#827=EDGE_LOOP('',(#1527,#1528,#1529,#1530,#1531,#1532));
#828=AXIS2_PLACEMENT_3D('',#1533,#1534,#1535);
#829=EDGE_LOOP('',(#1536,#1537,#1538,#1539));
#830=AXIS2_PLACEMENT_3D('',#1540,#1541,#1542);
#831=EDGE_LOOP('',(#1543,#1544,#1545,#1546,#1547,#1548));
#832=AXIS2_PLACEMENT_3D('',#1549,#1550,#1551);
#833=EDGE_LOOP('',(#1552,#1553,#1554,#1555,#1556,#1557));
#834=AXIS2_PLACEMENT_3D('',#1558,#1559,#1560);
#835=EDGE_LOOP('',(#1561,#1562,#1563,#1564,#1565));
#836=AXIS2_PLACEMENT_3D('',#1566,#1567,#1568);
#837=EDGE_LOOP('',(#1569,#1570,#1571,#1572,#1573,#1574,#1575));
#838=AXIS2_PLACEMENT_3D('',#1576,#1577,#1578);
#839=EDGE_LOOP('',(#1579,#1580,#1581,#1582));
#840=AXIS2_PLACEMENT_3D('',#1583,#1584,#1585);
#841=EDGE_LOOP('',(#1586,#1587,#1588,#1589));
#842=AXIS2_PLACEMENT_3D('',#1590,#1591,#1592);
#843=EDGE_LOOP('',(#1593,#1594,#1595,#1596,#1597,#1598,#1599,#1600,#1601,#1602));
#844=AXIS2_PLACEMENT_3D('',#1603,#1604,#1605);
#845=EDGE_LOOP('',(#1606,#1607,#1608,#1609));
#846=AXIS2_PLACEMENT_3D('',#1610,#1611,#1612);
#847=EDGE_LOOP('',(#1613,#1614,#1615,#1616));
#848=AXIS2_PLACEMENT_3D('',#1617,#1618,#1619);
#849=EDGE_LOOP('',(#1620,#1621,#1622,#1623));
#850=AXIS2_PLACEMENT_3D('',#1624,#1625,#1626);
#851=EDGE_LOOP('',(#1627,#1628,#1629,#1630,#1631));
#852=AXIS2_PLACEMENT_3D('',#1632,#1633,#1634);
#853=EDGE_LOOP('',(#1635,#1636,#1637,#1638));
#854=AXIS2_PLACEMENT_3D('',#1639,#1640,#1641);
#855=EDGE_LOOP('',(#1642,#1643,#1644,#1645,#1646));
#856=AXIS2_PLACEMENT_3D('',#1647,#1648,#1649);
#857=EDGE_LOOP('',(#1650,#1651,#1652,#1653));
#858=AXIS2_PLACEMENT_3D('',#1654,#1655,#1656);
#859=EDGE_LOOP('',(#1657,#1658,#1659,#1660));
#860=AXIS2_PLACEMENT_3D('',#1661,#1662,#1663);
#861=EDGE_LOOP('',(#1664,#1665,#1666,#1667));
#862=AXIS2_PLACEMENT_3D('',#1668,#1669,#1670);
#863=EDGE_LOOP('',(#1671,#1672,#1673,#1674));
#864=AXIS2_PLACEMENT_3D('',#1675,#1676,#1677);
#865=EDGE_LOOP('',(#1678,#1679,#1680,#1681));
#866=AXIS2_PLACEMENT_3D('',#1682,#1683,#1684);
#867=EDGE_LOOP('',(#1685,#1686,#1687,#1688));
#868=AXIS2_PLACEMENT_3D('',#1689,#1690,#1691);
#869=EDGE_LOOP('',(#1692,#1693,#1694,#1695,#1696,#1697));
#870=AXIS2_PLACEMENT_3D('',#1698,#1699,#1700);
#871=EDGE_LOOP('',(#1701,#1702,#1703,#1704,#1705));
#872=AXIS2_PLACEMENT_3D('',#1706,#1707,#1708);
#873=EDGE_LOOP('',(#1709,#1710,#1711,#1712));
#874=AXIS2_PLACEMENT_3D('',#1713,#1714,#1715);
#875=EDGE_LOOP('',(#1716,#1717,#1718,#1719,#1720,#1721,#1722));
#876=AXIS2_PLACEMENT_3D('',#1723,#1724,#1725);
#877=EDGE_LOOP('',(#1726,#1727,#1728,#1729));
#878=AXIS2_PLACEMENT_3D('',#1730,#1731,#1732);
#879=EDGE_LOOP('',(#1733,#1734,#1735,#1736,#1737));
#880=AXIS2_PLACEMENT_3D('',#1738,#1739,#1740);
#881=EDGE_LOOP('',(#1741,#1742,#1743,#1744));
#882=AXIS2_PLACEMENT_3D('',#1745,#1746,#1747);
#883=EDGE_LOOP('',(#1748,#1749,#1750,#1751));
#884=AXIS2_PLACEMENT_3D('',#1752,#1753,#1754);
#885=EDGE_LOOP('',(#1755,#1756,#1757,#1758));
#886=AXIS2_PLACEMENT_3D('',#1759,#1760,#1761);
#887=EDGE_LOOP('',(#1762,#1763,#1764,#1765,#1766));
#888=AXIS2_PLACEMENT_3D('',#1767,#1768,#1769);
#889=EDGE_LOOP('',(#1770,#1771,#1772,#1773));
#890=AXIS2_PLACEMENT_3D('',#1774,#1775,#1776);
#891=EDGE_LOOP('',(#1777,#1778,#1779,#1780));
#892=AXIS2_PLACEMENT_3D('',#1781,#1782,#1783);
#893=EDGE_LOOP('',(#1784,#1785,#1786,#1787));
#894=AXIS2_PLACEMENT_3D('',#1788,#1789,#1790);
#895=EDGE_LOOP('',(#1791,#1792,#1793,#1794));
#896=AXIS2_PLACEMENT_3D('',#1795,#1796,#1797);
#897=EDGE_LOOP('',(#1798,#1799,#1800,#1801,#1802,#1803,#1804,#1805,#1806,#1807,#1808,#1809));
#898=AXIS2_PLACEMENT_3D('',#1810,#1811,#1812);
#899=EDGE_LOOP('',(#1813,#1814,#1815,#1816));
#900=AXIS2_PLACEMENT_3D('',#1817,#1818,#1819);
#901=EDGE_LOOP('',(#1820,#1821,#1822,#1823));
#902=AXIS2_PLACEMENT_3D('',#1824,#1825,#1826);
#903=EDGE_LOOP('',(#1827,#1828,#1829,#1830));
#904=AXIS2_PLACEMENT_3D('',#1831,#1832,#1833);
#905=EDGE_LOOP('',(#1834,#1835,#1836,#1837));
#906=AXIS2_PLACEMENT_3D('',#1838,#1839,#1840);
#907=EDGE_LOOP('',(#1841,#1842,#1843,#1844));
#908=AXIS2_PLACEMENT_3D('',#1845,#1846,#1847);
#909=EDGE_LOOP('',(#1848,#1849,#1850,#1851));
#910=AXIS2_PLACEMENT_3D('',#1852,#1853,#1854);
#911=EDGE_LOOP('',(#1855,#1856,#1857,#1858));
#912=AXIS2_PLACEMENT_3D('',#1859,#1860,#1861);
#913=EDGE_LOOP('',(#1862,#1863,#1864,#1865));
#914=AXIS2_PLACEMENT_3D('',#1866,#1867,#1868);
#915=EDGE_LOOP('',(#1869,#1870,#1871,#1872));
#916=AXIS2_PLACEMENT_3D('',#1873,#1874,#1875);
#917=EDGE_LOOP('',(#1876,#1877,#1878,#1879));
#918=AXIS2_PLACEMENT_3D('',#1880,#1881,#1882);
#919=EDGE_LOOP('',(#1883,#1884,#1885,#1886));
#920=AXIS2_PLACEMENT_3D('',#1887,#1888,#1889);
#921=EDGE_LOOP('',(#1890,#1891,#1892,#1893));
#922=AXIS2_PLACEMENT_3D('',#1894,#1895,#1896);
#923=EDGE_LOOP('',(#1897,#1898,#1899,#1900));
#924=AXIS2_PLACEMENT_3D('',#1901,#1902,#1903);
#925=EDGE_LOOP('',(#1904,#1905,#1906,#1907));
#926=AXIS2_PLACEMENT_3D('',#1908,#1909,#1910);
#927=EDGE_LOOP('',(#1911,#1912,#1913,#1914));
#928=AXIS2_PLACEMENT_3D('',#1915,#1916,#1917);
#929=EDGE_LOOP('',(#1918,#1919,#1920,#1921));
#930=AXIS2_PLACEMENT_3D('',#1922,#1923,#1924);
#931=EDGE_LOOP('',(#1925,#1926,#1927,#1928));
#932=AXIS2_PLACEMENT_3D('',#1929,#1930,#1931);
#933=EDGE_LOOP('',(#1932,#1933,#1934,#1935));
#934=AXIS2_PLACEMENT_3D('',#1936,#1937,#1938);
#935=EDGE_LOOP('',(#1939,#1940,#1941,#1942));
#936=AXIS2_PLACEMENT_3D('',#1943,#1944,#1945);
#937=EDGE_LOOP('',(#1946,#1947,#1948,#1949));
#938=AXIS2_PLACEMENT_3D('',#1950,#1951,#1952);
#939=EDGE_LOOP('',(#1953,#1954,#1955,#1956));
#940=AXIS2_PLACEMENT_3D('',#1957,#1958,#1959);
#941=EDGE_LOOP('',(#1960,#1961,#1962,#1963));
#942=AXIS2_PLACEMENT_3D('',#1964,#1965,#1966);
#943=EDGE_LOOP('',(#1967,#1968,#1969,#1970));
#944=AXIS2_PLACEMENT_3D('',#1971,#1972,#1973);
#945=EDGE_LOOP('',(#1974,#1975,#1976,#1977,#1978,#1979,#1980,#1981,#1982,#1983,#1984,#1985));
#946=AXIS2_PLACEMENT_3D('',#1986,#1987,#1988);
#947=EDGE_LOOP('',(#1989,#1990,#1991,#1992));
#948=AXIS2_PLACEMENT_3D('',#1993,#1994,#1995);
#949=EDGE_LOOP('',(#1996,#1997,#1998,#1999));
#950=AXIS2_PLACEMENT_3D('',#2000,#2001,#2002);
#951=EDGE_LOOP('',(#2003,#2004,#2005,#2006,#2007,#2008,#2009,#2010,#2011,#2012,#2013,#2014));
#952=AXIS2_PLACEMENT_3D('',#2015,#2016,#2017);
#953=EDGE_LOOP('',(#2018,#2019,#2020,#2021));
#954=AXIS2_PLACEMENT_3D('',#2022,#2023,#2024);
#955=EDGE_LOOP('',(#2025,#2026,#2027,#2028));
#956=AXIS2_PLACEMENT_3D('',#2029,#2030,#2031);
#957=EDGE_LOOP('',(#2032,#2033,#2034,#2035));
#958=AXIS2_PLACEMENT_3D('',#2036,#2037,#2038);
#959=EDGE_LOOP('',(#2039,#2040,#2041,#2042));
#960=AXIS2_PLACEMENT_3D('',#2043,#2044,#2045);
#961=EDGE_LOOP('',(#2046,#2047,#2048,#2049));
#962=AXIS2_PLACEMENT_3D('',#2050,#2051,#2052);
#963=EDGE_LOOP('',(#2053,#2054,#2055,#2056));
#964=AXIS2_PLACEMENT_3D('',#2057,#2058,#2059);
#965=EDGE_LOOP('',(#2060,#2061,#2062,#2063));
#966=AXIS2_PLACEMENT_3D('',#2064,#2065,#2066);
#967=EDGE_LOOP('',(#2067,#2068,#2069,#2070));
#968=AXIS2_PLACEMENT_3D('',#2071,#2072,#2073);
#969=EDGE_LOOP('',(#2074,#2075,#2076,#2077));
#970=AXIS2_PLACEMENT_3D('',#2078,#2079,#2080);
#971=EDGE_LOOP('',(#2081,#2082,#2083,#2084));
#972=AXIS2_PLACEMENT_3D('',#2085,#2086,#2087);
#973=EDGE_LOOP('',(#2088,#2089,#2090,#2091));
#974=AXIS2_PLACEMENT_3D('',#2092,#2093,#2094);
#975=EDGE_LOOP('',(#2095,#2096,#2097,#2098));
#976=AXIS2_PLACEMENT_3D('',#2099,#2100,#2101);
#977=EDGE_LOOP('',(#2102,#2103,#2104,#2105,#2106,#2107,#2108,#2109,#2110,#2111,#2112,#2113));
#978=AXIS2_PLACEMENT_3D('',#2114,#2115,#2116);
#979=EDGE_LOOP('',(#2117,#2118,#2119,#2120));
#980=AXIS2_PLACEMENT_3D('',#2121,#2122,#2123);
#981=EDGE_LOOP('',(#2124,#2125,#2126,#2127));
#982=AXIS2_PLACEMENT_3D('',#2128,#2129,#2130);
#983=EDGE_LOOP('',(#2131,#2132,#2133,#2134,#2135,#2136,#2137,#2138,#2139,#2140,#2141,#2142));
#984=AXIS2_PLACEMENT_3D('',#2143,#2144,#2145);
#985=EDGE_LOOP('',(#2146,#2147,#2148,#2149));
#986=AXIS2_PLACEMENT_3D('',#2150,#2151,#2152);
#987=EDGE_LOOP('',(#2153,#2154,#2155,#2156));
#988=AXIS2_PLACEMENT_3D('',#2157,#2158,#2159);
#989=EDGE_LOOP('',(#2160,#2161,#2162,#2163));
#990=AXIS2_PLACEMENT_3D('',#2164,#2165,#2166);
#991=EDGE_LOOP('',(#2167,#2168,#2169,#2170));
#992=AXIS2_PLACEMENT_3D('',#2171,#2172,#2173);
#993=EDGE_LOOP('',(#2174,#2175,#2176,#2177));
#994=AXIS2_PLACEMENT_3D('',#2178,#2179,#2180);
#995=EDGE_LOOP('',(#2181,#2182,#2183,#2184));
#996=AXIS2_PLACEMENT_3D('',#2185,#2186,#2187);
#997=EDGE_LOOP('',(#2188,#2189,#2190,#2191));
#998=AXIS2_PLACEMENT_3D('',#2192,#2193,#2194);
#999=EDGE_LOOP('',(#2195,#2196,#2197,#2198));
#1000=AXIS2_PLACEMENT_3D('',#2199,#2200,#2201);
#1001=EDGE_LOOP('',(#2202,#2203,#2204,#2205));
#1002=AXIS2_PLACEMENT_3D('',#2206,#2207,#2208);
#1003=EDGE_LOOP('',(#2209,#2210,#2211,#2212));
#1004=AXIS2_PLACEMENT_3D('',#2213,#2214,#2215);
#1005=EDGE_LOOP('',(#2216,#2217,#2218,#2219,#2220,#2221,#2222,#2223,#2224,#2225,#2226,#2227,#2228,#2229,#2230,#2231,#2232,#2233,#2234,#2235,#2236,#2237,#2238,#2239));
#1006=AXIS2_PLACEMENT_3D('',#2240,#2241,#2242);
#1007=EDGE_LOOP('',(#2243,#2244,#2245,#2246));
#1008=AXIS2_PLACEMENT_3D('',#2247,#2248,#2249);
#1009=EDGE_LOOP('',(#2250,#2251,#2252,#2253));
#1010=AXIS2_PLACEMENT_3D('',#2254,#2255,#2256);
#1011=EDGE_LOOP('',(#2257,#2258,#2259,#2260,#2261,#2262,#2263,#2264,#2265,#2266,#2267,#2268));
#1012=AXIS2_PLACEMENT_3D('',#2269,#2270,#2271);
#1013=EDGE_LOOP('',(#2272,#2273,#2274,#2275));
#1014=AXIS2_PLACEMENT_3D('',#2276,#2277,#2278);
#1015=EDGE_LOOP('',(#2279,#2280,#2281,#2282));
#1016=AXIS2_PLACEMENT_3D('',#2283,#2284,#2285);
#1017=EDGE_LOOP('',(#2286,#2287,#2288,#2289,#2290,#2291,#2292,#2293,#2294,#2295,#2296,#2297));
#1018=AXIS2_PLACEMENT_3D('',#2298,#2299,#2300);
#1019=EDGE_LOOP('',(#2301,#2302,#2303,#2304));
#1020=AXIS2_PLACEMENT_3D('',#2305,#2306,#2307);
#1021=EDGE_LOOP('',(#2308,#2309,#2310,#2311));
#1022=AXIS2_PLACEMENT_3D('',#2312,#2313,#2314);
#1023=EDGE_LOOP('',(#2315,#2316,#2317,#2318));
#1024=AXIS2_PLACEMENT_3D('',#2319,#2320,#2321);
#1025=EDGE_LOOP('',(#2322,#2323,#2324,#2325));
#1026=AXIS2_PLACEMENT_3D('',#2326,#2327,#2328);
#1027=EDGE_LOOP('',(#2329,#2330,#2331,#2332));
#1028=AXIS2_PLACEMENT_3D('',#2333,#2334,#2335);
#1029=EDGE_LOOP('',(#2336,#2337,#2338,#2339));
#1030=AXIS2_PLACEMENT_3D('',#2340,#2341,#2342);
#1031=EDGE_LOOP('',(#2343,#2344,#2345,#2346));
#1032=AXIS2_PLACEMENT_3D('',#2347,#2348,#2349);
#1033=EDGE_LOOP('',(#2350,#2351,#2352,#2353));
#1034=AXIS2_PLACEMENT_3D('',#2354,#2355,#2356);
#1035=EDGE_LOOP('',(#2357,#2358,#2359,#2360));
#1036=AXIS2_PLACEMENT_3D('',#2361,#2362,#2363);
#1037=EDGE_LOOP('',(#2364,#2365,#2366,#2367));
#1038=AXIS2_PLACEMENT_3D('',#2368,#2369,#2370);
#1039=EDGE_LOOP('',(#2371,#2372,#2373,#2374));
#1040=AXIS2_PLACEMENT_3D('',#2375,#2376,#2377);
#1041=EDGE_LOOP('',(#2378,#2379,#2380,#2381));
#1042=AXIS2_PLACEMENT_3D('',#2382,#2383,#2384);
#1043=EDGE_LOOP('',(#2385,#2386,#2387,#2388));
#1044=AXIS2_PLACEMENT_3D('',#2389,#2390,#2391);
#1045=EDGE_LOOP('',(#2392,#2393,#2394,#2395));
#1046=AXIS2_PLACEMENT_3D('',#2396,#2397,#2398);
#1047=EDGE_LOOP('',(#2399,#2400,#2401,#2402));
#1048=AXIS2_PLACEMENT_3D('',#2403,#2404,#2405);
#1049=EDGE_LOOP('',(#2406,#2407,#2408,#2409));
#1050=AXIS2_PLACEMENT_3D('',#2410,#2411,#2412);
#1051=EDGE_LOOP('',(#2413,#2414,#2415,#2416));
#1052=AXIS2_PLACEMENT_3D('',#2417,#2418,#2419);
#1053=EDGE_LOOP('',(#2420,#2421,#2422,#2423));
#1054=AXIS2_PLACEMENT_3D('',#2424,#2425,#2426);
#1055=EDGE_LOOP('',(#2427,#2428,#2429,#2430));
#1056=AXIS2_PLACEMENT_3D('',#2431,#2432,#2433);
#1057=EDGE_LOOP('',(#2434,#2435,#2436,#2437));
#1058=AXIS2_PLACEMENT_3D('',#2438,#2439,#2440);
#1059=EDGE_LOOP('',(#2441,#2442,#2443,#2444));
#1060=AXIS2_PLACEMENT_3D('',#2445,#2446,#2447);
#1061=EDGE_LOOP('',(#2448,#2449,#2450,#2451));
#1062=AXIS2_PLACEMENT_3D('',#2452,#2453,#2454);
#1063=EDGE_LOOP('',(#2455,#2456,#2457,#2458));
#1064=AXIS2_PLACEMENT_3D('',#2459,#2460,#2461);
#1065=EDGE_LOOP('',(#2462,#2463,#2464,#2465));
#1066=AXIS2_PLACEMENT_3D('',#2466,#2467,#2468);
#1067=EDGE_LOOP('',(#2469,#2470,#2471,#2472));
#1068=AXIS2_PLACEMENT_3D('',#2473,#2474,#2475);
#1069=EDGE_LOOP('',(#2476,#2477,#2478,#2479));
#1070=AXIS2_PLACEMENT_3D('',#2480,#2481,#2482);
#1071=EDGE_LOOP('',(#2483,#2484,#2485,#2486));
#1072=AXIS2_PLACEMENT_3D('',#2487,#2488,#2489);
#1073=EDGE_LOOP('',(#2490,#2491,#2492,#2493));
#1074=AXIS2_PLACEMENT_3D('',#2494,#2495,#2496);
#1075=EDGE_LOOP('',(#2497,#2498,#2499,#2500));
#1076=AXIS2_PLACEMENT_3D('',#2501,#2502,#2503);
#1077=EDGE_LOOP('',(#2504,#2505,#2506,#2507));
#1078=AXIS2_PLACEMENT_3D('',#2508,#2509,#2510);
#1079=FILL_AREA_STYLE_COLOUR('',#2511);
#1080=VERTEX_POINT('',#2512);
#1081=VERTEX_POINT('',#2513);
#1082=LINE('',#2514,#2515);
#1083=VERTEX_POINT('',#2516);
#1084=CIRCLE('',#2517,0.5);
#1085=VERTEX_POINT('',#2518);
#1086=LINE('',#2519,#2520);
#1087=CIRCLE('',#2521,0.5);
#1088=FILL_AREA_STYLE_COLOUR('',#2522);
#1089=VERTEX_POINT('',#2523);
#1090=VERTEX_POINT('',#2524);
#1091=LINE('',#2525,#2526);
#1092=VERTEX_POINT('',#2527);
#1093=CIRCLE('',#2528,0.25);
#1094=VERTEX_POINT('',#2529);
#1095=LINE('',#2530,#2531);
#1096=CIRCLE('',#2532,0.25);
#1097=FILL_AREA_STYLE_COLOUR('',#2533);
#1098=VERTEX_POINT('',#2534);
#1099=LINE('',#2535,#2536);
#1100=VERTEX_POINT('',#2537);
#1101=LINE('',#2538,#2539);
#1102=LINE('',#2540,#2541);
#1103=FILL_AREA_STYLE_COLOUR('',#2542);
#1104=VERTEX_POINT('',#2543);
#1105=CIRCLE('',#2544,0.25);
#1106=VERTEX_POINT('',#2545);
#1107=LINE('',#2546,#2547);
#1108=CIRCLE('',#2548,0.25);
#1109=FILL_AREA_STYLE_COLOUR('',#2549);
#1110=VERTEX_POINT('',#2550);
#1111=VERTEX_POINT('',#2551);
#1112=LINE('',#2552,#2553);
#1113=LINE('',#2554,#2555);
#1114=LINE('',#2556,#2557);
#1115=FILL_AREA_STYLE_COLOUR('',#2558);
#1116=VERTEX_POINT('',#2559);
#1117=VERTEX_POINT('',#2560);
#1118=LINE('',#2561,#2562);
#1119=LINE('',#2563,#2564);
#1120=LINE('',#2565,#2566);
#1121=FILL_AREA_STYLE_COLOUR('',#2567);
#1122=VERTEX_POINT('',#2568);
#1123=VERTEX_POINT('',#2569);
#1124=LINE('',#2570,#2571);
#1125=LINE('',#2572,#2573);
#1126=LINE('',#2574,#2575);
#1127=FILL_AREA_STYLE_COLOUR('',#2576);
#1128=CIRCLE('',#2577,0.5);
#1129=CIRCLE('',#2578,0.5);
#1130=FILL_AREA_STYLE_COLOUR('',#2579);
#1131=VERTEX_POINT('',#2580);
#1132=VERTEX_POINT('',#2581);
#1133=LINE('',#2582,#2583);
#1134=LINE('',#2584,#2585);
#1135=LINE('',#2586,#2587);
#1136=ORIENTED_EDGE('',*,*,#2588,.F.);
#1137=ORIENTED_EDGE('',*,*,#2589,.T.);
#1138=ORIENTED_EDGE('',*,*,#2590,.F.);
#1139=ORIENTED_EDGE('',*,*,#2591,.F.);
#1140=CARTESIAN_POINT('',(5.0,-3.65,-8.25));
#1141=DIRECTION('',(1.0,-0.0,0.0));
#1142=DIRECTION('',(0.0,0.0,1.0));
#1143=ORIENTED_EDGE('',*,*,#2592,.F.);
#1144=ORIENTED_EDGE('',*,*,#2593,.F.);
#1145=ORIENTED_EDGE('',*,*,#2594,.T.);
#1146=ORIENTED_EDGE('',*,*,#2595,.T.);
#1147=CARTESIAN_POINT('',(5.0,-3.65,-8.501587556811));
#1148=DIRECTION('',(1.0,-0.0,0.0));
#1149=DIRECTION('',(0.0,0.0,1.0));
#1150=ORIENTED_EDGE('',*,*,#2596,.F.);
#1151=ORIENTED_EDGE('',*,*,#2597,.F.);
#1152=ORIENTED_EDGE('',*,*,#2598,.T.);
#1153=ORIENTED_EDGE('',*,*,#2599,.T.);
#1154=CARTESIAN_POINT('',(-4.0,-3.65,-8.501587556811));
#1155=DIRECTION('',(1.0,-0.0,0.0));
#1156=DIRECTION('',(0.0,0.0,1.0));
#1157=ORIENTED_EDGE('',*,*,#2600,.F.);
#1158=ORIENTED_EDGE('',*,*,#2601,.T.);
#1159=ORIENTED_EDGE('',*,*,#2602,.F.);
#1160=ORIENTED_EDGE('',*,*,#2603,.F.);
#1161=CARTESIAN_POINT('',(-4.0,-3.65,-8.25));
#1162=DIRECTION('',(1.0,-0.0,0.0));
#1163=DIRECTION('',(0.0,0.0,1.0));
#1164=ORIENTED_EDGE('',*,*,#2604,.F.);
#1165=ORIENTED_EDGE('',*,*,#2605,.F.);
#1166=ORIENTED_EDGE('',*,*,#2606,.T.);
#1167=ORIENTED_EDGE('',*,*,#2607,.T.);
#1168=CARTESIAN_POINT('',(3.5,-3.65,-6.15));
#1169=DIRECTION('',(1.0,-0.0,0.0));
#1170=DIRECTION('',(0.0,0.0,1.0));
#1171=ORIENTED_EDGE('',*,*,#2608,.F.);
#1172=ORIENTED_EDGE('',*,*,#2609,.T.);
#1173=ORIENTED_EDGE('',*,*,#2610,.F.);
#1174=ORIENTED_EDGE('',*,*,#2611,.F.);
#1175=CARTESIAN_POINT('',(3.5,-3.65,-5.912624359643));
#1176=DIRECTION('',(1.0,-0.0,0.0));
#1177=DIRECTION('',(0.0,0.0,1.0));
#1178=ORIENTED_EDGE('',*,*,#2612,.F.);
#1179=ORIENTED_EDGE('',*,*,#2613,.F.);
#1180=ORIENTED_EDGE('',*,*,#2614,.F.);
#1181=ORIENTED_EDGE('',*,*,#2615,.F.);
#1182=ORIENTED_EDGE('',*,*,#2616,.F.);
#1183=ORIENTED_EDGE('',*,*,#2617,.F.);
#1184=ORIENTED_EDGE('',*,*,#2618,.F.);
#1185=ORIENTED_EDGE('',*,*,#2619,.T.);
#1186=ORIENTED_EDGE('',*,*,#2620,.F.);
#1187=CARTESIAN_POINT('',(7.25,0.0,0.0));
#1188=DIRECTION('',(-1.0,0.0,0.0));
#1189=DIRECTION('',(0.0,0.0,1.0));
#1190=ORIENTED_EDGE('',*,*,#2621,.T.);
#1191=ORIENTED_EDGE('',*,*,#2622,.F.);
#1192=ORIENTED_EDGE('',*,*,#2623,.F.);
#1193=ORIENTED_EDGE('',*,*,#2620,.T.);
#1194=CARTESIAN_POINT('',(7.25,-0.05714285714286,-7.25));
#1195=DIRECTION('',(0.0,0.0,1.0));
#1196=DIRECTION('',(1.0,0.0,0.0));
#1197=ORIENTED_EDGE('',*,*,#2624,.F.);
#1198=ORIENTED_EDGE('',*,*,#2625,.F.);
#1199=ORIENTED_EDGE('',*,*,#2626,.F.);
#1200=ORIENTED_EDGE('',*,*,#2612,.T.);
#1201=ORIENTED_EDGE('',*,*,#2623,.T.);
#1202=ORIENTED_EDGE('',*,*,#2627,.F.);
#1203=ORIENTED_EDGE('',*,*,#2628,.T.);
#1204=ORIENTED_EDGE('',*,*,#2629,.T.);
#1205=CARTESIAN_POINT('',(7.25,0.1,-6.7));
#1206=DIRECTION('',(0.0,0.961523947640816,-0.274721127897404));
#1207=DIRECTION('',(-1.0,0.0,0.0));
#1208=ORIENTED_EDGE('',*,*,#2630,.T.);
#1209=ORIENTED_EDGE('',*,*,#2631,.F.);
#1210=ORIENTED_EDGE('',*,*,#2632,.F.);
#1211=ORIENTED_EDGE('',*,*,#2629,.F.);
#1212=CARTESIAN_POINT('',(-6.85,0.0,0.0));
#1213=DIRECTION('',(1.0,0.0,0.0));
#1214=DIRECTION('',(0.0,1.0,0.0));
#1215=ORIENTED_EDGE('',*,*,#2624,.T.);
#1216=ORIENTED_EDGE('',*,*,#2632,.T.);
#1217=ORIENTED_EDGE('',*,*,#2633,.F.);
#1218=ORIENTED_EDGE('',*,*,#2634,.F.);
#1219=CARTESIAN_POINT('',(-7.25,-0.05714285714286,-7.25));
#1220=DIRECTION('',(0.0,0.0,-1.0));
#1221=DIRECTION('',(0.0,-1.0,0.0));
#1222=ORIENTED_EDGE('',*,*,#2635,.T.);
#1223=ORIENTED_EDGE('',*,*,#2636,.T.);
#1224=ORIENTED_EDGE('',*,*,#2637,.T.);
#1225=ORIENTED_EDGE('',*,*,#2638,.F.);
#1226=CARTESIAN_POINT('',(-7.25,0.0,0.0));
#1227=DIRECTION('',(-1.0,0.0,0.0));
#1228=DIRECTION('',(0.0,0.0,1.0));
#1229=ORIENTED_EDGE('',*,*,#2639,.F.);
#1230=ORIENTED_EDGE('',*,*,#2640,.T.);
#1231=ORIENTED_EDGE('',*,*,#2641,.T.);
#1232=ORIENTED_EDGE('',*,*,#2642,.T.);
#1233=ORIENTED_EDGE('',*,*,#2643,.T.);
#1234=ORIENTED_EDGE('',*,*,#2644,.T.);
#1235=ORIENTED_EDGE('',*,*,#2645,.T.);
#1236=ORIENTED_EDGE('',*,*,#2625,.T.);
#1237=ORIENTED_EDGE('',*,*,#2634,.T.);
#1238=CARTESIAN_POINT('',(-7.25,0.0,0.0));
#1239=DIRECTION('',(-1.0,0.0,0.0));
#1240=DIRECTION('',(0.0,0.0,1.0));
#1241=ORIENTED_EDGE('',*,*,#2646,.T.);
#1242=ORIENTED_EDGE('',*,*,#2647,.F.);
#1243=ORIENTED_EDGE('',*,*,#2648,.F.);
#1244=ORIENTED_EDGE('',*,*,#2638,.T.);
#1245=CARTESIAN_POINT('',(-7.1,1.6,0.0));
#1246=DIRECTION('',(-0.0,1.0,0.0));
#1247=DIRECTION('',(1.0,0.0,0.0));
#1248=ORIENTED_EDGE('',*,*,#2649,.T.);
#1249=ORIENTED_EDGE('',*,*,#2635,.F.);
#1250=ORIENTED_EDGE('',*,*,#2648,.T.);
#1251=ORIENTED_EDGE('',*,*,#2650,.F.);
#1252=ORIENTED_EDGE('',*,*,#2651,.F.);
#1253=ORIENTED_EDGE('',*,*,#2642,.F.);
#1254=ORIENTED_EDGE('',*,*,#2652,.F.);
#1255=ORIENTED_EDGE('',*,*,#2616,.T.);
#1256=ORIENTED_EDGE('',*,*,#2653,.T.);
#1257=ORIENTED_EDGE('',*,*,#2654,.T.);
#1258=ORIENTED_EDGE('',*,*,#2655,.F.);
#1259=ORIENTED_EDGE('',*,*,#2656,.T.);
#1260=ORIENTED_EDGE('',*,*,#2657,.T.);
#1261=ORIENTED_EDGE('',*,*,#2658,.T.);
#1262=ORIENTED_EDGE('',*,*,#2659,.T.);
#1263=ORIENTED_EDGE('',*,*,#2660,.T.);
#1264=ORIENTED_EDGE('',*,*,#2661,.T.);
#1265=ORIENTED_EDGE('',*,*,#2662,.F.);
#1266=ORIENTED_EDGE('',*,*,#2663,.T.);
#1267=ORIENTED_EDGE('',*,*,#2664,.F.);
#1268=ORIENTED_EDGE('',*,*,#2665,.T.);
#1269=ORIENTED_EDGE('',*,*,#2666,.T.);
#1270=ORIENTED_EDGE('',*,*,#2667,.T.);
#1271=ORIENTED_EDGE('',*,*,#2668,.T.);
#1272=ORIENTED_EDGE('',*,*,#2669,.T.);
#1273=ORIENTED_EDGE('',*,*,#2670,.F.);
#1274=ORIENTED_EDGE('',*,*,#2671,.T.);
#1275=ORIENTED_EDGE('',*,*,#2672,.F.);
#1276=CARTESIAN_POINT('',(7.25,-2.45,0.0));
#1277=DIRECTION('',(0.0,0.0,1.0));
#1278=DIRECTION('',(1.0,0.0,0.0));
#1279=ORIENTED_EDGE('',*,*,#2673,.F.);
#1280=ORIENTED_EDGE('',*,*,#2656,.F.);
#1281=ORIENTED_EDGE('',*,*,#2674,.T.);
#1282=ORIENTED_EDGE('',*,*,#2675,.F.);
#1283=CARTESIAN_POINT('',(-5.25,2.45,0.0));
#1284=DIRECTION('',(-1.0,0.0,0.0));
#1285=DIRECTION('',(0.0,0.0,1.0));
#1286=ORIENTED_EDGE('',*,*,#2676,.T.);
#1287=ORIENTED_EDGE('',*,*,#2677,.F.);
#1288=ORIENTED_EDGE('',*,*,#2675,.T.);
#1289=ORIENTED_EDGE('',*,*,#2678,.T.);
#1290=CARTESIAN_POINT('',(7.25,0.0,-0.5));
#1291=DIRECTION('',(0.0,0.0,1.0));
#1292=DIRECTION('',(1.0,0.0,0.0));
#1293=ORIENTED_EDGE('',*,*,#2679,.T.);
#1294=ORIENTED_EDGE('',*,*,#2678,.F.);
#1295=ORIENTED_EDGE('',*,*,#2674,.F.);
#1296=ORIENTED_EDGE('',*,*,#2655,.T.);
#1297=CARTESIAN_POINT('',(-5.25,1.65,0.0));
#1298=DIRECTION('',(0.0,-0.857492925712544,-0.514495755427527));
#1299=DIRECTION('',(0.0,0.514495755427527,-0.857492925712544));
#1300=ORIENTED_EDGE('',*,*,#2680,.T.);
#1301=ORIENTED_EDGE('',*,*,#2676,.F.);
#1302=ORIENTED_EDGE('',*,*,#2679,.F.);
#1303=ORIENTED_EDGE('',*,*,#2654,.F.);
#1304=CARTESIAN_POINT('',(5.25,1.95,0.0));
#1305=DIRECTION('',(1.0,0.0,0.0));
#1306=DIRECTION('',(0.0,1.0,0.0));
#1307=ORIENTED_EDGE('',*,*,#2677,.T.);
#1308=ORIENTED_EDGE('',*,*,#2680,.F.);
#1309=ORIENTED_EDGE('',*,*,#2653,.F.);
#1310=ORIENTED_EDGE('',*,*,#2615,.T.);
#1311=ORIENTED_EDGE('',*,*,#2681,.T.);
#1312=ORIENTED_EDGE('',*,*,#2636,.F.);
#1313=ORIENTED_EDGE('',*,*,#2649,.F.);
#1314=ORIENTED_EDGE('',*,*,#2673,.T.);
#1315=CARTESIAN_POINT('',(7.25,2.45,0.0));
#1316=DIRECTION('',(-0.0,1.0,0.0));
#1317=DIRECTION('',(1.0,0.0,0.0));
#1318=ORIENTED_EDGE('',*,*,#2682,.T.);
#1319=ORIENTED_EDGE('',*,*,#2646,.F.);
#1320=ORIENTED_EDGE('',*,*,#2637,.F.);
#1321=ORIENTED_EDGE('',*,*,#2681,.F.);
#1322=ORIENTED_EDGE('',*,*,#2614,.T.);
#1323=ORIENTED_EDGE('',*,*,#2683,.T.);
#1324=ORIENTED_EDGE('',*,*,#2644,.F.);
#1325=ORIENTED_EDGE('',*,*,#2684,.T.);
#1326=CARTESIAN_POINT('',(7.25,2.45,-5.9));
#1327=DIRECTION('',(0.0,0.0,-1.0));
#1328=DIRECTION('',(0.0,-1.0,0.0));
#1329=ORIENTED_EDGE('',*,*,#2651,.T.);
#1330=ORIENTED_EDGE('',*,*,#2685,.T.);
#1331=ORIENTED_EDGE('',*,*,#2684,.F.);
#1332=ORIENTED_EDGE('',*,*,#2643,.F.);
#1333=CARTESIAN_POINT('',(-7.25,0.4,0.0));
#1334=DIRECTION('',(0.0,-1.0,0.0));
#1335=DIRECTION('',(0.0,0.0,-1.0));
#1336=ORIENTED_EDGE('',*,*,#2647,.T.);
#1337=ORIENTED_EDGE('',*,*,#2682,.F.);
#1338=ORIENTED_EDGE('',*,*,#2685,.F.);
#1339=ORIENTED_EDGE('',*,*,#2650,.T.);
#1340=CARTESIAN_POINT('',(-7.1,0.4,0.0));
#1341=DIRECTION('',(1.0,0.0,0.0));
#1342=DIRECTION('',(0.0,1.0,0.0));
#1343=ORIENTED_EDGE('',*,*,#2626,.T.);
#1344=ORIENTED_EDGE('',*,*,#2645,.F.);
#1345=ORIENTED_EDGE('',*,*,#2683,.F.);
#1346=ORIENTED_EDGE('',*,*,#2613,.T.);
#1347=CARTESIAN_POINT('',(7.25,0.1,-5.9));
#1348=DIRECTION('',(-0.0,1.0,0.0));
#1349=DIRECTION('',(1.0,0.0,0.0));
#1350=ORIENTED_EDGE('',*,*,#2686,.F.);
#1351=ORIENTED_EDGE('',*,*,#2617,.T.);
#1352=ORIENTED_EDGE('',*,*,#2652,.T.);
#1353=ORIENTED_EDGE('',*,*,#2641,.F.);
#1354=ORIENTED_EDGE('',*,*,#2687,.F.);
#1355=ORIENTED_EDGE('',*,*,#2688,.T.);
#1356=ORIENTED_EDGE('',*,*,#2689,.F.);
#1357=ORIENTED_EDGE('',*,*,#2690,.F.);
#1358=ORIENTED_EDGE('',*,*,#2691,.F.);
#1359=ORIENTED_EDGE('',*,*,#2692,.T.);
#1360=ORIENTED_EDGE('',*,*,#2693,.F.);
#1361=ORIENTED_EDGE('',*,*,#2694,.F.);
#1362=ORIENTED_EDGE('',*,*,#2695,.F.);
#1363=ORIENTED_EDGE('',*,*,#2696,.T.);
#1364=ORIENTED_EDGE('',*,*,#2697,.F.);
#1365=ORIENTED_EDGE('',*,*,#2698,.F.);
#1366=ORIENTED_EDGE('',*,*,#2699,.F.);
#1367=ORIENTED_EDGE('',*,*,#2700,.T.);
#1368=ORIENTED_EDGE('',*,*,#2701,.F.);
#1369=ORIENTED_EDGE('',*,*,#2702,.F.);
#1370=ORIENTED_EDGE('',*,*,#2703,.T.);
#1371=ORIENTED_EDGE('',*,*,#2704,.T.);
#1372=ORIENTED_EDGE('',*,*,#2705,.F.);
#1373=ORIENTED_EDGE('',*,*,#2706,.F.);
#1374=ORIENTED_EDGE('',*,*,#2707,.T.);
#1375=ORIENTED_EDGE('',*,*,#2708,.T.);
#1376=ORIENTED_EDGE('',*,*,#2709,.F.);
#1377=ORIENTED_EDGE('',*,*,#2710,.F.);
#1378=ORIENTED_EDGE('',*,*,#2711,.T.);
#1379=ORIENTED_EDGE('',*,*,#2712,.T.);
#1380=ORIENTED_EDGE('',*,*,#2713,.F.);
#1381=ORIENTED_EDGE('',*,*,#2714,.F.);
#1382=ORIENTED_EDGE('',*,*,#2715,.T.);
#1383=ORIENTED_EDGE('',*,*,#2716,.T.);
#1384=ORIENTED_EDGE('',*,*,#2717,.F.);
#1385=ORIENTED_EDGE('',*,*,#2718,.F.);
#1386=CARTESIAN_POINT('',(7.25,-2.45,-8.45));
#1387=DIRECTION('',(0.0,-1.0,0.0));
#1388=DIRECTION('',(0.0,0.0,-1.0));
#1389=ORIENTED_EDGE('',*,*,#2719,.F.);
#1390=ORIENTED_EDGE('',*,*,#2720,.F.);
#1391=ORIENTED_EDGE('',*,*,#2721,.F.);
#1392=ORIENTED_EDGE('',*,*,#2722,.T.);
#1393=CARTESIAN_POINT('',(-5.0,0.0,0.0));
#1394=DIRECTION('',(-1.0,0.0,0.0));
#1395=DIRECTION('',(0.0,0.0,1.0));
#1396=ORIENTED_EDGE('',*,*,#2718,.T.);
#1397=ORIENTED_EDGE('',*,*,#2723,.F.);
#1398=ORIENTED_EDGE('',*,*,#714,.F.);
#1399=ORIENTED_EDGE('',*,*,#710,.F.);
#1400=ORIENTED_EDGE('',*,*,#720,.F.);
#1401=ORIENTED_EDGE('',*,*,#723,.F.);
#1402=ORIENTED_EDGE('',*,*,#727,.F.);
#1403=ORIENTED_EDGE('',*,*,#731,.F.);
#1404=ORIENTED_EDGE('',*,*,#734,.F.);
#1405=ORIENTED_EDGE('',*,*,#707,.F.);
#1406=ORIENTED_EDGE('',*,*,#738,.F.);
#1407=ORIENTED_EDGE('',*,*,#2724,.F.);
#1408=CARTESIAN_POINT('',(-5.0,0.0,0.0));
#1409=DIRECTION('',(-1.0,0.0,0.0));
#1410=DIRECTION('',(0.0,0.0,1.0));
#1411=ORIENTED_EDGE('',*,*,#2725,.T.);
#1412=ORIENTED_EDGE('',*,*,#2726,.T.);
#1413=ORIENTED_EDGE('',*,*,#2727,.T.);
#1414=ORIENTED_EDGE('',*,*,#2728,.F.);
#1415=ORIENTED_EDGE('',*,*,#2729,.F.);
#1416=ORIENTED_EDGE('',*,*,#2730,.F.);
#1417=ORIENTED_EDGE('',*,*,#2731,.T.);
#1418=ORIENTED_EDGE('',*,*,#2732,.T.);
#1419=ORIENTED_EDGE('',*,*,#2733,.T.);
#1420=ORIENTED_EDGE('',*,*,#2734,.F.);
#1421=ORIENTED_EDGE('',*,*,#2735,.F.);
#1422=ORIENTED_EDGE('',*,*,#2736,.F.);
#1423=ORIENTED_EDGE('',*,*,#2737,.T.);
#1424=ORIENTED_EDGE('',*,*,#2738,.T.);
#1425=ORIENTED_EDGE('',*,*,#2739,.F.);
#1426=ORIENTED_EDGE('',*,*,#2722,.F.);
#1427=ORIENTED_EDGE('',*,*,#2740,.T.);
#1428=ORIENTED_EDGE('',*,*,#2741,.T.);
#1429=ORIENTED_EDGE('',*,*,#2742,.F.);
#1430=ORIENTED_EDGE('',*,*,#2743,.F.);
#1431=ORIENTED_EDGE('',*,*,#2744,.T.);
#1432=ORIENTED_EDGE('',*,*,#2745,.T.);
#1433=ORIENTED_EDGE('',*,*,#2746,.F.);
#1434=ORIENTED_EDGE('',*,*,#2747,.F.);
#1435=ORIENTED_EDGE('',*,*,#2748,.T.);
#1436=ORIENTED_EDGE('',*,*,#2749,.T.);
#1437=ORIENTED_EDGE('',*,*,#2750,.F.);
#1438=ORIENTED_EDGE('',*,*,#2751,.F.);
#1439=ORIENTED_EDGE('',*,*,#2752,.T.);
#1440=ORIENTED_EDGE('',*,*,#2753,.T.);
#1441=ORIENTED_EDGE('',*,*,#2754,.F.);
#1442=ORIENTED_EDGE('',*,*,#2755,.F.);
#1443=ORIENTED_EDGE('',*,*,#2756,.T.);
#1444=ORIENTED_EDGE('',*,*,#2757,.T.);
#1445=ORIENTED_EDGE('',*,*,#2758,.F.);
#1446=ORIENTED_EDGE('',*,*,#2759,.F.);
#1447=ORIENTED_EDGE('',*,*,#2760,.T.);
#1448=ORIENTED_EDGE('',*,*,#2761,.T.);
#1449=ORIENTED_EDGE('',*,*,#2762,.F.);
#1450=ORIENTED_EDGE('',*,*,#2763,.F.);
#1451=ORIENTED_EDGE('',*,*,#2764,.T.);
#1452=ORIENTED_EDGE('',*,*,#2765,.T.);
#1453=ORIENTED_EDGE('',*,*,#2766,.F.);
#1454=ORIENTED_EDGE('',*,*,#2767,.F.);
#1455=CARTESIAN_POINT('',(7.25,0.0,-4.5));
#1456=DIRECTION('',(0.0,0.0,1.0));
#1457=DIRECTION('',(1.0,0.0,0.0));
#1458=ORIENTED_EDGE('',*,*,#2768,.F.);
#1459=ORIENTED_EDGE('',*,*,#2736,.T.);
#1460=ORIENTED_EDGE('',*,*,#2769,.F.);
#1461=ORIENTED_EDGE('',*,*,#2770,.F.);
#1462=CARTESIAN_POINT('',(6.1,8.83764,-4.3));
#1463=DIRECTION('',(0.0,1.0,0.0));
#1464=DIRECTION('',(0.0,0.0,-1.0));
#1465=ORIENTED_EDGE('',*,*,#2771,.F.);
#1466=ORIENTED_EDGE('',*,*,#2772,.F.);
#1467=ORIENTED_EDGE('',*,*,#2773,.T.);
#1468=ORIENTED_EDGE('',*,*,#2774,.T.);
#1469=ORIENTED_EDGE('',*,*,#2770,.T.);
#1470=CARTESIAN_POINT('',(6.3,-1.7,0.0));
#1471=DIRECTION('',(1.0,0.0,0.0));
#1472=DIRECTION('',(0.0,1.0,0.0));
#1473=ORIENTED_EDGE('',*,*,#2775,.T.);
#1474=ORIENTED_EDGE('',*,*,#2776,.T.);
#1475=ORIENTED_EDGE('',*,*,#2725,.F.);
#1476=ORIENTED_EDGE('',*,*,#2768,.T.);
#1477=ORIENTED_EDGE('',*,*,#2774,.F.);
#1478=CARTESIAN_POINT('',(6.3,-1.05,0.0));
#1479=DIRECTION('',(0.0,-1.0,0.0));
#1480=DIRECTION('',(0.0,0.0,-1.0));
#1481=ORIENTED_EDGE('',*,*,#2777,.F.);
#1482=ORIENTED_EDGE('',*,*,#2778,.T.);
#1483=ORIENTED_EDGE('',*,*,#2726,.F.);
#1484=ORIENTED_EDGE('',*,*,#2776,.F.);
#1485=ORIENTED_EDGE('',*,*,#2779,.F.);
#1486=ORIENTED_EDGE('',*,*,#2780,.T.);
#1487=CARTESIAN_POINT('',(6.85,-1.05,0.0));
#1488=DIRECTION('',(1.0,0.0,0.0));
#1489=DIRECTION('',(0.0,1.0,0.0));
#1490=ORIENTED_EDGE('',*,*,#2781,.F.);
#1491=ORIENTED_EDGE('',*,*,#2780,.F.);
#1492=ORIENTED_EDGE('',*,*,#2782,.F.);
#1493=ORIENTED_EDGE('',*,*,#2664,.T.);
#1494=CARTESIAN_POINT('',(6.95,-0.65,-0.1));
#1495=DIRECTION('',(-0.707106781186548,0.0,0.707106781186548));
#1496=DIRECTION('',(0.0,1.0,0.0));
#1497=ORIENTED_EDGE('',*,*,#2775,.F.);
#1498=ORIENTED_EDGE('',*,*,#2773,.F.);
#1499=ORIENTED_EDGE('',*,*,#2783,.T.);
#1500=ORIENTED_EDGE('',*,*,#2665,.F.);
#1501=ORIENTED_EDGE('',*,*,#2782,.T.);
#1502=ORIENTED_EDGE('',*,*,#2779,.T.);
#1503=CARTESIAN_POINT('',(6.85,-1.45,0.0));
#1504=DIRECTION('',(0.0,0.894427190999896,0.447213595499998));
#1505=DIRECTION('',(1.0,0.0,-0.0));
#1506=ORIENTED_EDGE('',*,*,#2772,.T.);
#1507=ORIENTED_EDGE('',*,*,#2784,.T.);
#1508=ORIENTED_EDGE('',*,*,#2666,.F.);
#1509=ORIENTED_EDGE('',*,*,#2783,.F.);
#1510=CARTESIAN_POINT('',(6.4,-1.575,-0.1));
#1511=DIRECTION('',(-0.707106781186548,0.0,0.707106781186548));
#1512=DIRECTION('',(0.0,1.0,0.0));
#1513=ORIENTED_EDGE('',*,*,#2784,.F.);
#1514=ORIENTED_EDGE('',*,*,#2785,.T.);
#1515=ORIENTED_EDGE('',*,*,#2786,.T.);
#1516=ORIENTED_EDGE('',*,*,#2667,.F.);
#1517=CARTESIAN_POINT('',(0.0,-1.8,-0.1));
#1518=DIRECTION('',(0.0,0.707106781186548,0.707106781186548));
#1519=DIRECTION('',(1.0,0.0,-0.0));
#1520=ORIENTED_EDGE('',*,*,#2668,.F.);
#1521=ORIENTED_EDGE('',*,*,#2786,.F.);
#1522=ORIENTED_EDGE('',*,*,#2787,.T.);
#1523=ORIENTED_EDGE('',*,*,#2788,.F.);
#1524=CARTESIAN_POINT('',(-6.4,-1.575,-0.1));
#1525=DIRECTION('',(0.707106781186548,0.0,0.707106781186548));
#1526=DIRECTION('',(0.0,-1.0,0.0));
#1527=ORIENTED_EDGE('',*,*,#2788,.T.);
#1528=ORIENTED_EDGE('',*,*,#2789,.T.);
#1529=ORIENTED_EDGE('',*,*,#2790,.F.);
#1530=ORIENTED_EDGE('',*,*,#2791,.F.);
#1531=ORIENTED_EDGE('',*,*,#2792,.T.);
#1532=ORIENTED_EDGE('',*,*,#2669,.F.);
#1533=CARTESIAN_POINT('',(-6.85,-1.45,0.0));
#1534=DIRECTION('',(0.0,-0.894427190999896,-0.447213595499998));
#1535=DIRECTION('',(0.0,0.447213595499998,-0.894427190999896));
#1536=ORIENTED_EDGE('',*,*,#2792,.F.);
#1537=ORIENTED_EDGE('',*,*,#2793,.F.);
#1538=ORIENTED_EDGE('',*,*,#2794,.F.);
#1539=ORIENTED_EDGE('',*,*,#2670,.T.);
#1540=CARTESIAN_POINT('',(-6.95,-0.65,-0.1));
#1541=DIRECTION('',(0.707106781186548,0.0,0.707106781186548));
#1542=DIRECTION('',(0.0,-1.0,0.0));
#1543=ORIENTED_EDGE('',*,*,#2795,.F.);
#1544=ORIENTED_EDGE('',*,*,#2796,.T.);
#1545=ORIENTED_EDGE('',*,*,#2797,.T.);
#1546=ORIENTED_EDGE('',*,*,#2671,.F.);
#1547=ORIENTED_EDGE('',*,*,#2794,.T.);
#1548=ORIENTED_EDGE('',*,*,#2798,.F.);
#1549=CARTESIAN_POINT('',(-6.85,-0.25,-0.8));
#1550=DIRECTION('',(0.0,0.894427190999896,-0.447213595499998));
#1551=DIRECTION('',(-1.0,0.0,0.0));
#1552=ORIENTED_EDGE('',*,*,#2791,.T.);
#1553=ORIENTED_EDGE('',*,*,#2799,.T.);
#1554=ORIENTED_EDGE('',*,*,#2732,.F.);
#1555=ORIENTED_EDGE('',*,*,#2800,.F.);
#1556=ORIENTED_EDGE('',*,*,#2798,.T.);
#1557=ORIENTED_EDGE('',*,*,#2793,.T.);
#1558=CARTESIAN_POINT('',(-6.85,-0.25,0.0));
#1559=DIRECTION('',(-1.0,0.0,0.0));
#1560=DIRECTION('',(0.0,0.0,1.0));
#1561=ORIENTED_EDGE('',*,*,#2795,.T.);
#1562=ORIENTED_EDGE('',*,*,#2800,.T.);
#1563=ORIENTED_EDGE('',*,*,#2731,.F.);
#1564=ORIENTED_EDGE('',*,*,#2801,.T.);
#1565=ORIENTED_EDGE('',*,*,#2802,.F.);
#1566=CARTESIAN_POINT('',(-6.3,-0.25,0.0));
#1567=DIRECTION('',(-0.0,1.0,0.0));
#1568=DIRECTION('',(1.0,0.0,0.0));
#1569=ORIENTED_EDGE('',*,*,#2803,.F.);
#1570=ORIENTED_EDGE('',*,*,#2804,.F.);
#1571=ORIENTED_EDGE('',*,*,#2805,.F.);
#1572=ORIENTED_EDGE('',*,*,#2806,.T.);
#1573=ORIENTED_EDGE('',*,*,#2796,.F.);
#1574=ORIENTED_EDGE('',*,*,#2802,.T.);
#1575=ORIENTED_EDGE('',*,*,#2807,.T.);
#1576=CARTESIAN_POINT('',(-6.3,1.4,0.0));
#1577=DIRECTION('',(-1.0,0.0,0.0));
#1578=DIRECTION('',(0.0,0.0,1.0));
#1579=ORIENTED_EDGE('',*,*,#2801,.F.);
#1580=ORIENTED_EDGE('',*,*,#2730,.T.);
#1581=ORIENTED_EDGE('',*,*,#2808,.F.);
#1582=ORIENTED_EDGE('',*,*,#2807,.F.);
#1583=CARTESIAN_POINT('',(-6.1,-8.83764,-4.3));
#1584=DIRECTION('',(0.0,-1.0,-0.0));
#1585=DIRECTION('',(0.0,0.0,-1.0));
#1586=ORIENTED_EDGE('',*,*,#2808,.T.);
#1587=ORIENTED_EDGE('',*,*,#2729,.T.);
#1588=ORIENTED_EDGE('',*,*,#2809,.F.);
#1589=ORIENTED_EDGE('',*,*,#2810,.F.);
#1590=CARTESIAN_POINT('',(-26.1522,1.2,-4.3));
#1591=DIRECTION('',(-1.0,0.0,-0.0));
#1592=DIRECTION('',(0.0,0.0,-1.0));
#1593=ORIENTED_EDGE('',*,*,#2811,.F.);
#1594=ORIENTED_EDGE('',*,*,#2812,.T.);
#1595=ORIENTED_EDGE('',*,*,#2813,.F.);
#1596=ORIENTED_EDGE('',*,*,#2814,.T.);
#1597=ORIENTED_EDGE('',*,*,#2815,.F.);
#1598=ORIENTED_EDGE('',*,*,#2816,.T.);
#1599=ORIENTED_EDGE('',*,*,#2817,.T.);
#1600=ORIENTED_EDGE('',*,*,#2818,.T.);
#1601=ORIENTED_EDGE('',*,*,#2803,.T.);
#1602=ORIENTED_EDGE('',*,*,#2810,.T.);
#1603=CARTESIAN_POINT('',(6.3,1.4,0.0));
#1604=DIRECTION('',(-0.0,1.0,0.0));
#1605=DIRECTION('',(1.0,0.0,0.0));
#1606=ORIENTED_EDGE('',*,*,#2819,.T.);
#1607=ORIENTED_EDGE('',*,*,#2820,.T.);
#1608=ORIENTED_EDGE('',*,*,#2821,.T.);
#1609=ORIENTED_EDGE('',*,*,#2812,.F.);
#1610=CARTESIAN_POINT('',(7.25,0.0,-3.55));
#1611=DIRECTION('',(0.0,0.0,1.0));
#1612=DIRECTION('',(1.0,0.0,0.0));
#1613=ORIENTED_EDGE('',*,*,#2822,.T.);
#1614=ORIENTED_EDGE('',*,*,#2823,.T.);
#1615=ORIENTED_EDGE('',*,*,#2804,.T.);
#1616=ORIENTED_EDGE('',*,*,#2818,.F.);
#1617=CARTESIAN_POINT('',(7.25,0.0,-3.55));
#1618=DIRECTION('',(0.0,0.0,1.0));
#1619=DIRECTION('',(1.0,0.0,0.0));
#1620=ORIENTED_EDGE('',*,*,#2813,.T.);
#1621=ORIENTED_EDGE('',*,*,#2821,.F.);
#1622=ORIENTED_EDGE('',*,*,#2824,.F.);
#1623=ORIENTED_EDGE('',*,*,#2825,.F.);
#1624=CARTESIAN_POINT('',(5.6,2.05,0.0));
#1625=DIRECTION('',(-1.0,0.0,0.0));
#1626=DIRECTION('',(0.0,0.0,1.0));
#1627=ORIENTED_EDGE('',*,*,#2826,.F.);
#1628=ORIENTED_EDGE('',*,*,#2660,.F.);
#1629=ORIENTED_EDGE('',*,*,#2827,.T.);
#1630=ORIENTED_EDGE('',*,*,#2814,.F.);
#1631=ORIENTED_EDGE('',*,*,#2825,.T.);
#1632=CARTESIAN_POINT('',(5.5,1.725,-0.1));
#1633=DIRECTION('',(0.707106781186548,0.0,0.707106781186548));
#1634=DIRECTION('',(0.0,-1.0,0.0));
#1635=ORIENTED_EDGE('',*,*,#2827,.F.);
#1636=ORIENTED_EDGE('',*,*,#2659,.F.);
#1637=ORIENTED_EDGE('',*,*,#2828,.F.);
#1638=ORIENTED_EDGE('',*,*,#2815,.T.);
#1639=CARTESIAN_POINT('',(0.0,1.45,-0.05));
#1640=DIRECTION('',(0.0,-0.707106781186548,0.707106781186548));
#1641=DIRECTION('',(-1.0,0.0,0.0));
#1642=ORIENTED_EDGE('',*,*,#2829,.F.);
#1643=ORIENTED_EDGE('',*,*,#2830,.T.);
#1644=ORIENTED_EDGE('',*,*,#2816,.F.);
#1645=ORIENTED_EDGE('',*,*,#2828,.T.);
#1646=ORIENTED_EDGE('',*,*,#2658,.F.);
#1647=CARTESIAN_POINT('',(-5.5,1.725,-0.1));
#1648=DIRECTION('',(-0.707106781186548,0.0,0.707106781186548));
#1649=DIRECTION('',(0.0,1.0,0.0));
#1650=ORIENTED_EDGE('',*,*,#2831,.T.);
#1651=ORIENTED_EDGE('',*,*,#2822,.F.);
#1652=ORIENTED_EDGE('',*,*,#2817,.F.);
#1653=ORIENTED_EDGE('',*,*,#2830,.F.);
#1654=CARTESIAN_POINT('',(-5.6,1.4,0.0));
#1655=DIRECTION('',(1.0,0.0,0.0));
#1656=DIRECTION('',(0.0,1.0,0.0));
#1657=ORIENTED_EDGE('',*,*,#2805,.T.);
#1658=ORIENTED_EDGE('',*,*,#2823,.F.);
#1659=ORIENTED_EDGE('',*,*,#2831,.F.);
#1660=ORIENTED_EDGE('',*,*,#2832,.F.);
#1661=CARTESIAN_POINT('',(-5.6,2.05,0.0));
#1662=DIRECTION('',(-0.0,1.0,0.0));
#1663=DIRECTION('',(1.0,0.0,0.0));
#1664=ORIENTED_EDGE('',*,*,#2829,.T.);
#1665=ORIENTED_EDGE('',*,*,#2657,.F.);
#1666=ORIENTED_EDGE('',*,*,#2833,.F.);
#1667=ORIENTED_EDGE('',*,*,#2832,.T.);
#1668=CARTESIAN_POINT('',(-5.95,2.15,-0.1));
#1669=DIRECTION('',(0.0,-0.707106781186548,0.707106781186548));
#1670=DIRECTION('',(-1.0,0.0,0.0));
#1671=ORIENTED_EDGE('',*,*,#2806,.F.);
#1672=ORIENTED_EDGE('',*,*,#2833,.T.);
#1673=ORIENTED_EDGE('',*,*,#2672,.T.);
#1674=ORIENTED_EDGE('',*,*,#2797,.F.);
#1675=CARTESIAN_POINT('',(-6.4,1.1,-0.1));
#1676=DIRECTION('',(0.707106781186548,0.0,0.707106781186548));
#1677=DIRECTION('',(0.0,-1.0,0.0));
#1678=ORIENTED_EDGE('',*,*,#2826,.T.);
#1679=ORIENTED_EDGE('',*,*,#2834,.T.);
#1680=ORIENTED_EDGE('',*,*,#2835,.T.);
#1681=ORIENTED_EDGE('',*,*,#2661,.F.);
#1682=CARTESIAN_POINT('',(5.95,2.15,-0.1));
#1683=DIRECTION('',(0.0,-0.707106781186548,0.707106781186548));
#1684=DIRECTION('',(-1.0,0.0,0.0));
#1685=ORIENTED_EDGE('',*,*,#2662,.T.);
#1686=ORIENTED_EDGE('',*,*,#2835,.F.);
#1687=ORIENTED_EDGE('',*,*,#2836,.F.);
#1688=ORIENTED_EDGE('',*,*,#2837,.F.);
#1689=CARTESIAN_POINT('',(6.4,1.1,-0.1));
#1690=DIRECTION('',(-0.707106781186548,0.0,0.707106781186548));
#1691=DIRECTION('',(0.0,1.0,0.0));
#1692=ORIENTED_EDGE('',*,*,#2837,.T.);
#1693=ORIENTED_EDGE('',*,*,#2838,.F.);
#1694=ORIENTED_EDGE('',*,*,#2839,.F.);
#1695=ORIENTED_EDGE('',*,*,#2777,.T.);
#1696=ORIENTED_EDGE('',*,*,#2781,.T.);
#1697=ORIENTED_EDGE('',*,*,#2663,.F.);
#1698=CARTESIAN_POINT('',(6.85,-0.25,-0.8));
#1699=DIRECTION('',(0.0,-0.894427190999896,0.447213595499998));
#1700=DIRECTION('',(-1.0,0.0,0.0));
#1701=ORIENTED_EDGE('',*,*,#2778,.F.);
#1702=ORIENTED_EDGE('',*,*,#2839,.T.);
#1703=ORIENTED_EDGE('',*,*,#2840,.T.);
#1704=ORIENTED_EDGE('',*,*,#2841,.T.);
#1705=ORIENTED_EDGE('',*,*,#2727,.F.);
#1706=CARTESIAN_POINT('',(6.85,-0.25,0.0));
#1707=DIRECTION('',(-0.0,1.0,0.0));
#1708=DIRECTION('',(1.0,0.0,0.0));
#1709=ORIENTED_EDGE('',*,*,#2841,.F.);
#1710=ORIENTED_EDGE('',*,*,#2842,.F.);
#1711=ORIENTED_EDGE('',*,*,#2809,.T.);
#1712=ORIENTED_EDGE('',*,*,#2728,.T.);
#1713=CARTESIAN_POINT('',(6.1,8.83764,-4.3));
#1714=DIRECTION('',(0.0,1.0,0.0));
#1715=DIRECTION('',(0.0,0.0,-1.0));
#1716=ORIENTED_EDGE('',*,*,#2840,.F.);
#1717=ORIENTED_EDGE('',*,*,#2838,.T.);
#1718=ORIENTED_EDGE('',*,*,#2836,.T.);
#1719=ORIENTED_EDGE('',*,*,#2843,.T.);
#1720=ORIENTED_EDGE('',*,*,#2819,.F.);
#1721=ORIENTED_EDGE('',*,*,#2811,.T.);
#1722=ORIENTED_EDGE('',*,*,#2842,.T.);
#1723=CARTESIAN_POINT('',(6.3,-0.25,0.0));
#1724=DIRECTION('',(1.0,0.0,0.0));
#1725=DIRECTION('',(0.0,1.0,0.0));
#1726=ORIENTED_EDGE('',*,*,#2824,.T.);
#1727=ORIENTED_EDGE('',*,*,#2820,.F.);
#1728=ORIENTED_EDGE('',*,*,#2843,.F.);
#1729=ORIENTED_EDGE('',*,*,#2834,.F.);
#1730=CARTESIAN_POINT('',(6.3,2.05,0.0));
#1731=DIRECTION('',(-0.0,1.0,0.0));
#1732=DIRECTION('',(1.0,0.0,0.0));
#1733=ORIENTED_EDGE('',*,*,#2799,.F.);
#1734=ORIENTED_EDGE('',*,*,#2790,.T.);
#1735=ORIENTED_EDGE('',*,*,#2844,.T.);
#1736=ORIENTED_EDGE('',*,*,#2845,.T.);
#1737=ORIENTED_EDGE('',*,*,#2733,.F.);
#1738=CARTESIAN_POINT('',(-6.85,-1.05,0.0));
#1739=DIRECTION('',(0.0,-1.0,0.0));
#1740=DIRECTION('',(0.0,0.0,-1.0));
#1741=ORIENTED_EDGE('',*,*,#2845,.F.);
#1742=ORIENTED_EDGE('',*,*,#2846,.F.);
#1743=ORIENTED_EDGE('',*,*,#2847,.T.);
#1744=ORIENTED_EDGE('',*,*,#2734,.T.);
#1745=CARTESIAN_POINT('',(-6.1,-8.83764,-4.3));
#1746=DIRECTION('',(0.0,-1.0,-0.0));
#1747=DIRECTION('',(0.0,0.0,-1.0));
#1748=ORIENTED_EDGE('',*,*,#2769,.T.);
#1749=ORIENTED_EDGE('',*,*,#2735,.T.);
#1750=ORIENTED_EDGE('',*,*,#2847,.F.);
#1751=ORIENTED_EDGE('',*,*,#2848,.F.);
#1752=CARTESIAN_POINT('',(26.1522,-1.5,-4.3));
#1753=DIRECTION('',(1.0,-0.0,0.0));
#1754=DIRECTION('',(0.0,0.0,-1.0));
#1755=ORIENTED_EDGE('',*,*,#2849,.F.);
#1756=ORIENTED_EDGE('',*,*,#2785,.F.);
#1757=ORIENTED_EDGE('',*,*,#2771,.T.);
#1758=ORIENTED_EDGE('',*,*,#2848,.T.);
#1759=CARTESIAN_POINT('',(-6.3,-1.7,0.0));
#1760=DIRECTION('',(0.0,-1.0,0.0));
#1761=DIRECTION('',(0.0,0.0,-1.0));
#1762=ORIENTED_EDGE('',*,*,#2844,.F.);
#1763=ORIENTED_EDGE('',*,*,#2789,.F.);
#1764=ORIENTED_EDGE('',*,*,#2787,.F.);
#1765=ORIENTED_EDGE('',*,*,#2849,.T.);
#1766=ORIENTED_EDGE('',*,*,#2846,.T.);
#1767=CARTESIAN_POINT('',(-6.3,-1.05,0.0));
#1768=DIRECTION('',(-1.0,0.0,0.0));
#1769=DIRECTION('',(0.0,0.0,1.0));
#1770=ORIENTED_EDGE('',*,*,#2850,.F.);
#1771=ORIENTED_EDGE('',*,*,#2851,.F.);
#1772=ORIENTED_EDGE('',*,*,#2719,.T.);
#1773=ORIENTED_EDGE('',*,*,#2739,.T.);
#1774=CARTESIAN_POINT('',(-5.0,-0.4,-2.1));
#1775=DIRECTION('',(-0.0,1.0,0.0));
#1776=DIRECTION('',(1.0,0.0,0.0));
#1777=ORIENTED_EDGE('',*,*,#2851,.T.);
#1778=ORIENTED_EDGE('',*,*,#2852,.F.);
#1779=ORIENTED_EDGE('',*,*,#2853,.F.);
#1780=ORIENTED_EDGE('',*,*,#2720,.T.);
#1781=CARTESIAN_POINT('',(-5.0,-0.9,-2.1));
#1782=DIRECTION('',(0.0,0.0,1.0));
#1783=DIRECTION('',(1.0,0.0,0.0));
#1784=ORIENTED_EDGE('',*,*,#2721,.T.);
#1785=ORIENTED_EDGE('',*,*,#2853,.T.);
#1786=ORIENTED_EDGE('',*,*,#2854,.F.);
#1787=ORIENTED_EDGE('',*,*,#2737,.F.);
#1788=CARTESIAN_POINT('',(-5.0,-0.9,-5.85));
#1789=DIRECTION('',(0.0,-1.0,0.0));
#1790=DIRECTION('',(0.0,0.0,-1.0));
#1791=ORIENTED_EDGE('',*,*,#2854,.T.);
#1792=ORIENTED_EDGE('',*,*,#2852,.T.);
#1793=ORIENTED_EDGE('',*,*,#2850,.T.);
#1794=ORIENTED_EDGE('',*,*,#2738,.F.);
#1795=CARTESIAN_POINT('',(-5.5,0.0,0.0));
#1796=DIRECTION('',(-1.0,0.0,0.0));
#1797=DIRECTION('',(0.0,0.0,1.0));
#1798=ORIENTED_EDGE('',*,*,#2716,.F.);
#1799=ORIENTED_EDGE('',*,*,#2855,.T.);
#1800=ORIENTED_EDGE('',*,*,#739,.T.);
#1801=ORIENTED_EDGE('',*,*,#705,.T.);
#1802=ORIENTED_EDGE('',*,*,#735,.T.);
#1803=ORIENTED_EDGE('',*,*,#732,.T.);
#1804=ORIENTED_EDGE('',*,*,#728,.T.);
#1805=ORIENTED_EDGE('',*,*,#724,.T.);
#1806=ORIENTED_EDGE('',*,*,#718,.T.);
#1807=ORIENTED_EDGE('',*,*,#712,.T.);
#1808=ORIENTED_EDGE('',*,*,#716,.T.);
#1809=ORIENTED_EDGE('',*,*,#2856,.T.);
#1810=CARTESIAN_POINT('',(-5.5,0.0,0.0));
#1811=DIRECTION('',(-1.0,0.0,0.0));
#1812=DIRECTION('',(0.0,0.0,1.0));
#1813=ORIENTED_EDGE('',*,*,#2723,.T.);
#1814=ORIENTED_EDGE('',*,*,#2717,.T.);
#1815=ORIENTED_EDGE('',*,*,#2856,.F.);
#1816=ORIENTED_EDGE('',*,*,#715,.F.);
#1817=CARTESIAN_POINT('',(-5.0,-5.45,-5.95));
#1818=DIRECTION('',(0.0,0.0,1.0));
#1819=DIRECTION('',(1.0,0.0,0.0));
#1820=ORIENTED_EDGE('',*,*,#2855,.F.);
#1821=ORIENTED_EDGE('',*,*,#2715,.F.);
#1822=ORIENTED_EDGE('',*,*,#2724,.T.);
#1823=ORIENTED_EDGE('',*,*,#737,.T.);
#1824=CARTESIAN_POINT('',(-5.0,-1.0,-6.45));
#1825=DIRECTION('',(0.0,0.0,-1.0));
#1826=DIRECTION('',(0.0,-1.0,0.0));
#1827=ORIENTED_EDGE('',*,*,#2857,.F.);
#1828=ORIENTED_EDGE('',*,*,#2858,.F.);
#1829=ORIENTED_EDGE('',*,*,#2859,.F.);
#1830=ORIENTED_EDGE('',*,*,#2743,.T.);
#1831=CARTESIAN_POINT('',(-2.0,0.0,0.0));
#1832=DIRECTION('',(-1.0,0.0,0.0));
#1833=DIRECTION('',(0.0,0.0,1.0));
#1834=ORIENTED_EDGE('',*,*,#2706,.T.);
#1835=ORIENTED_EDGE('',*,*,#2860,.F.);
#1836=ORIENTED_EDGE('',*,*,#2861,.F.);
#1837=ORIENTED_EDGE('',*,*,#2862,.F.);
#1838=CARTESIAN_POINT('',(-2.0,0.0,0.0));
#1839=DIRECTION('',(-1.0,0.0,0.0));
#1840=DIRECTION('',(0.0,0.0,1.0));
#1841=ORIENTED_EDGE('',*,*,#2859,.T.);
#1842=ORIENTED_EDGE('',*,*,#2863,.T.);
#1843=ORIENTED_EDGE('',*,*,#2864,.F.);
#1844=ORIENTED_EDGE('',*,*,#2740,.F.);
#1845=CARTESIAN_POINT('',(-2.0,-0.9,-5.85));
#1846=DIRECTION('',(0.0,-1.0,0.0));
#1847=DIRECTION('',(0.0,0.0,-1.0));
#1848=ORIENTED_EDGE('',*,*,#2864,.T.);
#1849=ORIENTED_EDGE('',*,*,#2865,.T.);
#1850=ORIENTED_EDGE('',*,*,#2866,.T.);
#1851=ORIENTED_EDGE('',*,*,#2741,.F.);
#1852=CARTESIAN_POINT('',(-2.5,0.0,0.0));
#1853=DIRECTION('',(-1.0,0.0,0.0));
#1854=DIRECTION('',(0.0,0.0,1.0));
#1855=ORIENTED_EDGE('',*,*,#2867,.T.);
#1856=ORIENTED_EDGE('',*,*,#2868,.T.);
#1857=ORIENTED_EDGE('',*,*,#2704,.F.);
#1858=ORIENTED_EDGE('',*,*,#2869,.T.);
#1859=CARTESIAN_POINT('',(-2.5,0.0,0.0));
#1860=DIRECTION('',(-1.0,0.0,0.0));
#1861=DIRECTION('',(0.0,0.0,1.0));
#1862=ORIENTED_EDGE('',*,*,#2866,.F.);
#1863=ORIENTED_EDGE('',*,*,#2870,.F.);
#1864=ORIENTED_EDGE('',*,*,#2857,.T.);
#1865=ORIENTED_EDGE('',*,*,#2742,.T.);
#1866=CARTESIAN_POINT('',(-2.0,-0.4,-2.1));
#1867=DIRECTION('',(-0.0,1.0,0.0));
#1868=DIRECTION('',(1.0,0.0,0.0));
#1869=ORIENTED_EDGE('',*,*,#2870,.T.);
#1870=ORIENTED_EDGE('',*,*,#2865,.F.);
#1871=ORIENTED_EDGE('',*,*,#2863,.F.);
#1872=ORIENTED_EDGE('',*,*,#2858,.T.);
#1873=CARTESIAN_POINT('',(-2.0,-0.9,-2.1));
#1874=DIRECTION('',(0.0,0.0,1.0));
#1875=DIRECTION('',(1.0,0.0,0.0));
#1876=ORIENTED_EDGE('',*,*,#2871,.T.);
#1877=ORIENTED_EDGE('',*,*,#2869,.F.);
#1878=ORIENTED_EDGE('',*,*,#2703,.F.);
#1879=ORIENTED_EDGE('',*,*,#2862,.T.);
#1880=CARTESIAN_POINT('',(-2.0,-1.0,-6.45));
#1881=DIRECTION('',(0.0,0.0,-1.0));
#1882=DIRECTION('',(0.0,-1.0,0.0));
#1883=ORIENTED_EDGE('',*,*,#2872,.T.);
#1884=ORIENTED_EDGE('',*,*,#2867,.F.);
#1885=ORIENTED_EDGE('',*,*,#2871,.F.);
#1886=ORIENTED_EDGE('',*,*,#2861,.T.);
#1887=CARTESIAN_POINT('',(-2.0,-5.45,-6.45));
#1888=DIRECTION('',(0.0,-1.0,0.0));
#1889=DIRECTION('',(0.0,0.0,-1.0));
#1890=ORIENTED_EDGE('',*,*,#2705,.T.);
#1891=ORIENTED_EDGE('',*,*,#2868,.F.);
#1892=ORIENTED_EDGE('',*,*,#2872,.F.);
#1893=ORIENTED_EDGE('',*,*,#2860,.T.);
#1894=CARTESIAN_POINT('',(-2.0,-5.45,-5.95));
#1895=DIRECTION('',(0.0,0.0,1.0));
#1896=DIRECTION('',(1.0,0.0,0.0));
#1897=ORIENTED_EDGE('',*,*,#2873,.F.);
#1898=ORIENTED_EDGE('',*,*,#2874,.F.);
#1899=ORIENTED_EDGE('',*,*,#2875,.F.);
#1900=ORIENTED_EDGE('',*,*,#2747,.T.);
#1901=CARTESIAN_POINT('',(1.0,0.0,0.0));
#1902=DIRECTION('',(-1.0,0.0,0.0));
#1903=DIRECTION('',(0.0,0.0,1.0));
#1904=ORIENTED_EDGE('',*,*,#2710,.T.);
#1905=ORIENTED_EDGE('',*,*,#2876,.F.);
#1906=ORIENTED_EDGE('',*,*,#2877,.F.);
#1907=ORIENTED_EDGE('',*,*,#2878,.F.);
#1908=CARTESIAN_POINT('',(1.0,0.0,0.0));
#1909=DIRECTION('',(-1.0,0.0,0.0));
#1910=DIRECTION('',(0.0,0.0,1.0));
#1911=ORIENTED_EDGE('',*,*,#2875,.T.);
#1912=ORIENTED_EDGE('',*,*,#2879,.T.);
#1913=ORIENTED_EDGE('',*,*,#2880,.F.);
#1914=ORIENTED_EDGE('',*,*,#2744,.F.);
#1915=CARTESIAN_POINT('',(1.0,-0.9,-5.85));
#1916=DIRECTION('',(0.0,-1.0,0.0));
#1917=DIRECTION('',(0.0,0.0,-1.0));
#1918=ORIENTED_EDGE('',*,*,#2880,.T.);
#1919=ORIENTED_EDGE('',*,*,#2881,.T.);
#1920=ORIENTED_EDGE('',*,*,#2882,.T.);
#1921=ORIENTED_EDGE('',*,*,#2745,.F.);
#1922=CARTESIAN_POINT('',(0.5,0.0,0.0));
#1923=DIRECTION('',(-1.0,0.0,0.0));
#1924=DIRECTION('',(0.0,0.0,1.0));
#1925=ORIENTED_EDGE('',*,*,#2883,.T.);
#1926=ORIENTED_EDGE('',*,*,#2884,.T.);
#1927=ORIENTED_EDGE('',*,*,#2708,.F.);
#1928=ORIENTED_EDGE('',*,*,#2885,.T.);
#1929=CARTESIAN_POINT('',(0.5,0.0,0.0));
#1930=DIRECTION('',(-1.0,0.0,0.0));
#1931=DIRECTION('',(0.0,0.0,1.0));
#1932=ORIENTED_EDGE('',*,*,#2882,.F.);
#1933=ORIENTED_EDGE('',*,*,#2886,.F.);
#1934=ORIENTED_EDGE('',*,*,#2873,.T.);
#1935=ORIENTED_EDGE('',*,*,#2746,.T.);
#1936=CARTESIAN_POINT('',(1.0,-0.4,-2.1));
#1937=DIRECTION('',(-0.0,1.0,0.0));
#1938=DIRECTION('',(1.0,0.0,0.0));
#1939=ORIENTED_EDGE('',*,*,#2886,.T.);
#1940=ORIENTED_EDGE('',*,*,#2881,.F.);
#1941=ORIENTED_EDGE('',*,*,#2879,.F.);
#1942=ORIENTED_EDGE('',*,*,#2874,.T.);
#1943=CARTESIAN_POINT('',(1.0,-0.9,-2.1));
#1944=DIRECTION('',(0.0,0.0,1.0));
#1945=DIRECTION('',(1.0,0.0,0.0));
#1946=ORIENTED_EDGE('',*,*,#2887,.T.);
#1947=ORIENTED_EDGE('',*,*,#2885,.F.);
#1948=ORIENTED_EDGE('',*,*,#2707,.F.);
#1949=ORIENTED_EDGE('',*,*,#2878,.T.);
#1950=CARTESIAN_POINT('',(1.0,-1.0,-6.45));
#1951=DIRECTION('',(0.0,0.0,-1.0));
#1952=DIRECTION('',(0.0,-1.0,0.0));
#1953=ORIENTED_EDGE('',*,*,#2888,.T.);
#1954=ORIENTED_EDGE('',*,*,#2883,.F.);
#1955=ORIENTED_EDGE('',*,*,#2887,.F.);
#1956=ORIENTED_EDGE('',*,*,#2877,.T.);
#1957=CARTESIAN_POINT('',(1.0,-5.45,-6.45));
#1958=DIRECTION('',(0.0,-1.0,0.0));
#1959=DIRECTION('',(0.0,0.0,-1.0));
#1960=ORIENTED_EDGE('',*,*,#2709,.T.);
#1961=ORIENTED_EDGE('',*,*,#2884,.F.);
#1962=ORIENTED_EDGE('',*,*,#2888,.F.);
#1963=ORIENTED_EDGE('',*,*,#2876,.T.);
#1964=CARTESIAN_POINT('',(1.0,-5.45,-5.95));
#1965=DIRECTION('',(0.0,0.0,1.0));
#1966=DIRECTION('',(1.0,0.0,0.0));
#1967=ORIENTED_EDGE('',*,*,#2889,.F.);
#1968=ORIENTED_EDGE('',*,*,#2890,.F.);
#1969=ORIENTED_EDGE('',*,*,#2891,.F.);
#1970=ORIENTED_EDGE('',*,*,#2751,.T.);
#1971=CARTESIAN_POINT('',(4.0,0.0,0.0));
#1972=DIRECTION('',(-1.0,0.0,0.0));
#1973=DIRECTION('',(0.0,0.0,1.0));
#1974=ORIENTED_EDGE('',*,*,#2714,.T.);
#1975=ORIENTED_EDGE('',*,*,#2892,.F.);
#1976=ORIENTED_EDGE('',*,*,#2893,.F.);
#1977=ORIENTED_EDGE('',*,*,#2609,.F.);
#1978=ORIENTED_EDGE('',*,*,#2894,.F.);
#1979=ORIENTED_EDGE('',*,*,#2895,.F.);
#1980=ORIENTED_EDGE('',*,*,#2896,.F.);
#1981=ORIENTED_EDGE('',*,*,#2897,.F.);
#1982=ORIENTED_EDGE('',*,*,#2898,.F.);
#1983=ORIENTED_EDGE('',*,*,#2607,.F.);
#1984=ORIENTED_EDGE('',*,*,#2899,.F.);
#1985=ORIENTED_EDGE('',*,*,#2900,.F.);
#1986=CARTESIAN_POINT('',(4.0,0.0,0.0));
#1987=DIRECTION('',(-1.0,0.0,0.0));
#1988=DIRECTION('',(0.0,0.0,1.0));
#1989=ORIENTED_EDGE('',*,*,#2891,.T.);
#1990=ORIENTED_EDGE('',*,*,#2901,.T.);
#1991=ORIENTED_EDGE('',*,*,#2902,.F.);
#1992=ORIENTED_EDGE('',*,*,#2748,.F.);
#1993=CARTESIAN_POINT('',(4.0,-0.9,-5.85));
#1994=DIRECTION('',(0.0,-1.0,0.0));
#1995=DIRECTION('',(0.0,0.0,-1.0));
#1996=ORIENTED_EDGE('',*,*,#2902,.T.);
#1997=ORIENTED_EDGE('',*,*,#2903,.T.);
#1998=ORIENTED_EDGE('',*,*,#2904,.T.);
#1999=ORIENTED_EDGE('',*,*,#2749,.F.);
#2000=CARTESIAN_POINT('',(3.5,0.0,0.0));
#2001=DIRECTION('',(-1.0,0.0,0.0));
#2002=DIRECTION('',(0.0,0.0,1.0));
#2003=ORIENTED_EDGE('',*,*,#2712,.F.);
#2004=ORIENTED_EDGE('',*,*,#2905,.T.);
#2005=ORIENTED_EDGE('',*,*,#2906,.T.);
#2006=ORIENTED_EDGE('',*,*,#2605,.T.);
#2007=ORIENTED_EDGE('',*,*,#2907,.T.);
#2008=ORIENTED_EDGE('',*,*,#2908,.T.);
#2009=ORIENTED_EDGE('',*,*,#2909,.T.);
#2010=ORIENTED_EDGE('',*,*,#2910,.T.);
#2011=ORIENTED_EDGE('',*,*,#2911,.T.);
#2012=ORIENTED_EDGE('',*,*,#2611,.T.);
#2013=ORIENTED_EDGE('',*,*,#2912,.T.);
#2014=ORIENTED_EDGE('',*,*,#2913,.T.);
#2015=CARTESIAN_POINT('',(3.5,0.0,0.0));
#2016=DIRECTION('',(-1.0,0.0,0.0));
#2017=DIRECTION('',(0.0,0.0,1.0));
#2018=ORIENTED_EDGE('',*,*,#2904,.F.);
#2019=ORIENTED_EDGE('',*,*,#2914,.F.);
#2020=ORIENTED_EDGE('',*,*,#2889,.T.);
#2021=ORIENTED_EDGE('',*,*,#2750,.T.);
#2022=CARTESIAN_POINT('',(4.0,-0.4,-2.1));
#2023=DIRECTION('',(-0.0,1.0,0.0));
#2024=DIRECTION('',(1.0,0.0,0.0));
#2025=ORIENTED_EDGE('',*,*,#2914,.T.);
#2026=ORIENTED_EDGE('',*,*,#2903,.F.);
#2027=ORIENTED_EDGE('',*,*,#2901,.F.);
#2028=ORIENTED_EDGE('',*,*,#2890,.T.);
#2029=CARTESIAN_POINT('',(4.0,-0.9,-2.1));
#2030=DIRECTION('',(0.0,0.0,1.0));
#2031=DIRECTION('',(1.0,0.0,0.0));
#2032=ORIENTED_EDGE('',*,*,#2892,.T.);
#2033=ORIENTED_EDGE('',*,*,#2713,.T.);
#2034=ORIENTED_EDGE('',*,*,#2913,.F.);
#2035=ORIENTED_EDGE('',*,*,#2915,.F.);
#2036=CARTESIAN_POINT('',(4.0,-5.45,-5.95));
#2037=DIRECTION('',(0.0,0.0,1.0));
#2038=DIRECTION('',(1.0,0.0,0.0));
#2039=ORIENTED_EDGE('',*,*,#2610,.T.);
#2040=ORIENTED_EDGE('',*,*,#2893,.T.);
#2041=ORIENTED_EDGE('',*,*,#2915,.T.);
#2042=ORIENTED_EDGE('',*,*,#2912,.F.);
#2043=CARTESIAN_POINT('',(3.5,-3.573421068705,-6.150606853289));
#2044=DIRECTION('',(0.0,-0.30631572517909,0.951929974582169));
#2045=DIRECTION('',(-1.0,0.0,0.0));
#2046=ORIENTED_EDGE('',*,*,#2608,.T.);
#2047=ORIENTED_EDGE('',*,*,#2911,.F.);
#2048=ORIENTED_EDGE('',*,*,#2916,.T.);
#2049=ORIENTED_EDGE('',*,*,#2894,.T.);
#2050=CARTESIAN_POINT('',(3.5,-3.65,-5.912624359643));
#2051=DIRECTION('',(1.0,-0.0,0.0));
#2052=DIRECTION('',(0.0,0.0,1.0));
#2053=ORIENTED_EDGE('',*,*,#2917,.T.);
#2054=ORIENTED_EDGE('',*,*,#2895,.T.);
#2055=ORIENTED_EDGE('',*,*,#2916,.F.);
#2056=ORIENTED_EDGE('',*,*,#2910,.F.);
#2057=CARTESIAN_POINT('',(3.5,-5.395502587787,-5.967188201676));
#2058=DIRECTION('',(0.0,0.112162803830803,0.993689843682028));
#2059=DIRECTION('',(1.0,-0.0,0.0));
#2060=ORIENTED_EDGE('',*,*,#2918,.T.);
#2061=ORIENTED_EDGE('',*,*,#2896,.T.);
#2062=ORIENTED_EDGE('',*,*,#2917,.F.);
#2063=ORIENTED_EDGE('',*,*,#2909,.F.);
#2064=CARTESIAN_POINT('',(3.5,-5.45,-6.45));
#2065=DIRECTION('',(0.0,-0.993689843682028,0.112162803830803));
#2066=DIRECTION('',(-1.0,0.0,0.0));
#2067=ORIENTED_EDGE('',*,*,#2919,.T.);
#2068=ORIENTED_EDGE('',*,*,#2897,.T.);
#2069=ORIENTED_EDGE('',*,*,#2918,.F.);
#2070=ORIENTED_EDGE('',*,*,#2908,.F.);
#2071=CARTESIAN_POINT('',(3.5,-3.706081401915,-6.646844921841));
#2072=DIRECTION('',(0.0,-0.112162803830803,-0.993689843682028));
#2073=DIRECTION('',(0.0,-0.993689843682028,0.112162803830803));
#2074=ORIENTED_EDGE('',*,*,#2604,.T.);
#2075=ORIENTED_EDGE('',*,*,#2898,.T.);
#2076=ORIENTED_EDGE('',*,*,#2919,.F.);
#2077=ORIENTED_EDGE('',*,*,#2907,.F.);
#2078=CARTESIAN_POINT('',(3.5,-3.65,-6.15));
#2079=DIRECTION('',(1.0,-0.0,0.0));
#2080=DIRECTION('',(0.0,0.0,1.0));
#2081=ORIENTED_EDGE('',*,*,#2920,.F.);
#2082=ORIENTED_EDGE('',*,*,#2899,.T.);
#2083=ORIENTED_EDGE('',*,*,#2606,.F.);
#2084=ORIENTED_EDGE('',*,*,#2906,.F.);
#2085=CARTESIAN_POINT('',(3.5,-2.95,-6.45));
#2086=DIRECTION('',(0.0,0.30631572517909,-0.951929974582169));
#2087=DIRECTION('',(-1.0,0.0,0.0));
#2088=ORIENTED_EDGE('',*,*,#2905,.F.);
#2089=ORIENTED_EDGE('',*,*,#2711,.F.);
#2090=ORIENTED_EDGE('',*,*,#2900,.T.);
#2091=ORIENTED_EDGE('',*,*,#2920,.T.);
#2092=CARTESIAN_POINT('',(4.0,-1.0,-6.45));
#2093=DIRECTION('',(0.0,0.0,-1.0));
#2094=DIRECTION('',(0.0,-1.0,0.0));
#2095=ORIENTED_EDGE('',*,*,#2921,.F.);
#2096=ORIENTED_EDGE('',*,*,#2922,.F.);
#2097=ORIENTED_EDGE('',*,*,#2923,.F.);
#2098=ORIENTED_EDGE('',*,*,#2755,.T.);
#2099=CARTESIAN_POINT('',(-3.5,0.0,0.0));
#2100=DIRECTION('',(-1.0,0.0,0.0));
#2101=DIRECTION('',(0.0,0.0,1.0));
#2102=ORIENTED_EDGE('',*,*,#2690,.T.);
#2103=ORIENTED_EDGE('',*,*,#2924,.F.);
#2104=ORIENTED_EDGE('',*,*,#2925,.F.);
#2105=ORIENTED_EDGE('',*,*,#2601,.F.);
#2106=ORIENTED_EDGE('',*,*,#2926,.F.);
#2107=ORIENTED_EDGE('',*,*,#2927,.F.);
#2108=ORIENTED_EDGE('',*,*,#2928,.F.);
#2109=ORIENTED_EDGE('',*,*,#2929,.F.);
#2110=ORIENTED_EDGE('',*,*,#2930,.F.);
#2111=ORIENTED_EDGE('',*,*,#2599,.F.);
#2112=ORIENTED_EDGE('',*,*,#2931,.F.);
#2113=ORIENTED_EDGE('',*,*,#2932,.F.);
#2114=CARTESIAN_POINT('',(-3.5,0.0,0.0));
#2115=DIRECTION('',(-1.0,0.0,0.0));
#2116=DIRECTION('',(0.0,0.0,1.0));
#2117=ORIENTED_EDGE('',*,*,#2923,.T.);
#2118=ORIENTED_EDGE('',*,*,#2933,.T.);
#2119=ORIENTED_EDGE('',*,*,#2934,.F.);
#2120=ORIENTED_EDGE('',*,*,#2752,.F.);
#2121=CARTESIAN_POINT('',(-3.5,-0.9,-7.85));
#2122=DIRECTION('',(0.0,-1.0,0.0));
#2123=DIRECTION('',(0.0,0.0,-1.0));
#2124=ORIENTED_EDGE('',*,*,#2934,.T.);
#2125=ORIENTED_EDGE('',*,*,#2935,.T.);
#2126=ORIENTED_EDGE('',*,*,#2936,.T.);
#2127=ORIENTED_EDGE('',*,*,#2753,.F.);
#2128=CARTESIAN_POINT('',(-4.0,0.0,0.0));
#2129=DIRECTION('',(-1.0,0.0,0.0));
#2130=DIRECTION('',(0.0,0.0,1.0));
#2131=ORIENTED_EDGE('',*,*,#2688,.F.);
#2132=ORIENTED_EDGE('',*,*,#2937,.T.);
#2133=ORIENTED_EDGE('',*,*,#2938,.T.);
#2134=ORIENTED_EDGE('',*,*,#2597,.T.);
#2135=ORIENTED_EDGE('',*,*,#2939,.T.);
#2136=ORIENTED_EDGE('',*,*,#2940,.T.);
#2137=ORIENTED_EDGE('',*,*,#2941,.T.);
#2138=ORIENTED_EDGE('',*,*,#2942,.T.);
#2139=ORIENTED_EDGE('',*,*,#2943,.T.);
#2140=ORIENTED_EDGE('',*,*,#2603,.T.);
#2141=ORIENTED_EDGE('',*,*,#2944,.T.);
#2142=ORIENTED_EDGE('',*,*,#2945,.T.);
#2143=CARTESIAN_POINT('',(-4.0,0.0,0.0));
#2144=DIRECTION('',(-1.0,0.0,0.0));
#2145=DIRECTION('',(0.0,0.0,1.0));
#2146=ORIENTED_EDGE('',*,*,#2936,.F.);
#2147=ORIENTED_EDGE('',*,*,#2946,.F.);
#2148=ORIENTED_EDGE('',*,*,#2921,.T.);
#2149=ORIENTED_EDGE('',*,*,#2754,.T.);
#2150=CARTESIAN_POINT('',(-3.5,-0.4,-2.1));
#2151=DIRECTION('',(-0.0,1.0,0.0));
#2152=DIRECTION('',(1.0,0.0,0.0));
#2153=ORIENTED_EDGE('',*,*,#2946,.T.);
#2154=ORIENTED_EDGE('',*,*,#2935,.F.);
#2155=ORIENTED_EDGE('',*,*,#2933,.F.);
#2156=ORIENTED_EDGE('',*,*,#2922,.T.);
#2157=CARTESIAN_POINT('',(-3.5,-0.9,-2.1));
#2158=DIRECTION('',(0.0,0.0,1.0));
#2159=DIRECTION('',(1.0,0.0,0.0));
#2160=ORIENTED_EDGE('',*,*,#2689,.T.);
#2161=ORIENTED_EDGE('',*,*,#2945,.F.);
#2162=ORIENTED_EDGE('',*,*,#2947,.F.);
#2163=ORIENTED_EDGE('',*,*,#2924,.T.);
#2164=CARTESIAN_POINT('',(-3.5,-5.45,-7.95));
#2165=DIRECTION('',(0.0,0.0,1.0));
#2166=DIRECTION('',(1.0,0.0,0.0));
#2167=ORIENTED_EDGE('',*,*,#2944,.F.);
#2168=ORIENTED_EDGE('',*,*,#2602,.T.);
#2169=ORIENTED_EDGE('',*,*,#2925,.T.);
#2170=ORIENTED_EDGE('',*,*,#2947,.T.);
#2171=CARTESIAN_POINT('',(-4.0,-3.49684213741,-7.774035012709));
#2172=DIRECTION('',(0.0,0.30631572517909,0.951929974582169));
#2173=DIRECTION('',(1.0,-0.0,0.0));
#2174=ORIENTED_EDGE('',*,*,#2600,.T.);
#2175=ORIENTED_EDGE('',*,*,#2943,.F.);
#2176=ORIENTED_EDGE('',*,*,#2948,.T.);
#2177=ORIENTED_EDGE('',*,*,#2926,.T.);
#2178=CARTESIAN_POINT('',(-4.0,-3.65,-8.25));
#2179=DIRECTION('',(1.0,-0.0,0.0));
#2180=DIRECTION('',(0.0,0.0,1.0));
#2181=ORIENTED_EDGE('',*,*,#2949,.T.);
#2182=ORIENTED_EDGE('',*,*,#2927,.T.);
#2183=ORIENTED_EDGE('',*,*,#2948,.F.);
#2184=ORIENTED_EDGE('',*,*,#2942,.F.);
#2185=CARTESIAN_POINT('',(-4.0,-5.45,-7.95));
#2186=DIRECTION('',(0.0,-0.112162803830803,0.993689843682028));
#2187=DIRECTION('',(-1.0,0.0,0.0));
#2188=ORIENTED_EDGE('',*,*,#2950,.T.);
#2189=ORIENTED_EDGE('',*,*,#2928,.T.);
#2190=ORIENTED_EDGE('',*,*,#2949,.F.);
#2191=ORIENTED_EDGE('',*,*,#2941,.F.);
#2192=CARTESIAN_POINT('',(-4.0,-5.393918598085,-8.446844921841));
#2193=DIRECTION('',(0.0,-0.993689843682028,-0.112162803830803));
#2194=DIRECTION('',(0.0,0.112162803830803,-0.993689843682028));
#2195=ORIENTED_EDGE('',*,*,#2951,.T.);
#2196=ORIENTED_EDGE('',*,*,#2929,.T.);
#2197=ORIENTED_EDGE('',*,*,#2950,.F.);
#2198=ORIENTED_EDGE('',*,*,#2940,.F.);
#2199=CARTESIAN_POINT('',(-4.0,-3.678040700958,-8.253165095891));
#2200=DIRECTION('',(0.0,0.112162803830803,-0.993689843682028));
#2201=DIRECTION('',(-1.0,0.0,0.0));
#2202=ORIENTED_EDGE('',*,*,#2596,.T.);
#2203=ORIENTED_EDGE('',*,*,#2930,.T.);
#2204=ORIENTED_EDGE('',*,*,#2951,.F.);
#2205=ORIENTED_EDGE('',*,*,#2939,.F.);
#2206=CARTESIAN_POINT('',(-4.0,-3.65,-8.501587556811));
#2207=DIRECTION('',(1.0,-0.0,0.0));
#2208=DIRECTION('',(0.0,0.0,1.0));
#2209=ORIENTED_EDGE('',*,*,#2931,.T.);
#2210=ORIENTED_EDGE('',*,*,#2598,.F.);
#2211=ORIENTED_EDGE('',*,*,#2938,.F.);
#2212=ORIENTED_EDGE('',*,*,#2952,.F.);
#2213=CARTESIAN_POINT('',(-4.0,-2.95,-8.45));
#2214=DIRECTION('',(0.0,-0.286536491521583,-0.958069328924844));
#2215=DIRECTION('',(0.0,-0.958069328924844,0.286536491521583));
#2216=ORIENTED_EDGE('',*,*,#2953,.F.);
#2217=ORIENTED_EDGE('',*,*,#2699,.T.);
#2218=ORIENTED_EDGE('',*,*,#2954,.T.);
#2219=ORIENTED_EDGE('',*,*,#2955,.T.);
#2220=ORIENTED_EDGE('',*,*,#2956,.F.);
#2221=ORIENTED_EDGE('',*,*,#2695,.T.);
#2222=ORIENTED_EDGE('',*,*,#2957,.T.);
#2223=ORIENTED_EDGE('',*,*,#2958,.T.);
#2224=ORIENTED_EDGE('',*,*,#2959,.F.);
#2225=ORIENTED_EDGE('',*,*,#2691,.T.);
#2226=ORIENTED_EDGE('',*,*,#2932,.T.);
#2227=ORIENTED_EDGE('',*,*,#2952,.T.);
#2228=ORIENTED_EDGE('',*,*,#2937,.F.);
#2229=ORIENTED_EDGE('',*,*,#2687,.T.);
#2230=ORIENTED_EDGE('',*,*,#2640,.F.);
#2231=ORIENTED_EDGE('',*,*,#2960,.T.);
#2232=ORIENTED_EDGE('',*,*,#2630,.F.);
#2233=ORIENTED_EDGE('',*,*,#2628,.F.);
#2234=ORIENTED_EDGE('',*,*,#2961,.T.);
#2235=ORIENTED_EDGE('',*,*,#2962,.F.);
#2236=ORIENTED_EDGE('',*,*,#2618,.T.);
#2237=ORIENTED_EDGE('',*,*,#2686,.T.);
#2238=ORIENTED_EDGE('',*,*,#2963,.T.);
#2239=ORIENTED_EDGE('',*,*,#2964,.T.);
#2240=CARTESIAN_POINT('',(7.25,-0.4,-8.45));
#2241=DIRECTION('',(0.0,0.0,-1.0));
#2242=DIRECTION('',(0.0,-1.0,0.0));
#2243=ORIENTED_EDGE('',*,*,#2964,.F.);
#2244=ORIENTED_EDGE('',*,*,#2965,.T.);
#2245=ORIENTED_EDGE('',*,*,#2594,.F.);
#2246=ORIENTED_EDGE('',*,*,#2966,.F.);
#2247=CARTESIAN_POINT('',(5.0,-2.95,-8.45));
#2248=DIRECTION('',(0.0,-0.286536491521583,-0.958069328924844));
#2249=DIRECTION('',(0.0,-0.958069328924844,0.286536491521583));
#2250=ORIENTED_EDGE('',*,*,#2967,.T.);
#2251=ORIENTED_EDGE('',*,*,#2968,.T.);
#2252=ORIENTED_EDGE('',*,*,#2969,.T.);
#2253=ORIENTED_EDGE('',*,*,#2765,.F.);
#2254=CARTESIAN_POINT('',(5.0,0.0,0.0));
#2255=DIRECTION('',(-1.0,0.0,0.0));
#2256=DIRECTION('',(0.0,0.0,1.0));
#2257=ORIENTED_EDGE('',*,*,#2700,.F.);
#2258=ORIENTED_EDGE('',*,*,#2953,.T.);
#2259=ORIENTED_EDGE('',*,*,#2966,.T.);
#2260=ORIENTED_EDGE('',*,*,#2593,.T.);
#2261=ORIENTED_EDGE('',*,*,#2970,.T.);
#2262=ORIENTED_EDGE('',*,*,#2971,.T.);
#2263=ORIENTED_EDGE('',*,*,#2972,.T.);
#2264=ORIENTED_EDGE('',*,*,#2973,.T.);
#2265=ORIENTED_EDGE('',*,*,#2974,.T.);
#2266=ORIENTED_EDGE('',*,*,#2591,.T.);
#2267=ORIENTED_EDGE('',*,*,#2975,.T.);
#2268=ORIENTED_EDGE('',*,*,#2976,.T.);
#2269=CARTESIAN_POINT('',(5.0,0.0,0.0));
#2270=DIRECTION('',(-1.0,0.0,0.0));
#2271=DIRECTION('',(0.0,0.0,1.0));
#2272=ORIENTED_EDGE('',*,*,#2969,.F.);
#2273=ORIENTED_EDGE('',*,*,#2977,.F.);
#2274=ORIENTED_EDGE('',*,*,#2978,.T.);
#2275=ORIENTED_EDGE('',*,*,#2766,.T.);
#2276=CARTESIAN_POINT('',(5.5,-0.4,-2.1));
#2277=DIRECTION('',(-0.0,1.0,0.0));
#2278=DIRECTION('',(1.0,0.0,0.0));
#2279=ORIENTED_EDGE('',*,*,#2978,.F.);
#2280=ORIENTED_EDGE('',*,*,#2979,.F.);
#2281=ORIENTED_EDGE('',*,*,#2980,.F.);
#2282=ORIENTED_EDGE('',*,*,#2767,.T.);
#2283=CARTESIAN_POINT('',(5.5,0.0,0.0));
#2284=DIRECTION('',(-1.0,0.0,0.0));
#2285=DIRECTION('',(0.0,0.0,1.0));
#2286=ORIENTED_EDGE('',*,*,#2702,.T.);
#2287=ORIENTED_EDGE('',*,*,#2981,.F.);
#2288=ORIENTED_EDGE('',*,*,#2982,.F.);
#2289=ORIENTED_EDGE('',*,*,#2589,.F.);
#2290=ORIENTED_EDGE('',*,*,#2983,.F.);
#2291=ORIENTED_EDGE('',*,*,#2984,.F.);
#2292=ORIENTED_EDGE('',*,*,#2985,.F.);
#2293=ORIENTED_EDGE('',*,*,#2986,.F.);
#2294=ORIENTED_EDGE('',*,*,#2987,.F.);
#2295=ORIENTED_EDGE('',*,*,#2595,.F.);
#2296=ORIENTED_EDGE('',*,*,#2965,.F.);
#2297=ORIENTED_EDGE('',*,*,#2963,.F.);
#2298=CARTESIAN_POINT('',(5.5,0.0,0.0));
#2299=DIRECTION('',(-1.0,0.0,0.0));
#2300=DIRECTION('',(0.0,0.0,1.0));
#2301=ORIENTED_EDGE('',*,*,#2980,.T.);
#2302=ORIENTED_EDGE('',*,*,#2988,.T.);
#2303=ORIENTED_EDGE('',*,*,#2967,.F.);
#2304=ORIENTED_EDGE('',*,*,#2764,.F.);
#2305=CARTESIAN_POINT('',(5.5,-0.9,-7.85));
#2306=DIRECTION('',(0.0,-1.0,0.0));
#2307=DIRECTION('',(0.0,0.0,-1.0));
#2308=ORIENTED_EDGE('',*,*,#2977,.T.);
#2309=ORIENTED_EDGE('',*,*,#2968,.F.);
#2310=ORIENTED_EDGE('',*,*,#2988,.F.);
#2311=ORIENTED_EDGE('',*,*,#2979,.T.);
#2312=CARTESIAN_POINT('',(5.5,-0.9,-2.1));
#2313=DIRECTION('',(0.0,0.0,1.0));
#2314=DIRECTION('',(1.0,0.0,0.0));
#2315=ORIENTED_EDGE('',*,*,#2592,.T.);
#2316=ORIENTED_EDGE('',*,*,#2987,.T.);
#2317=ORIENTED_EDGE('',*,*,#2989,.F.);
#2318=ORIENTED_EDGE('',*,*,#2970,.F.);
#2319=CARTESIAN_POINT('',(5.0,-3.65,-8.501587556811));
#2320=DIRECTION('',(1.0,-0.0,0.0));
#2321=DIRECTION('',(0.0,0.0,1.0));
#2322=ORIENTED_EDGE('',*,*,#2989,.T.);
#2323=ORIENTED_EDGE('',*,*,#2986,.T.);
#2324=ORIENTED_EDGE('',*,*,#2990,.F.);
#2325=ORIENTED_EDGE('',*,*,#2971,.F.);
#2326=CARTESIAN_POINT('',(5.0,-3.678040700958,-8.253165095891));
#2327=DIRECTION('',(0.0,0.112162803830803,-0.993689843682028));
#2328=DIRECTION('',(-1.0,0.0,0.0));
#2329=ORIENTED_EDGE('',*,*,#2990,.T.);
#2330=ORIENTED_EDGE('',*,*,#2985,.T.);
#2331=ORIENTED_EDGE('',*,*,#2991,.F.);
#2332=ORIENTED_EDGE('',*,*,#2972,.F.);
#2333=CARTESIAN_POINT('',(5.0,-5.393918598085,-8.446844921841));
#2334=DIRECTION('',(0.0,-0.993689843682028,-0.112162803830803));
#2335=DIRECTION('',(0.0,0.112162803830803,-0.993689843682028));
#2336=ORIENTED_EDGE('',*,*,#2991,.T.);
#2337=ORIENTED_EDGE('',*,*,#2984,.T.);
#2338=ORIENTED_EDGE('',*,*,#2992,.F.);
#2339=ORIENTED_EDGE('',*,*,#2973,.F.);
#2340=CARTESIAN_POINT('',(5.0,-5.45,-7.95));
#2341=DIRECTION('',(0.0,-0.112162803830803,0.993689843682028));
#2342=DIRECTION('',(-1.0,0.0,0.0));
#2343=ORIENTED_EDGE('',*,*,#2588,.T.);
#2344=ORIENTED_EDGE('',*,*,#2974,.F.);
#2345=ORIENTED_EDGE('',*,*,#2992,.T.);
#2346=ORIENTED_EDGE('',*,*,#2983,.T.);
#2347=CARTESIAN_POINT('',(5.0,-3.65,-8.25));
#2348=DIRECTION('',(1.0,-0.0,0.0));
#2349=DIRECTION('',(0.0,0.0,1.0));
#2350=ORIENTED_EDGE('',*,*,#2590,.T.);
#2351=ORIENTED_EDGE('',*,*,#2982,.T.);
#2352=ORIENTED_EDGE('',*,*,#2993,.T.);
#2353=ORIENTED_EDGE('',*,*,#2975,.F.);
#2354=CARTESIAN_POINT('',(5.0,-3.49684213741,-7.774035012709));
#2355=DIRECTION('',(0.0,0.30631572517909,0.951929974582169));
#2356=DIRECTION('',(1.0,-0.0,0.0));
#2357=ORIENTED_EDGE('',*,*,#2981,.T.);
#2358=ORIENTED_EDGE('',*,*,#2701,.T.);
#2359=ORIENTED_EDGE('',*,*,#2976,.F.);
#2360=ORIENTED_EDGE('',*,*,#2993,.F.);
#2361=CARTESIAN_POINT('',(5.5,-5.45,-7.95));
#2362=DIRECTION('',(0.0,0.0,1.0));
#2363=DIRECTION('',(1.0,0.0,0.0));
#2364=ORIENTED_EDGE('',*,*,#2962,.T.);
#2365=ORIENTED_EDGE('',*,*,#2994,.F.);
#2366=ORIENTED_EDGE('',*,*,#2621,.F.);
#2367=ORIENTED_EDGE('',*,*,#2619,.F.);
#2368=CARTESIAN_POINT('',(7.25,-1.35,-7.25));
#2369=DIRECTION('',(0.0,-1.0,0.0));
#2370=DIRECTION('',(0.0,0.0,-1.0));
#2371=ORIENTED_EDGE('',*,*,#2622,.T.);
#2372=ORIENTED_EDGE('',*,*,#2994,.T.);
#2373=ORIENTED_EDGE('',*,*,#2961,.F.);
#2374=ORIENTED_EDGE('',*,*,#2627,.T.);
#2375=CARTESIAN_POINT('',(6.85,0.0,0.0));
#2376=DIRECTION('',(1.0,0.0,0.0));
#2377=DIRECTION('',(0.0,1.0,0.0));
#2378=ORIENTED_EDGE('',*,*,#2633,.T.);
#2379=ORIENTED_EDGE('',*,*,#2631,.T.);
#2380=ORIENTED_EDGE('',*,*,#2960,.F.);
#2381=ORIENTED_EDGE('',*,*,#2639,.T.);
#2382=CARTESIAN_POINT('',(-7.25,-1.35,-7.25));
#2383=DIRECTION('',(-0.0,1.0,0.0));
#2384=DIRECTION('',(1.0,0.0,0.0));
#2385=ORIENTED_EDGE('',*,*,#2995,.T.);
#2386=ORIENTED_EDGE('',*,*,#2996,.T.);
#2387=ORIENTED_EDGE('',*,*,#2997,.T.);
#2388=ORIENTED_EDGE('',*,*,#2757,.F.);
#2389=CARTESIAN_POINT('',(-1.0,0.0,0.0));
#2390=DIRECTION('',(-1.0,0.0,0.0));
#2391=DIRECTION('',(0.0,0.0,1.0));
#2392=ORIENTED_EDGE('',*,*,#2998,.T.);
#2393=ORIENTED_EDGE('',*,*,#2999,.T.);
#2394=ORIENTED_EDGE('',*,*,#2692,.F.);
#2395=ORIENTED_EDGE('',*,*,#2959,.T.);
#2396=CARTESIAN_POINT('',(-1.0,0.0,0.0));
#2397=DIRECTION('',(-1.0,0.0,0.0));
#2398=DIRECTION('',(0.0,0.0,1.0));
#2399=ORIENTED_EDGE('',*,*,#2997,.F.);
#2400=ORIENTED_EDGE('',*,*,#3000,.F.);
#2401=ORIENTED_EDGE('',*,*,#3001,.T.);
#2402=ORIENTED_EDGE('',*,*,#2758,.T.);
#2403=CARTESIAN_POINT('',(-0.5,-0.4,-2.1));
#2404=DIRECTION('',(-0.0,1.0,0.0));
#2405=DIRECTION('',(1.0,0.0,0.0));
#2406=ORIENTED_EDGE('',*,*,#3001,.F.);
#2407=ORIENTED_EDGE('',*,*,#3002,.F.);
#2408=ORIENTED_EDGE('',*,*,#3003,.F.);
#2409=ORIENTED_EDGE('',*,*,#2759,.T.);
#2410=CARTESIAN_POINT('',(-0.5,0.0,0.0));
#2411=DIRECTION('',(-1.0,0.0,0.0));
#2412=DIRECTION('',(0.0,0.0,1.0));
#2413=ORIENTED_EDGE('',*,*,#2694,.T.);
#2414=ORIENTED_EDGE('',*,*,#3004,.F.);
#2415=ORIENTED_EDGE('',*,*,#3005,.F.);
#2416=ORIENTED_EDGE('',*,*,#2957,.F.);
#2417=CARTESIAN_POINT('',(-0.5,0.0,0.0));
#2418=DIRECTION('',(-1.0,0.0,0.0));
#2419=DIRECTION('',(0.0,0.0,1.0));
#2420=ORIENTED_EDGE('',*,*,#3003,.T.);
#2421=ORIENTED_EDGE('',*,*,#3006,.T.);
#2422=ORIENTED_EDGE('',*,*,#2995,.F.);
#2423=ORIENTED_EDGE('',*,*,#2756,.F.);
#2424=CARTESIAN_POINT('',(-0.5,-0.9,-7.85));
#2425=DIRECTION('',(0.0,-1.0,0.0));
#2426=DIRECTION('',(0.0,0.0,-1.0));
#2427=ORIENTED_EDGE('',*,*,#3000,.T.);
#2428=ORIENTED_EDGE('',*,*,#2996,.F.);
#2429=ORIENTED_EDGE('',*,*,#3006,.F.);
#2430=ORIENTED_EDGE('',*,*,#3002,.T.);
#2431=CARTESIAN_POINT('',(-0.5,-0.9,-2.1));
#2432=DIRECTION('',(0.0,0.0,1.0));
#2433=DIRECTION('',(1.0,0.0,0.0));
#2434=ORIENTED_EDGE('',*,*,#3007,.T.);
#2435=ORIENTED_EDGE('',*,*,#2998,.F.);
#2436=ORIENTED_EDGE('',*,*,#2958,.F.);
#2437=ORIENTED_EDGE('',*,*,#3005,.T.);
#2438=CARTESIAN_POINT('',(-0.5,-5.45,-8.45));
#2439=DIRECTION('',(0.0,-1.0,0.0));
#2440=DIRECTION('',(0.0,0.0,-1.0));
#2441=ORIENTED_EDGE('',*,*,#2693,.T.);
#2442=ORIENTED_EDGE('',*,*,#2999,.F.);
#2443=ORIENTED_EDGE('',*,*,#3007,.F.);
#2444=ORIENTED_EDGE('',*,*,#3004,.T.);
#2445=CARTESIAN_POINT('',(-0.5,-5.45,-7.95));
#2446=DIRECTION('',(0.0,0.0,1.0));
#2447=DIRECTION('',(1.0,0.0,0.0));
#2448=ORIENTED_EDGE('',*,*,#3008,.T.);
#2449=ORIENTED_EDGE('',*,*,#3009,.T.);
#2450=ORIENTED_EDGE('',*,*,#3010,.T.);
#2451=ORIENTED_EDGE('',*,*,#2761,.F.);
#2452=CARTESIAN_POINT('',(2.0,0.0,0.0));
#2453=DIRECTION('',(-1.0,0.0,0.0));
#2454=DIRECTION('',(0.0,0.0,1.0));
#2455=ORIENTED_EDGE('',*,*,#3011,.T.);
#2456=ORIENTED_EDGE('',*,*,#3012,.T.);
#2457=ORIENTED_EDGE('',*,*,#2696,.F.);
#2458=ORIENTED_EDGE('',*,*,#2956,.T.);
#2459=CARTESIAN_POINT('',(2.0,0.0,0.0));
#2460=DIRECTION('',(-1.0,0.0,0.0));
#2461=DIRECTION('',(0.0,0.0,1.0));
#2462=ORIENTED_EDGE('',*,*,#3010,.F.);
#2463=ORIENTED_EDGE('',*,*,#3013,.F.);
#2464=ORIENTED_EDGE('',*,*,#3014,.T.);
#2465=ORIENTED_EDGE('',*,*,#2762,.T.);
#2466=CARTESIAN_POINT('',(2.5,-0.4,-2.1));
#2467=DIRECTION('',(-0.0,1.0,0.0));
#2468=DIRECTION('',(1.0,0.0,0.0));
#2469=ORIENTED_EDGE('',*,*,#3014,.F.);
#2470=ORIENTED_EDGE('',*,*,#3015,.F.);
#2471=ORIENTED_EDGE('',*,*,#3016,.F.);
#2472=ORIENTED_EDGE('',*,*,#2763,.T.);
#2473=CARTESIAN_POINT('',(2.5,0.0,0.0));
#2474=DIRECTION('',(-1.0,0.0,0.0));
#2475=DIRECTION('',(0.0,0.0,1.0));
#2476=ORIENTED_EDGE('',*,*,#2698,.T.);
#2477=ORIENTED_EDGE('',*,*,#3017,.F.);
#2478=ORIENTED_EDGE('',*,*,#3018,.F.);
#2479=ORIENTED_EDGE('',*,*,#2954,.F.);
#2480=CARTESIAN_POINT('',(2.5,0.0,0.0));
#2481=DIRECTION('',(-1.0,0.0,0.0));
#2482=DIRECTION('',(0.0,0.0,1.0));
#2483=ORIENTED_EDGE('',*,*,#3016,.T.);
#2484=ORIENTED_EDGE('',*,*,#3019,.T.);
#2485=ORIENTED_EDGE('',*,*,#3008,.F.);
#2486=ORIENTED_EDGE('',*,*,#2760,.F.);
#2487=CARTESIAN_POINT('',(2.5,-0.9,-7.85));
#2488=DIRECTION('',(0.0,-1.0,0.0));
#2489=DIRECTION('',(0.0,0.0,-1.0));
#2490=ORIENTED_EDGE('',*,*,#3013,.T.);
#2491=ORIENTED_EDGE('',*,*,#3009,.F.);
#2492=ORIENTED_EDGE('',*,*,#3019,.F.);
#2493=ORIENTED_EDGE('',*,*,#3015,.T.);
#2494=CARTESIAN_POINT('',(2.5,-0.9,-2.1));
#2495=DIRECTION('',(0.0,0.0,1.0));
#2496=DIRECTION('',(1.0,0.0,0.0));
#2497=ORIENTED_EDGE('',*,*,#3020,.T.);
#2498=ORIENTED_EDGE('',*,*,#3011,.F.);
#2499=ORIENTED_EDGE('',*,*,#2955,.F.);
#2500=ORIENTED_EDGE('',*,*,#3018,.T.);
#2501=CARTESIAN_POINT('',(2.5,-5.45,-8.45));
#2502=DIRECTION('',(0.0,-1.0,0.0));
#2503=DIRECTION('',(0.0,0.0,-1.0));
#2504=ORIENTED_EDGE('',*,*,#2697,.T.);
#2505=ORIENTED_EDGE('',*,*,#3012,.F.);
#2506=ORIENTED_EDGE('',*,*,#3020,.F.);
#2507=ORIENTED_EDGE('',*,*,#3017,.T.);
#2508=CARTESIAN_POINT('',(2.5,-5.45,-7.95));
#2509=DIRECTION('',(0.0,0.0,1.0));
#2510=DIRECTION('',(1.0,0.0,0.0));
#2511=COLOUR_RGB('',0.695200026035309,0.74260002374649,0.790000021457672);
#2512=CARTESIAN_POINT('',(-5.5,-3.65,-6.65));
#2513=CARTESIAN_POINT('',(-5.0,-3.65,-6.65));
#2514=CARTESIAN_POINT('',(-5.25,-3.65,-6.65));
#2515=VECTOR('',#3021,1.0);
#2516=CARTESIAN_POINT('',(-5.5,-3.49684213741,-6.625964987291));
#2517=AXIS2_PLACEMENT_3D('',#3022,#3023,#3024);
#2518=CARTESIAN_POINT('',(-5.0,-3.49684213741,-6.625964987291));
#2519=CARTESIAN_POINT('',(-5.5,-3.49684213741,-6.625964987291));
#2520=VECTOR('',#3025,0.5);
#2521=AXIS2_PLACEMENT_3D('',#3026,#3027,#3028);
#2522=COLOUR_RGB('',0.695200026035309,0.74260002374649,0.790000021457672);
#2523=CARTESIAN_POINT('',(-5.0,-3.65,-6.162624359643));
#2524=CARTESIAN_POINT('',(-5.5,-3.65,-6.162624359643));
#2525=CARTESIAN_POINT('',(-5.25,-3.65,-6.162624359643));
#2526=VECTOR('',#3029,1.0);
#2527=CARTESIAN_POINT('',(-5.0,-3.573421068705,-6.150606853289));
#2528=AXIS2_PLACEMENT_3D('',#3030,#3031,#3032);
#2529=CARTESIAN_POINT('',(-5.5,-3.573421068705,-6.150606853289));
#2530=CARTESIAN_POINT('',(-5.5,-3.573421068705,-6.150606853289));
#2531=VECTOR('',#3033,0.5);
#2532=AXIS2_PLACEMENT_3D('',#3034,#3035,#3036);
#2533=COLOUR_RGB('',0.695200026035309,0.74260002374649,0.790000021457672);
#2534=CARTESIAN_POINT('',(-5.0,-2.95,-5.95));
#2535=CARTESIAN_POINT('',(-5.0,-3.573421068705,-6.150606853289));
#2536=VECTOR('',#3037,0.6549022358277);
#2537=CARTESIAN_POINT('',(-5.5,-2.95,-5.95));
#2538=CARTESIAN_POINT('',(-5.0,-2.95,-5.95));
#2539=VECTOR('',#3038,0.5);
#2540=CARTESIAN_POINT('',(-5.5,-3.573421068705,-6.150606853289));
#2541=VECTOR('',#3039,0.6549022358277);
#2542=COLOUR_RGB('',0.695200026035309,0.74260002374649,0.790000021457672);
#2543=CARTESIAN_POINT('',(-5.5,-3.678040700958,-6.161046820564));
#2544=AXIS2_PLACEMENT_3D('',#3040,#3041,#3042);
#2545=CARTESIAN_POINT('',(-5.0,-3.678040700958,-6.161046820564));
#2546=CARTESIAN_POINT('',(-5.5,-3.678040700958,-6.161046820564));
#2547=VECTOR('',#3043,0.5);
#2548=AXIS2_PLACEMENT_3D('',#3044,#3045,#3046);
#2549=COLOUR_RGB('',0.695200026035309,0.74260002374649,0.790000021457672);
#2550=CARTESIAN_POINT('',(-5.5,-5.395502587787,-5.967188201676));
#2551=CARTESIAN_POINT('',(-5.0,-5.395502587787,-5.967188201676));
#2552=CARTESIAN_POINT('',(-5.5,-5.395502587787,-5.967188201676));
#2553=VECTOR('',#3047,0.5);
#2554=CARTESIAN_POINT('',(-5.0,-5.395502587787,-5.967188201676));
#2555=VECTOR('',#3048,1.728368160095);
#2556=CARTESIAN_POINT('',(-5.5,-5.395502587787,-5.967188201676));
#2557=VECTOR('',#3049,1.728368160095);
#2558=COLOUR_RGB('',0.695200026035309,0.74260002374649,0.790000021457672);
#2559=CARTESIAN_POINT('',(-5.5,-5.45,-6.45));
#2560=CARTESIAN_POINT('',(-5.0,-5.45,-6.45));
#2561=CARTESIAN_POINT('',(-5.5,-5.45,-6.45));
#2562=VECTOR('',#3050,0.5);
#2563=CARTESIAN_POINT('',(-5.0,-5.45,-6.45));
#2564=VECTOR('',#3051,0.4858777629599);
#2565=CARTESIAN_POINT('',(-5.5,-5.45,-6.45));
#2566=VECTOR('',#3052,0.4858777629599);
#2567=COLOUR_RGB('',0.695200026035309,0.74260002374649,0.790000021457672);
#2568=CARTESIAN_POINT('',(-5.5,-3.706081401915,-6.646844921841));
#2569=CARTESIAN_POINT('',(-5.0,-3.706081401915,-6.646844921841));
#2570=CARTESIAN_POINT('',(-5.5,-3.706081401915,-6.646844921841));
#2571=VECTOR('',#3053,0.5);
#2572=CARTESIAN_POINT('',(-5.0,-3.706081401915,-6.646844921841));
#2573=VECTOR('',#3054,1.754992877478);
#2574=CARTESIAN_POINT('',(-5.5,-3.706081401915,-6.646844921841));
#2575=VECTOR('',#3055,1.754992877478);
#2576=COLOUR_RGB('',0.695200026035309,0.74260002374649,0.790000021457672);
#2577=AXIS2_PLACEMENT_3D('',#3056,#3057,#3058);
#2578=AXIS2_PLACEMENT_3D('',#3059,#3060,#3061);
#2579=COLOUR_RGB('',0.695200026035309,0.74260002374649,0.790000021457672);
#2580=CARTESIAN_POINT('',(-5.0,-2.95,-6.45));
#2581=CARTESIAN_POINT('',(-5.5,-2.95,-6.45));
#2582=CARTESIAN_POINT('',(-5.0,-2.95,-6.45));
#2583=VECTOR('',#3062,0.5);
#2584=CARTESIAN_POINT('',(-5.0,-2.95,-6.45));
#2585=VECTOR('',#3063,0.5744562646538);
#2586=CARTESIAN_POINT('',(-5.5,-2.95,-6.45));
#2587=VECTOR('',#3064,0.5744562646538);
#2588=EDGE_CURVE('',#3065,#3066,#3067,.T.);
#2589=EDGE_CURVE('',#3065,#3068,#3069,.T.);
#2590=EDGE_CURVE('',#3070,#3068,#3071,.T.);
#2591=EDGE_CURVE('',#3066,#3070,#3072,.T.);
#2592=EDGE_CURVE('',#3073,#3074,#3075,.T.);
#2593=EDGE_CURVE('',#3076,#3073,#3077,.T.);
#2594=EDGE_CURVE('',#3076,#3078,#3079,.T.);
#2595=EDGE_CURVE('',#3078,#3074,#3080,.T.);
#2596=EDGE_CURVE('',#3081,#3082,#3083,.T.);
#2597=EDGE_CURVE('',#3084,#3081,#3085,.T.);
#2598=EDGE_CURVE('',#3084,#3086,#3087,.T.);
#2599=EDGE_CURVE('',#3086,#3082,#3088,.T.);
#2600=EDGE_CURVE('',#3089,#3090,#3091,.T.);
#2601=EDGE_CURVE('',#3089,#3092,#3093,.T.);
#2602=EDGE_CURVE('',#3094,#3092,#3095,.T.);
#2603=EDGE_CURVE('',#3090,#3094,#3096,.T.);
#2604=EDGE_CURVE('',#3097,#3098,#3099,.T.);
#2605=EDGE_CURVE('',#3100,#3097,#3101,.T.);
#2606=EDGE_CURVE('',#3100,#3102,#3103,.T.);
#2607=EDGE_CURVE('',#3102,#3098,#3104,.T.);
#2608=EDGE_CURVE('',#3105,#3106,#3107,.T.);
#2609=EDGE_CURVE('',#3105,#3108,#3109,.T.);
#2610=EDGE_CURVE('',#3110,#3108,#3111,.T.);
#2611=EDGE_CURVE('',#3106,#3110,#3112,.T.);
#2612=EDGE_CURVE('',#3113,#3114,#3115,.T.);
#2613=EDGE_CURVE('',#3116,#3113,#3117,.T.);
#2614=EDGE_CURVE('',#3118,#3116,#3119,.T.);
#2615=EDGE_CURVE('',#3120,#3118,#3121,.T.);
#2616=EDGE_CURVE('',#3122,#3120,#3123,.T.);
#2617=EDGE_CURVE('',#3124,#3122,#3125,.T.);
#2618=EDGE_CURVE('',#3126,#3124,#3127,.T.);
#2619=EDGE_CURVE('',#3126,#3128,#3129,.T.);
#2620=EDGE_CURVE('',#3114,#3128,#3130,.T.);
#2621=EDGE_CURVE('',#3128,#3131,#3132,.T.);
#2622=EDGE_CURVE('',#3133,#3131,#3134,.T.);
#2623=EDGE_CURVE('',#3114,#3133,#3135,.T.);
#2624=EDGE_CURVE('',#3136,#3137,#3138,.T.);
#2625=EDGE_CURVE('',#3139,#3136,#3140,.T.);
#2626=EDGE_CURVE('',#3113,#3139,#3141,.T.);
#2627=EDGE_CURVE('',#3142,#3133,#3143,.T.);
#2628=EDGE_CURVE('',#3142,#3144,#3145,.T.);
#2629=EDGE_CURVE('',#3144,#3137,#3146,.T.);
#2630=EDGE_CURVE('',#3144,#3147,#3148,.T.);
#2631=EDGE_CURVE('',#3149,#3147,#3150,.T.);
#2632=EDGE_CURVE('',#3137,#3149,#3151,.T.);
#2633=EDGE_CURVE('',#3152,#3149,#3153,.T.);
#2634=EDGE_CURVE('',#3136,#3152,#3154,.T.);
#2635=EDGE_CURVE('',#3155,#3156,#3157,.T.);
#2636=EDGE_CURVE('',#3156,#3158,#3159,.T.);
#2637=EDGE_CURVE('',#3158,#3160,#3161,.T.);
#2638=EDGE_CURVE('',#3155,#3160,#3162,.T.);
#2639=EDGE_CURVE('',#3163,#3152,#3164,.T.);
#2640=EDGE_CURVE('',#3163,#3165,#3166,.T.);
#2641=EDGE_CURVE('',#3165,#3167,#3168,.T.);
#2642=EDGE_CURVE('',#3167,#3169,#3170,.T.);
#2643=EDGE_CURVE('',#3169,#3171,#3172,.T.);
#2644=EDGE_CURVE('',#3171,#3173,#3174,.T.);
#2645=EDGE_CURVE('',#3173,#3139,#3175,.T.);
#2646=EDGE_CURVE('',#3160,#3176,#3177,.T.);
#2647=EDGE_CURVE('',#3178,#3176,#3179,.T.);
#2648=EDGE_CURVE('',#3155,#3178,#3180,.T.);
#2649=EDGE_CURVE('',#3181,#3156,#3182,.T.);
#2650=EDGE_CURVE('',#3183,#3178,#3184,.T.);
#2651=EDGE_CURVE('',#3169,#3183,#3185,.T.);
#2652=EDGE_CURVE('',#3122,#3167,#3186,.T.);
#2653=EDGE_CURVE('',#3120,#3187,#3188,.T.);
#2654=EDGE_CURVE('',#3187,#3189,#3190,.T.);
#2655=EDGE_CURVE('',#3191,#3189,#3192,.T.);
#2656=EDGE_CURVE('',#3191,#3181,#3193,.T.);
#2657=EDGE_CURVE('',#3194,#3195,#3196,.T.);
#2658=EDGE_CURVE('',#3195,#3197,#3198,.T.);
#2659=EDGE_CURVE('',#3197,#3199,#3200,.T.);
#2660=EDGE_CURVE('',#3199,#3201,#3202,.T.);
#2661=EDGE_CURVE('',#3201,#3203,#3204,.T.);
#2662=EDGE_CURVE('',#3205,#3203,#3206,.T.);
#2663=EDGE_CURVE('',#3205,#3207,#3208,.T.);
#2664=EDGE_CURVE('',#3209,#3207,#3210,.T.);
#2665=EDGE_CURVE('',#3209,#3211,#3212,.T.);
#2666=EDGE_CURVE('',#3211,#3213,#3214,.T.);
#2667=EDGE_CURVE('',#3213,#3215,#3216,.T.);
#2668=EDGE_CURVE('',#3215,#3217,#3218,.T.);
#2669=EDGE_CURVE('',#3217,#3219,#3220,.T.);
#2670=EDGE_CURVE('',#3221,#3219,#3222,.T.);
#2671=EDGE_CURVE('',#3221,#3223,#3224,.T.);
#2672=EDGE_CURVE('',#3194,#3223,#3225,.T.);
#2673=EDGE_CURVE('',#3181,#3226,#3227,.T.);
#2674=EDGE_CURVE('',#3191,#3228,#3229,.T.);
#2675=EDGE_CURVE('',#3226,#3228,#3230,.T.);
#2676=EDGE_CURVE('',#3231,#3232,#3233,.T.);
#2677=EDGE_CURVE('',#3226,#3232,#3234,.T.);
#2678=EDGE_CURVE('',#3228,#3231,#3235,.T.);
#2679=EDGE_CURVE('',#3189,#3231,#3236,.T.);
#2680=EDGE_CURVE('',#3187,#3232,#3237,.T.);
#2681=EDGE_CURVE('',#3118,#3158,#3238,.T.);
#2682=EDGE_CURVE('',#3239,#3176,#3240,.T.);
#2683=EDGE_CURVE('',#3116,#3173,#3241,.T.);
#2684=EDGE_CURVE('',#3171,#3239,#3242,.T.);
#2685=EDGE_CURVE('',#3183,#3239,#3243,.T.);
#2686=EDGE_CURVE('',#3124,#3244,#3245,.T.);
#2687=EDGE_CURVE('',#3246,#3165,#3247,.T.);
#2688=EDGE_CURVE('',#3246,#3248,#3249,.T.);
#2689=EDGE_CURVE('',#3250,#3248,#3251,.T.);
#2690=EDGE_CURVE('',#3252,#3250,#3253,.T.);
#2691=EDGE_CURVE('',#3254,#3252,#3255,.T.);
#2692=EDGE_CURVE('',#3254,#3256,#3257,.T.);
#2693=EDGE_CURVE('',#3258,#3256,#3259,.T.);
#2694=EDGE_CURVE('',#3260,#3258,#3261,.T.);
#2695=EDGE_CURVE('',#3262,#3260,#3263,.T.);
#2696=EDGE_CURVE('',#3262,#3264,#3265,.T.);
#2697=EDGE_CURVE('',#3266,#3264,#3267,.T.);
#2698=EDGE_CURVE('',#3268,#3266,#3269,.T.);
#2699=EDGE_CURVE('',#3270,#3268,#3271,.T.);
#2700=EDGE_CURVE('',#3270,#3272,#3273,.T.);
#2701=EDGE_CURVE('',#3274,#3272,#3275,.T.);
#2702=EDGE_CURVE('',#3244,#3274,#3276,.T.);
#2703=EDGE_CURVE('',#3277,#3278,#3279,.T.);
#2704=EDGE_CURVE('',#3278,#3280,#3281,.T.);
#2705=EDGE_CURVE('',#3282,#3280,#3283,.T.);
#2706=EDGE_CURVE('',#3277,#3282,#3284,.T.);
#2707=EDGE_CURVE('',#3285,#3286,#3287,.T.);
#2708=EDGE_CURVE('',#3286,#3288,#3289,.T.);
#2709=EDGE_CURVE('',#3290,#3288,#3291,.T.);
#2710=EDGE_CURVE('',#3285,#3290,#3292,.T.);
#2711=EDGE_CURVE('',#3293,#3294,#3295,.T.);
#2712=EDGE_CURVE('',#3294,#3296,#3297,.T.);
#2713=EDGE_CURVE('',#3298,#3296,#3299,.T.);
#2714=EDGE_CURVE('',#3293,#3298,#3300,.T.);
#2715=EDGE_CURVE('',#3301,#3302,#3303,.T.);
#2716=EDGE_CURVE('',#3302,#3304,#3305,.T.);
#2717=EDGE_CURVE('',#3306,#3304,#3307,.T.);
#2718=EDGE_CURVE('',#3301,#3306,#3308,.T.);
#2719=EDGE_CURVE('',#3309,#3310,#3311,.T.);
#2720=EDGE_CURVE('',#3312,#3309,#3313,.T.);
#2721=EDGE_CURVE('',#3314,#3312,#3315,.T.);
#2722=EDGE_CURVE('',#3314,#3310,#3316,.T.);
#2723=EDGE_CURVE('',#1098,#3306,#3317,.T.);
#2724=EDGE_CURVE('',#3301,#1131,#3318,.T.);
#2725=EDGE_CURVE('',#3319,#3320,#3321,.T.);
#2726=EDGE_CURVE('',#3320,#3322,#3323,.T.);
#2727=EDGE_CURVE('',#3322,#3324,#3325,.T.);
#2728=EDGE_CURVE('',#3326,#3324,#3327,.T.);
#2729=EDGE_CURVE('',#3328,#3326,#3329,.T.);
#2730=EDGE_CURVE('',#3330,#3328,#3331,.T.);
#2731=EDGE_CURVE('',#3330,#3332,#3333,.T.);
#2732=EDGE_CURVE('',#3332,#3334,#3335,.T.);
#2733=EDGE_CURVE('',#3334,#3336,#3337,.T.);
#2734=EDGE_CURVE('',#3338,#3336,#3339,.T.);
#2735=EDGE_CURVE('',#3340,#3338,#3341,.T.);
#2736=EDGE_CURVE('',#3319,#3340,#3342,.T.);
#2737=EDGE_CURVE('',#3314,#3343,#3344,.T.);
#2738=EDGE_CURVE('',#3343,#3345,#3346,.T.);
#2739=EDGE_CURVE('',#3310,#3345,#3347,.T.);
#2740=EDGE_CURVE('',#3348,#3349,#3350,.T.);
#2741=EDGE_CURVE('',#3349,#3351,#3352,.T.);
#2742=EDGE_CURVE('',#3353,#3351,#3354,.T.);
#2743=EDGE_CURVE('',#3348,#3353,#3355,.T.);
#2744=EDGE_CURVE('',#3356,#3357,#3358,.T.);
#2745=EDGE_CURVE('',#3357,#3359,#3360,.T.);
#2746=EDGE_CURVE('',#3361,#3359,#3362,.T.);
#2747=EDGE_CURVE('',#3356,#3361,#3363,.T.);
#2748=EDGE_CURVE('',#3364,#3365,#3366,.T.);
#2749=EDGE_CURVE('',#3365,#3367,#3368,.T.);
#2750=EDGE_CURVE('',#3369,#3367,#3370,.T.);
#2751=EDGE_CURVE('',#3364,#3369,#3371,.T.);
#2752=EDGE_CURVE('',#3372,#3373,#3374,.T.);
#2753=EDGE_CURVE('',#3373,#3375,#3376,.T.);
#2754=EDGE_CURVE('',#3377,#3375,#3378,.T.);
#2755=EDGE_CURVE('',#3372,#3377,#3379,.T.);
#2756=EDGE_CURVE('',#3380,#3381,#3382,.T.);
#2757=EDGE_CURVE('',#3381,#3383,#3384,.T.);
#2758=EDGE_CURVE('',#3385,#3383,#3386,.T.);
#2759=EDGE_CURVE('',#3380,#3385,#3387,.T.);
#2760=EDGE_CURVE('',#3388,#3389,#3390,.T.);
#2761=EDGE_CURVE('',#3389,#3391,#3392,.T.);
#2762=EDGE_CURVE('',#3393,#3391,#3394,.T.);
#2763=EDGE_CURVE('',#3388,#3393,#3395,.T.);
#2764=EDGE_CURVE('',#3396,#3397,#3398,.T.);
#2765=EDGE_CURVE('',#3397,#3399,#3400,.T.);
#2766=EDGE_CURVE('',#3401,#3399,#3402,.T.);
#2767=EDGE_CURVE('',#3396,#3401,#3403,.T.);
#2768=EDGE_CURVE('',#3319,#3404,#3405,.T.);
#2769=EDGE_CURVE('',#3406,#3340,#3407,.T.);
#2770=EDGE_CURVE('',#3404,#3406,#3408,.T.);
#2771=EDGE_CURVE('',#3409,#3406,#3410,.T.);
#2772=EDGE_CURVE('',#3411,#3409,#3412,.T.);
#2773=EDGE_CURVE('',#3411,#3413,#3414,.T.);
#2774=EDGE_CURVE('',#3413,#3404,#3415,.T.);
#2775=EDGE_CURVE('',#3413,#3416,#3417,.T.);
#2776=EDGE_CURVE('',#3416,#3320,#3418,.T.);
#2777=EDGE_CURVE('',#3419,#3420,#3421,.T.);
#2778=EDGE_CURVE('',#3419,#3322,#3422,.T.);
#2779=EDGE_CURVE('',#3423,#3416,#3424,.T.);
#2780=EDGE_CURVE('',#3423,#3420,#3425,.T.);
#2781=EDGE_CURVE('',#3420,#3207,#3426,.T.);
#2782=EDGE_CURVE('',#3209,#3423,#3427,.T.);
#2783=EDGE_CURVE('',#3411,#3211,#3428,.T.);
#2784=EDGE_CURVE('',#3409,#3213,#3429,.T.);
#2785=EDGE_CURVE('',#3409,#3430,#3431,.T.);
#2786=EDGE_CURVE('',#3430,#3215,#3432,.T.);
#2787=EDGE_CURVE('',#3430,#3433,#3434,.T.);
#2788=EDGE_CURVE('',#3217,#3433,#3435,.T.);
#2789=EDGE_CURVE('',#3433,#3436,#3437,.T.);
#2790=EDGE_CURVE('',#3438,#3436,#3439,.T.);
#2791=EDGE_CURVE('',#3440,#3438,#3441,.T.);
#2792=EDGE_CURVE('',#3440,#3219,#3442,.T.);
#2793=EDGE_CURVE('',#3443,#3440,#3444,.T.);
#2794=EDGE_CURVE('',#3221,#3443,#3445,.T.);
#2795=EDGE_CURVE('',#3446,#3447,#3448,.T.);
#2796=EDGE_CURVE('',#3446,#3449,#3450,.T.);
#2797=EDGE_CURVE('',#3449,#3223,#3451,.T.);
#2798=EDGE_CURVE('',#3447,#3443,#3452,.T.);
#2799=EDGE_CURVE('',#3438,#3334,#3453,.T.);
#2800=EDGE_CURVE('',#3447,#3332,#3454,.T.);
#2801=EDGE_CURVE('',#3330,#3455,#3456,.T.);
#2802=EDGE_CURVE('',#3446,#3455,#3457,.T.);
#2803=EDGE_CURVE('',#3458,#3459,#3460,.T.);
#2804=EDGE_CURVE('',#3461,#3458,#3462,.T.);
#2805=EDGE_CURVE('',#3463,#3461,#3464,.T.);
#2806=EDGE_CURVE('',#3463,#3449,#3465,.T.);
#2807=EDGE_CURVE('',#3455,#3459,#3466,.T.);
#2808=EDGE_CURVE('',#3459,#3328,#3467,.T.);
#2809=EDGE_CURVE('',#3468,#3326,#3469,.T.);
#2810=EDGE_CURVE('',#3459,#3468,#3470,.T.);
#2811=EDGE_CURVE('',#3471,#3468,#3472,.T.);
#2812=EDGE_CURVE('',#3471,#3473,#3474,.T.);
#2813=EDGE_CURVE('',#3475,#3473,#3476,.T.);
#2814=EDGE_CURVE('',#3475,#3477,#3478,.T.);
#2815=EDGE_CURVE('',#3479,#3477,#3480,.T.);
#2816=EDGE_CURVE('',#3479,#3481,#3482,.T.);
#2817=EDGE_CURVE('',#3481,#3483,#3484,.T.);
#2818=EDGE_CURVE('',#3483,#3458,#3485,.T.);
#2819=EDGE_CURVE('',#3471,#3486,#3487,.T.);
#2820=EDGE_CURVE('',#3486,#3488,#3489,.T.);
#2821=EDGE_CURVE('',#3488,#3473,#3490,.T.);
#2822=EDGE_CURVE('',#3483,#3491,#3492,.T.);
#2823=EDGE_CURVE('',#3491,#3461,#3493,.T.);
#2824=EDGE_CURVE('',#3494,#3488,#3495,.T.);
#2825=EDGE_CURVE('',#3475,#3494,#3496,.T.);
#2826=EDGE_CURVE('',#3201,#3494,#3497,.T.);
#2827=EDGE_CURVE('',#3199,#3477,#3498,.T.);
#2828=EDGE_CURVE('',#3479,#3197,#3499,.T.);
#2829=EDGE_CURVE('',#3500,#3195,#3501,.T.);
#2830=EDGE_CURVE('',#3500,#3481,#3502,.T.);
#2831=EDGE_CURVE('',#3500,#3491,#3503,.T.);
#2832=EDGE_CURVE('',#3463,#3500,#3504,.T.);
#2833=EDGE_CURVE('',#3463,#3194,#3505,.T.);
#2834=EDGE_CURVE('',#3494,#3506,#3507,.T.);
#2835=EDGE_CURVE('',#3506,#3203,#3508,.T.);
#2836=EDGE_CURVE('',#3509,#3506,#3510,.T.);
#2837=EDGE_CURVE('',#3205,#3509,#3511,.T.);
#2838=EDGE_CURVE('',#3512,#3509,#3513,.T.);
#2839=EDGE_CURVE('',#3419,#3512,#3514,.T.);
#2840=EDGE_CURVE('',#3512,#3515,#3516,.T.);
#2841=EDGE_CURVE('',#3515,#3324,#3517,.T.);
#2842=EDGE_CURVE('',#3468,#3515,#3518,.T.);
#2843=EDGE_CURVE('',#3506,#3486,#3519,.T.);
#2844=EDGE_CURVE('',#3436,#3520,#3521,.T.);
#2845=EDGE_CURVE('',#3520,#3336,#3522,.T.);
#2846=EDGE_CURVE('',#3523,#3520,#3524,.T.);
#2847=EDGE_CURVE('',#3523,#3338,#3525,.T.);
#2848=EDGE_CURVE('',#3406,#3523,#3526,.T.);
#2849=EDGE_CURVE('',#3430,#3523,#3527,.T.);
#2850=EDGE_CURVE('',#3528,#3345,#3529,.T.);
#2851=EDGE_CURVE('',#3309,#3528,#3530,.T.);
#2852=EDGE_CURVE('',#3531,#3528,#3532,.T.);
#2853=EDGE_CURVE('',#3312,#3531,#3533,.T.);
#2854=EDGE_CURVE('',#3343,#3531,#3534,.T.);
#2855=EDGE_CURVE('',#3302,#1132,#3535,.T.);
#2856=EDGE_CURVE('',#1100,#3304,#3536,.T.);
#2857=EDGE_CURVE('',#3537,#3353,#3538,.T.);
#2858=EDGE_CURVE('',#3539,#3537,#3540,.T.);
#2859=EDGE_CURVE('',#3348,#3539,#3541,.T.);
#2860=EDGE_CURVE('',#3542,#3282,#3543,.T.);
#2861=EDGE_CURVE('',#3544,#3542,#3545,.T.);
#2862=EDGE_CURVE('',#3277,#3544,#3546,.T.);
#2863=EDGE_CURVE('',#3539,#3547,#3548,.T.);
#2864=EDGE_CURVE('',#3349,#3547,#3549,.T.);
#2865=EDGE_CURVE('',#3547,#3550,#3551,.T.);
#2866=EDGE_CURVE('',#3550,#3351,#3552,.T.);
#2867=EDGE_CURVE('',#3553,#3554,#3555,.T.);
#2868=EDGE_CURVE('',#3554,#3280,#3556,.T.);
#2869=EDGE_CURVE('',#3278,#3553,#3557,.T.);
#2870=EDGE_CURVE('',#3537,#3550,#3558,.T.);
#2871=EDGE_CURVE('',#3544,#3553,#3559,.T.);
#2872=EDGE_CURVE('',#3542,#3554,#3560,.T.);
#2873=EDGE_CURVE('',#3561,#3361,#3562,.T.);
#2874=EDGE_CURVE('',#3563,#3561,#3564,.T.);
#2875=EDGE_CURVE('',#3356,#3563,#3565,.T.);
#2876=EDGE_CURVE('',#3566,#3290,#3567,.T.);
#2877=EDGE_CURVE('',#3568,#3566,#3569,.T.);
#2878=EDGE_CURVE('',#3285,#3568,#3570,.T.);
#2879=EDGE_CURVE('',#3563,#3571,#3572,.T.);
#2880=EDGE_CURVE('',#3357,#3571,#3573,.T.);
#2881=EDGE_CURVE('',#3571,#3574,#3575,.T.);
#2882=EDGE_CURVE('',#3574,#3359,#3576,.T.);
#2883=EDGE_CURVE('',#3577,#3578,#3579,.T.);
#2884=EDGE_CURVE('',#3578,#3288,#3580,.T.);
#2885=EDGE_CURVE('',#3286,#3577,#3581,.T.);
#2886=EDGE_CURVE('',#3561,#3574,#3582,.T.);
#2887=EDGE_CURVE('',#3568,#3577,#3583,.T.);
#2888=EDGE_CURVE('',#3566,#3578,#3584,.T.);
#2889=EDGE_CURVE('',#3585,#3369,#3586,.T.);
#2890=EDGE_CURVE('',#3587,#3585,#3588,.T.);
#2891=EDGE_CURVE('',#3364,#3587,#3589,.T.);
#2892=EDGE_CURVE('',#3590,#3298,#3591,.T.);
#2893=EDGE_CURVE('',#3108,#3590,#3592,.T.);
#2894=EDGE_CURVE('',#3593,#3105,#3594,.T.);
#2895=EDGE_CURVE('',#3595,#3593,#3596,.T.);
#2896=EDGE_CURVE('',#3597,#3595,#3598,.T.);
#2897=EDGE_CURVE('',#3599,#3597,#3600,.T.);
#2898=EDGE_CURVE('',#3098,#3599,#3601,.T.);
#2899=EDGE_CURVE('',#3602,#3102,#3603,.T.);
#2900=EDGE_CURVE('',#3293,#3602,#3604,.T.);
#2901=EDGE_CURVE('',#3587,#3605,#3606,.T.);
#2902=EDGE_CURVE('',#3365,#3605,#3607,.T.);
#2903=EDGE_CURVE('',#3605,#3608,#3609,.T.);
#2904=EDGE_CURVE('',#3608,#3367,#3610,.T.);
#2905=EDGE_CURVE('',#3294,#3611,#3612,.T.);
#2906=EDGE_CURVE('',#3611,#3100,#3613,.T.);
#2907=EDGE_CURVE('',#3097,#3614,#3615,.T.);
#2908=EDGE_CURVE('',#3614,#3616,#3617,.T.);
#2909=EDGE_CURVE('',#3616,#3618,#3619,.T.);
#2910=EDGE_CURVE('',#3618,#3620,#3621,.T.);
#2911=EDGE_CURVE('',#3620,#3106,#3622,.T.);
#2912=EDGE_CURVE('',#3110,#3623,#3624,.T.);
#2913=EDGE_CURVE('',#3623,#3296,#3625,.T.);
#2914=EDGE_CURVE('',#3585,#3608,#3626,.T.);
#2915=EDGE_CURVE('',#3590,#3623,#3627,.T.);
#2916=EDGE_CURVE('',#3620,#3593,#3628,.T.);
#2917=EDGE_CURVE('',#3618,#3595,#3629,.T.);
#2918=EDGE_CURVE('',#3616,#3597,#3630,.T.);
#2919=EDGE_CURVE('',#3614,#3599,#3631,.T.);
#2920=EDGE_CURVE('',#3602,#3611,#3632,.T.);
#2921=EDGE_CURVE('',#3633,#3377,#3634,.T.);
#2922=EDGE_CURVE('',#3635,#3633,#3636,.T.);
#2923=EDGE_CURVE('',#3372,#3635,#3637,.T.);
#2924=EDGE_CURVE('',#3638,#3250,#3639,.T.);
#2925=EDGE_CURVE('',#3092,#3638,#3640,.T.);
#2926=EDGE_CURVE('',#3641,#3089,#3642,.T.);
#2927=EDGE_CURVE('',#3643,#3641,#3644,.T.);
#2928=EDGE_CURVE('',#3645,#3643,#3646,.T.);
#2929=EDGE_CURVE('',#3647,#3645,#3648,.T.);
#2930=EDGE_CURVE('',#3082,#3647,#3649,.T.);
#2931=EDGE_CURVE('',#3650,#3086,#3651,.T.);
#2932=EDGE_CURVE('',#3252,#3650,#3652,.T.);
#2933=EDGE_CURVE('',#3635,#3653,#3654,.T.);
#2934=EDGE_CURVE('',#3373,#3653,#3655,.T.);
#2935=EDGE_CURVE('',#3653,#3656,#3657,.T.);
#2936=EDGE_CURVE('',#3656,#3375,#3658,.T.);
#2937=EDGE_CURVE('',#3246,#3659,#3660,.T.);
#2938=EDGE_CURVE('',#3659,#3084,#3661,.T.);
#2939=EDGE_CURVE('',#3081,#3662,#3663,.T.);
#2940=EDGE_CURVE('',#3662,#3664,#3665,.T.);
#2941=EDGE_CURVE('',#3664,#3666,#3667,.T.);
#2942=EDGE_CURVE('',#3666,#3668,#3669,.T.);
#2943=EDGE_CURVE('',#3668,#3090,#3670,.T.);
#2944=EDGE_CURVE('',#3094,#3671,#3672,.T.);
#2945=EDGE_CURVE('',#3671,#3248,#3673,.T.);
#2946=EDGE_CURVE('',#3633,#3656,#3674,.T.);
#2947=EDGE_CURVE('',#3638,#3671,#3675,.T.);
#2948=EDGE_CURVE('',#3668,#3641,#3676,.T.);
#2949=EDGE_CURVE('',#3666,#3643,#3677,.T.);
#2950=EDGE_CURVE('',#3664,#3645,#3678,.T.);
#2951=EDGE_CURVE('',#3662,#3647,#3679,.T.);
#2952=EDGE_CURVE('',#3650,#3659,#3680,.T.);
#2953=EDGE_CURVE('',#3270,#3681,#3682,.T.);
#2954=EDGE_CURVE('',#3268,#3683,#3684,.T.);
#2955=EDGE_CURVE('',#3683,#3685,#3686,.T.);
#2956=EDGE_CURVE('',#3262,#3685,#3687,.T.);
#2957=EDGE_CURVE('',#3260,#3688,#3689,.T.);
#2958=EDGE_CURVE('',#3688,#3690,#3691,.T.);
#2959=EDGE_CURVE('',#3254,#3690,#3692,.T.);
#2960=EDGE_CURVE('',#3163,#3147,#3693,.T.);
#2961=EDGE_CURVE('',#3142,#3694,#3695,.T.);
#2962=EDGE_CURVE('',#3126,#3694,#3696,.T.);
#2963=EDGE_CURVE('',#3244,#3697,#3698,.T.);
#2964=EDGE_CURVE('',#3697,#3681,#3699,.T.);
#2965=EDGE_CURVE('',#3697,#3078,#3700,.T.);
#2966=EDGE_CURVE('',#3681,#3076,#3701,.T.);
#2967=EDGE_CURVE('',#3397,#3702,#3703,.T.);
#2968=EDGE_CURVE('',#3702,#3704,#3705,.T.);
#2969=EDGE_CURVE('',#3704,#3399,#3706,.T.);
#2970=EDGE_CURVE('',#3073,#3707,#3708,.T.);
#2971=EDGE_CURVE('',#3707,#3709,#3710,.T.);
#2972=EDGE_CURVE('',#3709,#3711,#3712,.T.);
#2973=EDGE_CURVE('',#3711,#3713,#3714,.T.);
#2974=EDGE_CURVE('',#3713,#3066,#3715,.T.);
#2975=EDGE_CURVE('',#3070,#3716,#3717,.T.);
#2976=EDGE_CURVE('',#3716,#3272,#3718,.T.);
#2977=EDGE_CURVE('',#3719,#3704,#3720,.T.);
#2978=EDGE_CURVE('',#3719,#3401,#3721,.T.);
#2979=EDGE_CURVE('',#3722,#3719,#3723,.T.);
#2980=EDGE_CURVE('',#3396,#3722,#3724,.T.);
#2981=EDGE_CURVE('',#3725,#3274,#3726,.T.);
#2982=EDGE_CURVE('',#3068,#3725,#3727,.T.);
#2983=EDGE_CURVE('',#3728,#3065,#3729,.T.);
#2984=EDGE_CURVE('',#3730,#3728,#3731,.T.);
#2985=EDGE_CURVE('',#3732,#3730,#3733,.T.);
#2986=EDGE_CURVE('',#3734,#3732,#3735,.T.);
#2987=EDGE_CURVE('',#3074,#3734,#3736,.T.);
#2988=EDGE_CURVE('',#3722,#3702,#3737,.T.);
#2989=EDGE_CURVE('',#3707,#3734,#3738,.T.);
#2990=EDGE_CURVE('',#3709,#3732,#3739,.T.);
#2991=EDGE_CURVE('',#3711,#3730,#3740,.T.);
#2992=EDGE_CURVE('',#3713,#3728,#3741,.T.);
#2993=EDGE_CURVE('',#3725,#3716,#3742,.T.);
#2994=EDGE_CURVE('',#3131,#3694,#3743,.T.);
#2995=EDGE_CURVE('',#3381,#3744,#3745,.T.);
#2996=EDGE_CURVE('',#3744,#3746,#3747,.T.);
#2997=EDGE_CURVE('',#3746,#3383,#3748,.T.);
#2998=EDGE_CURVE('',#3690,#3749,#3750,.T.);
#2999=EDGE_CURVE('',#3749,#3256,#3751,.T.);
#3000=EDGE_CURVE('',#3752,#3746,#3753,.T.);
#3001=EDGE_CURVE('',#3752,#3385,#3754,.T.);
#3002=EDGE_CURVE('',#3755,#3752,#3756,.T.);
#3003=EDGE_CURVE('',#3380,#3755,#3757,.T.);
#3004=EDGE_CURVE('',#3758,#3258,#3759,.T.);
#3005=EDGE_CURVE('',#3688,#3758,#3760,.T.);
#3006=EDGE_CURVE('',#3755,#3744,#3761,.T.);
#3007=EDGE_CURVE('',#3758,#3749,#3762,.T.);
#3008=EDGE_CURVE('',#3389,#3763,#3764,.T.);
#3009=EDGE_CURVE('',#3763,#3765,#3766,.T.);
#3010=EDGE_CURVE('',#3765,#3391,#3767,.T.);
#3011=EDGE_CURVE('',#3685,#3768,#3769,.T.);
#3012=EDGE_CURVE('',#3768,#3264,#3770,.T.);
#3013=EDGE_CURVE('',#3771,#3765,#3772,.T.);
#3014=EDGE_CURVE('',#3771,#3393,#3773,.T.);
#3015=EDGE_CURVE('',#3774,#3771,#3775,.T.);
#3016=EDGE_CURVE('',#3388,#3774,#3776,.T.);
#3017=EDGE_CURVE('',#3777,#3266,#3778,.T.);
#3018=EDGE_CURVE('',#3683,#3777,#3779,.T.);
#3019=EDGE_CURVE('',#3774,#3763,#3780,.T.);
#3020=EDGE_CURVE('',#3777,#3768,#3781,.T.);
#3021=DIRECTION('',(1.0,-0.0,0.0));
#3022=CARTESIAN_POINT('',(-5.5,-3.65,-6.15));
#3023=DIRECTION('',(-1.0,0.0,0.0));
#3024=DIRECTION('',(0.0,0.30631572517909,-0.951929974582169));
#3025=DIRECTION('',(1.0,0.0,0.0));
#3026=CARTESIAN_POINT('',(-5.0,-3.65,-6.15));
#3027=DIRECTION('',(-1.0,0.0,0.0));
#3028=DIRECTION('',(0.0,0.30631572517909,-0.951929974582169));
#3029=DIRECTION('',(-1.0,0.0,-0.0));
#3030=CARTESIAN_POINT('',(-5.0,-3.65,-5.912624359643));
#3031=DIRECTION('',(1.0,0.0,0.0));
#3032=DIRECTION('',(0.0,-0.112162803830803,-0.993689843682028));
#3033=DIRECTION('',(1.0,0.0,0.0));
#3034=CARTESIAN_POINT('',(-5.5,-3.65,-5.912624359643));
#3035=DIRECTION('',(1.0,0.0,0.0));
#3036=DIRECTION('',(0.0,-0.112162803830803,-0.993689843682028));
#3037=DIRECTION('',(0.0,0.951929974582169,0.30631572517909));
#3038=DIRECTION('',(-1.0,0.0,0.0));
#3039=DIRECTION('',(0.0,0.951929974582169,0.30631572517909));
#3040=CARTESIAN_POINT('',(-5.5,-3.65,-5.912624359643));
#3041=DIRECTION('',(1.0,0.0,0.0));
#3042=DIRECTION('',(0.0,-0.112162803830803,-0.993689843682028));
#3043=DIRECTION('',(1.0,0.0,0.0));
#3044=CARTESIAN_POINT('',(-5.0,-3.65,-5.912624359643));
#3045=DIRECTION('',(1.0,0.0,0.0));
#3046=DIRECTION('',(0.0,-0.112162803830803,-0.993689843682028));
#3047=DIRECTION('',(1.0,0.0,0.0));
#3048=DIRECTION('',(0.0,0.993689843682028,-0.112162803830803));
#3049=DIRECTION('',(0.0,0.993689843682028,-0.112162803830803));
#3050=DIRECTION('',(1.0,0.0,0.0));
#3051=DIRECTION('',(0.0,0.112162803830803,0.993689843682028));
#3052=DIRECTION('',(0.0,0.112162803830803,0.993689843682028));
#3053=DIRECTION('',(1.0,0.0,0.0));
#3054=DIRECTION('',(0.0,-0.993689843682028,0.112162803830803));
#3055=DIRECTION('',(0.0,-0.993689843682028,0.112162803830803));
#3056=CARTESIAN_POINT('',(-5.0,-3.65,-6.15));
#3057=DIRECTION('',(-1.0,0.0,0.0));
#3058=DIRECTION('',(0.0,0.30631572517909,-0.951929974582169));
#3059=CARTESIAN_POINT('',(-5.5,-3.65,-6.15));
#3060=DIRECTION('',(-1.0,0.0,0.0));
#3061=DIRECTION('',(0.0,0.30631572517909,-0.951929974582169));
#3062=DIRECTION('',(-1.0,0.0,0.0));
#3063=DIRECTION('',(0.0,-0.951929974582169,-0.30631572517909));
#3064=DIRECTION('',(0.0,-0.951929974582169,-0.30631572517909));
#3065=VERTEX_POINT('',#3782);
#3066=VERTEX_POINT('',#3783);
#3067=LINE('',#3784,#3785);
#3068=VERTEX_POINT('',#3786);
#3069=CIRCLE('',#3787,0.5);
#3070=VERTEX_POINT('',#3788);
#3071=LINE('',#3789,#3790);
#3072=CIRCLE('',#3791,0.5);
#3073=VERTEX_POINT('',#3792);
#3074=VERTEX_POINT('',#3793);
#3075=LINE('',#3794,#3795);
#3076=VERTEX_POINT('',#3796);
#3077=CIRCLE('',#3797,0.25);
#3078=VERTEX_POINT('',#3798);
#3079=LINE('',#3799,#3800);
#3080=CIRCLE('',#3801,0.25);
#3081=VERTEX_POINT('',#3802);
#3082=VERTEX_POINT('',#3803);
#3083=LINE('',#3804,#3805);
#3084=VERTEX_POINT('',#3806);
#3085=CIRCLE('',#3807,0.25);
#3086=VERTEX_POINT('',#3808);
#3087=LINE('',#3809,#3810);
#3088=CIRCLE('',#3811,0.25);
#3089=VERTEX_POINT('',#3812);
#3090=VERTEX_POINT('',#3813);
#3091=LINE('',#3814,#3815);
#3092=VERTEX_POINT('',#3816);
#3093=CIRCLE('',#3817,0.5);
#3094=VERTEX_POINT('',#3818);
#3095=LINE('',#3819,#3820);
#3096=CIRCLE('',#3821,0.5);
#3097=VERTEX_POINT('',#3822);
#3098=VERTEX_POINT('',#3823);
#3099=LINE('',#3824,#3825);
#3100=VERTEX_POINT('',#3826);
#3101=CIRCLE('',#3827,0.5);
#3102=VERTEX_POINT('',#3828);
#3103=LINE('',#3829,#3830);
#3104=CIRCLE('',#3831,0.5);
#3105=VERTEX_POINT('',#3832);
#3106=VERTEX_POINT('',#3833);
#3107=LINE('',#3834,#3835);
#3108=VERTEX_POINT('',#3836);
#3109=CIRCLE('',#3837,0.25);
#3110=VERTEX_POINT('',#3838);
#3111=LINE('',#3839,#3840);
#3112=CIRCLE('',#3841,0.25);
#3113=VERTEX_POINT('',#3842);
#3114=VERTEX_POINT('',#3843);
#3115=LINE('',#3844,#3845);
#3116=VERTEX_POINT('',#3846);
#3117=LINE('',#3847,#3848);
#3118=VERTEX_POINT('',#3849);
#3119=LINE('',#3850,#3851);
#3120=VERTEX_POINT('',#3852);
#3121=LINE('',#3853,#3854);
#3122=VERTEX_POINT('',#3855);
#3123=LINE('',#3856,#3857);
#3124=VERTEX_POINT('',#3858);
#3125=LINE('',#3859,#3860);
#3126=VERTEX_POINT('',#3861);
#3127=LINE('',#3862,#3863);
#3128=VERTEX_POINT('',#3864);
#3129=LINE('',#3865,#3866);
#3130=LINE('',#3867,#3868);
#3131=VERTEX_POINT('',#3869);
#3132=LINE('',#3870,#3871);
#3133=VERTEX_POINT('',#3872);
#3134=LINE('',#3873,#3874);
#3135=LINE('',#3875,#3876);
#3136=VERTEX_POINT('',#3877);
#3137=VERTEX_POINT('',#3878);
#3138=LINE('',#3879,#3880);
#3139=VERTEX_POINT('',#3881);
#3140=LINE('',#3882,#3883);
#3141=LINE('',#3884,#3885);
#3142=VERTEX_POINT('',#3886);
#3143=LINE('',#3887,#3888);
#3144=VERTEX_POINT('',#3889);
#3145=LINE('',#3890,#3891);
#3146=LINE('',#3892,#3893);
#3147=VERTEX_POINT('',#3894);
#3148=LINE('',#3895,#3896);
#3149=VERTEX_POINT('',#3897);
#3150=LINE('',#3898,#3899);
#3151=LINE('',#3900,#3901);
#3152=VERTEX_POINT('',#3902);
#3153=LINE('',#3903,#3904);
#3154=LINE('',#3905,#3906);
#3155=VERTEX_POINT('',#3907);
#3156=VERTEX_POINT('',#3908);
#3157=LINE('',#3909,#3910);
#3158=VERTEX_POINT('',#3911);
#3159=LINE('',#3912,#3913);
#3160=VERTEX_POINT('',#3914);
#3161=LINE('',#3915,#3916);
#3162=LINE('',#3917,#3918);
#3163=VERTEX_POINT('',#3919);
#3164=LINE('',#3920,#3921);
#3165=VERTEX_POINT('',#3922);
#3166=LINE('',#3923,#3924);
#3167=VERTEX_POINT('',#3925);
#3168=LINE('',#3926,#3927);
#3169=VERTEX_POINT('',#3928);
#3170=LINE('',#3929,#3930);
#3171=VERTEX_POINT('',#3931);
#3172=LINE('',#3932,#3933);
#3173=VERTEX_POINT('',#3934);
#3174=LINE('',#3935,#3936);
#3175=LINE('',#3937,#3938);
#3176=VERTEX_POINT('',#3939);
#3177=LINE('',#3940,#3941);
#3178=VERTEX_POINT('',#3942);
#3179=LINE('',#3943,#3944);
#3180=LINE('',#3945,#3946);
#3181=VERTEX_POINT('',#3947);
#3182=LINE('',#3948,#3949);
#3183=VERTEX_POINT('',#3950);
#3184=LINE('',#3951,#3952);
#3185=LINE('',#3953,#3954);
#3186=LINE('',#3955,#3956);
#3187=VERTEX_POINT('',#3957);
#3188=LINE('',#3958,#3959);
#3189=VERTEX_POINT('',#3960);
#3190=LINE('',#3961,#3962);
#3191=VERTEX_POINT('',#3963);
#3192=LINE('',#3964,#3965);
#3193=LINE('',#3966,#3967);
#3194=VERTEX_POINT('',#3968);
#3195=VERTEX_POINT('',#3969);
#3196=LINE('',#3970,#3971);
#3197=VERTEX_POINT('',#3972);
#3198=LINE('',#3973,#3974);
#3199=VERTEX_POINT('',#3975);
#3200=LINE('',#3976,#3977);
#3201=VERTEX_POINT('',#3978);
#3202=LINE('',#3979,#3980);
#3203=VERTEX_POINT('',#3981);
#3204=LINE('',#3982,#3983);
#3205=VERTEX_POINT('',#3984);
#3206=LINE('',#3985,#3986);
#3207=VERTEX_POINT('',#3987);
#3208=LINE('',#3988,#3989);
#3209=VERTEX_POINT('',#3990);
#3210=LINE('',#3991,#3992);
#3211=VERTEX_POINT('',#3993);
#3212=LINE('',#3994,#3995);
#3213=VERTEX_POINT('',#3996);
#3214=LINE('',#3997,#3998);
#3215=VERTEX_POINT('',#3999);
#3216=LINE('',#4000,#4001);
#3217=VERTEX_POINT('',#4002);
#3218=LINE('',#4003,#4004);
#3219=VERTEX_POINT('',#4005);
#3220=LINE('',#4006,#4007);
#3221=VERTEX_POINT('',#4008);
#3222=LINE('',#4009,#4010);
#3223=VERTEX_POINT('',#4011);
#3224=LINE('',#4012,#4013);
#3225=LINE('',#4014,#4015);
#3226=VERTEX_POINT('',#4016);
#3227=LINE('',#4017,#4018);
#3228=VERTEX_POINT('',#4019);
#3229=LINE('',#4020,#4021);
#3230=LINE('',#4022,#4023);
#3231=VERTEX_POINT('',#4024);
#3232=VERTEX_POINT('',#4025);
#3233=LINE('',#4026,#4027);
#3234=LINE('',#4028,#4029);
#3235=LINE('',#4030,#4031);
#3236=LINE('',#4032,#4033);
#3237=LINE('',#4034,#4035);
#3238=LINE('',#4036,#4037);
#3239=VERTEX_POINT('',#4038);
#3240=LINE('',#4039,#4040);
#3241=LINE('',#4041,#4042);
#3242=LINE('',#4043,#4044);
#3243=LINE('',#4045,#4046);
#3244=VERTEX_POINT('',#4047);
#3245=LINE('',#4048,#4049);
#3246=VERTEX_POINT('',#4050);
#3247=LINE('',#4051,#4052);
#3248=VERTEX_POINT('',#4053);
#3249=LINE('',#4054,#4055);
#3250=VERTEX_POINT('',#4056);
#3251=LINE('',#4057,#4058);
#3252=VERTEX_POINT('',#4059);
#3253=LINE('',#4060,#4061);
#3254=VERTEX_POINT('',#4062);
#3255=LINE('',#4063,#4064);
#3256=VERTEX_POINT('',#4065);
#3257=LINE('',#4066,#4067);
#3258=VERTEX_POINT('',#4068);
#3259=LINE('',#4069,#4070);
#3260=VERTEX_POINT('',#4071);
#3261=LINE('',#4072,#4073);
#3262=VERTEX_POINT('',#4074);
#3263=LINE('',#4075,#4076);
#3264=VERTEX_POINT('',#4077);
#3265=LINE('',#4078,#4079);
#3266=VERTEX_POINT('',#4080);
#3267=LINE('',#4081,#4082);
#3268=VERTEX_POINT('',#4083);
#3269=LINE('',#4084,#4085);
#3270=VERTEX_POINT('',#4086);
#3271=LINE('',#4087,#4088);
#3272=VERTEX_POINT('',#4089);
#3273=LINE('',#4090,#4091);
#3274=VERTEX_POINT('',#4092);
#3275=LINE('',#4093,#4094);
#3276=LINE('',#4095,#4096);
#3277=VERTEX_POINT('',#4097);
#3278=VERTEX_POINT('',#4098);
#3279=LINE('',#4099,#4100);
#3280=VERTEX_POINT('',#4101);
#3281=LINE('',#4102,#4103);
#3282=VERTEX_POINT('',#4104);
#3283=LINE('',#4105,#4106);
#3284=LINE('',#4107,#4108);
#3285=VERTEX_POINT('',#4109);
#3286=VERTEX_POINT('',#4110);
#3287=LINE('',#4111,#4112);
#3288=VERTEX_POINT('',#4113);
#3289=LINE('',#4114,#4115);
#3290=VERTEX_POINT('',#4116);
#3291=LINE('',#4117,#4118);
#3292=LINE('',#4119,#4120);
#3293=VERTEX_POINT('',#4121);
#3294=VERTEX_POINT('',#4122);
#3295=LINE('',#4123,#4124);
#3296=VERTEX_POINT('',#4125);
#3297=LINE('',#4126,#4127);
#3298=VERTEX_POINT('',#4128);
#3299=LINE('',#4129,#4130);
#3300=LINE('',#4131,#4132);
#3301=VERTEX_POINT('',#4133);
#3302=VERTEX_POINT('',#4134);
#3303=LINE('',#4135,#4136);
#3304=VERTEX_POINT('',#4137);
#3305=LINE('',#4138,#4139);
#3306=VERTEX_POINT('',#4140);
#3307=LINE('',#4141,#4142);
#3308=LINE('',#4143,#4144);
#3309=VERTEX_POINT('',#4145);
#3310=VERTEX_POINT('',#4146);
#3311=LINE('',#4147,#4148);
#3312=VERTEX_POINT('',#4149);
#3313=LINE('',#4150,#4151);
#3314=VERTEX_POINT('',#4152);
#3315=LINE('',#4153,#4154);
#3316=LINE('',#4155,#4156);
#3317=LINE('',#4157,#4158);
#3318=LINE('',#4159,#4160);
#3319=VERTEX_POINT('',#4161);
#3320=VERTEX_POINT('',#4162);
#3321=LINE('',#4163,#4164);
#3322=VERTEX_POINT('',#4165);
#3323=LINE('',#4166,#4167);
#3324=VERTEX_POINT('',#4168);
#3325=LINE('',#4169,#4170);
#3326=VERTEX_POINT('',#4171);
#3327=LINE('',#4172,#4173);
#3328=VERTEX_POINT('',#4174);
#3329=LINE('',#4175,#4176);
#3330=VERTEX_POINT('',#4177);
#3331=LINE('',#4178,#4179);
#3332=VERTEX_POINT('',#4180);
#3333=LINE('',#4181,#4182);
#3334=VERTEX_POINT('',#4183);
#3335=LINE('',#4184,#4185);
#3336=VERTEX_POINT('',#4186);
#3337=LINE('',#4187,#4188);
#3338=VERTEX_POINT('',#4189);
#3339=LINE('',#4190,#4191);
#3340=VERTEX_POINT('',#4192);
#3341=LINE('',#4193,#4194);
#3342=LINE('',#4195,#4196);
#3343=VERTEX_POINT('',#4197);
#3344=LINE('',#4198,#4199);
#3345=VERTEX_POINT('',#4200);
#3346=LINE('',#4201,#4202);
#3347=LINE('',#4203,#4204);
#3348=VERTEX_POINT('',#4205);
#3349=VERTEX_POINT('',#4206);
#3350=LINE('',#4207,#4208);
#3351=VERTEX_POINT('',#4209);
#3352=LINE('',#4210,#4211);
#3353=VERTEX_POINT('',#4212);
#3354=LINE('',#4213,#4214);
#3355=LINE('',#4215,#4216);
#3356=VERTEX_POINT('',#4217);
#3357=VERTEX_POINT('',#4218);
#3358=LINE('',#4219,#4220);
#3359=VERTEX_POINT('',#4221);
#3360=LINE('',#4222,#4223);
#3361=VERTEX_POINT('',#4224);
#3362=LINE('',#4225,#4226);
#3363=LINE('',#4227,#4228);
#3364=VERTEX_POINT('',#4229);
#3365=VERTEX_POINT('',#4230);
#3366=LINE('',#4231,#4232);
#3367=VERTEX_POINT('',#4233);
#3368=LINE('',#4234,#4235);
#3369=VERTEX_POINT('',#4236);
#3370=LINE('',#4237,#4238);
#3371=LINE('',#4239,#4240);
#3372=VERTEX_POINT('',#4241);
#3373=VERTEX_POINT('',#4242);
#3374=LINE('',#4243,#4244);
#3375=VERTEX_POINT('',#4245);
#3376=LINE('',#4246,#4247);
#3377=VERTEX_POINT('',#4248);
#3378=LINE('',#4249,#4250);
#3379=LINE('',#4251,#4252);
#3380=VERTEX_POINT('',#4253);
#3381=VERTEX_POINT('',#4254);
#3382=LINE('',#4255,#4256);
#3383=VERTEX_POINT('',#4257);
#3384=LINE('',#4258,#4259);
#3385=VERTEX_POINT('',#4260);
#3386=LINE('',#4261,#4262);
#3387=LINE('',#4263,#4264);
#3388=VERTEX_POINT('',#4265);
#3389=VERTEX_POINT('',#4266);
#3390=LINE('',#4267,#4268);
#3391=VERTEX_POINT('',#4269);
#3392=LINE('',#4270,#4271);
#3393=VERTEX_POINT('',#4272);
#3394=LINE('',#4273,#4274);
#3395=LINE('',#4275,#4276);
#3396=VERTEX_POINT('',#4277);
#3397=VERTEX_POINT('',#4278);
#3398=LINE('',#4279,#4280);
#3399=VERTEX_POINT('',#4281);
#3400=LINE('',#4282,#4283);
#3401=VERTEX_POINT('',#4284);
#3402=LINE('',#4285,#4286);
#3403=LINE('',#4287,#4288);
#3404=VERTEX_POINT('',#4289);
#3405=CIRCLE('',#4290,0.2);
#3406=VERTEX_POINT('',#4291);
#3407=B_SPLINE_CURVE_WITH_KNOTS('',3,(#4292,#4293,#4294,#4295,#4296,#4297,#4298,#4299,#4300),.UNSPECIFIED.,.F.,.F.,(4,1,1,1,1,1,4),(0.0,0.1666666666667,0.3333333333333,0.5,0.6666666666667,0.8333333333333,1.0),.UNSPECIFIED.);
#3408=LINE('',#4301,#4302);
#3409=VERTEX_POINT('',#4303);
#3410=LINE('',#4304,#4305);
#3411=VERTEX_POINT('',#4306);
#3412=LINE('',#4307,#4308);
#3413=VERTEX_POINT('',#4309);
#3414=LINE('',#4310,#4311);
#3415=LINE('',#4312,#4313);
#3416=VERTEX_POINT('',#4314);
#3417=LINE('',#4315,#4316);
#3418=LINE('',#4317,#4318);
#3419=VERTEX_POINT('',#4319);
#3420=VERTEX_POINT('',#4320);
#3421=LINE('',#4321,#4322);
#3422=LINE('',#4323,#4324);
#3423=VERTEX_POINT('',#4325);
#3424=LINE('',#4326,#4327);
#3425=LINE('',#4328,#4329);
#3426=LINE('',#4330,#4331);
#3427=LINE('',#4332,#4333);
#3428=LINE('',#4334,#4335);
#3429=LINE('',#4336,#4337);
#3430=VERTEX_POINT('',#4338);
#3431=LINE('',#4339,#4340);
#3432=LINE('',#4341,#4342);
#3433=VERTEX_POINT('',#4343);
#3434=LINE('',#4344,#4345);
#3435=LINE('',#4346,#4347);
#3436=VERTEX_POINT('',#4348);
#3437=LINE('',#4349,#4350);
#3438=VERTEX_POINT('',#4351);
#3439=LINE('',#4352,#4353);
#3440=VERTEX_POINT('',#4354);
#3441=LINE('',#4355,#4356);
#3442=LINE('',#4357,#4358);
#3443=VERTEX_POINT('',#4359);
#3444=LINE('',#4360,#4361);
#3445=LINE('',#4362,#4363);
#3446=VERTEX_POINT('',#4364);
#3447=VERTEX_POINT('',#4365);
#3448=LINE('',#4366,#4367);
#3449=VERTEX_POINT('',#4368);
#3450=LINE('',#4369,#4370);
#3451=LINE('',#4371,#4372);
#3452=LINE('',#4373,#4374);
#3453=LINE('',#4375,#4376);
#3454=LINE('',#4377,#4378);
#3455=VERTEX_POINT('',#4379);
#3456=CIRCLE('',#4380,0.2);
#3457=LINE('',#4381,#4382);
#3458=VERTEX_POINT('',#4383);
#3459=VERTEX_POINT('',#4384);
#3460=LINE('',#4385,#4386);
#3461=VERTEX_POINT('',#4387);
#3462=LINE('',#4388,#4389);
#3463=VERTEX_POINT('',#4390);
#3464=LINE('',#4391,#4392);
#3465=LINE('',#4393,#4394);
#3466=LINE('',#4395,#4396);
#3467=B_SPLINE_CURVE_WITH_KNOTS('',3,(#4397,#4398,#4399,#4400,#4401,#4402,#4403,#4404,#4405),.UNSPECIFIED.,.F.,.F.,(4,1,1,1,1,1,4),(0.0,0.1666666666667,0.3333333333333,0.5,0.6666666666667,0.8333333333333,1.0),.UNSPECIFIED.);
#3468=VERTEX_POINT('',#4406);
#3469=B_SPLINE_CURVE_WITH_KNOTS('',3,(#4407,#4408,#4409,#4410,#4411,#4412,#4413,#4414,#4415),.UNSPECIFIED.,.F.,.F.,(4,1,1,1,1,1,4),(0.0,0.1666666666667,0.3333333333333,0.5,0.6666666666667,0.8333333333333,1.0),.UNSPECIFIED.);
#3470=LINE('',#4416,#4417);
#3471=VERTEX_POINT('',#4418);
#3472=LINE('',#4419,#4420);
#3473=VERTEX_POINT('',#4421);
#3474=LINE('',#4422,#4423);
#3475=VERTEX_POINT('',#4424);
#3476=LINE('',#4425,#4426);
#3477=VERTEX_POINT('',#4427);
#3478=LINE('',#4428,#4429);
#3479=VERTEX_POINT('',#4430);
#3480=LINE('',#4431,#4432);
#3481=VERTEX_POINT('',#4433);
#3482=LINE('',#4434,#4435);
#3483=VERTEX_POINT('',#4436);
#3484=LINE('',#4437,#4438);
#3485=LINE('',#4439,#4440);
#3486=VERTEX_POINT('',#4441);
#3487=LINE('',#4442,#4443);
#3488=VERTEX_POINT('',#4444);
#3489=LINE('',#4445,#4446);
#3490=LINE('',#4447,#4448);
#3491=VERTEX_POINT('',#4449);
#3492=LINE('',#4450,#4451);
#3493=LINE('',#4452,#4453);
#3494=VERTEX_POINT('',#4454);
#3495=LINE('',#4455,#4456);
#3496=LINE('',#4457,#4458);
#3497=LINE('',#4459,#4460);
#3498=LINE('',#4461,#4462);
#3499=LINE('',#4463,#4464);
#3500=VERTEX_POINT('',#4465);
#3501=LINE('',#4466,#4467);
#3502=LINE('',#4468,#4469);
#3503=LINE('',#4470,#4471);
#3504=LINE('',#4472,#4473);
#3505=LINE('',#4474,#4475);
#3506=VERTEX_POINT('',#4476);
#3507=LINE('',#4477,#4478);
#3508=LINE('',#4479,#4480);
#3509=VERTEX_POINT('',#4481);
#3510=LINE('',#4482,#4483);
#3511=LINE('',#4484,#4485);
#3512=VERTEX_POINT('',#4486);
#3513=LINE('',#4487,#4488);
#3514=LINE('',#4489,#4490);
#3515=VERTEX_POINT('',#4491);
#3516=LINE('',#4492,#4493);
#3517=CIRCLE('',#4494,0.2);
#3518=LINE('',#4495,#4496);
#3519=LINE('',#4497,#4498);
#3520=VERTEX_POINT('',#4499);
#3521=LINE('',#4500,#4501);
#3522=CIRCLE('',#4502,0.2);
#3523=VERTEX_POINT('',#4503);
#3524=LINE('',#4504,#4505);
#3525=B_SPLINE_CURVE_WITH_KNOTS('',3,(#4506,#4507,#4508,#4509,#4510,#4511,#4512,#4513,#4514),.UNSPECIFIED.,.F.,.F.,(4,1,1,1,1,1,4),(0.0,0.1666666666667,0.3333333333333,0.5,0.6666666666667,0.8333333333333,1.0),.UNSPECIFIED.);
#3526=LINE('',#4515,#4516);
#3527=LINE('',#4517,#4518);
#3528=VERTEX_POINT('',#4519);
#3529=LINE('',#4520,#4521);
#3530=LINE('',#4522,#4523);
#3531=VERTEX_POINT('',#4524);
#3532=LINE('',#4525,#4526);
#3533=LINE('',#4527,#4528);
#3534=LINE('',#4529,#4530);
#3535=LINE('',#4531,#4532);
#3536=LINE('',#4533,#4534);
#3537=VERTEX_POINT('',#4535);
#3538=LINE('',#4536,#4537);
#3539=VERTEX_POINT('',#4538);
#3540=LINE('',#4539,#4540);
#3541=LINE('',#4541,#4542);
#3542=VERTEX_POINT('',#4543);
#3543=LINE('',#4544,#4545);
#3544=VERTEX_POINT('',#4546);
#3545=LINE('',#4547,#4548);
#3546=LINE('',#4549,#4550);
#3547=VERTEX_POINT('',#4551);
#3548=LINE('',#4552,#4553);
#3549=LINE('',#4554,#4555);
#3550=VERTEX_POINT('',#4556);
#3551=LINE('',#4557,#4558);
#3552=LINE('',#4559,#4560);
#3553=VERTEX_POINT('',#4561);
#3554=VERTEX_POINT('',#4562);
#3555=LINE('',#4563,#4564);
#3556=LINE('',#4565,#4566);
#3557=LINE('',#4567,#4568);
#3558=LINE('',#4569,#4570);
#3559=LINE('',#4571,#4572);
#3560=LINE('',#4573,#4574);
#3561=VERTEX_POINT('',#4575);
#3562=LINE('',#4576,#4577);
#3563=VERTEX_POINT('',#4578);
#3564=LINE('',#4579,#4580);
#3565=LINE('',#4581,#4582);
#3566=VERTEX_POINT('',#4583);
#3567=LINE('',#4584,#4585);
#3568=VERTEX_POINT('',#4586);
#3569=LINE('',#4587,#4588);
#3570=LINE('',#4589,#4590);
#3571=VERTEX_POINT('',#4591);
#3572=LINE('',#4592,#4593);
#3573=LINE('',#4594,#4595);
#3574=VERTEX_POINT('',#4596);
#3575=LINE('',#4597,#4598);
#3576=LINE('',#4599,#4600);
#3577=VERTEX_POINT('',#4601);
#3578=VERTEX_POINT('',#4602);
#3579=LINE('',#4603,#4604);
#3580=LINE('',#4605,#4606);
#3581=LINE('',#4607,#4608);
#3582=LINE('',#4609,#4610);
#3583=LINE('',#4611,#4612);
#3584=LINE('',#4613,#4614);
#3585=VERTEX_POINT('',#4615);
#3586=LINE('',#4616,#4617);
#3587=VERTEX_POINT('',#4618);
#3588=LINE('',#4619,#4620);
#3589=LINE('',#4621,#4622);
#3590=VERTEX_POINT('',#4623);
#3591=LINE('',#4624,#4625);
#3592=LINE('',#4626,#4627);
#3593=VERTEX_POINT('',#4628);
#3594=CIRCLE('',#4629,0.25);
#3595=VERTEX_POINT('',#4630);
#3596=LINE('',#4631,#4632);
#3597=VERTEX_POINT('',#4633);
#3598=LINE('',#4634,#4635);
#3599=VERTEX_POINT('',#4636);
#3600=LINE('',#4637,#4638);
#3601=CIRCLE('',#4639,0.5);
#3602=VERTEX_POINT('',#4640);
#3603=LINE('',#4641,#4642);
#3604=LINE('',#4643,#4644);
#3605=VERTEX_POINT('',#4645);
#3606=LINE('',#4646,#4647);
#3607=LINE('',#4648,#4649);
#3608=VERTEX_POINT('',#4650);
#3609=LINE('',#4651,#4652);
#3610=LINE('',#4653,#4654);
#3611=VERTEX_POINT('',#4655);
#3612=LINE('',#4656,#4657);
#3613=LINE('',#4658,#4659);
#3614=VERTEX_POINT('',#4660);
#3615=CIRCLE('',#4661,0.5);
#3616=VERTEX_POINT('',#4662);
#3617=LINE('',#4663,#4664);
#3618=VERTEX_POINT('',#4665);
#3619=LINE('',#4666,#4667);
#3620=VERTEX_POINT('',#4668);
#3621=LINE('',#4669,#4670);
#3622=CIRCLE('',#4671,0.25);
#3623=VERTEX_POINT('',#4672);
#3624=LINE('',#4673,#4674);
#3625=LINE('',#4675,#4676);
#3626=LINE('',#4677,#4678);
#3627=LINE('',#4679,#4680);
#3628=LINE('',#4681,#4682);
#3629=LINE('',#4683,#4684);
#3630=LINE('',#4685,#4686);
#3631=LINE('',#4687,#4688);
#3632=LINE('',#4689,#4690);
#3633=VERTEX_POINT('',#4691);
#3634=LINE('',#4692,#4693);
#3635=VERTEX_POINT('',#4694);
#3636=LINE('',#4695,#4696);
#3637=LINE('',#4697,#4698);
#3638=VERTEX_POINT('',#4699);
#3639=LINE('',#4700,#4701);
#3640=LINE('',#4702,#4703);
#3641=VERTEX_POINT('',#4704);
#3642=CIRCLE('',#4705,0.5);
#3643=VERTEX_POINT('',#4706);
#3644=LINE('',#4707,#4708);
#3645=VERTEX_POINT('',#4709);
#3646=LINE('',#4710,#4711);
#3647=VERTEX_POINT('',#4712);
#3648=LINE('',#4713,#4714);
#3649=CIRCLE('',#4715,0.25);
#3650=VERTEX_POINT('',#4716);
#3651=LINE('',#4717,#4718);
#3652=LINE('',#4719,#4720);
#3653=VERTEX_POINT('',#4721);
#3654=LINE('',#4722,#4723);
#3655=LINE('',#4724,#4725);
#3656=VERTEX_POINT('',#4726);
#3657=LINE('',#4727,#4728);
#3658=LINE('',#4729,#4730);
#3659=VERTEX_POINT('',#4731);
#3660=LINE('',#4732,#4733);
#3661=LINE('',#4734,#4735);
#3662=VERTEX_POINT('',#4736);
#3663=CIRCLE('',#4737,0.25);
#3664=VERTEX_POINT('',#4738);
#3665=LINE('',#4739,#4740);
#3666=VERTEX_POINT('',#4741);
#3667=LINE('',#4742,#4743);
#3668=VERTEX_POINT('',#4744);
#3669=LINE('',#4745,#4746);
#3670=CIRCLE('',#4747,0.5);
#3671=VERTEX_POINT('',#4748);
#3672=LINE('',#4749,#4750);
#3673=LINE('',#4751,#4752);
#3674=LINE('',#4753,#4754);
#3675=LINE('',#4755,#4756);
#3676=LINE('',#4757,#4758);
#3677=LINE('',#4759,#4760);
#3678=LINE('',#4761,#4762);
#3679=LINE('',#4763,#4764);
#3680=LINE('',#4765,#4766);
#3681=VERTEX_POINT('',#4767);
#3682=LINE('',#4768,#4769);
#3683=VERTEX_POINT('',#4770);
#3684=LINE('',#4771,#4772);
#3685=VERTEX_POINT('',#4773);
#3686=LINE('',#4774,#4775);
#3687=LINE('',#4776,#4777);
#3688=VERTEX_POINT('',#4778);
#3689=LINE('',#4779,#4780);
#3690=VERTEX_POINT('',#4781);
#3691=LINE('',#4782,#4783);
#3692=LINE('',#4784,#4785);
#3693=LINE('',#4786,#4787);
#3694=VERTEX_POINT('',#4788);
#3695=LINE('',#4789,#4790);
#3696=LINE('',#4791,#4792);
#3697=VERTEX_POINT('',#4793);
#3698=LINE('',#4794,#4795);
#3699=LINE('',#4796,#4797);
#3700=LINE('',#4798,#4799);
#3701=LINE('',#4800,#4801);
#3702=VERTEX_POINT('',#4802);
#3703=LINE('',#4803,#4804);
#3704=VERTEX_POINT('',#4805);
#3705=LINE('',#4806,#4807);
#3706=LINE('',#4808,#4809);
#3707=VERTEX_POINT('',#4810);
#3708=CIRCLE('',#4811,0.25);
#3709=VERTEX_POINT('',#4812);
#3710=LINE('',#4813,#4814);
#3711=VERTEX_POINT('',#4815);
#3712=LINE('',#4816,#4817);
#3713=VERTEX_POINT('',#4818);
#3714=LINE('',#4819,#4820);
#3715=CIRCLE('',#4821,0.5);
#3716=VERTEX_POINT('',#4822);
#3717=LINE('',#4823,#4824);
#3718=LINE('',#4825,#4826);
#3719=VERTEX_POINT('',#4827);
#3720=LINE('',#4828,#4829);
#3721=LINE('',#4830,#4831);
#3722=VERTEX_POINT('',#4832);
#3723=LINE('',#4833,#4834);
#3724=LINE('',#4835,#4836);
#3725=VERTEX_POINT('',#4837);
#3726=LINE('',#4838,#4839);
#3727=LINE('',#4840,#4841);
#3728=VERTEX_POINT('',#4842);
#3729=CIRCLE('',#4843,0.5);
#3730=VERTEX_POINT('',#4844);
#3731=LINE('',#4845,#4846);
#3732=VERTEX_POINT('',#4847);
#3733=LINE('',#4848,#4849);
#3734=VERTEX_POINT('',#4850);
#3735=LINE('',#4851,#4852);
#3736=CIRCLE('',#4853,0.25);
#3737=LINE('',#4854,#4855);
#3738=LINE('',#4856,#4857);
#3739=LINE('',#4858,#4859);
#3740=LINE('',#4860,#4861);
#3741=LINE('',#4862,#4863);
#3742=LINE('',#4864,#4865);
#3743=LINE('',#4866,#4867);
#3744=VERTEX_POINT('',#4868);
#3745=LINE('',#4869,#4870);
#3746=VERTEX_POINT('',#4871);
#3747=LINE('',#4872,#4873);
#3748=LINE('',#4874,#4875);
#3749=VERTEX_POINT('',#4876);
#3750=LINE('',#4877,#4878);
#3751=LINE('',#4879,#4880);
#3752=VERTEX_POINT('',#4881);
#3753=LINE('',#4882,#4883);
#3754=LINE('',#4884,#4885);
#3755=VERTEX_POINT('',#4886);
#3756=LINE('',#4887,#4888);
#3757=LINE('',#4889,#4890);
#3758=VERTEX_POINT('',#4891);
#3759=LINE('',#4892,#4893);
#3760=LINE('',#4894,#4895);
#3761=LINE('',#4896,#4897);
#3762=LINE('',#4898,#4899);
#3763=VERTEX_POINT('',#4900);
#3764=LINE('',#4901,#4902);
#3765=VERTEX_POINT('',#4903);
#3766=LINE('',#4904,#4905);
#3767=LINE('',#4906,#4907);
#3768=VERTEX_POINT('',#4908);
#3769=LINE('',#4909,#4910);
#3770=LINE('',#4911,#4912);
#3771=VERTEX_POINT('',#4913);
#3772=LINE('',#4914,#4915);
#3773=LINE('',#4916,#4917);
#3774=VERTEX_POINT('',#4918);
#3775=LINE('',#4919,#4920);
#3776=LINE('',#4921,#4922);
#3777=VERTEX_POINT('',#4923);
#3778=LINE('',#4924,#4925);
#3779=LINE('',#4926,#4927);
#3780=LINE('',#4928,#4929);
#3781=LINE('',#4930,#4931);
#3782=CARTESIAN_POINT('',(5.5,-3.65,-7.75));
#3783=CARTESIAN_POINT('',(5.0,-3.65,-7.75));
#3784=CARTESIAN_POINT('',(5.25,-3.65,-7.75));
#3785=VECTOR('',#4932,1.0);
#3786=CARTESIAN_POINT('',(5.5,-3.49684213741,-7.774035012709));
#3787=AXIS2_PLACEMENT_3D('',#4933,#4934,#4935);
#3788=CARTESIAN_POINT('',(5.0,-3.49684213741,-7.774035012709));
#3789=CARTESIAN_POINT('',(5.0,-3.49684213741,-7.774035012709));
#3790=VECTOR('',#4936,0.5);
#3791=AXIS2_PLACEMENT_3D('',#4937,#4938,#4939);
#3792=CARTESIAN_POINT('',(5.0,-3.65,-8.251587556811));
#3793=CARTESIAN_POINT('',(5.5,-3.65,-8.251587556811));
#3794=CARTESIAN_POINT('',(5.25,-3.65,-8.251587556811));
#3795=VECTOR('',#4940,1.0);
#3796=CARTESIAN_POINT('',(5.0,-3.57836587712,-8.26207022458));
#3797=AXIS2_PLACEMENT_3D('',#4941,#4942,#4943);
#3798=CARTESIAN_POINT('',(5.5,-3.57836587712,-8.26207022458));
#3799=CARTESIAN_POINT('',(5.0,-3.57836587712,-8.26207022458));
#3800=VECTOR('',#4944,0.5);
#3801=AXIS2_PLACEMENT_3D('',#4945,#4946,#4947);
#3802=CARTESIAN_POINT('',(-4.0,-3.65,-8.251587556811));
#3803=CARTESIAN_POINT('',(-3.5,-3.65,-8.251587556811));
#3804=CARTESIAN_POINT('',(-3.75,-3.65,-8.251587556811));
#3805=VECTOR('',#4948,1.0);
#3806=CARTESIAN_POINT('',(-4.0,-3.57836587712,-8.26207022458));
#3807=AXIS2_PLACEMENT_3D('',#4949,#4950,#4951);
#3808=CARTESIAN_POINT('',(-3.5,-3.57836587712,-8.26207022458));
#3809=CARTESIAN_POINT('',(-4.0,-3.57836587712,-8.26207022458));
#3810=VECTOR('',#4952,0.5);
#3811=AXIS2_PLACEMENT_3D('',#4953,#4954,#4955);
#3812=CARTESIAN_POINT('',(-3.5,-3.65,-7.75));
#3813=CARTESIAN_POINT('',(-4.0,-3.65,-7.75));
#3814=CARTESIAN_POINT('',(-3.75,-3.65,-7.75));
#3815=VECTOR('',#4956,1.0);
#3816=CARTESIAN_POINT('',(-3.5,-3.49684213741,-7.774035012709));
#3817=AXIS2_PLACEMENT_3D('',#4957,#4958,#4959);
#3818=CARTESIAN_POINT('',(-4.0,-3.49684213741,-7.774035012709));
#3819=CARTESIAN_POINT('',(-4.0,-3.49684213741,-7.774035012709));
#3820=VECTOR('',#4960,0.5);
#3821=AXIS2_PLACEMENT_3D('',#4961,#4962,#4963);
#3822=CARTESIAN_POINT('',(3.5,-3.65,-6.65));
#3823=CARTESIAN_POINT('',(4.0,-3.65,-6.65));
#3824=CARTESIAN_POINT('',(3.75,-3.65,-6.65));
#3825=VECTOR('',#4964,1.0);
#3826=CARTESIAN_POINT('',(3.5,-3.49684213741,-6.625964987291));
#3827=AXIS2_PLACEMENT_3D('',#4965,#4966,#4967);
#3828=CARTESIAN_POINT('',(4.0,-3.49684213741,-6.625964987291));
#3829=CARTESIAN_POINT('',(3.5,-3.49684213741,-6.625964987291));
#3830=VECTOR('',#4968,0.5);
#3831=AXIS2_PLACEMENT_3D('',#4969,#4970,#4971);
#3832=CARTESIAN_POINT('',(4.0,-3.65,-6.162624359643));
#3833=CARTESIAN_POINT('',(3.5,-3.65,-6.162624359643));
#3834=CARTESIAN_POINT('',(3.75,-3.65,-6.162624359643));
#3835=VECTOR('',#4972,1.0);
#3836=CARTESIAN_POINT('',(4.0,-3.573421068705,-6.150606853289));
#3837=AXIS2_PLACEMENT_3D('',#4973,#4974,#4975);
#3838=CARTESIAN_POINT('',(3.5,-3.573421068705,-6.150606853289));
#3839=CARTESIAN_POINT('',(3.5,-3.573421068705,-6.150606853289));
#3840=VECTOR('',#4976,0.5);
#3841=AXIS2_PLACEMENT_3D('',#4977,#4978,#4979);
#3842=CARTESIAN_POINT('',(7.25,0.1,-6.7));
#3843=CARTESIAN_POINT('',(7.25,-0.05714285714286,-7.25));
#3844=CARTESIAN_POINT('',(7.25,0.1,-6.7));
#3845=VECTOR('',#4980,0.5720086341578);
#3846=CARTESIAN_POINT('',(7.25,0.1,-5.9));
#3847=CARTESIAN_POINT('',(7.25,0.1,-5.9));
#3848=VECTOR('',#4981,0.8);
#3849=CARTESIAN_POINT('',(7.25,2.45,-5.9));
#3850=CARTESIAN_POINT('',(7.25,2.45,-5.9));
#3851=VECTOR('',#4982,2.35);
#3852=CARTESIAN_POINT('',(7.25,2.45,0.0));
#3853=CARTESIAN_POINT('',(7.25,2.45,0.0));
#3854=VECTOR('',#4983,5.9);
#3855=CARTESIAN_POINT('',(7.25,-2.45,0.0));
#3856=CARTESIAN_POINT('',(7.25,-2.45,0.0));
#3857=VECTOR('',#4984,4.9);
#3858=CARTESIAN_POINT('',(7.25,-2.45,-8.45));
#3859=CARTESIAN_POINT('',(7.25,-2.45,-8.45));
#3860=VECTOR('',#4985,8.45);
#3861=CARTESIAN_POINT('',(7.25,-1.35,-8.45));
#3862=CARTESIAN_POINT('',(7.25,-1.35,-8.45));
#3863=VECTOR('',#4986,1.1);
#3864=CARTESIAN_POINT('',(7.25,-1.35,-7.25));
#3865=CARTESIAN_POINT('',(7.25,-1.35,-8.45));
#3866=VECTOR('',#4987,1.2);
#3867=CARTESIAN_POINT('',(7.25,-0.05714285714286,-7.25));
#3868=VECTOR('',#4988,1.292857142857);
#3869=CARTESIAN_POINT('',(6.85,-1.35,-7.25));
#3870=CARTESIAN_POINT('',(7.25,-1.35,-7.25));
#3871=VECTOR('',#4989,0.4);
#3872=CARTESIAN_POINT('',(6.85,-0.05714285714286,-7.25));
#3873=CARTESIAN_POINT('',(6.85,-0.05714285714286,-7.25));
#3874=VECTOR('',#4990,1.292857142857);
#3875=CARTESIAN_POINT('',(7.25,-0.05714285714286,-7.25));
#3876=VECTOR('',#4991,0.4);
#3877=CARTESIAN_POINT('',(-7.25,-0.05714285714286,-7.25));
#3878=CARTESIAN_POINT('',(-6.85,-0.05714285714286,-7.25));
#3879=CARTESIAN_POINT('',(-7.25,-0.05714285714286,-7.25));
#3880=VECTOR('',#4992,0.4);
#3881=CARTESIAN_POINT('',(-7.25,0.1,-6.7));
#3882=CARTESIAN_POINT('',(-7.25,0.1,-6.7));
#3883=VECTOR('',#4993,0.5720086341578);
#3884=CARTESIAN_POINT('',(7.25,0.1,-6.7));
#3885=VECTOR('',#4994,14.5);
#3886=CARTESIAN_POINT('',(6.85,-0.4,-8.45));
#3887=CARTESIAN_POINT('',(6.85,-0.4,-8.45));
#3888=VECTOR('',#4995,1.248018838162);
#3889=CARTESIAN_POINT('',(-6.85,-0.4,-8.45));
#3890=CARTESIAN_POINT('',(6.85,-0.4,-8.45));
#3891=VECTOR('',#4996,13.7);
#3892=CARTESIAN_POINT('',(-6.85,-0.4,-8.45));
#3893=VECTOR('',#4997,1.248018838162);
#3894=CARTESIAN_POINT('',(-6.85,-1.35,-8.45));
#3895=CARTESIAN_POINT('',(-6.85,-0.4,-8.45));
#3896=VECTOR('',#4998,0.95);
#3897=CARTESIAN_POINT('',(-6.85,-1.35,-7.25));
#3898=CARTESIAN_POINT('',(-6.85,-1.35,-7.25));
#3899=VECTOR('',#4999,1.2);
#3900=CARTESIAN_POINT('',(-6.85,-0.05714285714286,-7.25));
#3901=VECTOR('',#5000,1.292857142857);
#3902=CARTESIAN_POINT('',(-7.25,-1.35,-7.25));
#3903=CARTESIAN_POINT('',(-7.25,-1.35,-7.25));
#3904=VECTOR('',#5001,0.4);
#3905=CARTESIAN_POINT('',(-7.25,-0.05714285714286,-7.25));
#3906=VECTOR('',#5002,1.292857142857);
#3907=CARTESIAN_POINT('',(-7.25,1.6,0.0));
#3908=CARTESIAN_POINT('',(-7.25,2.45,0.0));
#3909=CARTESIAN_POINT('',(-7.25,1.6,0.0));
#3910=VECTOR('',#5003,0.85);
#3911=CARTESIAN_POINT('',(-7.25,2.45,-5.9));
#3912=CARTESIAN_POINT('',(-7.25,2.45,0.0));
#3913=VECTOR('',#5004,5.9);
#3914=CARTESIAN_POINT('',(-7.25,1.6,-5.9));
#3915=CARTESIAN_POINT('',(-7.25,2.45,-5.9));
#3916=VECTOR('',#5005,0.85);
#3917=CARTESIAN_POINT('',(-7.25,1.6,0.0));
#3918=VECTOR('',#5006,5.9);
#3919=CARTESIAN_POINT('',(-7.25,-1.35,-8.45));
#3920=CARTESIAN_POINT('',(-7.25,-1.35,-8.45));
#3921=VECTOR('',#5007,1.2);
#3922=CARTESIAN_POINT('',(-7.25,-2.45,-8.45));
#3923=CARTESIAN_POINT('',(-7.25,-1.35,-8.45));
#3924=VECTOR('',#5008,1.1);
#3925=CARTESIAN_POINT('',(-7.25,-2.45,0.0));
#3926=CARTESIAN_POINT('',(-7.25,-2.45,-8.45));
#3927=VECTOR('',#5009,8.45);
#3928=CARTESIAN_POINT('',(-7.25,0.4,0.0));
#3929=CARTESIAN_POINT('',(-7.25,-2.45,0.0));
#3930=VECTOR('',#5010,2.85);
#3931=CARTESIAN_POINT('',(-7.25,0.4,-5.9));
#3932=CARTESIAN_POINT('',(-7.25,0.4,0.0));
#3933=VECTOR('',#5011,5.9);
#3934=CARTESIAN_POINT('',(-7.25,0.1,-5.9));
#3935=CARTESIAN_POINT('',(-7.25,0.4,-5.9));
#3936=VECTOR('',#5012,0.3);
#3937=CARTESIAN_POINT('',(-7.25,0.1,-5.9));
#3938=VECTOR('',#5013,0.8);
#3939=CARTESIAN_POINT('',(-7.1,1.6,-5.9));
#3940=CARTESIAN_POINT('',(-7.25,1.6,-5.9));
#3941=VECTOR('',#5014,0.15);
#3942=CARTESIAN_POINT('',(-7.1,1.6,0.0));
#3943=CARTESIAN_POINT('',(-7.1,1.6,0.0));
#3944=VECTOR('',#5015,5.9);
#3945=CARTESIAN_POINT('',(-7.25,1.6,0.0));
#3946=VECTOR('',#5016,0.15);
#3947=CARTESIAN_POINT('',(-5.25,2.45,0.0));
#3948=CARTESIAN_POINT('',(-5.25,2.45,0.0));
#3949=VECTOR('',#5017,2.0);
#3950=CARTESIAN_POINT('',(-7.1,0.4,0.0));
#3951=CARTESIAN_POINT('',(-7.1,0.4,0.0));
#3952=VECTOR('',#5018,1.2);
#3953=CARTESIAN_POINT('',(-7.25,0.4,0.0));
#3954=VECTOR('',#5019,0.15);
#3955=CARTESIAN_POINT('',(7.25,-2.45,0.0));
#3956=VECTOR('',#5020,14.5);
#3957=CARTESIAN_POINT('',(5.25,2.45,0.0));
#3958=CARTESIAN_POINT('',(7.25,2.45,0.0));
#3959=VECTOR('',#5021,2.0);
#3960=CARTESIAN_POINT('',(5.25,1.65,0.0));
#3961=CARTESIAN_POINT('',(5.25,2.45,0.0));
#3962=VECTOR('',#5022,0.8);
#3963=CARTESIAN_POINT('',(-5.25,1.65,0.0));
#3964=CARTESIAN_POINT('',(-5.25,1.65,0.0));
#3965=VECTOR('',#5023,10.5);
#3966=CARTESIAN_POINT('',(-5.25,1.65,0.0));
#3967=VECTOR('',#5024,0.8);
#3968=CARTESIAN_POINT('',(-6.5,2.25,0.0));
#3969=CARTESIAN_POINT('',(-5.4,2.25,0.0));
#3970=CARTESIAN_POINT('',(-6.5,2.25,0.0));
#3971=VECTOR('',#5025,1.1);
#3972=CARTESIAN_POINT('',(-5.4,1.5,0.0));
#3973=CARTESIAN_POINT('',(-5.4,2.25,0.0));
#3974=VECTOR('',#5026,0.75);
#3975=CARTESIAN_POINT('',(5.4,1.5,0.0));
#3976=CARTESIAN_POINT('',(-5.4,1.5,0.0));
#3977=VECTOR('',#5027,10.8);
#3978=CARTESIAN_POINT('',(5.4,2.25,0.0));
#3979=CARTESIAN_POINT('',(5.4,1.5,0.0));
#3980=VECTOR('',#5028,0.75);
#3981=CARTESIAN_POINT('',(6.5,2.25,0.0));
#3982=CARTESIAN_POINT('',(5.4,2.25,0.0));
#3983=VECTOR('',#5029,1.1);
#3984=CARTESIAN_POINT('',(6.5,0.15,0.0));
#3985=CARTESIAN_POINT('',(6.5,0.15,0.0));
#3986=VECTOR('',#5030,2.1);
#3987=CARTESIAN_POINT('',(7.05,0.15,0.0));
#3988=CARTESIAN_POINT('',(6.5,0.15,0.0));
#3989=VECTOR('',#5031,0.55);
#3990=CARTESIAN_POINT('',(7.05,-1.45,0.0));
#3991=CARTESIAN_POINT('',(7.05,-1.45,0.0));
#3992=VECTOR('',#5032,1.6);
#3993=CARTESIAN_POINT('',(6.5,-1.45,0.0));
#3994=CARTESIAN_POINT('',(7.05,-1.45,0.0));
#3995=VECTOR('',#5033,0.55);
#3996=CARTESIAN_POINT('',(6.5,-1.9,0.0));
#3997=CARTESIAN_POINT('',(6.5,-1.45,0.0));
#3998=VECTOR('',#5034,0.45);
#3999=CARTESIAN_POINT('',(-6.5,-1.9,0.0));
#4000=CARTESIAN_POINT('',(6.5,-1.9,0.0));
#4001=VECTOR('',#5035,13.0);
#4002=CARTESIAN_POINT('',(-6.5,-1.45,0.0));
#4003=CARTESIAN_POINT('',(-6.5,-1.9,0.0));
#4004=VECTOR('',#5036,0.45);
#4005=CARTESIAN_POINT('',(-7.05,-1.45,0.0));
#4006=CARTESIAN_POINT('',(-6.5,-1.45,0.0));
#4007=VECTOR('',#5037,0.55);
#4008=CARTESIAN_POINT('',(-7.05,0.15,0.0));
#4009=CARTESIAN_POINT('',(-7.05,0.15,0.0));
#4010=VECTOR('',#5038,1.6);
#4011=CARTESIAN_POINT('',(-6.5,0.15,0.0));
#4012=CARTESIAN_POINT('',(-7.05,0.15,0.0));
#4013=VECTOR('',#5039,0.55);
#4014=CARTESIAN_POINT('',(-6.5,2.25,0.0));
#4015=VECTOR('',#5040,2.1);
#4016=CARTESIAN_POINT('',(-5.25,2.45,-0.5));
#4017=CARTESIAN_POINT('',(-5.25,2.45,0.0));
#4018=VECTOR('',#5041,0.5);
#4019=CARTESIAN_POINT('',(-5.25,1.95,-0.5));
#4020=CARTESIAN_POINT('',(-5.25,1.65,0.0));
#4021=VECTOR('',#5042,0.5830951894845);
#4022=CARTESIAN_POINT('',(-5.25,2.45,-0.5));
#4023=VECTOR('',#5043,0.5);
#4024=CARTESIAN_POINT('',(5.25,1.95,-0.5));
#4025=CARTESIAN_POINT('',(5.25,2.45,-0.5));
#4026=CARTESIAN_POINT('',(5.25,1.95,-0.5));
#4027=VECTOR('',#5044,0.5);
#4028=CARTESIAN_POINT('',(-5.25,2.45,-0.5));
#4029=VECTOR('',#5045,10.5);
#4030=CARTESIAN_POINT('',(-5.25,1.95,-0.5));
#4031=VECTOR('',#5046,10.5);
#4032=CARTESIAN_POINT('',(5.25,1.65,0.0));
#4033=VECTOR('',#5047,0.5830951894845);
#4034=CARTESIAN_POINT('',(5.25,2.45,0.0));
#4035=VECTOR('',#5048,0.5);
#4036=CARTESIAN_POINT('',(7.25,2.45,-5.9));
#4037=VECTOR('',#5049,14.5);
#4038=CARTESIAN_POINT('',(-7.1,0.4,-5.9));
#4039=CARTESIAN_POINT('',(-7.1,0.4,-5.9));
#4040=VECTOR('',#5050,1.2);
#4041=CARTESIAN_POINT('',(7.25,0.1,-5.9));
#4042=VECTOR('',#5051,14.5);
#4043=CARTESIAN_POINT('',(-7.25,0.4,-5.9));
#4044=VECTOR('',#5052,0.15);
#4045=CARTESIAN_POINT('',(-7.1,0.4,0.0));
#4046=VECTOR('',#5053,5.9);
#4047=CARTESIAN_POINT('',(5.5,-2.45,-8.45));
#4048=CARTESIAN_POINT('',(7.25,-2.45,-8.45));
#4049=VECTOR('',#5054,1.75);
#4050=CARTESIAN_POINT('',(-4.0,-2.45,-8.45));
#4051=CARTESIAN_POINT('',(-4.0,-2.45,-8.45));
#4052=VECTOR('',#5055,3.25);
#4053=CARTESIAN_POINT('',(-4.0,-2.45,-7.95));
#4054=CARTESIAN_POINT('',(-4.0,-2.45,-8.45));
#4055=VECTOR('',#5056,0.5);
#4056=CARTESIAN_POINT('',(-3.5,-2.45,-7.95));
#4057=CARTESIAN_POINT('',(-3.5,-2.45,-7.95));
#4058=VECTOR('',#5057,0.5);
#4059=CARTESIAN_POINT('',(-3.5,-2.45,-8.45));
#4060=CARTESIAN_POINT('',(-3.5,-2.45,-8.45));
#4061=VECTOR('',#5058,0.5);
#4062=CARTESIAN_POINT('',(-1.0,-2.45,-8.45));
#4063=CARTESIAN_POINT('',(-1.0,-2.45,-8.45));
#4064=VECTOR('',#5059,2.5);
#4065=CARTESIAN_POINT('',(-1.0,-2.45,-7.95));
#4066=CARTESIAN_POINT('',(-1.0,-2.45,-8.45));
#4067=VECTOR('',#5060,0.5);
#4068=CARTESIAN_POINT('',(-0.5,-2.45,-7.95));
#4069=CARTESIAN_POINT('',(-0.5,-2.45,-7.95));
#4070=VECTOR('',#5061,0.5);
#4071=CARTESIAN_POINT('',(-0.5,-2.45,-8.45));
#4072=CARTESIAN_POINT('',(-0.5,-2.45,-8.45));
#4073=VECTOR('',#5062,0.5);
#4074=CARTESIAN_POINT('',(2.0,-2.45,-8.45));
#4075=CARTESIAN_POINT('',(2.0,-2.45,-8.45));
#4076=VECTOR('',#5063,2.5);
#4077=CARTESIAN_POINT('',(2.0,-2.45,-7.95));
#4078=CARTESIAN_POINT('',(2.0,-2.45,-8.45));
#4079=VECTOR('',#5064,0.5);
#4080=CARTESIAN_POINT('',(2.5,-2.45,-7.95));
#4081=CARTESIAN_POINT('',(2.5,-2.45,-7.95));
#4082=VECTOR('',#5065,0.5);
#4083=CARTESIAN_POINT('',(2.5,-2.45,-8.45));
#4084=CARTESIAN_POINT('',(2.5,-2.45,-8.45));
#4085=VECTOR('',#5066,0.5);
#4086=CARTESIAN_POINT('',(5.0,-2.45,-8.45));
#4087=CARTESIAN_POINT('',(5.0,-2.45,-8.45));
#4088=VECTOR('',#5067,2.5);
#4089=CARTESIAN_POINT('',(5.0,-2.45,-7.95));
#4090=CARTESIAN_POINT('',(5.0,-2.45,-8.45));
#4091=VECTOR('',#5068,0.5);
#4092=CARTESIAN_POINT('',(5.5,-2.45,-7.95));
#4093=CARTESIAN_POINT('',(5.5,-2.45,-7.95));
#4094=VECTOR('',#5069,0.5);
#4095=CARTESIAN_POINT('',(5.5,-2.45,-8.45));
#4096=VECTOR('',#5070,0.5);
#4097=CARTESIAN_POINT('',(-2.0,-2.45,-6.45));
#4098=CARTESIAN_POINT('',(-2.5,-2.45,-6.45));
#4099=CARTESIAN_POINT('',(-2.0,-2.45,-6.45));
#4100=VECTOR('',#5071,0.5);
#4101=CARTESIAN_POINT('',(-2.5,-2.45,-5.95));
#4102=CARTESIAN_POINT('',(-2.5,-2.45,-6.45));
#4103=VECTOR('',#5072,0.5);
#4104=CARTESIAN_POINT('',(-2.0,-2.45,-5.95));
#4105=CARTESIAN_POINT('',(-2.0,-2.45,-5.95));
#4106=VECTOR('',#5073,0.5);
#4107=CARTESIAN_POINT('',(-2.0,-2.45,-6.45));
#4108=VECTOR('',#5074,0.5);
#4109=CARTESIAN_POINT('',(1.0,-2.45,-6.45));
#4110=CARTESIAN_POINT('',(0.5,-2.45,-6.45));
#4111=CARTESIAN_POINT('',(1.0,-2.45,-6.45));
#4112=VECTOR('',#5075,0.5);
#4113=CARTESIAN_POINT('',(0.5,-2.45,-5.95));
#4114=CARTESIAN_POINT('',(0.5,-2.45,-6.45));
#4115=VECTOR('',#5076,0.5);
#4116=CARTESIAN_POINT('',(1.0,-2.45,-5.95));
#4117=CARTESIAN_POINT('',(1.0,-2.45,-5.95));
#4118=VECTOR('',#5077,0.5);
#4119=CARTESIAN_POINT('',(1.0,-2.45,-6.45));
#4120=VECTOR('',#5078,0.5);
#4121=CARTESIAN_POINT('',(4.0,-2.45,-6.45));
#4122=CARTESIAN_POINT('',(3.5,-2.45,-6.45));
#4123=CARTESIAN_POINT('',(4.0,-2.45,-6.45));
#4124=VECTOR('',#5079,0.5);
#4125=CARTESIAN_POINT('',(3.5,-2.45,-5.95));
#4126=CARTESIAN_POINT('',(3.5,-2.45,-6.45));
#4127=VECTOR('',#5080,0.5);
#4128=CARTESIAN_POINT('',(4.0,-2.45,-5.95));
#4129=CARTESIAN_POINT('',(4.0,-2.45,-5.95));
#4130=VECTOR('',#5081,0.5);
#4131=CARTESIAN_POINT('',(4.0,-2.45,-6.45));
#4132=VECTOR('',#5082,0.5);
#4133=CARTESIAN_POINT('',(-5.0,-2.45,-6.45));
#4134=CARTESIAN_POINT('',(-5.5,-2.45,-6.45));
#4135=CARTESIAN_POINT('',(-5.0,-2.45,-6.45));
#4136=VECTOR('',#5083,0.5);
#4137=CARTESIAN_POINT('',(-5.5,-2.45,-5.95));
#4138=CARTESIAN_POINT('',(-5.5,-2.45,-6.45));
#4139=VECTOR('',#5084,0.5);
#4140=CARTESIAN_POINT('',(-5.0,-2.45,-5.95));
#4141=CARTESIAN_POINT('',(-5.0,-2.45,-5.95));
#4142=VECTOR('',#5085,0.5);
#4143=CARTESIAN_POINT('',(-5.0,-2.45,-6.45));
#4144=VECTOR('',#5086,0.5);
#4145=CARTESIAN_POINT('',(-5.0,-0.4,-2.1));
#4146=CARTESIAN_POINT('',(-5.0,-0.4,-4.5));
#4147=CARTESIAN_POINT('',(-5.0,-0.4,-2.1));
#4148=VECTOR('',#5087,2.4);
#4149=CARTESIAN_POINT('',(-5.0,-0.9,-2.1));
#4150=CARTESIAN_POINT('',(-5.0,-0.9,-2.1));
#4151=VECTOR('',#5088,0.5);
#4152=CARTESIAN_POINT('',(-5.0,-0.9,-4.5));
#4153=CARTESIAN_POINT('',(-5.0,-0.9,-4.5));
#4154=VECTOR('',#5089,2.4);
#4155=CARTESIAN_POINT('',(-5.0,-0.9,-4.5));
#4156=VECTOR('',#5090,0.5);
#4157=CARTESIAN_POINT('',(-5.0,-2.95,-5.95));
#4158=VECTOR('',#5091,0.5);
#4159=CARTESIAN_POINT('',(-5.0,-2.45,-6.45));
#4160=VECTOR('',#5092,0.5);
#4161=CARTESIAN_POINT('',(6.1,-1.05,-4.5));
#4162=CARTESIAN_POINT('',(6.85,-1.05,-4.5));
#4163=CARTESIAN_POINT('',(6.1,-1.05,-4.5));
#4164=VECTOR('',#5093,0.75);
#4165=CARTESIAN_POINT('',(6.85,-0.25,-4.5));
#4166=CARTESIAN_POINT('',(6.85,-1.05,-4.5));
#4167=VECTOR('',#5094,0.8);
#4168=CARTESIAN_POINT('',(6.1,-0.25,-4.5));
#4169=CARTESIAN_POINT('',(6.85,-0.25,-4.5));
#4170=VECTOR('',#5095,0.75);
#4171=CARTESIAN_POINT('',(6.1,1.2,-4.5));
#4172=CARTESIAN_POINT('',(6.1,1.2,-4.5));
#4173=VECTOR('',#5096,1.45);
#4174=CARTESIAN_POINT('',(-6.1,1.2,-4.5));
#4175=CARTESIAN_POINT('',(-6.1,1.2,-4.5));
#4176=VECTOR('',#5097,12.2);
#4177=CARTESIAN_POINT('',(-6.1,-0.25,-4.5));
#4178=CARTESIAN_POINT('',(-6.1,-0.25,-4.5));
#4179=VECTOR('',#5098,1.45);
#4180=CARTESIAN_POINT('',(-6.85,-0.25,-4.5));
#4181=CARTESIAN_POINT('',(-6.1,-0.25,-4.5));
#4182=VECTOR('',#5099,0.75);
#4183=CARTESIAN_POINT('',(-6.85,-1.05,-4.5));
#4184=CARTESIAN_POINT('',(-6.85,-0.25,-4.5));
#4185=VECTOR('',#5100,0.8);
#4186=CARTESIAN_POINT('',(-6.1,-1.05,-4.5));
#4187=CARTESIAN_POINT('',(-6.85,-1.05,-4.5));
#4188=VECTOR('',#5101,0.75);
#4189=CARTESIAN_POINT('',(-6.1,-1.5,-4.5));
#4190=CARTESIAN_POINT('',(-6.1,-1.5,-4.5));
#4191=VECTOR('',#5102,0.45);
#4192=CARTESIAN_POINT('',(6.1,-1.5,-4.5));
#4193=CARTESIAN_POINT('',(6.1,-1.5,-4.5));
#4194=VECTOR('',#5103,12.2);
#4195=CARTESIAN_POINT('',(6.1,-1.05,-4.5));
#4196=VECTOR('',#5104,0.45);
#4197=CARTESIAN_POINT('',(-5.5,-0.9,-4.5));
#4198=CARTESIAN_POINT('',(-5.0,-0.9,-4.5));
#4199=VECTOR('',#5105,0.5);
#4200=CARTESIAN_POINT('',(-5.5,-0.4,-4.5));
#4201=CARTESIAN_POINT('',(-5.5,-0.9,-4.5));
#4202=VECTOR('',#5106,0.5);
#4203=CARTESIAN_POINT('',(-5.0,-0.4,-4.5));
#4204=VECTOR('',#5107,0.5);
#4205=CARTESIAN_POINT('',(-2.0,-0.9,-4.5));
#4206=CARTESIAN_POINT('',(-2.5,-0.9,-4.5));
#4207=CARTESIAN_POINT('',(-2.0,-0.9,-4.5));
#4208=VECTOR('',#5108,0.5);
#4209=CARTESIAN_POINT('',(-2.5,-0.4,-4.5));
#4210=CARTESIAN_POINT('',(-2.5,-0.9,-4.5));
#4211=VECTOR('',#5109,0.5);
#4212=CARTESIAN_POINT('',(-2.0,-0.4,-4.5));
#4213=CARTESIAN_POINT('',(-2.0,-0.4,-4.5));
#4214=VECTOR('',#5110,0.5);
#4215=CARTESIAN_POINT('',(-2.0,-0.9,-4.5));
#4216=VECTOR('',#5111,0.5);
#4217=CARTESIAN_POINT('',(1.0,-0.9,-4.5));
#4218=CARTESIAN_POINT('',(0.5,-0.9,-4.5));
#4219=CARTESIAN_POINT('',(1.0,-0.9,-4.5));
#4220=VECTOR('',#5112,0.5);
#4221=CARTESIAN_POINT('',(0.5,-0.4,-4.5));
#4222=CARTESIAN_POINT('',(0.5,-0.9,-4.5));
#4223=VECTOR('',#5113,0.5);
#4224=CARTESIAN_POINT('',(1.0,-0.4,-4.5));
#4225=CARTESIAN_POINT('',(1.0,-0.4,-4.5));
#4226=VECTOR('',#5114,0.5);
#4227=CARTESIAN_POINT('',(1.0,-0.9,-4.5));
#4228=VECTOR('',#5115,0.5);
#4229=CARTESIAN_POINT('',(4.0,-0.9,-4.5));
#4230=CARTESIAN_POINT('',(3.5,-0.9,-4.5));
#4231=CARTESIAN_POINT('',(4.0,-0.9,-4.5));
#4232=VECTOR('',#5116,0.5);
#4233=CARTESIAN_POINT('',(3.5,-0.4,-4.5));
#4234=CARTESIAN_POINT('',(3.5,-0.9,-4.5));
#4235=VECTOR('',#5117,0.5);
#4236=CARTESIAN_POINT('',(4.0,-0.4,-4.5));
#4237=CARTESIAN_POINT('',(4.0,-0.4,-4.5));
#4238=VECTOR('',#5118,0.5);
#4239=CARTESIAN_POINT('',(4.0,-0.9,-4.5));
#4240=VECTOR('',#5119,0.5);
#4241=CARTESIAN_POINT('',(-3.5,-0.9,-4.5));
#4242=CARTESIAN_POINT('',(-4.0,-0.9,-4.5));
#4243=CARTESIAN_POINT('',(-3.5,-0.9,-4.5));
#4244=VECTOR('',#5120,0.5);
#4245=CARTESIAN_POINT('',(-4.0,-0.4,-4.5));
#4246=CARTESIAN_POINT('',(-4.0,-0.9,-4.5));
#4247=VECTOR('',#5121,0.5);
#4248=CARTESIAN_POINT('',(-3.5,-0.4,-4.5));
#4249=CARTESIAN_POINT('',(-3.5,-0.4,-4.5));
#4250=VECTOR('',#5122,0.5);
#4251=CARTESIAN_POINT('',(-3.5,-0.9,-4.5));
#4252=VECTOR('',#5123,0.5);
#4253=CARTESIAN_POINT('',(-0.5,-0.9,-4.5));
#4254=CARTESIAN_POINT('',(-1.0,-0.9,-4.5));
#4255=CARTESIAN_POINT('',(-0.5,-0.9,-4.5));
#4256=VECTOR('',#5124,0.5);
#4257=CARTESIAN_POINT('',(-1.0,-0.4,-4.5));
#4258=CARTESIAN_POINT('',(-1.0,-0.9,-4.5));
#4259=VECTOR('',#5125,0.5);
#4260=CARTESIAN_POINT('',(-0.5,-0.4,-4.5));
#4261=CARTESIAN_POINT('',(-0.5,-0.4,-4.5));
#4262=VECTOR('',#5126,0.5);
#4263=CARTESIAN_POINT('',(-0.5,-0.9,-4.5));
#4264=VECTOR('',#5127,0.5);
#4265=CARTESIAN_POINT('',(2.5,-0.9,-4.5));
#4266=CARTESIAN_POINT('',(2.0,-0.9,-4.5));
#4267=CARTESIAN_POINT('',(2.5,-0.9,-4.5));
#4268=VECTOR('',#5128,0.5);
#4269=CARTESIAN_POINT('',(2.0,-0.4,-4.5));
#4270=CARTESIAN_POINT('',(2.0,-0.9,-4.5));
#4271=VECTOR('',#5129,0.5);
#4272=CARTESIAN_POINT('',(2.5,-0.4,-4.5));
#4273=CARTESIAN_POINT('',(2.5,-0.4,-4.5));
#4274=VECTOR('',#5130,0.5);
#4275=CARTESIAN_POINT('',(2.5,-0.9,-4.5));
#4276=VECTOR('',#5131,0.5);
#4277=CARTESIAN_POINT('',(5.5,-0.9,-4.5));
#4278=CARTESIAN_POINT('',(5.0,-0.9,-4.5));
#4279=CARTESIAN_POINT('',(5.5,-0.9,-4.5));
#4280=VECTOR('',#5132,0.5);
#4281=CARTESIAN_POINT('',(5.0,-0.4,-4.5));
#4282=CARTESIAN_POINT('',(5.0,-0.9,-4.5));
#4283=VECTOR('',#5133,0.5);
#4284=CARTESIAN_POINT('',(5.5,-0.4,-4.5));
#4285=CARTESIAN_POINT('',(5.5,-0.4,-4.5));
#4286=VECTOR('',#5134,0.5);
#4287=CARTESIAN_POINT('',(5.5,-0.9,-4.5));
#4288=VECTOR('',#5135,0.5);
#4289=CARTESIAN_POINT('',(6.3,-1.05,-4.3));
#4290=AXIS2_PLACEMENT_3D('',#5136,#5137,#5138);
#4291=CARTESIAN_POINT('',(6.3,-1.7,-4.3));
#4292=CARTESIAN_POINT('',(6.3,-1.7,-4.3));
#4293=CARTESIAN_POINT('',(6.3,-1.7,-4.315274483721));
#4294=CARTESIAN_POINT('',(6.296523495926,-1.696523495926,-4.346620180633));
#4295=CARTESIAN_POINT('',(6.279087339992,-1.679087339992,-4.393736697617));
#4296=CARTESIAN_POINT('',(6.249752674401,-1.649752674401,-4.435951622637));
#4297=CARTESIAN_POINT('',(6.209165131068,-1.609165131068,-4.470394971311));
#4298=CARTESIAN_POINT('',(6.15984472791,-1.55984472791,-4.493582082341));
#4299=CARTESIAN_POINT('',(6.120682120319,-1.520682120319,-4.5));
#4300=CARTESIAN_POINT('',(6.1,-1.5,-4.5));
#4301=CARTESIAN_POINT('',(6.3,-1.05,-4.3));
#4302=VECTOR('',#5139,0.65);
#4303=CARTESIAN_POINT('',(6.3,-1.7,-0.2));
#4304=CARTESIAN_POINT('',(6.3,-1.7,-0.2));
#4305=VECTOR('',#5140,4.1);
#4306=CARTESIAN_POINT('',(6.3,-1.35,-0.2));
#4307=CARTESIAN_POINT('',(6.3,-1.35,-0.2));
#4308=VECTOR('',#5141,0.35);
#4309=CARTESIAN_POINT('',(6.3,-1.05,-0.8));
#4310=CARTESIAN_POINT('',(6.3,-1.35,-0.2));
#4311=VECTOR('',#5142,0.6708203932499);
#4312=CARTESIAN_POINT('',(6.3,-1.05,-0.8));
#4313=VECTOR('',#5143,3.5);
#4314=CARTESIAN_POINT('',(6.85,-1.05,-0.8));
#4315=CARTESIAN_POINT('',(6.3,-1.05,-0.8));
#4316=VECTOR('',#5144,0.55);
#4317=CARTESIAN_POINT('',(6.85,-1.05,-0.8));
#4318=VECTOR('',#5145,3.7);
#4319=CARTESIAN_POINT('',(6.85,-0.25,-0.8));
#4320=CARTESIAN_POINT('',(6.85,0.05,-0.2));
#4321=CARTESIAN_POINT('',(6.85,-0.25,-0.8));
#4322=VECTOR('',#5146,0.6708203932499);
#4323=CARTESIAN_POINT('',(6.85,-0.25,-0.8));
#4324=VECTOR('',#5147,3.7);
#4325=CARTESIAN_POINT('',(6.85,-1.35,-0.2));
#4326=CARTESIAN_POINT('',(6.85,-1.35,-0.2));
#4327=VECTOR('',#5148,0.6708203932499);
#4328=CARTESIAN_POINT('',(6.85,-1.35,-0.2));
#4329=VECTOR('',#5149,1.4);
#4330=CARTESIAN_POINT('',(6.85,0.05,-0.2));
#4331=VECTOR('',#5150,0.3);
#4332=CARTESIAN_POINT('',(7.05,-1.45,0.0));
#4333=VECTOR('',#5151,0.3);
#4334=CARTESIAN_POINT('',(6.3,-1.35,-0.2));
#4335=VECTOR('',#5152,0.3);
#4336=CARTESIAN_POINT('',(6.3,-1.7,-0.2));
#4337=VECTOR('',#5153,0.3464101615138);
#4338=CARTESIAN_POINT('',(-6.3,-1.7,-0.2));
#4339=CARTESIAN_POINT('',(6.3,-1.7,-0.2));
#4340=VECTOR('',#5154,12.6);
#4341=CARTESIAN_POINT('',(-6.3,-1.7,-0.2));
#4342=VECTOR('',#5155,0.3464101615138);
#4343=CARTESIAN_POINT('',(-6.3,-1.35,-0.2));
#4344=CARTESIAN_POINT('',(-6.3,-1.7,-0.2));
#4345=VECTOR('',#5156,0.35);
#4346=CARTESIAN_POINT('',(-6.5,-1.45,0.0));
#4347=VECTOR('',#5157,0.3);
#4348=CARTESIAN_POINT('',(-6.3,-1.05,-0.8));
#4349=CARTESIAN_POINT('',(-6.3,-1.35,-0.2));
#4350=VECTOR('',#5158,0.6708203932499);
#4351=CARTESIAN_POINT('',(-6.85,-1.05,-0.8));
#4352=CARTESIAN_POINT('',(-6.85,-1.05,-0.8));
#4353=VECTOR('',#5159,0.55);
#4354=CARTESIAN_POINT('',(-6.85,-1.35,-0.2));
#4355=CARTESIAN_POINT('',(-6.85,-1.35,-0.2));
#4356=VECTOR('',#5160,0.6708203932499);
#4357=CARTESIAN_POINT('',(-6.85,-1.35,-0.2));
#4358=VECTOR('',#5161,0.3);
#4359=CARTESIAN_POINT('',(-6.85,0.05,-0.2));
#4360=CARTESIAN_POINT('',(-6.85,0.05,-0.2));
#4361=VECTOR('',#5162,1.4);
#4362=CARTESIAN_POINT('',(-7.05,0.15,0.0));
#4363=VECTOR('',#5163,0.3);
#4364=CARTESIAN_POINT('',(-6.3,-0.25,-0.8));
#4365=CARTESIAN_POINT('',(-6.85,-0.25,-0.8));
#4366=CARTESIAN_POINT('',(-6.3,-0.25,-0.8));
#4367=VECTOR('',#5164,0.55);
#4368=CARTESIAN_POINT('',(-6.3,0.05,-0.2));
#4369=CARTESIAN_POINT('',(-6.3,-0.25,-0.8));
#4370=VECTOR('',#5165,0.6708203932499);
#4371=CARTESIAN_POINT('',(-6.3,0.05,-0.2));
#4372=VECTOR('',#5166,0.3);
#4373=CARTESIAN_POINT('',(-6.85,-0.25,-0.8));
#4374=VECTOR('',#5167,0.6708203932499);
#4375=CARTESIAN_POINT('',(-6.85,-1.05,-0.8));
#4376=VECTOR('',#5168,3.7);
#4377=CARTESIAN_POINT('',(-6.85,-0.25,-0.8));
#4378=VECTOR('',#5169,3.7);
#4379=CARTESIAN_POINT('',(-6.3,-0.25,-4.3));
#4380=AXIS2_PLACEMENT_3D('',#5170,#5171,#5172);
#4381=CARTESIAN_POINT('',(-6.3,-0.25,-0.8));
#4382=VECTOR('',#5173,3.5);
#4383=CARTESIAN_POINT('',(-6.3,1.4,-3.55));
#4384=CARTESIAN_POINT('',(-6.3,1.4,-4.3));
#4385=CARTESIAN_POINT('',(-6.3,1.4,-3.55));
#4386=VECTOR('',#5174,0.75);
#4387=CARTESIAN_POINT('',(-6.3,2.05,-3.55));
#4388=CARTESIAN_POINT('',(-6.3,2.05,-3.55));
#4389=VECTOR('',#5175,0.65);
#4390=CARTESIAN_POINT('',(-6.3,2.05,-0.2));
#4391=CARTESIAN_POINT('',(-6.3,2.05,-0.2));
#4392=VECTOR('',#5176,3.35);
#4393=CARTESIAN_POINT('',(-6.3,2.05,-0.2));
#4394=VECTOR('',#5177,2.0);
#4395=CARTESIAN_POINT('',(-6.3,-0.25,-4.3));
#4396=VECTOR('',#5178,1.65);
#4397=CARTESIAN_POINT('',(-6.3,1.4,-4.3));
#4398=CARTESIAN_POINT('',(-6.3,1.4,-4.315274483721));
#4399=CARTESIAN_POINT('',(-6.296523495926,1.396523495926,-4.346620180633));
#4400=CARTESIAN_POINT('',(-6.279087339992,1.379087339992,-4.393736697617));
#4401=CARTESIAN_POINT('',(-6.249752674401,1.349752674401,-4.435951622637));
#4402=CARTESIAN_POINT('',(-6.209165131068,1.309165131068,-4.470394971311));
#4403=CARTESIAN_POINT('',(-6.15984472791,1.25984472791,-4.493582082341));
#4404=CARTESIAN_POINT('',(-6.120682120319,1.220682120319,-4.5));
#4405=CARTESIAN_POINT('',(-6.1,1.2,-4.5));
#4406=CARTESIAN_POINT('',(6.3,1.4,-4.3));
#4407=CARTESIAN_POINT('',(6.3,1.4,-4.3));
#4408=CARTESIAN_POINT('',(6.3,1.4,-4.315274483721));
#4409=CARTESIAN_POINT('',(6.296523495926,1.396523495926,-4.346620180633));
#4410=CARTESIAN_POINT('',(6.279087339992,1.379087339992,-4.393736697617));
#4411=CARTESIAN_POINT('',(6.249752674401,1.349752674401,-4.435951622637));
#4412=CARTESIAN_POINT('',(6.209165131068,1.309165131068,-4.470394971311));
#4413=CARTESIAN_POINT('',(6.15984472791,1.25984472791,-4.493582082341));
#4414=CARTESIAN_POINT('',(6.120682120319,1.220682120319,-4.5));
#4415=CARTESIAN_POINT('',(6.1,1.2,-4.5));
#4416=CARTESIAN_POINT('',(-6.3,1.4,-4.3));
#4417=VECTOR('',#5179,12.6);
#4418=CARTESIAN_POINT('',(6.3,1.4,-3.55));
#4419=CARTESIAN_POINT('',(6.3,1.4,-3.55));
#4420=VECTOR('',#5180,0.75);
#4421=CARTESIAN_POINT('',(5.6,1.4,-3.55));
#4422=CARTESIAN_POINT('',(6.3,1.4,-3.55));
#4423=VECTOR('',#5181,0.7);
#4424=CARTESIAN_POINT('',(5.6,1.4,-0.2));
#4425=CARTESIAN_POINT('',(5.6,1.4,-0.2));
#4426=VECTOR('',#5182,3.35);
#4427=CARTESIAN_POINT('',(5.5,1.4,-0.1));
#4428=CARTESIAN_POINT('',(5.6,1.4,-0.2));
#4429=VECTOR('',#5183,0.1414213562373);
#4430=CARTESIAN_POINT('',(-5.5,1.4,-0.1));
#4431=CARTESIAN_POINT('',(-5.5,1.4,-0.1));
#4432=VECTOR('',#5184,11.0);
#4433=CARTESIAN_POINT('',(-5.6,1.4,-0.2));
#4434=CARTESIAN_POINT('',(-5.5,1.4,-0.1));
#4435=VECTOR('',#5185,0.1414213562373);
#4436=CARTESIAN_POINT('',(-5.6,1.4,-3.55));
#4437=CARTESIAN_POINT('',(-5.6,1.4,-0.2));
#4438=VECTOR('',#5186,3.35);
#4439=CARTESIAN_POINT('',(-5.6,1.4,-3.55));
#4440=VECTOR('',#5187,0.7);
#4441=CARTESIAN_POINT('',(6.3,2.05,-3.55));
#4442=CARTESIAN_POINT('',(6.3,1.4,-3.55));
#4443=VECTOR('',#5188,0.65);
#4444=CARTESIAN_POINT('',(5.6,2.05,-3.55));
#4445=CARTESIAN_POINT('',(6.3,2.05,-3.55));
#4446=VECTOR('',#5189,0.7);
#4447=CARTESIAN_POINT('',(5.6,2.05,-3.55));
#4448=VECTOR('',#5190,0.65);
#4449=CARTESIAN_POINT('',(-5.6,2.05,-3.55));
#4450=CARTESIAN_POINT('',(-5.6,1.4,-3.55));
#4451=VECTOR('',#5191,0.65);
#4452=CARTESIAN_POINT('',(-5.6,2.05,-3.55));
#4453=VECTOR('',#5192,0.7);
#4454=CARTESIAN_POINT('',(5.6,2.05,-0.2));
#4455=CARTESIAN_POINT('',(5.6,2.05,-0.2));
#4456=VECTOR('',#5193,3.35);
#4457=CARTESIAN_POINT('',(5.6,1.4,-0.2));
#4458=VECTOR('',#5194,0.65);
#4459=CARTESIAN_POINT('',(5.4,2.25,0.0));
#4460=VECTOR('',#5195,0.3464101615138);
#4461=CARTESIAN_POINT('',(5.4,1.5,0.0));
#4462=VECTOR('',#5196,0.1732050807569);
#4463=CARTESIAN_POINT('',(-5.5,1.4,-0.1));
#4464=VECTOR('',#5197,0.1732050807569);
#4465=CARTESIAN_POINT('',(-5.6,2.05,-0.2));
#4466=CARTESIAN_POINT('',(-5.6,2.05,-0.2));
#4467=VECTOR('',#5198,0.3464101615138);
#4468=CARTESIAN_POINT('',(-5.6,2.05,-0.2));
#4469=VECTOR('',#5199,0.65);
#4470=CARTESIAN_POINT('',(-5.6,2.05,-0.2));
#4471=VECTOR('',#5200,3.35);
#4472=CARTESIAN_POINT('',(-6.3,2.05,-0.2));
#4473=VECTOR('',#5201,0.7);
#4474=CARTESIAN_POINT('',(-6.3,2.05,-0.2));
#4475=VECTOR('',#5202,0.3464101615138);
#4476=CARTESIAN_POINT('',(6.3,2.05,-0.2));
#4477=CARTESIAN_POINT('',(5.6,2.05,-0.2));
#4478=VECTOR('',#5203,0.7);
#4479=CARTESIAN_POINT('',(6.3,2.05,-0.2));
#4480=VECTOR('',#5204,0.3464101615138);
#4481=CARTESIAN_POINT('',(6.3,0.05,-0.2));
#4482=CARTESIAN_POINT('',(6.3,0.05,-0.2));
#4483=VECTOR('',#5205,2.0);
#4484=CARTESIAN_POINT('',(6.5,0.15,0.0));
#4485=VECTOR('',#5206,0.3);
#4486=CARTESIAN_POINT('',(6.3,-0.25,-0.8));
#4487=CARTESIAN_POINT('',(6.3,-0.25,-0.8));
#4488=VECTOR('',#5207,0.6708203932499);
#4489=CARTESIAN_POINT('',(6.85,-0.25,-0.8));
#4490=VECTOR('',#5208,0.55);
#4491=CARTESIAN_POINT('',(6.3,-0.25,-4.3));
#4492=CARTESIAN_POINT('',(6.3,-0.25,-0.8));
#4493=VECTOR('',#5209,3.5);
#4494=AXIS2_PLACEMENT_3D('',#5210,#5211,#5212);
#4495=CARTESIAN_POINT('',(6.3,1.4,-4.3));
#4496=VECTOR('',#5213,1.65);
#4497=CARTESIAN_POINT('',(6.3,2.05,-0.2));
#4498=VECTOR('',#5214,3.35);
#4499=CARTESIAN_POINT('',(-6.3,-1.05,-4.3));
#4500=CARTESIAN_POINT('',(-6.3,-1.05,-0.8));
#4501=VECTOR('',#5215,3.5);
#4502=AXIS2_PLACEMENT_3D('',#5216,#5217,#5218);
#4503=CARTESIAN_POINT('',(-6.3,-1.7,-4.3));
#4504=CARTESIAN_POINT('',(-6.3,-1.7,-4.3));
#4505=VECTOR('',#5219,0.65);
#4506=CARTESIAN_POINT('',(-6.3,-1.7,-4.3));
#4507=CARTESIAN_POINT('',(-6.3,-1.7,-4.315274483721));
#4508=CARTESIAN_POINT('',(-6.296523495926,-1.696523495926,-4.346620180633));
#4509=CARTESIAN_POINT('',(-6.279087339992,-1.679087339992,-4.393736697617));
#4510=CARTESIAN_POINT('',(-6.249752674401,-1.649752674401,-4.435951622637));
#4511=CARTESIAN_POINT('',(-6.209165131068,-1.609165131068,-4.470394971311));
#4512=CARTESIAN_POINT('',(-6.15984472791,-1.55984472791,-4.493582082341));
#4513=CARTESIAN_POINT('',(-6.120682120319,-1.520682120319,-4.5));
#4514=CARTESIAN_POINT('',(-6.1,-1.5,-4.5));
#4515=CARTESIAN_POINT('',(6.3,-1.7,-4.3));
#4516=VECTOR('',#5220,12.6);
#4517=CARTESIAN_POINT('',(-6.3,-1.7,-0.2));
#4518=VECTOR('',#5221,4.1);
#4519=CARTESIAN_POINT('',(-5.5,-0.4,-2.1));
#4520=CARTESIAN_POINT('',(-5.5,-0.4,-2.1));
#4521=VECTOR('',#5222,2.4);
#4522=CARTESIAN_POINT('',(-5.0,-0.4,-2.1));
#4523=VECTOR('',#5223,0.5);
#4524=CARTESIAN_POINT('',(-5.5,-0.9,-2.1));
#4525=CARTESIAN_POINT('',(-5.5,-0.9,-2.1));
#4526=VECTOR('',#5224,0.5);
#4527=CARTESIAN_POINT('',(-5.0,-0.9,-2.1));
#4528=VECTOR('',#5225,0.5);
#4529=CARTESIAN_POINT('',(-5.5,-0.9,-4.5));
#4530=VECTOR('',#5226,2.4);
#4531=CARTESIAN_POINT('',(-5.5,-2.45,-6.45));
#4532=VECTOR('',#5227,0.5);
#4533=CARTESIAN_POINT('',(-5.5,-2.95,-5.95));
#4534=VECTOR('',#5228,0.5);
#4535=CARTESIAN_POINT('',(-2.0,-0.4,-2.1));
#4536=CARTESIAN_POINT('',(-2.0,-0.4,-2.1));
#4537=VECTOR('',#5229,2.4);
#4538=CARTESIAN_POINT('',(-2.0,-0.9,-2.1));
#4539=CARTESIAN_POINT('',(-2.0,-0.9,-2.1));
#4540=VECTOR('',#5230,0.5);
#4541=CARTESIAN_POINT('',(-2.0,-0.9,-4.5));
#4542=VECTOR('',#5231,2.4);
#4543=CARTESIAN_POINT('',(-2.0,-5.45,-5.95));
#4544=CARTESIAN_POINT('',(-2.0,-5.45,-5.95));
#4545=VECTOR('',#5232,3.0);
#4546=CARTESIAN_POINT('',(-2.0,-5.45,-6.45));
#4547=CARTESIAN_POINT('',(-2.0,-5.45,-6.45));
#4548=VECTOR('',#5233,0.5);
#4549=CARTESIAN_POINT('',(-2.0,-2.45,-6.45));
#4550=VECTOR('',#5234,3.0);
#4551=CARTESIAN_POINT('',(-2.5,-0.9,-2.1));
#4552=CARTESIAN_POINT('',(-2.0,-0.9,-2.1));
#4553=VECTOR('',#5235,0.5);
#4554=CARTESIAN_POINT('',(-2.5,-0.9,-4.5));
#4555=VECTOR('',#5236,2.4);
#4556=CARTESIAN_POINT('',(-2.5,-0.4,-2.1));
#4557=CARTESIAN_POINT('',(-2.5,-0.9,-2.1));
#4558=VECTOR('',#5237,0.5);
#4559=CARTESIAN_POINT('',(-2.5,-0.4,-2.1));
#4560=VECTOR('',#5238,2.4);
#4561=CARTESIAN_POINT('',(-2.5,-5.45,-6.45));
#4562=CARTESIAN_POINT('',(-2.5,-5.45,-5.95));
#4563=CARTESIAN_POINT('',(-2.5,-5.45,-6.45));
#4564=VECTOR('',#5239,0.5);
#4565=CARTESIAN_POINT('',(-2.5,-5.45,-5.95));
#4566=VECTOR('',#5240,3.0);
#4567=CARTESIAN_POINT('',(-2.5,-2.45,-6.45));
#4568=VECTOR('',#5241,3.0);
#4569=CARTESIAN_POINT('',(-2.0,-0.4,-2.1));
#4570=VECTOR('',#5242,0.5);
#4571=CARTESIAN_POINT('',(-2.0,-5.45,-6.45));
#4572=VECTOR('',#5243,0.5);
#4573=CARTESIAN_POINT('',(-2.0,-5.45,-5.95));
#4574=VECTOR('',#5244,0.5);
#4575=CARTESIAN_POINT('',(1.0,-0.4,-2.1));
#4576=CARTESIAN_POINT('',(1.0,-0.4,-2.1));
#4577=VECTOR('',#5245,2.4);
#4578=CARTESIAN_POINT('',(1.0,-0.9,-2.1));
#4579=CARTESIAN_POINT('',(1.0,-0.9,-2.1));
#4580=VECTOR('',#5246,0.5);
#4581=CARTESIAN_POINT('',(1.0,-0.9,-4.5));
#4582=VECTOR('',#5247,2.4);
#4583=CARTESIAN_POINT('',(1.0,-5.45,-5.95));
#4584=CARTESIAN_POINT('',(1.0,-5.45,-5.95));
#4585=VECTOR('',#5248,3.0);
#4586=CARTESIAN_POINT('',(1.0,-5.45,-6.45));
#4587=CARTESIAN_POINT('',(1.0,-5.45,-6.45));
#4588=VECTOR('',#5249,0.5);
#4589=CARTESIAN_POINT('',(1.0,-2.45,-6.45));
#4590=VECTOR('',#5250,3.0);
#4591=CARTESIAN_POINT('',(0.5,-0.9,-2.1));
#4592=CARTESIAN_POINT('',(1.0,-0.9,-2.1));
#4593=VECTOR('',#5251,0.5);
#4594=CARTESIAN_POINT('',(0.5,-0.9,-4.5));
#4595=VECTOR('',#5252,2.4);
#4596=CARTESIAN_POINT('',(0.5,-0.4,-2.1));
#4597=CARTESIAN_POINT('',(0.5,-0.9,-2.1));
#4598=VECTOR('',#5253,0.5);
#4599=CARTESIAN_POINT('',(0.5,-0.4,-2.1));
#4600=VECTOR('',#5254,2.4);
#4601=CARTESIAN_POINT('',(0.5,-5.45,-6.45));
#4602=CARTESIAN_POINT('',(0.5,-5.45,-5.95));
#4603=CARTESIAN_POINT('',(0.5,-5.45,-6.45));
#4604=VECTOR('',#5255,0.5);
#4605=CARTESIAN_POINT('',(0.5,-5.45,-5.95));
#4606=VECTOR('',#5256,3.0);
#4607=CARTESIAN_POINT('',(0.5,-2.45,-6.45));
#4608=VECTOR('',#5257,3.0);
#4609=CARTESIAN_POINT('',(1.0,-0.4,-2.1));
#4610=VECTOR('',#5258,0.5);
#4611=CARTESIAN_POINT('',(1.0,-5.45,-6.45));
#4612=VECTOR('',#5259,0.5);
#4613=CARTESIAN_POINT('',(1.0,-5.45,-5.95));
#4614=VECTOR('',#5260,0.5);
#4615=CARTESIAN_POINT('',(4.0,-0.4,-2.1));
#4616=CARTESIAN_POINT('',(4.0,-0.4,-2.1));
#4617=VECTOR('',#5261,2.4);
#4618=CARTESIAN_POINT('',(4.0,-0.9,-2.1));
#4619=CARTESIAN_POINT('',(4.0,-0.9,-2.1));
#4620=VECTOR('',#5262,0.5);
#4621=CARTESIAN_POINT('',(4.0,-0.9,-4.5));
#4622=VECTOR('',#5263,2.4);
#4623=CARTESIAN_POINT('',(4.0,-2.95,-5.95));
#4624=CARTESIAN_POINT('',(4.0,-2.95,-5.95));
#4625=VECTOR('',#5264,0.5);
#4626=CARTESIAN_POINT('',(4.0,-3.573421068705,-6.150606853289));
#4627=VECTOR('',#5265,0.6549022358277);
#4628=CARTESIAN_POINT('',(4.0,-3.678040700958,-6.161046820564));
#4629=AXIS2_PLACEMENT_3D('',#5266,#5267,#5268);
#4630=CARTESIAN_POINT('',(4.0,-5.395502587787,-5.967188201676));
#4631=CARTESIAN_POINT('',(4.0,-5.395502587787,-5.967188201676));
#4632=VECTOR('',#5269,1.728368160095);
#4633=CARTESIAN_POINT('',(4.0,-5.45,-6.45));
#4634=CARTESIAN_POINT('',(4.0,-5.45,-6.45));
#4635=VECTOR('',#5270,0.4858777629599);
#4636=CARTESIAN_POINT('',(4.0,-3.706081401915,-6.646844921841));
#4637=CARTESIAN_POINT('',(4.0,-3.706081401915,-6.646844921841));
#4638=VECTOR('',#5271,1.754992877478);
#4639=AXIS2_PLACEMENT_3D('',#5272,#5273,#5274);
#4640=CARTESIAN_POINT('',(4.0,-2.95,-6.45));
#4641=CARTESIAN_POINT('',(4.0,-2.95,-6.45));
#4642=VECTOR('',#5275,0.5744562646538);
#4643=CARTESIAN_POINT('',(4.0,-2.45,-6.45));
#4644=VECTOR('',#5276,0.5);
#4645=CARTESIAN_POINT('',(3.5,-0.9,-2.1));
#4646=CARTESIAN_POINT('',(4.0,-0.9,-2.1));
#4647=VECTOR('',#5277,0.5);
#4648=CARTESIAN_POINT('',(3.5,-0.9,-4.5));
#4649=VECTOR('',#5278,2.4);
#4650=CARTESIAN_POINT('',(3.5,-0.4,-2.1));
#4651=CARTESIAN_POINT('',(3.5,-0.9,-2.1));
#4652=VECTOR('',#5279,0.5);
#4653=CARTESIAN_POINT('',(3.5,-0.4,-2.1));
#4654=VECTOR('',#5280,2.4);
#4655=CARTESIAN_POINT('',(3.5,-2.95,-6.45));
#4656=CARTESIAN_POINT('',(3.5,-2.45,-6.45));
#4657=VECTOR('',#5281,0.5);
#4658=CARTESIAN_POINT('',(3.5,-2.95,-6.45));
#4659=VECTOR('',#5282,0.5744562646538);
#4660=CARTESIAN_POINT('',(3.5,-3.706081401915,-6.646844921841));
#4661=AXIS2_PLACEMENT_3D('',#5283,#5284,#5285);
#4662=CARTESIAN_POINT('',(3.5,-5.45,-6.45));
#4663=CARTESIAN_POINT('',(3.5,-3.706081401915,-6.646844921841));
#4664=VECTOR('',#5286,1.754992877478);
#4665=CARTESIAN_POINT('',(3.5,-5.395502587787,-5.967188201676));
#4666=CARTESIAN_POINT('',(3.5,-5.45,-6.45));
#4667=VECTOR('',#5287,0.4858777629599);
#4668=CARTESIAN_POINT('',(3.5,-3.678040700958,-6.161046820564));
#4669=CARTESIAN_POINT('',(3.5,-5.395502587787,-5.967188201676));
#4670=VECTOR('',#5288,1.728368160095);
#4671=AXIS2_PLACEMENT_3D('',#5289,#5290,#5291);
#4672=CARTESIAN_POINT('',(3.5,-2.95,-5.95));
#4673=CARTESIAN_POINT('',(3.5,-3.573421068705,-6.150606853289));
#4674=VECTOR('',#5292,0.6549022358277);
#4675=CARTESIAN_POINT('',(3.5,-2.95,-5.95));
#4676=VECTOR('',#5293,0.5);
#4677=CARTESIAN_POINT('',(4.0,-0.4,-2.1));
#4678=VECTOR('',#5294,0.5);
#4679=CARTESIAN_POINT('',(4.0,-2.95,-5.95));
#4680=VECTOR('',#5295,0.5);
#4681=CARTESIAN_POINT('',(3.5,-3.678040700958,-6.161046820564));
#4682=VECTOR('',#5296,0.5);
#4683=CARTESIAN_POINT('',(3.5,-5.395502587787,-5.967188201676));
#4684=VECTOR('',#5297,0.5);
#4685=CARTESIAN_POINT('',(3.5,-5.45,-6.45));
#4686=VECTOR('',#5298,0.5);
#4687=CARTESIAN_POINT('',(3.5,-3.706081401915,-6.646844921841));
#4688=VECTOR('',#5299,0.5);
#4689=CARTESIAN_POINT('',(4.0,-2.95,-6.45));
#4690=VECTOR('',#5300,0.5);
#4691=CARTESIAN_POINT('',(-3.5,-0.4,-2.1));
#4692=CARTESIAN_POINT('',(-3.5,-0.4,-2.1));
#4693=VECTOR('',#5301,2.4);
#4694=CARTESIAN_POINT('',(-3.5,-0.9,-2.1));
#4695=CARTESIAN_POINT('',(-3.5,-0.9,-2.1));
#4696=VECTOR('',#5302,0.5);
#4697=CARTESIAN_POINT('',(-3.5,-0.9,-4.5));
#4698=VECTOR('',#5303,2.4);
#4699=CARTESIAN_POINT('',(-3.5,-2.95,-7.95));
#4700=CARTESIAN_POINT('',(-3.5,-2.95,-7.95));
#4701=VECTOR('',#5304,0.5);
#4702=CARTESIAN_POINT('',(-3.5,-3.49684213741,-7.774035012709));
#4703=VECTOR('',#5305,0.5744562646538);
#4704=CARTESIAN_POINT('',(-3.5,-3.706081401915,-7.753155078159));
#4705=AXIS2_PLACEMENT_3D('',#5306,#5307,#5308);
#4706=CARTESIAN_POINT('',(-3.5,-5.45,-7.95));
#4707=CARTESIAN_POINT('',(-3.5,-5.45,-7.95));
#4708=VECTOR('',#5309,1.754992877478);
#4709=CARTESIAN_POINT('',(-3.5,-5.393918598085,-8.446844921841));
#4710=CARTESIAN_POINT('',(-3.5,-5.393918598085,-8.446844921841));
#4711=VECTOR('',#5310,0.5);
#4712=CARTESIAN_POINT('',(-3.5,-3.678040700958,-8.253165095891));
#4713=CARTESIAN_POINT('',(-3.5,-3.678040700958,-8.253165095891));
#4714=VECTOR('',#5311,1.726774111698);
#4715=AXIS2_PLACEMENT_3D('',#5312,#5313,#5314);
#4716=CARTESIAN_POINT('',(-3.5,-2.95,-8.45));
#4717=CARTESIAN_POINT('',(-3.5,-2.95,-8.45));
#4718=VECTOR('',#5315,0.6558668127126);
#4719=CARTESIAN_POINT('',(-3.5,-2.45,-8.45));
#4720=VECTOR('',#5316,0.5);
#4721=CARTESIAN_POINT('',(-4.0,-0.9,-2.1));
#4722=CARTESIAN_POINT('',(-3.5,-0.9,-2.1));
#4723=VECTOR('',#5317,0.5);
#4724=CARTESIAN_POINT('',(-4.0,-0.9,-4.5));
#4725=VECTOR('',#5318,2.4);
#4726=CARTESIAN_POINT('',(-4.0,-0.4,-2.1));
#4727=CARTESIAN_POINT('',(-4.0,-0.9,-2.1));
#4728=VECTOR('',#5319,0.5);
#4729=CARTESIAN_POINT('',(-4.0,-0.4,-2.1));
#4730=VECTOR('',#5320,2.4);
#4731=CARTESIAN_POINT('',(-4.0,-2.95,-8.45));
#4732=CARTESIAN_POINT('',(-4.0,-2.45,-8.45));
#4733=VECTOR('',#5321,0.5);
#4734=CARTESIAN_POINT('',(-4.0,-2.95,-8.45));
#4735=VECTOR('',#5322,0.6558668127126);
#4736=CARTESIAN_POINT('',(-4.0,-3.678040700958,-8.253165095891));
#4737=AXIS2_PLACEMENT_3D('',#5323,#5324,#5325);
#4738=CARTESIAN_POINT('',(-4.0,-5.393918598085,-8.446844921841));
#4739=CARTESIAN_POINT('',(-4.0,-3.678040700958,-8.253165095891));
#4740=VECTOR('',#5326,1.726774111698);
#4741=CARTESIAN_POINT('',(-4.0,-5.45,-7.95));
#4742=CARTESIAN_POINT('',(-4.0,-5.393918598085,-8.446844921841));
#4743=VECTOR('',#5327,0.5);
#4744=CARTESIAN_POINT('',(-4.0,-3.706081401915,-7.753155078159));
#4745=CARTESIAN_POINT('',(-4.0,-5.45,-7.95));
#4746=VECTOR('',#5328,1.754992877478);
#4747=AXIS2_PLACEMENT_3D('',#5329,#5330,#5331);
#4748=CARTESIAN_POINT('',(-4.0,-2.95,-7.95));
#4749=CARTESIAN_POINT('',(-4.0,-3.49684213741,-7.774035012709));
#4750=VECTOR('',#5332,0.5744562646538);
#4751=CARTESIAN_POINT('',(-4.0,-2.95,-7.95));
#4752=VECTOR('',#5333,0.5);
#4753=CARTESIAN_POINT('',(-3.5,-0.4,-2.1));
#4754=VECTOR('',#5334,0.5);
#4755=CARTESIAN_POINT('',(-3.5,-2.95,-7.95));
#4756=VECTOR('',#5335,0.5);
#4757=CARTESIAN_POINT('',(-4.0,-3.706081401915,-7.753155078159));
#4758=VECTOR('',#5336,0.5);
#4759=CARTESIAN_POINT('',(-4.0,-5.45,-7.95));
#4760=VECTOR('',#5337,0.5);
#4761=CARTESIAN_POINT('',(-4.0,-5.393918598085,-8.446844921841));
#4762=VECTOR('',#5338,0.5);
#4763=CARTESIAN_POINT('',(-4.0,-3.678040700958,-8.253165095891));
#4764=VECTOR('',#5339,0.5);
#4765=CARTESIAN_POINT('',(-3.5,-2.95,-8.45));
#4766=VECTOR('',#5340,0.5);
#4767=CARTESIAN_POINT('',(5.0,-2.95,-8.45));
#4768=CARTESIAN_POINT('',(5.0,-2.45,-8.45));
#4769=VECTOR('',#5341,0.5);
#4770=CARTESIAN_POINT('',(2.5,-5.45,-8.45));
#4771=CARTESIAN_POINT('',(2.5,-2.45,-8.45));
#4772=VECTOR('',#5342,3.0);
#4773=CARTESIAN_POINT('',(2.0,-5.45,-8.45));
#4774=CARTESIAN_POINT('',(2.5,-5.45,-8.45));
#4775=VECTOR('',#5343,0.5);
#4776=CARTESIAN_POINT('',(2.0,-2.45,-8.45));
#4777=VECTOR('',#5344,3.0);
#4778=CARTESIAN_POINT('',(-0.5,-5.45,-8.45));
#4779=CARTESIAN_POINT('',(-0.5,-2.45,-8.45));
#4780=VECTOR('',#5345,3.0);
#4781=CARTESIAN_POINT('',(-1.0,-5.45,-8.45));
#4782=CARTESIAN_POINT('',(-0.5,-5.45,-8.45));
#4783=VECTOR('',#5346,0.5);
#4784=CARTESIAN_POINT('',(-1.0,-2.45,-8.45));
#4785=VECTOR('',#5347,3.0);
#4786=CARTESIAN_POINT('',(-7.25,-1.35,-8.45));
#4787=VECTOR('',#5348,0.4);
#4788=CARTESIAN_POINT('',(6.85,-1.35,-8.45));
#4789=CARTESIAN_POINT('',(6.85,-0.4,-8.45));
#4790=VECTOR('',#5349,0.95);
#4791=CARTESIAN_POINT('',(7.25,-1.35,-8.45));
#4792=VECTOR('',#5350,0.4);
#4793=CARTESIAN_POINT('',(5.5,-2.95,-8.45));
#4794=CARTESIAN_POINT('',(5.5,-2.45,-8.45));
#4795=VECTOR('',#5351,0.5);
#4796=CARTESIAN_POINT('',(5.5,-2.95,-8.45));
#4797=VECTOR('',#5352,0.5);
#4798=CARTESIAN_POINT('',(5.5,-2.95,-8.45));
#4799=VECTOR('',#5353,0.6558668127126);
#4800=CARTESIAN_POINT('',(5.0,-2.95,-8.45));
#4801=VECTOR('',#5354,0.6558668127126);
#4802=CARTESIAN_POINT('',(5.0,-0.9,-2.1));
#4803=CARTESIAN_POINT('',(5.0,-0.9,-4.5));
#4804=VECTOR('',#5355,2.4);
#4805=CARTESIAN_POINT('',(5.0,-0.4,-2.1));
#4806=CARTESIAN_POINT('',(5.0,-0.9,-2.1));
#4807=VECTOR('',#5356,0.5);
#4808=CARTESIAN_POINT('',(5.0,-0.4,-2.1));
#4809=VECTOR('',#5357,2.4);
#4810=CARTESIAN_POINT('',(5.0,-3.678040700958,-8.253165095891));
#4811=AXIS2_PLACEMENT_3D('',#5358,#5359,#5360);
#4812=CARTESIAN_POINT('',(5.0,-5.393918598085,-8.446844921841));
#4813=CARTESIAN_POINT('',(5.0,-3.678040700958,-8.253165095891));
#4814=VECTOR('',#5361,1.726774111698);
#4815=CARTESIAN_POINT('',(5.0,-5.45,-7.95));
#4816=CARTESIAN_POINT('',(5.0,-5.393918598085,-8.446844921841));
#4817=VECTOR('',#5362,0.5);
#4818=CARTESIAN_POINT('',(5.0,-3.706081401915,-7.753155078159));
#4819=CARTESIAN_POINT('',(5.0,-5.45,-7.95));
#4820=VECTOR('',#5363,1.754992877478);
#4821=AXIS2_PLACEMENT_3D('',#5364,#5365,#5366);
#4822=CARTESIAN_POINT('',(5.0,-2.95,-7.95));
#4823=CARTESIAN_POINT('',(5.0,-3.49684213741,-7.774035012709));
#4824=VECTOR('',#5367,0.5744562646538);
#4825=CARTESIAN_POINT('',(5.0,-2.95,-7.95));
#4826=VECTOR('',#5368,0.5);
#4827=CARTESIAN_POINT('',(5.5,-0.4,-2.1));
#4828=CARTESIAN_POINT('',(5.5,-0.4,-2.1));
#4829=VECTOR('',#5369,0.5);
#4830=CARTESIAN_POINT('',(5.5,-0.4,-2.1));
#4831=VECTOR('',#5370,2.4);
#4832=CARTESIAN_POINT('',(5.5,-0.9,-2.1));
#4833=CARTESIAN_POINT('',(5.5,-0.9,-2.1));
#4834=VECTOR('',#5371,0.5);
#4835=CARTESIAN_POINT('',(5.5,-0.9,-4.5));
#4836=VECTOR('',#5372,2.4);
#4837=CARTESIAN_POINT('',(5.5,-2.95,-7.95));
#4838=CARTESIAN_POINT('',(5.5,-2.95,-7.95));
#4839=VECTOR('',#5373,0.5);
#4840=CARTESIAN_POINT('',(5.5,-3.49684213741,-7.774035012709));
#4841=VECTOR('',#5374,0.5744562646538);
#4842=CARTESIAN_POINT('',(5.5,-3.706081401915,-7.753155078159));
#4843=AXIS2_PLACEMENT_3D('',#5375,#5376,#5377);
#4844=CARTESIAN_POINT('',(5.5,-5.45,-7.95));
#4845=CARTESIAN_POINT('',(5.5,-5.45,-7.95));
#4846=VECTOR('',#5378,1.754992877478);
#4847=CARTESIAN_POINT('',(5.5,-5.393918598085,-8.446844921841));
#4848=CARTESIAN_POINT('',(5.5,-5.393918598085,-8.446844921841));
#4849=VECTOR('',#5379,0.5);
#4850=CARTESIAN_POINT('',(5.5,-3.678040700958,-8.253165095891));
#4851=CARTESIAN_POINT('',(5.5,-3.678040700958,-8.253165095891));
#4852=VECTOR('',#5380,1.726774111698);
#4853=AXIS2_PLACEMENT_3D('',#5381,#5382,#5383);
#4854=CARTESIAN_POINT('',(5.5,-0.9,-2.1));
#4855=VECTOR('',#5384,0.5);
#4856=CARTESIAN_POINT('',(5.0,-3.678040700958,-8.253165095891));
#4857=VECTOR('',#5385,0.5);
#4858=CARTESIAN_POINT('',(5.0,-5.393918598085,-8.446844921841));
#4859=VECTOR('',#5386,0.5);
#4860=CARTESIAN_POINT('',(5.0,-5.45,-7.95));
#4861=VECTOR('',#5387,0.5);
#4862=CARTESIAN_POINT('',(5.0,-3.706081401915,-7.753155078159));
#4863=VECTOR('',#5388,0.5);
#4864=CARTESIAN_POINT('',(5.5,-2.95,-7.95));
#4865=VECTOR('',#5389,0.5);
#4866=CARTESIAN_POINT('',(6.85,-1.35,-7.25));
#4867=VECTOR('',#5390,1.2);
#4868=CARTESIAN_POINT('',(-1.0,-0.9,-2.1));
#4869=CARTESIAN_POINT('',(-1.0,-0.9,-4.5));
#4870=VECTOR('',#5391,2.4);
#4871=CARTESIAN_POINT('',(-1.0,-0.4,-2.1));
#4872=CARTESIAN_POINT('',(-1.0,-0.9,-2.1));
#4873=VECTOR('',#5392,0.5);
#4874=CARTESIAN_POINT('',(-1.0,-0.4,-2.1));
#4875=VECTOR('',#5393,2.4);
#4876=CARTESIAN_POINT('',(-1.0,-5.45,-7.95));
#4877=CARTESIAN_POINT('',(-1.0,-5.45,-8.45));
#4878=VECTOR('',#5394,0.5);
#4879=CARTESIAN_POINT('',(-1.0,-5.45,-7.95));
#4880=VECTOR('',#5395,3.0);
#4881=CARTESIAN_POINT('',(-0.5,-0.4,-2.1));
#4882=CARTESIAN_POINT('',(-0.5,-0.4,-2.1));
#4883=VECTOR('',#5396,0.5);
#4884=CARTESIAN_POINT('',(-0.5,-0.4,-2.1));
#4885=VECTOR('',#5397,2.4);
#4886=CARTESIAN_POINT('',(-0.5,-0.9,-2.1));
#4887=CARTESIAN_POINT('',(-0.5,-0.9,-2.1));
#4888=VECTOR('',#5398,0.5);
#4889=CARTESIAN_POINT('',(-0.5,-0.9,-4.5));
#4890=VECTOR('',#5399,2.4);
#4891=CARTESIAN_POINT('',(-0.5,-5.45,-7.95));
#4892=CARTESIAN_POINT('',(-0.5,-5.45,-7.95));
#4893=VECTOR('',#5400,3.0);
#4894=CARTESIAN_POINT('',(-0.5,-5.45,-8.45));
#4895=VECTOR('',#5401,0.5);
#4896=CARTESIAN_POINT('',(-0.5,-0.9,-2.1));
#4897=VECTOR('',#5402,0.5);
#4898=CARTESIAN_POINT('',(-0.5,-5.45,-7.95));
#4899=VECTOR('',#5403,0.5);
#4900=CARTESIAN_POINT('',(2.0,-0.9,-2.1));
#4901=CARTESIAN_POINT('',(2.0,-0.9,-4.5));
#4902=VECTOR('',#5404,2.4);
#4903=CARTESIAN_POINT('',(2.0,-0.4,-2.1));
#4904=CARTESIAN_POINT('',(2.0,-0.9,-2.1));
#4905=VECTOR('',#5405,0.5);
#4906=CARTESIAN_POINT('',(2.0,-0.4,-2.1));
#4907=VECTOR('',#5406,2.4);
#4908=CARTESIAN_POINT('',(2.0,-5.45,-7.95));
#4909=CARTESIAN_POINT('',(2.0,-5.45,-8.45));
#4910=VECTOR('',#5407,0.5);
#4911=CARTESIAN_POINT('',(2.0,-5.45,-7.95));
#4912=VECTOR('',#5408,3.0);
#4913=CARTESIAN_POINT('',(2.5,-0.4,-2.1));
#4914=CARTESIAN_POINT('',(2.5,-0.4,-2.1));
#4915=VECTOR('',#5409,0.5);
#4916=CARTESIAN_POINT('',(2.5,-0.4,-2.1));
#4917=VECTOR('',#5410,2.4);
#4918=CARTESIAN_POINT('',(2.5,-0.9,-2.1));
#4919=CARTESIAN_POINT('',(2.5,-0.9,-2.1));
#4920=VECTOR('',#5411,0.5);
#4921=CARTESIAN_POINT('',(2.5,-0.9,-4.5));
#4922=VECTOR('',#5412,2.4);
#4923=CARTESIAN_POINT('',(2.5,-5.45,-7.95));
#4924=CARTESIAN_POINT('',(2.5,-5.45,-7.95));
#4925=VECTOR('',#5413,3.0);
#4926=CARTESIAN_POINT('',(2.5,-5.45,-8.45));
#4927=VECTOR('',#5414,0.5);
#4928=CARTESIAN_POINT('',(2.5,-0.9,-2.1));
#4929=VECTOR('',#5415,0.5);
#4930=CARTESIAN_POINT('',(2.5,-5.45,-7.95));
#4931=VECTOR('',#5416,0.5);
#4932=DIRECTION('',(-1.0,0.0,-0.0));
#4933=CARTESIAN_POINT('',(5.5,-3.65,-8.25));
#4934=DIRECTION('',(-1.0,0.0,0.0));
#4935=DIRECTION('',(0.0,-0.112162803830803,0.993689843682028));
#4936=DIRECTION('',(1.0,0.0,0.0));
#4937=CARTESIAN_POINT('',(5.0,-3.65,-8.25));
#4938=DIRECTION('',(-1.0,0.0,0.0));
#4939=DIRECTION('',(0.0,-0.112162803830803,0.993689843682028));
#4940=DIRECTION('',(1.0,-0.0,-0.0));
#4941=CARTESIAN_POINT('',(5.0,-3.65,-8.501587556811));
#4942=DIRECTION('',(1.0,0.0,-0.0));
#4943=DIRECTION('',(0.0,0.286536491521703,0.958069328924809));
#4944=DIRECTION('',(1.0,0.0,0.0));
#4945=CARTESIAN_POINT('',(5.5,-3.65,-8.501587556811));
#4946=DIRECTION('',(1.0,0.0,-0.0));
#4947=DIRECTION('',(0.0,0.286536491521703,0.958069328924809));
#4948=DIRECTION('',(1.0,-0.0,-0.0));
#4949=CARTESIAN_POINT('',(-4.0,-3.65,-8.501587556811));
#4950=DIRECTION('',(1.0,0.0,-0.0));
#4951=DIRECTION('',(0.0,0.286536491521703,0.958069328924809));
#4952=DIRECTION('',(1.0,0.0,0.0));
#4953=CARTESIAN_POINT('',(-3.5,-3.65,-8.501587556811));
#4954=DIRECTION('',(1.0,0.0,-0.0));
#4955=DIRECTION('',(0.0,0.286536491521703,0.958069328924809));
#4956=DIRECTION('',(-1.0,0.0,-0.0));
#4957=CARTESIAN_POINT('',(-3.5,-3.65,-8.25));
#4958=DIRECTION('',(-1.0,0.0,0.0));
#4959=DIRECTION('',(0.0,-0.112162803830803,0.993689843682028));
#4960=DIRECTION('',(1.0,0.0,0.0));
#4961=CARTESIAN_POINT('',(-4.0,-3.65,-8.25));
#4962=DIRECTION('',(-1.0,0.0,0.0));
#4963=DIRECTION('',(0.0,-0.112162803830803,0.993689843682028));
#4964=DIRECTION('',(1.0,-0.0,0.0));
#4965=CARTESIAN_POINT('',(3.5,-3.65,-6.15));
#4966=DIRECTION('',(-1.0,0.0,0.0));
#4967=DIRECTION('',(0.0,0.30631572517909,-0.951929974582169));
#4968=DIRECTION('',(1.0,0.0,0.0));
#4969=CARTESIAN_POINT('',(4.0,-3.65,-6.15));
#4970=DIRECTION('',(-1.0,0.0,0.0));
#4971=DIRECTION('',(0.0,0.30631572517909,-0.951929974582169));
#4972=DIRECTION('',(-1.0,0.0,-0.0));
#4973=CARTESIAN_POINT('',(4.0,-3.65,-5.912624359643));
#4974=DIRECTION('',(1.0,0.0,0.0));
#4975=DIRECTION('',(0.0,-0.112162803830803,-0.993689843682028));
#4976=DIRECTION('',(1.0,0.0,0.0));
#4977=CARTESIAN_POINT('',(3.5,-3.65,-5.912624359643));
#4978=DIRECTION('',(1.0,0.0,0.0));
#4979=DIRECTION('',(0.0,-0.112162803830803,-0.993689843682028));
#4980=DIRECTION('',(0.0,-0.274721127897405,-0.961523947640816));
#4981=DIRECTION('',(0.0,0.0,-1.0));
#4982=DIRECTION('',(0.0,-1.0,0.0));
#4983=DIRECTION('',(0.0,0.0,-1.0));
#4984=DIRECTION('',(0.0,1.0,0.0));
#4985=DIRECTION('',(0.0,0.0,1.0));
#4986=DIRECTION('',(0.0,-1.0,0.0));
#4987=DIRECTION('',(0.0,0.0,1.0));
#4988=DIRECTION('',(0.0,-1.0,0.0));
#4989=DIRECTION('',(-1.0,0.0,0.0));
#4990=DIRECTION('',(0.0,-1.0,0.0));
#4991=DIRECTION('',(-1.0,0.0,0.0));
#4992=DIRECTION('',(1.0,0.0,0.0));
#4993=DIRECTION('',(0.0,-0.274721127897405,-0.961523947640816));
#4994=DIRECTION('',(-1.0,0.0,0.0));
#4995=DIRECTION('',(0.0,0.274721127897404,0.961523947640816));
#4996=DIRECTION('',(-1.0,0.0,0.0));
#4997=DIRECTION('',(0.0,0.274721127897404,0.961523947640816));
#4998=DIRECTION('',(0.0,-1.0,0.0));
#4999=DIRECTION('',(0.0,0.0,-1.0));
#5000=DIRECTION('',(0.0,-1.0,0.0));
#5001=DIRECTION('',(1.0,0.0,0.0));
#5002=DIRECTION('',(0.0,-1.0,0.0));
#5003=DIRECTION('',(0.0,1.0,0.0));
#5004=DIRECTION('',(0.0,0.0,-1.0));
#5005=DIRECTION('',(0.0,-1.0,0.0));
#5006=DIRECTION('',(0.0,0.0,-1.0));
#5007=DIRECTION('',(0.0,0.0,1.0));
#5008=DIRECTION('',(0.0,-1.0,0.0));
#5009=DIRECTION('',(0.0,0.0,1.0));
#5010=DIRECTION('',(0.0,1.0,0.0));
#5011=DIRECTION('',(0.0,0.0,-1.0));
#5012=DIRECTION('',(0.0,-1.0,0.0));
#5013=DIRECTION('',(0.0,0.0,-1.0));
#5014=DIRECTION('',(1.0,0.0,0.0));
#5015=DIRECTION('',(0.0,0.0,-1.0));
#5016=DIRECTION('',(1.0,0.0,0.0));
#5017=DIRECTION('',(-1.0,0.0,0.0));
#5018=DIRECTION('',(0.0,1.0,0.0));
#5019=DIRECTION('',(1.0,0.0,0.0));
#5020=DIRECTION('',(-1.0,0.0,0.0));
#5021=DIRECTION('',(-1.0,0.0,0.0));
#5022=DIRECTION('',(0.0,-1.0,0.0));
#5023=DIRECTION('',(1.0,0.0,0.0));
#5024=DIRECTION('',(0.0,1.0,0.0));
#5025=DIRECTION('',(1.0,0.0,0.0));
#5026=DIRECTION('',(0.0,-1.0,0.0));
#5027=DIRECTION('',(1.0,0.0,0.0));
#5028=DIRECTION('',(0.0,1.0,0.0));
#5029=DIRECTION('',(1.0,0.0,0.0));
#5030=DIRECTION('',(0.0,1.0,0.0));
#5031=DIRECTION('',(1.0,0.0,0.0));
#5032=DIRECTION('',(0.0,1.0,0.0));
#5033=DIRECTION('',(-1.0,0.0,0.0));
#5034=DIRECTION('',(0.0,-1.0,0.0));
#5035=DIRECTION('',(-1.0,0.0,0.0));
#5036=DIRECTION('',(0.0,1.0,0.0));
#5037=DIRECTION('',(-1.0,0.0,0.0));
#5038=DIRECTION('',(0.0,-1.0,0.0));
#5039=DIRECTION('',(1.0,0.0,0.0));
#5040=DIRECTION('',(0.0,-1.0,0.0));
#5041=DIRECTION('',(0.0,0.0,-1.0));
#5042=DIRECTION('',(0.0,0.514495755427527,-0.857492925712544));
#5043=DIRECTION('',(0.0,-1.0,0.0));
#5044=DIRECTION('',(0.0,1.0,0.0));
#5045=DIRECTION('',(1.0,0.0,0.0));
#5046=DIRECTION('',(1.0,0.0,0.0));
#5047=DIRECTION('',(0.0,0.514495755427527,-0.857492925712544));
#5048=DIRECTION('',(0.0,0.0,-1.0));
#5049=DIRECTION('',(-1.0,0.0,0.0));
#5050=DIRECTION('',(0.0,1.0,0.0));
#5051=DIRECTION('',(-1.0,0.0,0.0));
#5052=DIRECTION('',(1.0,0.0,0.0));
#5053=DIRECTION('',(0.0,0.0,-1.0));
#5054=DIRECTION('',(-1.0,0.0,0.0));
#5055=DIRECTION('',(-1.0,0.0,0.0));
#5056=DIRECTION('',(0.0,0.0,1.0));
#5057=DIRECTION('',(-1.0,0.0,0.0));
#5058=DIRECTION('',(0.0,0.0,1.0));
#5059=DIRECTION('',(-1.0,0.0,0.0));
#5060=DIRECTION('',(0.0,0.0,1.0));
#5061=DIRECTION('',(-1.0,0.0,0.0));
#5062=DIRECTION('',(0.0,0.0,1.0));
#5063=DIRECTION('',(-1.0,0.0,0.0));
#5064=DIRECTION('',(0.0,0.0,1.0));
#5065=DIRECTION('',(-1.0,0.0,0.0));
#5066=DIRECTION('',(0.0,0.0,1.0));
#5067=DIRECTION('',(-1.0,0.0,0.0));
#5068=DIRECTION('',(0.0,0.0,1.0));
#5069=DIRECTION('',(-1.0,0.0,0.0));
#5070=DIRECTION('',(0.0,0.0,1.0));
#5071=DIRECTION('',(-1.0,0.0,0.0));
#5072=DIRECTION('',(0.0,0.0,1.0));
#5073=DIRECTION('',(-1.0,0.0,0.0));
#5074=DIRECTION('',(0.0,0.0,1.0));
#5075=DIRECTION('',(-1.0,0.0,0.0));
#5076=DIRECTION('',(0.0,0.0,1.0));
#5077=DIRECTION('',(-1.0,0.0,0.0));
#5078=DIRECTION('',(0.0,0.0,1.0));
#5079=DIRECTION('',(-1.0,0.0,0.0));
#5080=DIRECTION('',(0.0,0.0,1.0));
#5081=DIRECTION('',(-1.0,0.0,0.0));
#5082=DIRECTION('',(0.0,0.0,1.0));
#5083=DIRECTION('',(-1.0,0.0,0.0));
#5084=DIRECTION('',(0.0,0.0,1.0));
#5085=DIRECTION('',(-1.0,0.0,0.0));
#5086=DIRECTION('',(0.0,0.0,1.0));
#5087=DIRECTION('',(0.0,0.0,-1.0));
#5088=DIRECTION('',(0.0,1.0,0.0));
#5089=DIRECTION('',(0.0,0.0,1.0));
#5090=DIRECTION('',(0.0,1.0,0.0));
#5091=DIRECTION('',(0.0,1.0,0.0));
#5092=DIRECTION('',(0.0,-1.0,0.0));
#5093=DIRECTION('',(1.0,0.0,0.0));
#5094=DIRECTION('',(0.0,1.0,0.0));
#5095=DIRECTION('',(-1.0,0.0,0.0));
#5096=DIRECTION('',(0.0,-1.0,0.0));
#5097=DIRECTION('',(1.0,0.0,0.0));
#5098=DIRECTION('',(0.0,1.0,0.0));
#5099=DIRECTION('',(-1.0,0.0,0.0));
#5100=DIRECTION('',(0.0,-1.0,0.0));
#5101=DIRECTION('',(1.0,0.0,0.0));
#5102=DIRECTION('',(0.0,1.0,0.0));
#5103=DIRECTION('',(-1.0,0.0,0.0));
#5104=DIRECTION('',(0.0,-1.0,0.0));
#5105=DIRECTION('',(-1.0,0.0,0.0));
#5106=DIRECTION('',(0.0,1.0,0.0));
#5107=DIRECTION('',(-1.0,0.0,0.0));
#5108=DIRECTION('',(-1.0,0.0,0.0));
#5109=DIRECTION('',(0.0,1.0,0.0));
#5110=DIRECTION('',(-1.0,0.0,0.0));
#5111=DIRECTION('',(0.0,1.0,0.0));
#5112=DIRECTION('',(-1.0,0.0,0.0));
#5113=DIRECTION('',(0.0,1.0,0.0));
#5114=DIRECTION('',(-1.0,0.0,0.0));
#5115=DIRECTION('',(0.0,1.0,0.0));
#5116=DIRECTION('',(-1.0,0.0,0.0));
#5117=DIRECTION('',(0.0,1.0,0.0));
#5118=DIRECTION('',(-1.0,0.0,0.0));
#5119=DIRECTION('',(0.0,1.0,0.0));
#5120=DIRECTION('',(-1.0,0.0,0.0));
#5121=DIRECTION('',(0.0,1.0,0.0));
#5122=DIRECTION('',(-1.0,0.0,0.0));
#5123=DIRECTION('',(0.0,1.0,0.0));
#5124=DIRECTION('',(-1.0,0.0,0.0));
#5125=DIRECTION('',(0.0,1.0,0.0));
#5126=DIRECTION('',(-1.0,0.0,0.0));
#5127=DIRECTION('',(0.0,1.0,0.0));
#5128=DIRECTION('',(-1.0,0.0,0.0));
#5129=DIRECTION('',(0.0,1.0,0.0));
#5130=DIRECTION('',(-1.0,0.0,0.0));
#5131=DIRECTION('',(0.0,1.0,0.0));
#5132=DIRECTION('',(-1.0,0.0,0.0));
#5133=DIRECTION('',(0.0,1.0,0.0));
#5134=DIRECTION('',(-1.0,0.0,0.0));
#5135=DIRECTION('',(0.0,1.0,0.0));
#5136=CARTESIAN_POINT('',(6.1,-1.05,-4.3));
#5137=DIRECTION('',(0.0,-1.0,0.0));
#5138=DIRECTION('',(0.0,0.0,-1.0));
#5139=DIRECTION('',(0.0,-1.0,0.0));
#5140=DIRECTION('',(0.0,0.0,-1.0));
#5141=DIRECTION('',(0.0,-1.0,0.0));
#5142=DIRECTION('',(0.0,0.447213595499998,-0.894427190999896));
#5143=DIRECTION('',(0.0,0.0,-1.0));
#5144=DIRECTION('',(1.0,0.0,0.0));
#5145=DIRECTION('',(0.0,0.0,-1.0));
#5146=DIRECTION('',(0.0,0.447213595499998,0.894427190999896));
#5147=DIRECTION('',(0.0,0.0,-1.0));
#5148=DIRECTION('',(0.0,0.447213595499998,-0.894427190999896));
#5149=DIRECTION('',(0.0,1.0,0.0));
#5150=DIRECTION('',(0.666666666666678,0.333333333333289,0.666666666666678));
#5151=DIRECTION('',(-0.666666666666678,0.333333333333289,-0.666666666666678));
#5152=DIRECTION('',(0.666666666666678,-0.333333333333289,0.666666666666678));
#5153=DIRECTION('',(0.577350269189626,-0.577350269189626,0.577350269189626));
#5154=DIRECTION('',(-1.0,0.0,0.0));
#5155=DIRECTION('',(-0.577350269189626,-0.577350269189626,0.577350269189626));
#5156=DIRECTION('',(0.0,1.0,0.0));
#5157=DIRECTION('',(0.666666666666678,0.333333333333289,-0.666666666666678));
#5158=DIRECTION('',(0.0,0.447213595499998,-0.894427190999896));
#5159=DIRECTION('',(1.0,0.0,0.0));
#5160=DIRECTION('',(0.0,0.447213595499998,-0.894427190999896));
#5161=DIRECTION('',(-0.666666666666678,-0.333333333333289,0.666666666666678));
#5162=DIRECTION('',(0.0,-1.0,0.0));
#5163=DIRECTION('',(0.666666666666678,-0.333333333333289,-0.666666666666678));
#5164=DIRECTION('',(-1.0,0.0,0.0));
#5165=DIRECTION('',(0.0,0.447213595499998,0.894427190999896));
#5166=DIRECTION('',(-0.666666666666678,0.333333333333289,0.666666666666678));
#5167=DIRECTION('',(0.0,0.447213595499998,0.894427190999896));
#5168=DIRECTION('',(0.0,0.0,-1.0));
#5169=DIRECTION('',(0.0,0.0,-1.0));
#5170=CARTESIAN_POINT('',(-6.1,-0.25,-4.3));
#5171=DIRECTION('',(0.0,1.0,0.0));
#5172=DIRECTION('',(0.0,0.0,-1.0));
#5173=DIRECTION('',(0.0,0.0,-1.0));
#5174=DIRECTION('',(0.0,0.0,-1.0));
#5175=DIRECTION('',(0.0,-1.0,0.0));
#5176=DIRECTION('',(0.0,0.0,-1.0));
#5177=DIRECTION('',(0.0,-1.0,0.0));
#5178=DIRECTION('',(0.0,1.0,0.0));
#5179=DIRECTION('',(1.0,0.0,0.0));
#5180=DIRECTION('',(0.0,0.0,-1.0));
#5181=DIRECTION('',(-1.0,0.0,0.0));
#5182=DIRECTION('',(0.0,0.0,-1.0));
#5183=DIRECTION('',(-0.707106781186498,0.0,0.707106781186597));
#5184=DIRECTION('',(1.0,0.0,0.0));
#5185=DIRECTION('',(-0.707106781186548,0.0,-0.707106781186548));
#5186=DIRECTION('',(0.0,0.0,-1.0));
#5187=DIRECTION('',(-1.0,0.0,0.0));
#5188=DIRECTION('',(0.0,1.0,0.0));
#5189=DIRECTION('',(-1.0,0.0,0.0));
#5190=DIRECTION('',(0.0,-1.0,0.0));
#5191=DIRECTION('',(0.0,1.0,0.0));
#5192=DIRECTION('',(-1.0,0.0,0.0));
#5193=DIRECTION('',(0.0,0.0,-1.0));
#5194=DIRECTION('',(0.0,1.0,0.0));
#5195=DIRECTION('',(0.577350269189626,-0.577350269189626,-0.577350269189626));
#5196=DIRECTION('',(0.577350269189626,-0.577350269189626,-0.577350269189626));
#5197=DIRECTION('',(0.577350269189626,0.577350269189626,0.577350269189626));
#5198=DIRECTION('',(0.577350269189626,0.577350269189626,0.577350269189626));
#5199=DIRECTION('',(0.0,-1.0,0.0));
#5200=DIRECTION('',(0.0,0.0,-1.0));
#5201=DIRECTION('',(1.0,0.0,0.0));
#5202=DIRECTION('',(-0.577350269189626,0.577350269189626,0.577350269189626));
#5203=DIRECTION('',(1.0,0.0,0.0));
#5204=DIRECTION('',(0.577350269189626,0.577350269189626,0.577350269189626));
#5205=DIRECTION('',(0.0,1.0,0.0));
#5206=DIRECTION('',(-0.666666666666678,-0.333333333333289,-0.666666666666678));
#5207=DIRECTION('',(0.0,0.447213595499998,0.894427190999896));
#5208=DIRECTION('',(-1.0,0.0,0.0));
#5209=DIRECTION('',(0.0,0.0,-1.0));
#5210=CARTESIAN_POINT('',(6.1,-0.25,-4.3));
#5211=DIRECTION('',(-0.0,1.0,0.0));
#5212=DIRECTION('',(1.0,0.0,0.0));
#5213=DIRECTION('',(0.0,-1.0,0.0));
#5214=DIRECTION('',(0.0,0.0,-1.0));
#5215=DIRECTION('',(0.0,0.0,-1.0));
#5216=CARTESIAN_POINT('',(-6.1,-1.05,-4.3));
#5217=DIRECTION('',(0.0,-1.0,0.0));
#5218=DIRECTION('',(-1.0,0.0,0.0));
#5219=DIRECTION('',(0.0,1.0,0.0));
#5220=DIRECTION('',(-1.0,0.0,0.0));
#5221=DIRECTION('',(0.0,0.0,-1.0));
#5222=DIRECTION('',(0.0,0.0,-1.0));
#5223=DIRECTION('',(-1.0,0.0,0.0));
#5224=DIRECTION('',(0.0,1.0,0.0));
#5225=DIRECTION('',(-1.0,0.0,0.0));
#5226=DIRECTION('',(0.0,0.0,1.0));
#5227=DIRECTION('',(0.0,-1.0,0.0));
#5228=DIRECTION('',(0.0,1.0,0.0));
#5229=DIRECTION('',(0.0,0.0,-1.0));
#5230=DIRECTION('',(0.0,1.0,0.0));
#5231=DIRECTION('',(0.0,0.0,1.0));
#5232=DIRECTION('',(0.0,1.0,0.0));
#5233=DIRECTION('',(0.0,0.0,1.0));
#5234=DIRECTION('',(0.0,-1.0,0.0));
#5235=DIRECTION('',(-1.0,0.0,0.0));
#5236=DIRECTION('',(0.0,0.0,1.0));
#5237=DIRECTION('',(0.0,1.0,0.0));
#5238=DIRECTION('',(0.0,0.0,-1.0));
#5239=DIRECTION('',(0.0,0.0,1.0));
#5240=DIRECTION('',(0.0,1.0,0.0));
#5241=DIRECTION('',(0.0,-1.0,0.0));
#5242=DIRECTION('',(-1.0,0.0,0.0));
#5243=DIRECTION('',(-1.0,0.0,0.0));
#5244=DIRECTION('',(-1.0,0.0,0.0));
#5245=DIRECTION('',(0.0,0.0,-1.0));
#5246=DIRECTION('',(0.0,1.0,0.0));
#5247=DIRECTION('',(0.0,0.0,1.0));
#5248=DIRECTION('',(0.0,1.0,0.0));
#5249=DIRECTION('',(0.0,0.0,1.0));
#5250=DIRECTION('',(0.0,-1.0,0.0));
#5251=DIRECTION('',(-1.0,0.0,0.0));
#5252=DIRECTION('',(0.0,0.0,1.0));
#5253=DIRECTION('',(0.0,1.0,0.0));
#5254=DIRECTION('',(0.0,0.0,-1.0));
#5255=DIRECTION('',(0.0,0.0,1.0));
#5256=DIRECTION('',(0.0,1.0,0.0));
#5257=DIRECTION('',(0.0,-1.0,0.0));
#5258=DIRECTION('',(-1.0,0.0,0.0));
#5259=DIRECTION('',(-1.0,0.0,0.0));
#5260=DIRECTION('',(-1.0,0.0,0.0));
#5261=DIRECTION('',(0.0,0.0,-1.0));
#5262=DIRECTION('',(0.0,1.0,0.0));
#5263=DIRECTION('',(0.0,0.0,1.0));
#5264=DIRECTION('',(0.0,1.0,0.0));
#5265=DIRECTION('',(0.0,0.951929974582169,0.30631572517909));
#5266=CARTESIAN_POINT('',(4.0,-3.65,-5.912624359643));
#5267=DIRECTION('',(1.0,0.0,0.0));
#5268=DIRECTION('',(0.0,-0.112162803830803,-0.993689843682028));
#5269=DIRECTION('',(0.0,0.993689843682028,-0.112162803830803));
#5270=DIRECTION('',(0.0,0.112162803830803,0.993689843682028));
#5271=DIRECTION('',(0.0,-0.993689843682028,0.112162803830803));
#5272=CARTESIAN_POINT('',(4.0,-3.65,-6.15));
#5273=DIRECTION('',(-1.0,0.0,0.0));
#5274=DIRECTION('',(0.0,0.30631572517909,-0.951929974582169));
#5275=DIRECTION('',(0.0,-0.951929974582169,-0.30631572517909));
#5276=DIRECTION('',(0.0,-1.0,0.0));
#5277=DIRECTION('',(-1.0,0.0,0.0));
#5278=DIRECTION('',(0.0,0.0,1.0));
#5279=DIRECTION('',(0.0,1.0,0.0));
#5280=DIRECTION('',(0.0,0.0,-1.0));
#5281=DIRECTION('',(0.0,-1.0,0.0));
#5282=DIRECTION('',(0.0,-0.951929974582169,-0.30631572517909));
#5283=CARTESIAN_POINT('',(3.5,-3.65,-6.15));
#5284=DIRECTION('',(-1.0,0.0,0.0));
#5285=DIRECTION('',(0.0,0.30631572517909,-0.951929974582169));
#5286=DIRECTION('',(0.0,-0.993689843682028,0.112162803830803));
#5287=DIRECTION('',(0.0,0.112162803830803,0.993689843682028));
#5288=DIRECTION('',(0.0,0.993689843682028,-0.112162803830803));
#5289=CARTESIAN_POINT('',(3.5,-3.65,-5.912624359643));
#5290=DIRECTION('',(1.0,0.0,0.0));
#5291=DIRECTION('',(0.0,-0.112162803830803,-0.993689843682028));
#5292=DIRECTION('',(0.0,0.951929974582169,0.30631572517909));
#5293=DIRECTION('',(0.0,1.0,0.0));
#5294=DIRECTION('',(-1.0,0.0,0.0));
#5295=DIRECTION('',(-1.0,0.0,0.0));
#5296=DIRECTION('',(1.0,0.0,0.0));
#5297=DIRECTION('',(1.0,0.0,0.0));
#5298=DIRECTION('',(1.0,0.0,0.0));
#5299=DIRECTION('',(1.0,0.0,0.0));
#5300=DIRECTION('',(-1.0,0.0,0.0));
#5301=DIRECTION('',(0.0,0.0,-1.0));
#5302=DIRECTION('',(0.0,1.0,0.0));
#5303=DIRECTION('',(0.0,0.0,1.0));
#5304=DIRECTION('',(0.0,1.0,0.0));
#5305=DIRECTION('',(0.0,0.951929974582169,-0.30631572517909));
#5306=CARTESIAN_POINT('',(-3.5,-3.65,-8.25));
#5307=DIRECTION('',(-1.0,0.0,0.0));
#5308=DIRECTION('',(0.0,-0.112162803830803,0.993689843682028));
#5309=DIRECTION('',(0.0,0.993689843682028,0.112162803830803));
#5310=DIRECTION('',(0.0,-0.112162803830803,0.993689843682028));
#5311=DIRECTION('',(0.0,-0.993689843682028,-0.112162803830803));
#5312=CARTESIAN_POINT('',(-3.5,-3.65,-8.501587556811));
#5313=DIRECTION('',(1.0,0.0,-0.0));
#5314=DIRECTION('',(0.0,0.286536491521703,0.958069328924809));
#5315=DIRECTION('',(0.0,-0.958069328924872,0.286536491521492));
#5316=DIRECTION('',(0.0,-1.0,0.0));
#5317=DIRECTION('',(-1.0,0.0,0.0));
#5318=DIRECTION('',(0.0,0.0,1.0));
#5319=DIRECTION('',(0.0,1.0,0.0));
#5320=DIRECTION('',(0.0,0.0,-1.0));
#5321=DIRECTION('',(0.0,-1.0,0.0));
#5322=DIRECTION('',(0.0,-0.958069328924872,0.286536491521492));
#5323=CARTESIAN_POINT('',(-4.0,-3.65,-8.501587556811));
#5324=DIRECTION('',(1.0,0.0,-0.0));
#5325=DIRECTION('',(0.0,0.286536491521703,0.958069328924809));
#5326=DIRECTION('',(0.0,-0.993689843682028,-0.112162803830803));
#5327=DIRECTION('',(0.0,-0.112162803830803,0.993689843682028));
#5328=DIRECTION('',(0.0,0.993689843682028,0.112162803830803));
#5329=CARTESIAN_POINT('',(-4.0,-3.65,-8.25));
#5330=DIRECTION('',(-1.0,0.0,0.0));
#5331=DIRECTION('',(0.0,-0.112162803830803,0.993689843682028));
#5332=DIRECTION('',(0.0,0.951929974582169,-0.30631572517909));
#5333=DIRECTION('',(0.0,1.0,0.0));
#5334=DIRECTION('',(-1.0,0.0,0.0));
#5335=DIRECTION('',(-1.0,0.0,0.0));
#5336=DIRECTION('',(1.0,0.0,0.0));
#5337=DIRECTION('',(1.0,0.0,0.0));
#5338=DIRECTION('',(1.0,0.0,0.0));
#5339=DIRECTION('',(1.0,0.0,0.0));
#5340=DIRECTION('',(-1.0,0.0,0.0));
#5341=DIRECTION('',(0.0,-1.0,0.0));
#5342=DIRECTION('',(0.0,-1.0,0.0));
#5343=DIRECTION('',(-1.0,0.0,0.0));
#5344=DIRECTION('',(0.0,-1.0,0.0));
#5345=DIRECTION('',(0.0,-1.0,0.0));
#5346=DIRECTION('',(-1.0,0.0,0.0));
#5347=DIRECTION('',(0.0,-1.0,0.0));
#5348=DIRECTION('',(1.0,0.0,0.0));
#5349=DIRECTION('',(0.0,-1.0,0.0));
#5350=DIRECTION('',(-1.0,0.0,0.0));
#5351=DIRECTION('',(0.0,-1.0,0.0));
#5352=DIRECTION('',(-1.0,0.0,0.0));
#5353=DIRECTION('',(0.0,-0.958069328924872,0.286536491521492));
#5354=DIRECTION('',(0.0,-0.958069328924872,0.286536491521492));
#5355=DIRECTION('',(0.0,0.0,1.0));
#5356=DIRECTION('',(0.0,1.0,0.0));
#5357=DIRECTION('',(0.0,0.0,-1.0));
#5358=CARTESIAN_POINT('',(5.0,-3.65,-8.501587556811));
#5359=DIRECTION('',(1.0,0.0,-0.0));
#5360=DIRECTION('',(0.0,0.286536491521703,0.958069328924809));
#5361=DIRECTION('',(0.0,-0.993689843682028,-0.112162803830803));
#5362=DIRECTION('',(0.0,-0.112162803830803,0.993689843682028));
#5363=DIRECTION('',(0.0,0.993689843682028,0.112162803830803));
#5364=CARTESIAN_POINT('',(5.0,-3.65,-8.25));
#5365=DIRECTION('',(-1.0,0.0,0.0));
#5366=DIRECTION('',(0.0,-0.112162803830803,0.993689843682028));
#5367=DIRECTION('',(0.0,0.951929974582169,-0.30631572517909));
#5368=DIRECTION('',(0.0,1.0,0.0));
#5369=DIRECTION('',(-1.0,0.0,0.0));
#5370=DIRECTION('',(0.0,0.0,-1.0));
#5371=DIRECTION('',(0.0,1.0,0.0));
#5372=DIRECTION('',(0.0,0.0,1.0));
#5373=DIRECTION('',(0.0,1.0,0.0));
#5374=DIRECTION('',(0.0,0.951929974582169,-0.30631572517909));
#5375=CARTESIAN_POINT('',(5.5,-3.65,-8.25));
#5376=DIRECTION('',(-1.0,0.0,0.0));
#5377=DIRECTION('',(0.0,-0.112162803830803,0.993689843682028));
#5378=DIRECTION('',(0.0,0.993689843682028,0.112162803830803));
#5379=DIRECTION('',(0.0,-0.112162803830803,0.993689843682028));
#5380=DIRECTION('',(0.0,-0.993689843682028,-0.112162803830803));
#5381=CARTESIAN_POINT('',(5.5,-3.65,-8.501587556811));
#5382=DIRECTION('',(1.0,0.0,-0.0));
#5383=DIRECTION('',(0.0,0.286536491521703,0.958069328924809));
#5384=DIRECTION('',(-1.0,0.0,0.0));
#5385=DIRECTION('',(1.0,0.0,0.0));
#5386=DIRECTION('',(1.0,0.0,0.0));
#5387=DIRECTION('',(1.0,0.0,0.0));
#5388=DIRECTION('',(1.0,0.0,0.0));
#5389=DIRECTION('',(-1.0,0.0,0.0));
#5390=DIRECTION('',(0.0,0.0,-1.0));
#5391=DIRECTION('',(0.0,0.0,1.0));
#5392=DIRECTION('',(0.0,1.0,0.0));
#5393=DIRECTION('',(0.0,0.0,-1.0));
#5394=DIRECTION('',(0.0,0.0,1.0));
#5395=DIRECTION('',(0.0,1.0,0.0));
#5396=DIRECTION('',(-1.0,0.0,0.0));
#5397=DIRECTION('',(0.0,0.0,-1.0));
#5398=DIRECTION('',(0.0,1.0,0.0));
#5399=DIRECTION('',(0.0,0.0,1.0));
#5400=DIRECTION('',(0.0,1.0,0.0));
#5401=DIRECTION('',(0.0,0.0,1.0));
#5402=DIRECTION('',(-1.0,0.0,0.0));
#5403=DIRECTION('',(-1.0,0.0,0.0));
#5404=DIRECTION('',(0.0,0.0,1.0));
#5405=DIRECTION('',(0.0,1.0,0.0));
#5406=DIRECTION('',(0.0,0.0,-1.0));
#5407=DIRECTION('',(0.0,0.0,1.0));
#5408=DIRECTION('',(0.0,1.0,0.0));
#5409=DIRECTION('',(-1.0,0.0,0.0));
#5410=DIRECTION('',(0.0,0.0,-1.0));
#5411=DIRECTION('',(0.0,1.0,0.0));
#5412=DIRECTION('',(0.0,0.0,1.0));
#5413=DIRECTION('',(0.0,1.0,0.0));
#5414=DIRECTION('',(0.0,0.0,1.0));
#5415=DIRECTION('',(-1.0,0.0,0.0));
#5416=DIRECTION('',(-1.0,0.0,0.0));
ENDSEC;
END-ISO-10303-21;
