ISO-10303-21;
HEADER;
FILE_DESCRIPTION(('STEP AP242'),'1');
FILE_NAME('ssp1a125bdt.stp','2019-07-05T14:27:35',('TraceParts'),('TraceParts S.A.'),'Spatial InterOp 3D',' ',' ');
FILE_SCHEMA(('AP242_MANAGED_MODEL_BASED_3D_ENGINEERING_MIM_LF  {1 0 10303 442 1 1 4}'));
ENDSEC;
DATA;
#1=PRODUCT_DEFINITION_CONTEXT('',#13,'design');
#2=APPLICATION_PROTOCOL_DEFINITION('INTERNATIONAL STANDARD','ap242_managed_model_based_3d_engineering',2014,#13);
#3=PRODUCT_CATEGORY_RELATIONSHIP('NONE','NONE',#14,#15);
#4=SHAPE_DEFINITION_REPRESENTATION(#16,#17);
#5=SHAPE_DEFINITION_REPRESENTATION(#16,#18);
#6=SHAPE_DEFINITION_REPRESENTATION(#16,#19);
#7=SHAPE_DEFINITION_REPRESENTATION(#16,#20);
#8=SHAPE_DEFINITION_REPRESENTATION(#16,#21);
#9= (GEOMETRIC_REPRESENTATION_CONTEXT(3)GLOBAL_UNCERTAINTY_ASSIGNED_CONTEXT((#24))GLOBAL_UNIT_ASSIGNED_CONTEXT((#26,#27,#28))REPRESENTATION_CONTEXT('NONE','WORKSPACE'));
#13=APPLICATION_CONTEXT('managed model based 3d engineering');
#14=PRODUCT_CATEGORY('part','NONE');
#15=PRODUCT_RELATED_PRODUCT_CATEGORY('detail',' ',(#30));
#16=PRODUCT_DEFINITION_SHAPE('NONE','NONE',#31);
#17=ADVANCED_BREP_SHAPE_REPRESENTATION('ssp1a125bdt_1',(#32,#33),#9);
#18=ADVANCED_BREP_SHAPE_REPRESENTATION('ssp1a125bdt_2',(#34,#35),#9);
#19=ADVANCED_BREP_SHAPE_REPRESENTATION('ssp1a125bdt_3',(#36,#37),#9);
#20=ADVANCED_BREP_SHAPE_REPRESENTATION('ssp1a125bdt_4',(#38,#39),#9);
#21=ADVANCED_BREP_SHAPE_REPRESENTATION('ssp1a125bdt_5',(#40,#41),#9);
#24=UNCERTAINTY_MEASURE_WITH_UNIT(LENGTH_MEASURE(1.0E-06),#26,'','');
#26= (CONVERSION_BASED_UNIT('MILLIMETRE',#44)LENGTH_UNIT()NAMED_UNIT(#47));
#27= (NAMED_UNIT(#49)PLANE_ANGLE_UNIT()SI_UNIT($,.RADIAN.));
#28= (NAMED_UNIT(#49)SOLID_ANGLE_UNIT()SI_UNIT($,.STERADIAN.));
#30=PRODUCT('ssp1a125bdt_1','ssp1a125bdt_1','PART-ssp1a125bdt_1-DESC',(#55));
#31=PRODUCT_DEFINITION('','NONE',#56,#1);
#32=MANIFOLD_SOLID_BREP('ssp1a125bdt_1',#57);
#33=AXIS2_PLACEMENT_3D('',#58,#59,#60);
#34=MANIFOLD_SOLID_BREP('ssp1a125bdt_2',#61);
#35=AXIS2_PLACEMENT_3D('',#62,#63,#64);
#36=MANIFOLD_SOLID_BREP('ssp1a125bdt_3',#65);
#37=AXIS2_PLACEMENT_3D('',#66,#67,#68);
#38=MANIFOLD_SOLID_BREP('ssp1a125bdt_4',#69);
#39=AXIS2_PLACEMENT_3D('',#70,#71,#72);
#40=MANIFOLD_SOLID_BREP('ssp1a125bdt_5',#73);
#41=AXIS2_PLACEMENT_3D('',#74,#75,#76);
#44=LENGTH_MEASURE_WITH_UNIT(LENGTH_MEASURE(1.0),#77);
#47=DIMENSIONAL_EXPONENTS(1.0,0.0,0.0,0.0,0.0,0.0,0.0);
#49=DIMENSIONAL_EXPONENTS(0.0,0.0,0.0,0.0,0.0,0.0,0.0);
#55=PRODUCT_CONTEXT('',#13,'mechanical');
#56=PRODUCT_DEFINITION_FORMATION_WITH_SPECIFIED_SOURCE(' ','NONE',#30,.NOT_KNOWN.);
#57=CLOSED_SHELL('',(#78,#79,#80,#81,#82,#83,#84,#85,#86,#87,#88,#89,#90,#91,#92,#93,#94,#95,#96,#97,#98,#99,#100,#101,#102,#103,#104,#105,#106,#107,#108,#109,#110,#111,#112,#113,#114,#115,#116,#117,#118,#119,#120,#121,#122,#123,#124,#125,#126,#127,#128,#129,#130,#131,#132,#133,#134,#135,#136,#137,#138,#139,#140,#141,#142,#143,#144,#145,#146,#147,#148,#149,#150,#151,#152,#153,#154,#155,#156,#157,#158,#159,#160,#161,#162,#163,#164,#165,#166,#167,#168,#169,#170,#171,#172,#173,#174,#175,#176,#177,#178,#179,#180,#181,#182,#183,#184,#185,#186,#187,#188,#189,#190,#191));
#58=CARTESIAN_POINT('',(0.0,0.0,0.0));
#59=DIRECTION('',(0.0,0.0,1.0));
#60=DIRECTION('',(1.0,0.0,0.0));
#61=CLOSED_SHELL('',(#192,#193,#194,#195,#196,#197,#198,#199,#200,#201,#202,#203,#204,#205,#206,#207,#208,#209,#210,#211));
#62=CARTESIAN_POINT('',(0.0,0.0,0.0));
#63=DIRECTION('',(0.0,0.0,1.0));
#64=DIRECTION('',(1.0,0.0,0.0));
#65=CLOSED_SHELL('',(#212,#213,#214,#215,#216,#217,#218,#219,#220,#221,#222,#223,#224,#225,#226,#227,#228,#229,#230,#231));
#66=CARTESIAN_POINT('',(0.0,0.0,0.0));
#67=DIRECTION('',(0.0,0.0,1.0));
#68=DIRECTION('',(1.0,0.0,0.0));
#69=CLOSED_SHELL('',(#232,#233,#234,#235,#236,#237,#238,#239,#240,#241,#242,#243,#244,#245,#246,#247,#248,#249,#250,#251));
#70=CARTESIAN_POINT('',(0.0,0.0,0.0));
#71=DIRECTION('',(0.0,0.0,1.0));
#72=DIRECTION('',(1.0,0.0,0.0));
#73=CLOSED_SHELL('',(#252,#253,#254,#255,#256,#257,#258,#259,#260,#261,#262,#263,#264,#265,#266,#267,#268,#269,#270,#271));
#74=CARTESIAN_POINT('',(0.0,0.0,0.0));
#75=DIRECTION('',(0.0,0.0,1.0));
#76=DIRECTION('',(1.0,0.0,0.0));
#77= (NAMED_UNIT(#47)LENGTH_UNIT()SI_UNIT(.MILLI.,.METRE.));
#78=ADVANCED_FACE('',(#273),#274,.F.);
#79=ADVANCED_FACE('',(#275),#276,.F.);
#80=ADVANCED_FACE('',(#277),#278,.F.);
#81=ADVANCED_FACE('',(#279),#280,.F.);
#82=ADVANCED_FACE('',(#281),#282,.F.);
#83=ADVANCED_FACE('',(#283),#284,.F.);
#84=ADVANCED_FACE('',(#285),#286,.F.);
#85=ADVANCED_FACE('',(#287),#288,.F.);
#86=ADVANCED_FACE('',(#289),#290,.F.);
#87=ADVANCED_FACE('',(#291),#292,.F.);
#88=ADVANCED_FACE('',(#293),#294,.T.);
#89=ADVANCED_FACE('',(#295),#296,.T.);
#90=ADVANCED_FACE('',(#297),#298,.F.);
#91=ADVANCED_FACE('',(#299),#300,.F.);
#92=ADVANCED_FACE('',(#301),#302,.T.);
#93=ADVANCED_FACE('',(#303),#304,.F.);
#94=ADVANCED_FACE('',(#305),#306,.F.);
#95=ADVANCED_FACE('',(#307,#308),#309,.T.);
#96=ADVANCED_FACE('',(#310),#311,.T.);
#97=ADVANCED_FACE('',(#312),#313,.T.);
#98=ADVANCED_FACE('',(#314,#315),#316,.T.);
#99=ADVANCED_FACE('',(#317),#318,.F.);
#100=ADVANCED_FACE('',(#319,#320,#321,#322,#323,#324),#325,.F.);
#101=ADVANCED_FACE('',(#326),#327,.T.);
#102=ADVANCED_FACE('',(#328),#329,.F.);
#103=ADVANCED_FACE('',(#330),#331,.F.);
#104=ADVANCED_FACE('',(#332),#333,.F.);
#105=ADVANCED_FACE('',(#334),#335,.F.);
#106=ADVANCED_FACE('',(#336),#337,.T.);
#107=ADVANCED_FACE('',(#338),#339,.F.);
#108=ADVANCED_FACE('',(#340),#341,.T.);
#109=ADVANCED_FACE('',(#342),#343,.T.);
#110=ADVANCED_FACE('',(#344),#345,.T.);
#111=ADVANCED_FACE('',(#346),#347,.T.);
#112=ADVANCED_FACE('',(#348),#349,.T.);
#113=ADVANCED_FACE('',(#350),#351,.T.);
#114=ADVANCED_FACE('',(#352),#353,.T.);
#115=ADVANCED_FACE('',(#354),#355,.T.);
#116=ADVANCED_FACE('',(#356),#357,.T.);
#117=ADVANCED_FACE('',(#358),#359,.F.);
#118=ADVANCED_FACE('',(#360),#361,.T.);
#119=ADVANCED_FACE('',(#362),#363,.T.);
#120=ADVANCED_FACE('',(#364),#365,.T.);
#121=ADVANCED_FACE('',(#366),#367,.T.);
#122=ADVANCED_FACE('',(#368),#369,.T.);
#123=ADVANCED_FACE('',(#370),#371,.T.);
#124=ADVANCED_FACE('',(#372),#373,.T.);
#125=ADVANCED_FACE('',(#374),#375,.F.);
#126=ADVANCED_FACE('',(#376),#377,.F.);
#127=ADVANCED_FACE('',(#378),#379,.F.);
#128=ADVANCED_FACE('',(#380),#381,.T.);
#129=ADVANCED_FACE('',(#382),#383,.F.);
#130=ADVANCED_FACE('',(#384),#385,.T.);
#131=ADVANCED_FACE('',(#386),#387,.T.);
#132=ADVANCED_FACE('',(#388),#389,.T.);
#133=ADVANCED_FACE('',(#390),#391,.T.);
#134=ADVANCED_FACE('',(#392),#393,.T.);
#135=ADVANCED_FACE('',(#394),#395,.T.);
#136=ADVANCED_FACE('',(#396,#397),#398,.T.);
#137=ADVANCED_FACE('',(#399),#400,.T.);
#138=ADVANCED_FACE('',(#401),#402,.T.);
#139=ADVANCED_FACE('',(#403),#404,.T.);
#140=ADVANCED_FACE('',(#405),#406,.T.);
#141=ADVANCED_FACE('',(#407),#408,.T.);
#142=ADVANCED_FACE('',(#409),#410,.F.);
#143=ADVANCED_FACE('',(#411),#412,.F.);
#144=ADVANCED_FACE('',(#413),#414,.F.);
#145=ADVANCED_FACE('',(#415),#416,.F.);
#146=ADVANCED_FACE('',(#417),#418,.F.);
#147=ADVANCED_FACE('',(#419),#420,.F.);
#148=ADVANCED_FACE('',(#421,#422),#423,.T.);
#149=ADVANCED_FACE('',(#424),#425,.T.);
#150=ADVANCED_FACE('',(#426),#427,.T.);
#151=ADVANCED_FACE('',(#428),#429,.T.);
#152=ADVANCED_FACE('',(#430),#431,.T.);
#153=ADVANCED_FACE('',(#432),#433,.T.);
#154=ADVANCED_FACE('',(#434),#435,.F.);
#155=ADVANCED_FACE('',(#436),#437,.F.);
#156=ADVANCED_FACE('',(#438,#439),#440,.T.);
#157=ADVANCED_FACE('',(#441,#442),#443,.T.);
#158=ADVANCED_FACE('',(#444,#445),#446,.T.);
#159=ADVANCED_FACE('',(#447,#448),#449,.T.);
#160=ADVANCED_FACE('',(#450),#451,.F.);
#161=ADVANCED_FACE('',(#452),#453,.F.);
#162=ADVANCED_FACE('',(#454),#455,.F.);
#163=ADVANCED_FACE('',(#456),#457,.F.);
#164=ADVANCED_FACE('',(#458),#459,.F.);
#165=ADVANCED_FACE('',(#460),#461,.F.);
#166=ADVANCED_FACE('',(#462),#463,.F.);
#167=ADVANCED_FACE('',(#464),#465,.F.);
#168=ADVANCED_FACE('',(#466,#467),#468,.T.);
#169=ADVANCED_FACE('',(#469,#470),#471,.T.);
#170=ADVANCED_FACE('',(#472,#473),#474,.T.);
#171=ADVANCED_FACE('',(#475,#476),#477,.T.);
#172=ADVANCED_FACE('',(#478),#479,.F.);
#173=ADVANCED_FACE('',(#480),#481,.F.);
#174=ADVANCED_FACE('',(#482),#483,.F.);
#175=ADVANCED_FACE('',(#484),#485,.F.);
#176=ADVANCED_FACE('',(#486),#487,.F.);
#177=ADVANCED_FACE('',(#488),#489,.F.);
#178=ADVANCED_FACE('',(#490),#491,.F.);
#179=ADVANCED_FACE('',(#492),#493,.F.);
#180=ADVANCED_FACE('',(#494),#495,.T.);
#181=ADVANCED_FACE('',(#496),#497,.T.);
#182=ADVANCED_FACE('',(#498),#499,.T.);
#183=ADVANCED_FACE('',(#500),#501,.T.);
#184=ADVANCED_FACE('',(#502),#503,.F.);
#185=ADVANCED_FACE('',(#504),#505,.F.);
#186=ADVANCED_FACE('',(#506),#507,.F.);
#187=ADVANCED_FACE('',(#508),#509,.F.);
#188=ADVANCED_FACE('',(#510),#511,.F.);
#189=ADVANCED_FACE('',(#512),#513,.F.);
#190=ADVANCED_FACE('',(#514),#515,.F.);
#191=ADVANCED_FACE('',(#516),#517,.F.);
#192=ADVANCED_FACE('',(#518),#519,.T.);
#193=ADVANCED_FACE('',(#520),#521,.T.);
#194=ADVANCED_FACE('',(#522),#523,.T.);
#195=ADVANCED_FACE('',(#524,#525),#526,.T.);
#196=ADVANCED_FACE('',(#527),#528,.T.);
#197=ADVANCED_FACE('',(#529),#530,.T.);
#198=ADVANCED_FACE('',(#531,#532),#533,.F.);
#199=ADVANCED_FACE('',(#534),#535,.F.);
#200=ADVANCED_FACE('',(#536),#537,.F.);
#201=ADVANCED_FACE('',(#538),#539,.F.);
#202=ADVANCED_FACE('',(#540),#541,.F.);
#203=ADVANCED_FACE('',(#542),#543,.F.);
#204=ADVANCED_FACE('',(#544),#545,.F.);
#205=ADVANCED_FACE('',(#546),#547,.F.);
#206=ADVANCED_FACE('',(#548),#549,.F.);
#207=ADVANCED_FACE('',(#550),#551,.F.);
#208=ADVANCED_FACE('',(#552),#553,.F.);
#209=ADVANCED_FACE('',(#554),#555,.F.);
#210=ADVANCED_FACE('',(#556),#557,.F.);
#211=ADVANCED_FACE('',(#558),#559,.T.);
#212=ADVANCED_FACE('',(#560),#561,.T.);
#213=ADVANCED_FACE('',(#562),#563,.T.);
#214=ADVANCED_FACE('',(#564),#565,.T.);
#215=ADVANCED_FACE('',(#566,#567),#568,.T.);
#216=ADVANCED_FACE('',(#569),#570,.T.);
#217=ADVANCED_FACE('',(#571),#572,.T.);
#218=ADVANCED_FACE('',(#573,#574),#575,.F.);
#219=ADVANCED_FACE('',(#576),#577,.F.);
#220=ADVANCED_FACE('',(#578),#579,.F.);
#221=ADVANCED_FACE('',(#580),#581,.F.);
#222=ADVANCED_FACE('',(#582),#583,.F.);
#223=ADVANCED_FACE('',(#584),#585,.F.);
#224=ADVANCED_FACE('',(#586),#587,.F.);
#225=ADVANCED_FACE('',(#588),#589,.F.);
#226=ADVANCED_FACE('',(#590),#591,.F.);
#227=ADVANCED_FACE('',(#592),#593,.F.);
#228=ADVANCED_FACE('',(#594),#595,.F.);
#229=ADVANCED_FACE('',(#596),#597,.F.);
#230=ADVANCED_FACE('',(#598),#599,.F.);
#231=ADVANCED_FACE('',(#600),#601,.T.);
#232=ADVANCED_FACE('',(#602),#603,.T.);
#233=ADVANCED_FACE('',(#604),#605,.T.);
#234=ADVANCED_FACE('',(#606),#607,.T.);
#235=ADVANCED_FACE('',(#608,#609),#610,.T.);
#236=ADVANCED_FACE('',(#611),#612,.T.);
#237=ADVANCED_FACE('',(#613),#614,.T.);
#238=ADVANCED_FACE('',(#615,#616),#617,.F.);
#239=ADVANCED_FACE('',(#618),#619,.F.);
#240=ADVANCED_FACE('',(#620),#621,.F.);
#241=ADVANCED_FACE('',(#622),#623,.F.);
#242=ADVANCED_FACE('',(#624),#625,.F.);
#243=ADVANCED_FACE('',(#626),#627,.F.);
#244=ADVANCED_FACE('',(#628),#629,.F.);
#245=ADVANCED_FACE('',(#630),#631,.F.);
#246=ADVANCED_FACE('',(#632),#633,.F.);
#247=ADVANCED_FACE('',(#634),#635,.F.);
#248=ADVANCED_FACE('',(#636),#637,.F.);
#249=ADVANCED_FACE('',(#638),#639,.F.);
#250=ADVANCED_FACE('',(#640),#641,.F.);
#251=ADVANCED_FACE('',(#642),#643,.T.);
#252=ADVANCED_FACE('',(#644),#645,.T.);
#253=ADVANCED_FACE('',(#646),#647,.T.);
#254=ADVANCED_FACE('',(#648),#649,.T.);
#255=ADVANCED_FACE('',(#650,#651),#652,.T.);
#256=ADVANCED_FACE('',(#653),#654,.T.);
#257=ADVANCED_FACE('',(#655),#656,.T.);
#258=ADVANCED_FACE('',(#657,#658),#659,.F.);
#259=ADVANCED_FACE('',(#660),#661,.F.);
#260=ADVANCED_FACE('',(#662),#663,.F.);
#261=ADVANCED_FACE('',(#664),#665,.F.);
#262=ADVANCED_FACE('',(#666),#667,.F.);
#263=ADVANCED_FACE('',(#668),#669,.F.);
#264=ADVANCED_FACE('',(#670),#671,.F.);
#265=ADVANCED_FACE('',(#672),#673,.F.);
#266=ADVANCED_FACE('',(#674),#675,.F.);
#267=ADVANCED_FACE('',(#676),#677,.F.);
#268=ADVANCED_FACE('',(#678),#679,.F.);
#269=ADVANCED_FACE('',(#680),#681,.F.);
#270=ADVANCED_FACE('',(#682),#683,.F.);
#271=ADVANCED_FACE('',(#684),#685,.T.);
#273=FACE_OUTER_BOUND('',#686,.T.);
#274=CYLINDRICAL_SURFACE('',#687,2.4384);
#275=FACE_OUTER_BOUND('',#688,.T.);
#276=CYLINDRICAL_SURFACE('',#689,2.4384);
#277=FACE_OUTER_BOUND('',#690,.T.);
#278=CYLINDRICAL_SURFACE('',#691,3.838973944908);
#279=FACE_OUTER_BOUND('',#692,.T.);
#280=CYLINDRICAL_SURFACE('',#693,3.838973944908);
#281=FACE_OUTER_BOUND('',#694,.T.);
#282=CYLINDRICAL_SURFACE('',#695,3.838973944908);
#283=FACE_OUTER_BOUND('',#696,.T.);
#284=CYLINDRICAL_SURFACE('',#697,3.838973944908);
#285=FACE_OUTER_BOUND('',#698,.T.);
#286=CYLINDRICAL_SURFACE('',#699,3.838973944908);
#287=FACE_OUTER_BOUND('',#700,.T.);
#288=CYLINDRICAL_SURFACE('',#701,3.838973944908);
#289=FACE_OUTER_BOUND('',#702,.T.);
#290=CYLINDRICAL_SURFACE('',#703,3.838973944908);
#291=FACE_OUTER_BOUND('',#704,.T.);
#292=CYLINDRICAL_SURFACE('',#705,3.838973944908);
#293=FACE_OUTER_BOUND('',#706,.T.);
#294=CYLINDRICAL_SURFACE('',#707,0.889);
#295=FACE_OUTER_BOUND('',#708,.T.);
#296=CYLINDRICAL_SURFACE('',#709,0.889);
#297=FACE_OUTER_BOUND('',#710,.T.);
#298=CYLINDRICAL_SURFACE('',#711,2.1212861459);
#299=FACE_OUTER_BOUND('',#712,.T.);
#300=CYLINDRICAL_SURFACE('',#713,2.121250231779);
#301=FACE_OUTER_BOUND('',#714,.T.);
#302=CYLINDRICAL_SURFACE('',#715,4.571601835826);
#303=FACE_OUTER_BOUND('',#716,.T.);
#304=CYLINDRICAL_SURFACE('',#717,6.570199485261);
#305=FACE_OUTER_BOUND('',#718,.T.);
#306=CYLINDRICAL_SURFACE('',#719,6.570199485261);
#307=FACE_OUTER_BOUND('',#720,.T.);
#308=FACE_BOUND('',#721,.T.);
#309=PLANE('',#722);
#310=FACE_OUTER_BOUND('',#723,.T.);
#311=PLANE('',#724);
#312=FACE_OUTER_BOUND('',#725,.T.);
#313=PLANE('',#726);
#314=FACE_OUTER_BOUND('',#727,.T.);
#315=FACE_BOUND('',#728,.T.);
#316=PLANE('',#729);
#317=FACE_OUTER_BOUND('',#730,.T.);
#318=PLANE('',#731);
#319=FACE_OUTER_BOUND('',#732,.T.);
#320=FACE_BOUND('',#733,.T.);
#321=FACE_BOUND('',#734,.T.);
#322=FACE_BOUND('',#735,.T.);
#323=FACE_BOUND('',#736,.T.);
#324=FACE_BOUND('',#737,.T.);
#325=PLANE('',#738);
#326=FACE_OUTER_BOUND('',#739,.T.);
#327=PLANE('',#740);
#328=FACE_OUTER_BOUND('',#741,.T.);
#329=PLANE('',#742);
#330=FACE_OUTER_BOUND('',#743,.T.);
#331=PLANE('',#744);
#332=FACE_OUTER_BOUND('',#745,.T.);
#333=PLANE('',#746);
#334=FACE_OUTER_BOUND('',#747,.T.);
#335=PLANE('',#748);
#336=FACE_OUTER_BOUND('',#749,.T.);
#337=PLANE('',#750);
#338=FACE_OUTER_BOUND('',#751,.T.);
#339=PLANE('',#752);
#340=FACE_OUTER_BOUND('',#753,.T.);
#341=PLANE('',#754);
#342=FACE_OUTER_BOUND('',#755,.T.);
#343=SURFACE_OF_LINEAR_EXTRUSION('',#756,#757);
#344=FACE_OUTER_BOUND('',#758,.T.);
#345=SURFACE_OF_LINEAR_EXTRUSION('',#759,#760);
#346=FACE_OUTER_BOUND('',#761,.T.);
#347=PLANE('',#762);
#348=FACE_OUTER_BOUND('',#763,.T.);
#349=PLANE('',#764);
#350=FACE_OUTER_BOUND('',#765,.T.);
#351=PLANE('',#766);
#352=FACE_OUTER_BOUND('',#767,.T.);
#353=PLANE('',#768);
#354=FACE_OUTER_BOUND('',#769,.T.);
#355=PLANE('',#770);
#356=FACE_OUTER_BOUND('',#771,.T.);
#357=PLANE('',#772);
#358=FACE_OUTER_BOUND('',#773,.T.);
#359=PLANE('',#774);
#360=FACE_OUTER_BOUND('',#775,.T.);
#361=PLANE('',#776);
#362=FACE_OUTER_BOUND('',#777,.T.);
#363=SURFACE_OF_LINEAR_EXTRUSION('',#778,#779);
#364=FACE_OUTER_BOUND('',#780,.T.);
#365=SURFACE_OF_LINEAR_EXTRUSION('',#781,#782);
#366=FACE_OUTER_BOUND('',#783,.T.);
#367=PLANE('',#784);
#368=FACE_OUTER_BOUND('',#785,.T.);
#369=SURFACE_OF_LINEAR_EXTRUSION('',#786,#787);
#370=FACE_OUTER_BOUND('',#788,.T.);
#371=SURFACE_OF_LINEAR_EXTRUSION('',#789,#790);
#372=FACE_OUTER_BOUND('',#791,.T.);
#373=PLANE('',#792);
#374=FACE_OUTER_BOUND('',#793,.T.);
#375=PLANE('',#794);
#376=FACE_OUTER_BOUND('',#795,.T.);
#377=CYLINDRICAL_SURFACE('',#796,6.570199485261);
#378=FACE_OUTER_BOUND('',#797,.T.);
#379=CYLINDRICAL_SURFACE('',#798,6.570199485261);
#380=FACE_OUTER_BOUND('',#799,.T.);
#381=PLANE('',#800);
#382=FACE_OUTER_BOUND('',#801,.T.);
#383=CYLINDRICAL_SURFACE('',#802,2.4384);
#384=FACE_OUTER_BOUND('',#803,.T.);
#385=PLANE('',#804);
#386=FACE_OUTER_BOUND('',#805,.T.);
#387=SURFACE_OF_LINEAR_EXTRUSION('',#806,#807);
#388=FACE_OUTER_BOUND('',#808,.T.);
#389=SURFACE_OF_LINEAR_EXTRUSION('',#809,#810);
#390=FACE_OUTER_BOUND('',#811,.T.);
#391=CYLINDRICAL_SURFACE('',#812,4.571601835822);
#392=FACE_OUTER_BOUND('',#813,.T.);
#393=PLANE('',#814);
#394=FACE_OUTER_BOUND('',#815,.T.);
#395=CYLINDRICAL_SURFACE('',#816,4.571601835826);
#396=FACE_OUTER_BOUND('',#817,.T.);
#397=FACE_BOUND('',#818,.T.);
#398=PLANE('',#819);
#399=FACE_OUTER_BOUND('',#820,.T.);
#400=PLANE('',#821);
#401=FACE_OUTER_BOUND('',#822,.T.);
#402=CYLINDRICAL_SURFACE('',#823,4.571601835823);
#403=FACE_OUTER_BOUND('',#824,.T.);
#404=PLANE('',#825);
#405=FACE_OUTER_BOUND('',#826,.T.);
#406=CYLINDRICAL_SURFACE('',#827,4.571601835826);
#407=FACE_OUTER_BOUND('',#828,.T.);
#408=PLANE('',#829);
#409=FACE_OUTER_BOUND('',#830,.T.);
#410=PLANE('',#831);
#411=FACE_OUTER_BOUND('',#832,.T.);
#412=PLANE('',#833);
#413=FACE_OUTER_BOUND('',#834,.T.);
#414=CYLINDRICAL_SURFACE('',#835,2.121285860949);
#415=FACE_OUTER_BOUND('',#836,.T.);
#416=PLANE('',#837);
#417=FACE_OUTER_BOUND('',#838,.T.);
#418=CYLINDRICAL_SURFACE('',#839,2.121249940919);
#419=FACE_OUTER_BOUND('',#840,.T.);
#420=PLANE('',#841);
#421=FACE_OUTER_BOUND('',#842,.T.);
#422=FACE_BOUND('',#843,.T.);
#423=PLANE('',#844);
#424=FACE_OUTER_BOUND('',#845,.T.);
#425=CYLINDRICAL_SURFACE('',#846,0.889);
#426=FACE_OUTER_BOUND('',#847,.T.);
#427=PLANE('',#848);
#428=FACE_OUTER_BOUND('',#849,.T.);
#429=CYLINDRICAL_SURFACE('',#850,0.889);
#430=FACE_OUTER_BOUND('',#851,.T.);
#431=PLANE('',#852);
#432=FACE_OUTER_BOUND('',#853,.T.);
#433=PLANE('',#854);
#434=FACE_OUTER_BOUND('',#855,.T.);
#435=CYLINDRICAL_SURFACE('',#856,3.838973944908);
#436=FACE_OUTER_BOUND('',#857,.T.);
#437=CYLINDRICAL_SURFACE('',#858,3.838973944908);
#438=FACE_OUTER_BOUND('',#859,.T.);
#439=FACE_BOUND('',#860,.T.);
#440=PLANE('',#861);
#441=FACE_OUTER_BOUND('',#862,.T.);
#442=FACE_BOUND('',#863,.T.);
#443=PLANE('',#864);
#444=FACE_OUTER_BOUND('',#865,.T.);
#445=FACE_BOUND('',#866,.T.);
#446=PLANE('',#867);
#447=FACE_OUTER_BOUND('',#868,.T.);
#448=FACE_BOUND('',#869,.T.);
#449=PLANE('',#870);
#450=FACE_OUTER_BOUND('',#871,.T.);
#451=CYLINDRICAL_SURFACE('',#872,3.838973944908);
#452=FACE_OUTER_BOUND('',#873,.T.);
#453=CYLINDRICAL_SURFACE('',#874,3.838973944908);
#454=FACE_OUTER_BOUND('',#875,.T.);
#455=CYLINDRICAL_SURFACE('',#876,3.838973944908);
#456=FACE_OUTER_BOUND('',#877,.T.);
#457=CYLINDRICAL_SURFACE('',#878,3.838973944908);
#458=FACE_OUTER_BOUND('',#879,.T.);
#459=CYLINDRICAL_SURFACE('',#880,3.838973944908);
#460=FACE_OUTER_BOUND('',#881,.T.);
#461=CYLINDRICAL_SURFACE('',#882,3.838973944908);
#462=FACE_OUTER_BOUND('',#883,.T.);
#463=CYLINDRICAL_SURFACE('',#884,2.75);
#464=FACE_OUTER_BOUND('',#885,.T.);
#465=CYLINDRICAL_SURFACE('',#886,2.75);
#466=FACE_OUTER_BOUND('',#887,.T.);
#467=FACE_BOUND('',#888,.T.);
#468=PLANE('',#889);
#469=FACE_OUTER_BOUND('',#890,.T.);
#470=FACE_BOUND('',#891,.T.);
#471=PLANE('',#892);
#472=FACE_OUTER_BOUND('',#893,.T.);
#473=FACE_BOUND('',#894,.T.);
#474=PLANE('',#895);
#475=FACE_OUTER_BOUND('',#896,.T.);
#476=FACE_BOUND('',#897,.T.);
#477=PLANE('',#898);
#478=FACE_OUTER_BOUND('',#899,.T.);
#479=CYLINDRICAL_SURFACE('',#900,2.75);
#480=FACE_OUTER_BOUND('',#901,.T.);
#481=CYLINDRICAL_SURFACE('',#902,2.75);
#482=FACE_OUTER_BOUND('',#903,.T.);
#483=CYLINDRICAL_SURFACE('',#904,2.75);
#484=FACE_OUTER_BOUND('',#905,.T.);
#485=CYLINDRICAL_SURFACE('',#906,2.75);
#486=FACE_OUTER_BOUND('',#907,.T.);
#487=CYLINDRICAL_SURFACE('',#908,2.75);
#488=FACE_OUTER_BOUND('',#909,.T.);
#489=CYLINDRICAL_SURFACE('',#910,2.75);
#490=FACE_OUTER_BOUND('',#911,.T.);
#491=CYLINDRICAL_SURFACE('',#912,1.675);
#492=FACE_OUTER_BOUND('',#913,.T.);
#493=CYLINDRICAL_SURFACE('',#914,1.675);
#494=FACE_OUTER_BOUND('',#915,.T.);
#495=PLANE('',#916);
#496=FACE_OUTER_BOUND('',#917,.T.);
#497=PLANE('',#918);
#498=FACE_OUTER_BOUND('',#919,.T.);
#499=PLANE('',#920);
#500=FACE_OUTER_BOUND('',#921,.T.);
#501=PLANE('',#922);
#502=FACE_OUTER_BOUND('',#923,.T.);
#503=CYLINDRICAL_SURFACE('',#924,1.675);
#504=FACE_OUTER_BOUND('',#925,.T.);
#505=CYLINDRICAL_SURFACE('',#926,1.675);
#506=FACE_OUTER_BOUND('',#927,.T.);
#507=CYLINDRICAL_SURFACE('',#928,1.675);
#508=FACE_OUTER_BOUND('',#929,.T.);
#509=CYLINDRICAL_SURFACE('',#930,1.675);
#510=FACE_OUTER_BOUND('',#931,.T.);
#511=CYLINDRICAL_SURFACE('',#932,1.675);
#512=FACE_OUTER_BOUND('',#933,.T.);
#513=CYLINDRICAL_SURFACE('',#934,1.675);
#514=FACE_OUTER_BOUND('',#935,.T.);
#515=CYLINDRICAL_SURFACE('',#936,2.4384);
#516=FACE_OUTER_BOUND('',#937,.T.);
#517=CYLINDRICAL_SURFACE('',#938,2.4384);
#518=FACE_OUTER_BOUND('',#939,.T.);
#519=PLANE('',#940);
#520=FACE_OUTER_BOUND('',#941,.T.);
#521=CYLINDRICAL_SURFACE('',#942,1.75);
#522=FACE_OUTER_BOUND('',#943,.T.);
#523=CYLINDRICAL_SURFACE('',#944,1.75);
#524=FACE_OUTER_BOUND('',#945,.T.);
#525=FACE_BOUND('',#946,.T.);
#526=PLANE('',#947);
#527=FACE_OUTER_BOUND('',#948,.T.);
#528=CYLINDRICAL_SURFACE('',#949,2.78);
#529=FACE_OUTER_BOUND('',#950,.T.);
#530=CYLINDRICAL_SURFACE('',#951,2.78);
#531=FACE_OUTER_BOUND('',#952,.T.);
#532=FACE_BOUND('',#953,.T.);
#533=PLANE('',#954);
#534=FACE_OUTER_BOUND('',#955,.T.);
#535=PLANE('',#956);
#536=FACE_OUTER_BOUND('',#957,.T.);
#537=PLANE('',#958);
#538=FACE_OUTER_BOUND('',#959,.T.);
#539=PLANE('',#960);
#540=FACE_OUTER_BOUND('',#961,.T.);
#541=PLANE('',#962);
#542=FACE_OUTER_BOUND('',#963,.T.);
#543=PLANE('',#964);
#544=FACE_OUTER_BOUND('',#965,.T.);
#545=PLANE('',#966);
#546=FACE_OUTER_BOUND('',#967,.T.);
#547=PLANE('',#968);
#548=FACE_OUTER_BOUND('',#969,.T.);
#549=PLANE('',#970);
#550=FACE_OUTER_BOUND('',#971,.T.);
#551=PLANE('',#972);
#552=FACE_OUTER_BOUND('',#973,.T.);
#553=PLANE('',#974);
#554=FACE_OUTER_BOUND('',#975,.T.);
#555=PLANE('',#976);
#556=FACE_OUTER_BOUND('',#977,.T.);
#557=PLANE('',#978);
#558=FACE_OUTER_BOUND('',#979,.T.);
#559=PLANE('',#980);
#560=FACE_OUTER_BOUND('',#981,.T.);
#561=PLANE('',#982);
#562=FACE_OUTER_BOUND('',#983,.T.);
#563=CYLINDRICAL_SURFACE('',#984,1.75);
#564=FACE_OUTER_BOUND('',#985,.T.);
#565=CYLINDRICAL_SURFACE('',#986,1.75);
#566=FACE_OUTER_BOUND('',#987,.T.);
#567=FACE_BOUND('',#988,.T.);
#568=PLANE('',#989);
#569=FACE_OUTER_BOUND('',#990,.T.);
#570=CYLINDRICAL_SURFACE('',#991,2.78);
#571=FACE_OUTER_BOUND('',#992,.T.);
#572=CYLINDRICAL_SURFACE('',#993,2.78);
#573=FACE_OUTER_BOUND('',#994,.T.);
#574=FACE_BOUND('',#995,.T.);
#575=PLANE('',#996);
#576=FACE_OUTER_BOUND('',#997,.T.);
#577=PLANE('',#998);
#578=FACE_OUTER_BOUND('',#999,.T.);
#579=PLANE('',#1000);
#580=FACE_OUTER_BOUND('',#1001,.T.);
#581=PLANE('',#1002);
#582=FACE_OUTER_BOUND('',#1003,.T.);
#583=PLANE('',#1004);
#584=FACE_OUTER_BOUND('',#1005,.T.);
#585=PLANE('',#1006);
#586=FACE_OUTER_BOUND('',#1007,.T.);
#587=PLANE('',#1008);
#588=FACE_OUTER_BOUND('',#1009,.T.);
#589=PLANE('',#1010);
#590=FACE_OUTER_BOUND('',#1011,.T.);
#591=PLANE('',#1012);
#592=FACE_OUTER_BOUND('',#1013,.T.);
#593=PLANE('',#1014);
#594=FACE_OUTER_BOUND('',#1015,.T.);
#595=PLANE('',#1016);
#596=FACE_OUTER_BOUND('',#1017,.T.);
#597=PLANE('',#1018);
#598=FACE_OUTER_BOUND('',#1019,.T.);
#599=PLANE('',#1020);
#600=FACE_OUTER_BOUND('',#1021,.T.);
#601=PLANE('',#1022);
#602=FACE_OUTER_BOUND('',#1023,.T.);
#603=PLANE('',#1024);
#604=FACE_OUTER_BOUND('',#1025,.T.);
#605=CYLINDRICAL_SURFACE('',#1026,1.75);
#606=FACE_OUTER_BOUND('',#1027,.T.);
#607=CYLINDRICAL_SURFACE('',#1028,1.75);
#608=FACE_OUTER_BOUND('',#1029,.T.);
#609=FACE_BOUND('',#1030,.T.);
#610=PLANE('',#1031);
#611=FACE_OUTER_BOUND('',#1032,.T.);
#612=CYLINDRICAL_SURFACE('',#1033,2.78);
#613=FACE_OUTER_BOUND('',#1034,.T.);
#614=CYLINDRICAL_SURFACE('',#1035,2.78);
#615=FACE_OUTER_BOUND('',#1036,.T.);
#616=FACE_BOUND('',#1037,.T.);
#617=PLANE('',#1038);
#618=FACE_OUTER_BOUND('',#1039,.T.);
#619=PLANE('',#1040);
#620=FACE_OUTER_BOUND('',#1041,.T.);
#621=PLANE('',#1042);
#622=FACE_OUTER_BOUND('',#1043,.T.);
#623=PLANE('',#1044);
#624=FACE_OUTER_BOUND('',#1045,.T.);
#625=PLANE('',#1046);
#626=FACE_OUTER_BOUND('',#1047,.T.);
#627=PLANE('',#1048);
#628=FACE_OUTER_BOUND('',#1049,.T.);
#629=PLANE('',#1050);
#630=FACE_OUTER_BOUND('',#1051,.T.);
#631=PLANE('',#1052);
#632=FACE_OUTER_BOUND('',#1053,.T.);
#633=PLANE('',#1054);
#634=FACE_OUTER_BOUND('',#1055,.T.);
#635=PLANE('',#1056);
#636=FACE_OUTER_BOUND('',#1057,.T.);
#637=PLANE('',#1058);
#638=FACE_OUTER_BOUND('',#1059,.T.);
#639=PLANE('',#1060);
#640=FACE_OUTER_BOUND('',#1061,.T.);
#641=PLANE('',#1062);
#642=FACE_OUTER_BOUND('',#1063,.T.);
#643=PLANE('',#1064);
#644=FACE_OUTER_BOUND('',#1065,.T.);
#645=PLANE('',#1066);
#646=FACE_OUTER_BOUND('',#1067,.T.);
#647=CYLINDRICAL_SURFACE('',#1068,1.75);
#648=FACE_OUTER_BOUND('',#1069,.T.);
#649=CYLINDRICAL_SURFACE('',#1070,1.75);
#650=FACE_OUTER_BOUND('',#1071,.T.);
#651=FACE_BOUND('',#1072,.T.);
#652=PLANE('',#1073);
#653=FACE_OUTER_BOUND('',#1074,.T.);
#654=CYLINDRICAL_SURFACE('',#1075,2.78);
#655=FACE_OUTER_BOUND('',#1076,.T.);
#656=CYLINDRICAL_SURFACE('',#1077,2.78);
#657=FACE_OUTER_BOUND('',#1078,.T.);
#658=FACE_BOUND('',#1079,.T.);
#659=PLANE('',#1080);
#660=FACE_OUTER_BOUND('',#1081,.T.);
#661=PLANE('',#1082);
#662=FACE_OUTER_BOUND('',#1083,.T.);
#663=PLANE('',#1084);
#664=FACE_OUTER_BOUND('',#1085,.T.);
#665=PLANE('',#1086);
#666=FACE_OUTER_BOUND('',#1087,.T.);
#667=PLANE('',#1088);
#668=FACE_OUTER_BOUND('',#1089,.T.);
#669=PLANE('',#1090);
#670=FACE_OUTER_BOUND('',#1091,.T.);
#671=PLANE('',#1092);
#672=FACE_OUTER_BOUND('',#1093,.T.);
#673=PLANE('',#1094);
#674=FACE_OUTER_BOUND('',#1095,.T.);
#675=PLANE('',#1096);
#676=FACE_OUTER_BOUND('',#1097,.T.);
#677=PLANE('',#1098);
#678=FACE_OUTER_BOUND('',#1099,.T.);
#679=PLANE('',#1100);
#680=FACE_OUTER_BOUND('',#1101,.T.);
#681=PLANE('',#1102);
#682=FACE_OUTER_BOUND('',#1103,.T.);
#683=PLANE('',#1104);
#684=FACE_OUTER_BOUND('',#1105,.T.);
#685=PLANE('',#1106);
#686=EDGE_LOOP('',(#1107,#1108,#1109,#1110));
#687=AXIS2_PLACEMENT_3D('',#1111,#1112,#1113);
#688=EDGE_LOOP('',(#1114,#1115,#1116,#1117));
#689=AXIS2_PLACEMENT_3D('',#1118,#1119,#1120);
#690=EDGE_LOOP('',(#1121,#1122,#1123,#1124));
#691=AXIS2_PLACEMENT_3D('',#1125,#1126,#1127);
#692=EDGE_LOOP('',(#1128,#1129,#1130,#1131));
#693=AXIS2_PLACEMENT_3D('',#1132,#1133,#1134);
#694=EDGE_LOOP('',(#1135,#1136,#1137,#1138));
#695=AXIS2_PLACEMENT_3D('',#1139,#1140,#1141);
#696=EDGE_LOOP('',(#1142,#1143,#1144,#1145));
#697=AXIS2_PLACEMENT_3D('',#1146,#1147,#1148);
#698=EDGE_LOOP('',(#1149,#1150,#1151,#1152));
#699=AXIS2_PLACEMENT_3D('',#1153,#1154,#1155);
#700=EDGE_LOOP('',(#1156,#1157,#1158,#1159));
#701=AXIS2_PLACEMENT_3D('',#1160,#1161,#1162);
#702=EDGE_LOOP('',(#1163,#1164,#1165,#1166));
#703=AXIS2_PLACEMENT_3D('',#1167,#1168,#1169);
#704=EDGE_LOOP('',(#1170,#1171,#1172,#1173));
#705=AXIS2_PLACEMENT_3D('',#1174,#1175,#1176);
#706=EDGE_LOOP('',(#1177,#1178,#1179,#1180));
#707=AXIS2_PLACEMENT_3D('',#1181,#1182,#1183);
#708=EDGE_LOOP('',(#1184,#1185,#1186,#1187));
#709=AXIS2_PLACEMENT_3D('',#1188,#1189,#1190);
#710=EDGE_LOOP('',(#1191,#1192,#1193,#1194));
#711=AXIS2_PLACEMENT_3D('',#1195,#1196,#1197);
#712=EDGE_LOOP('',(#1198,#1199,#1200,#1201));
#713=AXIS2_PLACEMENT_3D('',#1202,#1203,#1204);
#714=EDGE_LOOP('',(#1205,#1206,#1207,#1208));
#715=AXIS2_PLACEMENT_3D('',#1209,#1210,#1211);
#716=EDGE_LOOP('',(#1212,#1213,#1214,#1215));
#717=AXIS2_PLACEMENT_3D('',#1216,#1217,#1218);
#718=EDGE_LOOP('',(#1219,#1220,#1221,#1222));
#719=AXIS2_PLACEMENT_3D('',#1223,#1224,#1225);
#720=EDGE_LOOP('',(#1226,#1227,#1228,#1229,#1230,#1231,#1232,#1233));
#721=EDGE_LOOP('',(#1234,#1235,#1236,#1237));
#722=AXIS2_PLACEMENT_3D('',#1238,#1239,#1240);
#723=EDGE_LOOP('',(#1241,#1242,#1243,#1244,#1245,#1246,#1247));
#724=AXIS2_PLACEMENT_3D('',#1248,#1249,#1250);
#725=EDGE_LOOP('',(#1251,#1252,#1253,#1254,#1255,#1256,#1257,#1258,#1259));
#726=AXIS2_PLACEMENT_3D('',#1260,#1261,#1262);
#727=EDGE_LOOP('',(#1263,#1264,#1265,#1266,#1267));
#728=EDGE_LOOP('',(#1268,#1269,#1270,#1271));
#729=AXIS2_PLACEMENT_3D('',#1272,#1273,#1274);
#730=EDGE_LOOP('',(#1275,#1276,#1277,#1278,#1279,#1280));
#731=AXIS2_PLACEMENT_3D('',#1281,#1282,#1283);
#732=EDGE_LOOP('',(#1284,#1285,#1286,#1287,#1288,#1289,#1290,#1291,#1292,#1293,#1294,#1295,#1296,#1297,#1298,#1299,#1300,#1301,#1302,#1303,#1304,#1305));
#733=EDGE_LOOP('',(#1306,#1307,#1308,#1309,#1310,#1311,#1312,#1313,#1314));
#734=EDGE_LOOP('',(#1315,#1316,#1317,#1318));
#735=EDGE_LOOP('',(#1319,#1320,#1321,#1322));
#736=EDGE_LOOP('',(#1323,#1324,#1325,#1326));
#737=EDGE_LOOP('',(#1327,#1328,#1329,#1330));
#738=AXIS2_PLACEMENT_3D('',#1331,#1332,#1333);
#739=EDGE_LOOP('',(#1334,#1335,#1336,#1337));
#740=AXIS2_PLACEMENT_3D('',#1338,#1339,#1340);
#741=EDGE_LOOP('',(#1341,#1342,#1343,#1344,#1345,#1346));
#742=AXIS2_PLACEMENT_3D('',#1347,#1348,#1349);
#743=EDGE_LOOP('',(#1350,#1351,#1352,#1353,#1354,#1355));
#744=AXIS2_PLACEMENT_3D('',#1356,#1357,#1358);
#745=EDGE_LOOP('',(#1359,#1360,#1361,#1362,#1363,#1364));
#746=AXIS2_PLACEMENT_3D('',#1365,#1366,#1367);
#747=EDGE_LOOP('',(#1368,#1369,#1370,#1371,#1372,#1373));
#748=AXIS2_PLACEMENT_3D('',#1374,#1375,#1376);
#749=EDGE_LOOP('',(#1377,#1378,#1379,#1380,#1381,#1382,#1383,#1384,#1385,#1386));
#750=AXIS2_PLACEMENT_3D('',#1387,#1388,#1389);
#751=EDGE_LOOP('',(#1390,#1391,#1392,#1393,#1394,#1395));
#752=AXIS2_PLACEMENT_3D('',#1396,#1397,#1398);
#753=EDGE_LOOP('',(#1399,#1400,#1401,#1402));
#754=AXIS2_PLACEMENT_3D('',#1403,#1404,#1405);
#755=EDGE_LOOP('',(#1406,#1407,#1408,#1409));
#756=B_SPLINE_CURVE_WITH_KNOTS('',3,(#1410,#1411,#1412,#1413,#1414,#1415,#1416,#1417),.UNSPECIFIED.,.F.,.F.,(4,1,1,1,1,4),(0.0,0.193049389477,0.3985057346199,0.6032930822758,0.8087722789518,1.0),.UNSPECIFIED.);
#757=VECTOR('',#1418,1.0);
#758=EDGE_LOOP('',(#1419,#1420,#1421,#1422));
#759=B_SPLINE_CURVE_WITH_KNOTS('',3,(#1423,#1424,#1425,#1426,#1427,#1428,#1429),.UNSPECIFIED.,.F.,.F.,(4,1,1,1,4),(0.0,0.1940807335626,0.501058004309,0.8080546907667,1.0),.UNSPECIFIED.);
#760=VECTOR('',#1430,1.0);
#761=EDGE_LOOP('',(#1431,#1432,#1433,#1434,#1435,#1436));
#762=AXIS2_PLACEMENT_3D('',#1437,#1438,#1439);
#763=EDGE_LOOP('',(#1440,#1441,#1442,#1443));
#764=AXIS2_PLACEMENT_3D('',#1444,#1445,#1446);
#765=EDGE_LOOP('',(#1447,#1448,#1449,#1450));
#766=AXIS2_PLACEMENT_3D('',#1451,#1452,#1453);
#767=EDGE_LOOP('',(#1454,#1455,#1456,#1457));
#768=AXIS2_PLACEMENT_3D('',#1458,#1459,#1460);
#769=EDGE_LOOP('',(#1461,#1462,#1463,#1464));
#770=AXIS2_PLACEMENT_3D('',#1465,#1466,#1467);
#771=EDGE_LOOP('',(#1468,#1469,#1470,#1471,#1472,#1473,#1474));
#772=AXIS2_PLACEMENT_3D('',#1475,#1476,#1477);
#773=EDGE_LOOP('',(#1478,#1479,#1480,#1481,#1482,#1483));
#774=AXIS2_PLACEMENT_3D('',#1484,#1485,#1486);
#775=EDGE_LOOP('',(#1487,#1488,#1489,#1490));
#776=AXIS2_PLACEMENT_3D('',#1491,#1492,#1493);
#777=EDGE_LOOP('',(#1494,#1495,#1496,#1497));
#778=B_SPLINE_CURVE_WITH_KNOTS('',3,(#1498,#1499,#1500,#1501,#1502,#1503,#1504,#1505),.UNSPECIFIED.,.F.,.F.,(4,1,1,1,1,4),(0.0,0.1930493894795,0.3985057346207,0.6032930822748,0.8087722789494,1.0),.UNSPECIFIED.);
#779=VECTOR('',#1506,1.0);
#780=EDGE_LOOP('',(#1507,#1508,#1509,#1510));
#781=B_SPLINE_CURVE_WITH_KNOTS('',3,(#1511,#1512,#1513,#1514,#1515,#1516,#1517,#1518),.UNSPECIFIED.,.F.,.F.,(4,1,1,1,1,4),(0.0,0.1930486185639,0.3985283161005,0.6033161626759,0.8087730081107,1.0),.UNSPECIFIED.);
#782=VECTOR('',#1519,1.0);
#783=EDGE_LOOP('',(#1520,#1521,#1522,#1523,#1524,#1525));
#784=AXIS2_PLACEMENT_3D('',#1526,#1527,#1528);
#785=EDGE_LOOP('',(#1529,#1530,#1531,#1532));
#786=B_SPLINE_CURVE_WITH_KNOTS('',3,(#1533,#1534,#1535,#1536,#1537,#1538,#1539,#1540),.UNSPECIFIED.,.F.,.F.,(4,1,1,1,1,4),(0.0,0.1930493894825,0.3985057346215,0.6032930822736,0.8087722789464,1.0),.UNSPECIFIED.);
#787=VECTOR('',#1541,1.0);
#788=EDGE_LOOP('',(#1542,#1543,#1544,#1545));
#789=B_SPLINE_CURVE_WITH_KNOTS('',3,(#1546,#1547,#1548,#1549,#1550,#1551,#1552),.UNSPECIFIED.,.F.,.F.,(4,1,1,1,4),(0.0,0.1940807335626,0.5010580043089,0.8080546907667,1.0),.UNSPECIFIED.);
#790=VECTOR('',#1553,1.0);
#791=EDGE_LOOP('',(#1554,#1555,#1556,#1557));
#792=AXIS2_PLACEMENT_3D('',#1558,#1559,#1560);
#793=EDGE_LOOP('',(#1561,#1562,#1563,#1564,#1565,#1566));
#794=AXIS2_PLACEMENT_3D('',#1567,#1568,#1569);
#795=EDGE_LOOP('',(#1570,#1571,#1572,#1573));
#796=AXIS2_PLACEMENT_3D('',#1574,#1575,#1576);
#797=EDGE_LOOP('',(#1577,#1578,#1579,#1580));
#798=AXIS2_PLACEMENT_3D('',#1581,#1582,#1583);
#799=EDGE_LOOP('',(#1584,#1585,#1586,#1587));
#800=AXIS2_PLACEMENT_3D('',#1588,#1589,#1590);
#801=EDGE_LOOP('',(#1591,#1592,#1593,#1594));
#802=AXIS2_PLACEMENT_3D('',#1595,#1596,#1597);
#803=EDGE_LOOP('',(#1598,#1599,#1600,#1601));
#804=AXIS2_PLACEMENT_3D('',#1602,#1603,#1604);
#805=EDGE_LOOP('',(#1605,#1606,#1607,#1608));
#806=B_SPLINE_CURVE_WITH_KNOTS('',3,(#1609,#1610,#1611,#1612,#1613,#1614,#1615),.UNSPECIFIED.,.F.,.F.,(4,1,1,1,4),(0.0,0.1940809478234,0.5010774267739,0.8080544900178,1.0),.UNSPECIFIED.);
#807=VECTOR('',#1616,1.0);
#808=EDGE_LOOP('',(#1617,#1618,#1619,#1620));
#809=B_SPLINE_CURVE_WITH_KNOTS('',3,(#1621,#1622,#1623,#1624,#1625,#1626,#1627,#1628),.UNSPECIFIED.,.F.,.F.,(4,1,1,1,1,4),(0.0,0.1942184940076,0.4009080652011,0.6069316685352,0.8076384104008,1.0),.UNSPECIFIED.);
#810=VECTOR('',#1629,1.0);
#811=EDGE_LOOP('',(#1630,#1631,#1632,#1633));
#812=AXIS2_PLACEMENT_3D('',#1634,#1635,#1636);
#813=EDGE_LOOP('',(#1637,#1638,#1639,#1640));
#814=AXIS2_PLACEMENT_3D('',#1641,#1642,#1643);
#815=EDGE_LOOP('',(#1644,#1645,#1646,#1647));
#816=AXIS2_PLACEMENT_3D('',#1648,#1649,#1650);
#817=EDGE_LOOP('',(#1651,#1652,#1653,#1654,#1655,#1656,#1657,#1658,#1659));
#818=EDGE_LOOP('',(#1660,#1661,#1662,#1663,#1664,#1665,#1666,#1667));
#819=AXIS2_PLACEMENT_3D('',#1668,#1669,#1670);
#820=EDGE_LOOP('',(#1671,#1672,#1673,#1674));
#821=AXIS2_PLACEMENT_3D('',#1675,#1676,#1677);
#822=EDGE_LOOP('',(#1678,#1679,#1680,#1681));
#823=AXIS2_PLACEMENT_3D('',#1682,#1683,#1684);
#824=EDGE_LOOP('',(#1685,#1686,#1687,#1688));
#825=AXIS2_PLACEMENT_3D('',#1689,#1690,#1691);
#826=EDGE_LOOP('',(#1692,#1693,#1694,#1695));
#827=AXIS2_PLACEMENT_3D('',#1696,#1697,#1698);
#828=EDGE_LOOP('',(#1699,#1700,#1701,#1702));
#829=AXIS2_PLACEMENT_3D('',#1703,#1704,#1705);
#830=EDGE_LOOP('',(#1706,#1707,#1708,#1709));
#831=AXIS2_PLACEMENT_3D('',#1710,#1711,#1712);
#832=EDGE_LOOP('',(#1713,#1714,#1715,#1716));
#833=AXIS2_PLACEMENT_3D('',#1717,#1718,#1719);
#834=EDGE_LOOP('',(#1720,#1721,#1722,#1723));
#835=AXIS2_PLACEMENT_3D('',#1724,#1725,#1726);
#836=EDGE_LOOP('',(#1727,#1728,#1729,#1730));
#837=AXIS2_PLACEMENT_3D('',#1731,#1732,#1733);
#838=EDGE_LOOP('',(#1734,#1735,#1736,#1737));
#839=AXIS2_PLACEMENT_3D('',#1738,#1739,#1740);
#840=EDGE_LOOP('',(#1741,#1742,#1743,#1744));
#841=AXIS2_PLACEMENT_3D('',#1745,#1746,#1747);
#842=EDGE_LOOP('',(#1748,#1749,#1750,#1751,#1752,#1753,#1754,#1755));
#843=EDGE_LOOP('',(#1756,#1757,#1758,#1759,#1760,#1761));
#844=AXIS2_PLACEMENT_3D('',#1762,#1763,#1764);
#845=EDGE_LOOP('',(#1765,#1766,#1767,#1768));
#846=AXIS2_PLACEMENT_3D('',#1769,#1770,#1771);
#847=EDGE_LOOP('',(#1772,#1773,#1774,#1775));
#848=AXIS2_PLACEMENT_3D('',#1776,#1777,#1778);
#849=EDGE_LOOP('',(#1779,#1780,#1781,#1782));
#850=AXIS2_PLACEMENT_3D('',#1783,#1784,#1785);
#851=EDGE_LOOP('',(#1786,#1787,#1788,#1789));
#852=AXIS2_PLACEMENT_3D('',#1790,#1791,#1792);
#853=EDGE_LOOP('',(#1793,#1794,#1795,#1796,#1797,#1798));
#854=AXIS2_PLACEMENT_3D('',#1799,#1800,#1801);
#855=EDGE_LOOP('',(#1802,#1803,#1804,#1805));
#856=AXIS2_PLACEMENT_3D('',#1806,#1807,#1808);
#857=EDGE_LOOP('',(#1809,#1810,#1811,#1812));
#858=AXIS2_PLACEMENT_3D('',#1813,#1814,#1815);
#859=EDGE_LOOP('',(#1816,#1817,#1818,#1819));
#860=EDGE_LOOP('',(#1820,#1821));
#861=AXIS2_PLACEMENT_3D('',#1822,#1823,#1824);
#862=EDGE_LOOP('',(#1825,#1826,#1827,#1828));
#863=EDGE_LOOP('',(#1829,#1830));
#864=AXIS2_PLACEMENT_3D('',#1831,#1832,#1833);
#865=EDGE_LOOP('',(#1834,#1835,#1836,#1837));
#866=EDGE_LOOP('',(#1838,#1839));
#867=AXIS2_PLACEMENT_3D('',#1840,#1841,#1842);
#868=EDGE_LOOP('',(#1843,#1844,#1845,#1846));
#869=EDGE_LOOP('',(#1847,#1848));
#870=AXIS2_PLACEMENT_3D('',#1849,#1850,#1851);
#871=EDGE_LOOP('',(#1852,#1853,#1854,#1855));
#872=AXIS2_PLACEMENT_3D('',#1856,#1857,#1858);
#873=EDGE_LOOP('',(#1859,#1860,#1861,#1862));
#874=AXIS2_PLACEMENT_3D('',#1863,#1864,#1865);
#875=EDGE_LOOP('',(#1866,#1867,#1868,#1869));
#876=AXIS2_PLACEMENT_3D('',#1870,#1871,#1872);
#877=EDGE_LOOP('',(#1873,#1874,#1875,#1876));
#878=AXIS2_PLACEMENT_3D('',#1877,#1878,#1879);
#879=EDGE_LOOP('',(#1880,#1881,#1882,#1883));
#880=AXIS2_PLACEMENT_3D('',#1884,#1885,#1886);
#881=EDGE_LOOP('',(#1887,#1888,#1889,#1890));
#882=AXIS2_PLACEMENT_3D('',#1891,#1892,#1893);
#883=EDGE_LOOP('',(#1894,#1895,#1896,#1897));
#884=AXIS2_PLACEMENT_3D('',#1898,#1899,#1900);
#885=EDGE_LOOP('',(#1901,#1902,#1903,#1904));
#886=AXIS2_PLACEMENT_3D('',#1905,#1906,#1907);
#887=EDGE_LOOP('',(#1908,#1909));
#888=EDGE_LOOP('',(#1910,#1911));
#889=AXIS2_PLACEMENT_3D('',#1912,#1913,#1914);
#890=EDGE_LOOP('',(#1915,#1916));
#891=EDGE_LOOP('',(#1917,#1918));
#892=AXIS2_PLACEMENT_3D('',#1919,#1920,#1921);
#893=EDGE_LOOP('',(#1922,#1923));
#894=EDGE_LOOP('',(#1924,#1925));
#895=AXIS2_PLACEMENT_3D('',#1926,#1927,#1928);
#896=EDGE_LOOP('',(#1929,#1930));
#897=EDGE_LOOP('',(#1931,#1932));
#898=AXIS2_PLACEMENT_3D('',#1933,#1934,#1935);
#899=EDGE_LOOP('',(#1936,#1937,#1938,#1939));
#900=AXIS2_PLACEMENT_3D('',#1940,#1941,#1942);
#901=EDGE_LOOP('',(#1943,#1944,#1945,#1946));
#902=AXIS2_PLACEMENT_3D('',#1947,#1948,#1949);
#903=EDGE_LOOP('',(#1950,#1951,#1952,#1953));
#904=AXIS2_PLACEMENT_3D('',#1954,#1955,#1956);
#905=EDGE_LOOP('',(#1957,#1958,#1959,#1960));
#906=AXIS2_PLACEMENT_3D('',#1961,#1962,#1963);
#907=EDGE_LOOP('',(#1964,#1965,#1966,#1967));
#908=AXIS2_PLACEMENT_3D('',#1968,#1969,#1970);
#909=EDGE_LOOP('',(#1971,#1972,#1973,#1974));
#910=AXIS2_PLACEMENT_3D('',#1975,#1976,#1977);
#911=EDGE_LOOP('',(#1978,#1979,#1980,#1981));
#912=AXIS2_PLACEMENT_3D('',#1982,#1983,#1984);
#913=EDGE_LOOP('',(#1985,#1986,#1987,#1988));
#914=AXIS2_PLACEMENT_3D('',#1989,#1990,#1991);
#915=EDGE_LOOP('',(#1992,#1993));
#916=AXIS2_PLACEMENT_3D('',#1994,#1995,#1996);
#917=EDGE_LOOP('',(#1997,#1998));
#918=AXIS2_PLACEMENT_3D('',#1999,#2000,#2001);
#919=EDGE_LOOP('',(#2002,#2003));
#920=AXIS2_PLACEMENT_3D('',#2004,#2005,#2006);
#921=EDGE_LOOP('',(#2007,#2008));
#922=AXIS2_PLACEMENT_3D('',#2009,#2010,#2011);
#923=EDGE_LOOP('',(#2012,#2013,#2014,#2015));
#924=AXIS2_PLACEMENT_3D('',#2016,#2017,#2018);
#925=EDGE_LOOP('',(#2019,#2020,#2021,#2022));
#926=AXIS2_PLACEMENT_3D('',#2023,#2024,#2025);
#927=EDGE_LOOP('',(#2026,#2027,#2028,#2029));
#928=AXIS2_PLACEMENT_3D('',#2030,#2031,#2032);
#929=EDGE_LOOP('',(#2033,#2034,#2035,#2036));
#930=AXIS2_PLACEMENT_3D('',#2037,#2038,#2039);
#931=EDGE_LOOP('',(#2040,#2041,#2042,#2043));
#932=AXIS2_PLACEMENT_3D('',#2044,#2045,#2046);
#933=EDGE_LOOP('',(#2047,#2048,#2049,#2050));
#934=AXIS2_PLACEMENT_3D('',#2051,#2052,#2053);
#935=EDGE_LOOP('',(#2054,#2055,#2056,#2057));
#936=AXIS2_PLACEMENT_3D('',#2058,#2059,#2060);
#937=EDGE_LOOP('',(#2061,#2062,#2063,#2064));
#938=AXIS2_PLACEMENT_3D('',#2065,#2066,#2067);
#939=EDGE_LOOP('',(#2068,#2069));
#940=AXIS2_PLACEMENT_3D('',#2070,#2071,#2072);
#941=EDGE_LOOP('',(#2073,#2074,#2075,#2076));
#942=AXIS2_PLACEMENT_3D('',#2077,#2078,#2079);
#943=EDGE_LOOP('',(#2080,#2081,#2082,#2083));
#944=AXIS2_PLACEMENT_3D('',#2084,#2085,#2086);
#945=EDGE_LOOP('',(#2087,#2088));
#946=EDGE_LOOP('',(#2089,#2090));
#947=AXIS2_PLACEMENT_3D('',#2091,#2092,#2093);
#948=EDGE_LOOP('',(#2094,#2095,#2096,#2097));
#949=AXIS2_PLACEMENT_3D('',#2098,#2099,#2100);
#950=EDGE_LOOP('',(#2101,#2102,#2103,#2104));
#951=AXIS2_PLACEMENT_3D('',#2105,#2106,#2107);
#952=EDGE_LOOP('',(#2108,#2109));
#953=EDGE_LOOP('',(#2110,#2111,#2112,#2113,#2114,#2115,#2116,#2117,#2118,#2119,#2120,#2121));
#954=AXIS2_PLACEMENT_3D('',#2122,#2123,#2124);
#955=EDGE_LOOP('',(#2125,#2126,#2127,#2128));
#956=AXIS2_PLACEMENT_3D('',#2129,#2130,#2131);
#957=EDGE_LOOP('',(#2132,#2133,#2134,#2135));
#958=AXIS2_PLACEMENT_3D('',#2136,#2137,#2138);
#959=EDGE_LOOP('',(#2139,#2140,#2141,#2142));
#960=AXIS2_PLACEMENT_3D('',#2143,#2144,#2145);
#961=EDGE_LOOP('',(#2146,#2147,#2148,#2149));
#962=AXIS2_PLACEMENT_3D('',#2150,#2151,#2152);
#963=EDGE_LOOP('',(#2153,#2154,#2155,#2156));
#964=AXIS2_PLACEMENT_3D('',#2157,#2158,#2159);
#965=EDGE_LOOP('',(#2160,#2161,#2162,#2163));
#966=AXIS2_PLACEMENT_3D('',#2164,#2165,#2166);
#967=EDGE_LOOP('',(#2167,#2168,#2169,#2170));
#968=AXIS2_PLACEMENT_3D('',#2171,#2172,#2173);
#969=EDGE_LOOP('',(#2174,#2175,#2176,#2177));
#970=AXIS2_PLACEMENT_3D('',#2178,#2179,#2180);
#971=EDGE_LOOP('',(#2181,#2182,#2183,#2184));
#972=AXIS2_PLACEMENT_3D('',#2185,#2186,#2187);
#973=EDGE_LOOP('',(#2188,#2189,#2190,#2191));
#974=AXIS2_PLACEMENT_3D('',#2192,#2193,#2194);
#975=EDGE_LOOP('',(#2195,#2196,#2197,#2198));
#976=AXIS2_PLACEMENT_3D('',#2199,#2200,#2201);
#977=EDGE_LOOP('',(#2202,#2203,#2204,#2205));
#978=AXIS2_PLACEMENT_3D('',#2206,#2207,#2208);
#979=EDGE_LOOP('',(#2209,#2210,#2211,#2212,#2213,#2214,#2215,#2216,#2217,#2218,#2219,#2220));
#980=AXIS2_PLACEMENT_3D('',#2221,#2222,#2223);
#981=EDGE_LOOP('',(#2224,#2225));
#982=AXIS2_PLACEMENT_3D('',#2226,#2227,#2228);
#983=EDGE_LOOP('',(#2229,#2230,#2231,#2232));
#984=AXIS2_PLACEMENT_3D('',#2233,#2234,#2235);
#985=EDGE_LOOP('',(#2236,#2237,#2238,#2239));
#986=AXIS2_PLACEMENT_3D('',#2240,#2241,#2242);
#987=EDGE_LOOP('',(#2243,#2244));
#988=EDGE_LOOP('',(#2245,#2246));
#989=AXIS2_PLACEMENT_3D('',#2247,#2248,#2249);
#990=EDGE_LOOP('',(#2250,#2251,#2252,#2253));
#991=AXIS2_PLACEMENT_3D('',#2254,#2255,#2256);
#992=EDGE_LOOP('',(#2257,#2258,#2259,#2260));
#993=AXIS2_PLACEMENT_3D('',#2261,#2262,#2263);
#994=EDGE_LOOP('',(#2264,#2265));
#995=EDGE_LOOP('',(#2266,#2267,#2268,#2269,#2270,#2271,#2272,#2273,#2274,#2275,#2276,#2277));
#996=AXIS2_PLACEMENT_3D('',#2278,#2279,#2280);
#997=EDGE_LOOP('',(#2281,#2282,#2283,#2284));
#998=AXIS2_PLACEMENT_3D('',#2285,#2286,#2287);
#999=EDGE_LOOP('',(#2288,#2289,#2290,#2291));
#1000=AXIS2_PLACEMENT_3D('',#2292,#2293,#2294);
#1001=EDGE_LOOP('',(#2295,#2296,#2297,#2298));
#1002=AXIS2_PLACEMENT_3D('',#2299,#2300,#2301);
#1003=EDGE_LOOP('',(#2302,#2303,#2304,#2305));
#1004=AXIS2_PLACEMENT_3D('',#2306,#2307,#2308);
#1005=EDGE_LOOP('',(#2309,#2310,#2311,#2312));
#1006=AXIS2_PLACEMENT_3D('',#2313,#2314,#2315);
#1007=EDGE_LOOP('',(#2316,#2317,#2318,#2319));
#1008=AXIS2_PLACEMENT_3D('',#2320,#2321,#2322);
#1009=EDGE_LOOP('',(#2323,#2324,#2325,#2326));
#1010=AXIS2_PLACEMENT_3D('',#2327,#2328,#2329);
#1011=EDGE_LOOP('',(#2330,#2331,#2332,#2333));
#1012=AXIS2_PLACEMENT_3D('',#2334,#2335,#2336);
#1013=EDGE_LOOP('',(#2337,#2338,#2339,#2340));
#1014=AXIS2_PLACEMENT_3D('',#2341,#2342,#2343);
#1015=EDGE_LOOP('',(#2344,#2345,#2346,#2347));
#1016=AXIS2_PLACEMENT_3D('',#2348,#2349,#2350);
#1017=EDGE_LOOP('',(#2351,#2352,#2353,#2354));
#1018=AXIS2_PLACEMENT_3D('',#2355,#2356,#2357);
#1019=EDGE_LOOP('',(#2358,#2359,#2360,#2361));
#1020=AXIS2_PLACEMENT_3D('',#2362,#2363,#2364);
#1021=EDGE_LOOP('',(#2365,#2366,#2367,#2368,#2369,#2370,#2371,#2372,#2373,#2374,#2375,#2376));
#1022=AXIS2_PLACEMENT_3D('',#2377,#2378,#2379);
#1023=EDGE_LOOP('',(#2380,#2381));
#1024=AXIS2_PLACEMENT_3D('',#2382,#2383,#2384);
#1025=EDGE_LOOP('',(#2385,#2386,#2387,#2388));
#1026=AXIS2_PLACEMENT_3D('',#2389,#2390,#2391);
#1027=EDGE_LOOP('',(#2392,#2393,#2394,#2395));
#1028=AXIS2_PLACEMENT_3D('',#2396,#2397,#2398);
#1029=EDGE_LOOP('',(#2399,#2400));
#1030=EDGE_LOOP('',(#2401,#2402));
#1031=AXIS2_PLACEMENT_3D('',#2403,#2404,#2405);
#1032=EDGE_LOOP('',(#2406,#2407,#2408,#2409));
#1033=AXIS2_PLACEMENT_3D('',#2410,#2411,#2412);
#1034=EDGE_LOOP('',(#2413,#2414,#2415,#2416));
#1035=AXIS2_PLACEMENT_3D('',#2417,#2418,#2419);
#1036=EDGE_LOOP('',(#2420,#2421));
#1037=EDGE_LOOP('',(#2422,#2423,#2424,#2425,#2426,#2427,#2428,#2429,#2430,#2431,#2432,#2433));
#1038=AXIS2_PLACEMENT_3D('',#2434,#2435,#2436);
#1039=EDGE_LOOP('',(#2437,#2438,#2439,#2440));
#1040=AXIS2_PLACEMENT_3D('',#2441,#2442,#2443);
#1041=EDGE_LOOP('',(#2444,#2445,#2446,#2447));
#1042=AXIS2_PLACEMENT_3D('',#2448,#2449,#2450);
#1043=EDGE_LOOP('',(#2451,#2452,#2453,#2454));
#1044=AXIS2_PLACEMENT_3D('',#2455,#2456,#2457);
#1045=EDGE_LOOP('',(#2458,#2459,#2460,#2461));
#1046=AXIS2_PLACEMENT_3D('',#2462,#2463,#2464);
#1047=EDGE_LOOP('',(#2465,#2466,#2467,#2468));
#1048=AXIS2_PLACEMENT_3D('',#2469,#2470,#2471);
#1049=EDGE_LOOP('',(#2472,#2473,#2474,#2475));
#1050=AXIS2_PLACEMENT_3D('',#2476,#2477,#2478);
#1051=EDGE_LOOP('',(#2479,#2480,#2481,#2482));
#1052=AXIS2_PLACEMENT_3D('',#2483,#2484,#2485);
#1053=EDGE_LOOP('',(#2486,#2487,#2488,#2489));
#1054=AXIS2_PLACEMENT_3D('',#2490,#2491,#2492);
#1055=EDGE_LOOP('',(#2493,#2494,#2495,#2496));
#1056=AXIS2_PLACEMENT_3D('',#2497,#2498,#2499);
#1057=EDGE_LOOP('',(#2500,#2501,#2502,#2503));
#1058=AXIS2_PLACEMENT_3D('',#2504,#2505,#2506);
#1059=EDGE_LOOP('',(#2507,#2508,#2509,#2510));
#1060=AXIS2_PLACEMENT_3D('',#2511,#2512,#2513);
#1061=EDGE_LOOP('',(#2514,#2515,#2516,#2517));
#1062=AXIS2_PLACEMENT_3D('',#2518,#2519,#2520);
#1063=EDGE_LOOP('',(#2521,#2522,#2523,#2524,#2525,#2526,#2527,#2528,#2529,#2530,#2531,#2532));
#1064=AXIS2_PLACEMENT_3D('',#2533,#2534,#2535);
#1065=EDGE_LOOP('',(#2536,#2537));
#1066=AXIS2_PLACEMENT_3D('',#2538,#2539,#2540);
#1067=EDGE_LOOP('',(#2541,#2542,#2543,#2544));
#1068=AXIS2_PLACEMENT_3D('',#2545,#2546,#2547);
#1069=EDGE_LOOP('',(#2548,#2549,#2550,#2551));
#1070=AXIS2_PLACEMENT_3D('',#2552,#2553,#2554);
#1071=EDGE_LOOP('',(#2555,#2556));
#1072=EDGE_LOOP('',(#2557,#2558));
#1073=AXIS2_PLACEMENT_3D('',#2559,#2560,#2561);
#1074=EDGE_LOOP('',(#2562,#2563,#2564,#2565));
#1075=AXIS2_PLACEMENT_3D('',#2566,#2567,#2568);
#1076=EDGE_LOOP('',(#2569,#2570,#2571,#2572));
#1077=AXIS2_PLACEMENT_3D('',#2573,#2574,#2575);
#1078=EDGE_LOOP('',(#2576,#2577));
#1079=EDGE_LOOP('',(#2578,#2579,#2580,#2581,#2582,#2583,#2584,#2585,#2586,#2587,#2588,#2589));
#1080=AXIS2_PLACEMENT_3D('',#2590,#2591,#2592);
#1081=EDGE_LOOP('',(#2593,#2594,#2595,#2596));
#1082=AXIS2_PLACEMENT_3D('',#2597,#2598,#2599);
#1083=EDGE_LOOP('',(#2600,#2601,#2602,#2603));
#1084=AXIS2_PLACEMENT_3D('',#2604,#2605,#2606);
#1085=EDGE_LOOP('',(#2607,#2608,#2609,#2610));
#1086=AXIS2_PLACEMENT_3D('',#2611,#2612,#2613);
#1087=EDGE_LOOP('',(#2614,#2615,#2616,#2617));
#1088=AXIS2_PLACEMENT_3D('',#2618,#2619,#2620);
#1089=EDGE_LOOP('',(#2621,#2622,#2623,#2624));
#1090=AXIS2_PLACEMENT_3D('',#2625,#2626,#2627);
#1091=EDGE_LOOP('',(#2628,#2629,#2630,#2631));
#1092=AXIS2_PLACEMENT_3D('',#2632,#2633,#2634);
#1093=EDGE_LOOP('',(#2635,#2636,#2637,#2638));
#1094=AXIS2_PLACEMENT_3D('',#2639,#2640,#2641);
#1095=EDGE_LOOP('',(#2642,#2643,#2644,#2645));
#1096=AXIS2_PLACEMENT_3D('',#2646,#2647,#2648);
#1097=EDGE_LOOP('',(#2649,#2650,#2651,#2652));
#1098=AXIS2_PLACEMENT_3D('',#2653,#2654,#2655);
#1099=EDGE_LOOP('',(#2656,#2657,#2658,#2659));
#1100=AXIS2_PLACEMENT_3D('',#2660,#2661,#2662);
#1101=EDGE_LOOP('',(#2663,#2664,#2665,#2666));
#1102=AXIS2_PLACEMENT_3D('',#2667,#2668,#2669);
#1103=EDGE_LOOP('',(#2670,#2671,#2672,#2673));
#1104=AXIS2_PLACEMENT_3D('',#2674,#2675,#2676);
#1105=EDGE_LOOP('',(#2677,#2678,#2679,#2680,#2681,#2682,#2683,#2684,#2685,#2686,#2687,#2688));
#1106=AXIS2_PLACEMENT_3D('',#2689,#2690,#2691);
#1107=ORIENTED_EDGE('',*,*,#2692,.F.);
#1108=ORIENTED_EDGE('',*,*,#2693,.T.);
#1109=ORIENTED_EDGE('',*,*,#2694,.T.);
#1110=ORIENTED_EDGE('',*,*,#2695,.F.);
#1111=CARTESIAN_POINT('',(-2.667226034868,0.227533476031,27.855135128111));
#1112=DIRECTION('',(0.0,-1.0,0.0));
#1113=DIRECTION('',(1.0,0.0,0.0));
#1114=ORIENTED_EDGE('',*,*,#2696,.F.);
#1115=ORIENTED_EDGE('',*,*,#2697,.F.);
#1116=ORIENTED_EDGE('',*,*,#2694,.F.);
#1117=ORIENTED_EDGE('',*,*,#2698,.T.);
#1118=CARTESIAN_POINT('',(-2.667226034868,0.227533476031,27.855135128111));
#1119=DIRECTION('',(0.0,-1.0,0.0));
#1120=DIRECTION('',(1.0,0.0,0.0));
#1121=ORIENTED_EDGE('',*,*,#2699,.F.);
#1122=ORIENTED_EDGE('',*,*,#2700,.T.);
#1123=ORIENTED_EDGE('',*,*,#2701,.T.);
#1124=ORIENTED_EDGE('',*,*,#2702,.F.);
#1125=CARTESIAN_POINT('',(-16.637226034898,23.834033476031,25.703626096111));
#1126=DIRECTION('',(0.0,-1.0,0.0));
#1127=DIRECTION('',(-1.0,0.0,0.0));
#1128=ORIENTED_EDGE('',*,*,#2703,.F.);
#1129=ORIENTED_EDGE('',*,*,#2704,.F.);
#1130=ORIENTED_EDGE('',*,*,#2701,.F.);
#1131=ORIENTED_EDGE('',*,*,#2705,.T.);
#1132=CARTESIAN_POINT('',(-16.637226034898,23.834033476031,25.703626096111));
#1133=DIRECTION('',(0.0,-1.0,0.0));
#1134=DIRECTION('',(-1.0,0.0,0.0));
#1135=ORIENTED_EDGE('',*,*,#2706,.F.);
#1136=ORIENTED_EDGE('',*,*,#2707,.F.);
#1137=ORIENTED_EDGE('',*,*,#2708,.F.);
#1138=ORIENTED_EDGE('',*,*,#2709,.T.);
#1139=CARTESIAN_POINT('',(11.302773965162,23.834033476031,25.703626096111));
#1140=DIRECTION('',(0.0,-1.0,0.0));
#1141=DIRECTION('',(-1.0,0.0,0.0));
#1142=ORIENTED_EDGE('',*,*,#2710,.F.);
#1143=ORIENTED_EDGE('',*,*,#2711,.T.);
#1144=ORIENTED_EDGE('',*,*,#2708,.T.);
#1145=ORIENTED_EDGE('',*,*,#2712,.F.);
#1146=CARTESIAN_POINT('',(11.302773965162,23.834033476031,25.703626096111));
#1147=DIRECTION('',(0.0,-1.0,0.0));
#1148=DIRECTION('',(-1.0,0.0,0.0));
#1149=ORIENTED_EDGE('',*,*,#2713,.F.);
#1150=ORIENTED_EDGE('',*,*,#2714,.F.);
#1151=ORIENTED_EDGE('',*,*,#2715,.F.);
#1152=ORIENTED_EDGE('',*,*,#2716,.T.);
#1153=CARTESIAN_POINT('',(10.032773996572,23.834033476031,-17.476373954529));
#1154=DIRECTION('',(0.0,-1.0,0.0));
#1155=DIRECTION('',(-1.0,0.0,0.0));
#1156=ORIENTED_EDGE('',*,*,#2717,.F.);
#1157=ORIENTED_EDGE('',*,*,#2718,.T.);
#1158=ORIENTED_EDGE('',*,*,#2715,.T.);
#1159=ORIENTED_EDGE('',*,*,#2719,.F.);
#1160=CARTESIAN_POINT('',(10.032773996572,23.834033476031,-17.476373954529));
#1161=DIRECTION('',(0.0,-1.0,0.0));
#1162=DIRECTION('',(-1.0,0.0,0.0));
#1163=ORIENTED_EDGE('',*,*,#2720,.F.);
#1164=ORIENTED_EDGE('',*,*,#2721,.F.);
#1165=ORIENTED_EDGE('',*,*,#2722,.F.);
#1166=ORIENTED_EDGE('',*,*,#2723,.T.);
#1167=CARTESIAN_POINT('',(-15.367226066308,23.834033476031,-17.476373954529));
#1168=DIRECTION('',(0.0,-1.0,0.0));
#1169=DIRECTION('',(-1.0,0.0,0.0));
#1170=ORIENTED_EDGE('',*,*,#2724,.F.);
#1171=ORIENTED_EDGE('',*,*,#2725,.T.);
#1172=ORIENTED_EDGE('',*,*,#2722,.T.);
#1173=ORIENTED_EDGE('',*,*,#2726,.F.);
#1174=CARTESIAN_POINT('',(-15.367226066308,23.834033476031,-17.476373954529));
#1175=DIRECTION('',(0.0,-1.0,0.0));
#1176=DIRECTION('',(-1.0,0.0,0.0));
#1177=ORIENTED_EDGE('',*,*,#2727,.F.);
#1178=ORIENTED_EDGE('',*,*,#2728,.T.);
#1179=ORIENTED_EDGE('',*,*,#2729,.T.);
#1180=ORIENTED_EDGE('',*,*,#2730,.F.);
#1181=CARTESIAN_POINT('',(-19.837626034868,26.323233476031,-4.674509489889));
#1182=DIRECTION('',(0.0,-1.0,0.0));
#1183=DIRECTION('',(-1.0,0.0,0.0));
#1184=ORIENTED_EDGE('',*,*,#2731,.F.);
#1185=ORIENTED_EDGE('',*,*,#2732,.F.);
#1186=ORIENTED_EDGE('',*,*,#2733,.F.);
#1187=ORIENTED_EDGE('',*,*,#2734,.T.);
#1188=CARTESIAN_POINT('',(-16.815026034868,26.323233476031,-4.674509489889));
#1189=DIRECTION('',(0.0,-1.0,0.0));
#1190=DIRECTION('',(-1.0,0.0,0.0));
#1191=ORIENTED_EDGE('',*,*,#2735,.F.);
#1192=ORIENTED_EDGE('',*,*,#2736,.T.);
#1193=ORIENTED_EDGE('',*,*,#2737,.T.);
#1194=ORIENTED_EDGE('',*,*,#2738,.F.);
#1195=CARTESIAN_POINT('',(14.351782440902,26.367533476031,-6.825440380669));
#1196=DIRECTION('',(0.0,-1.0,0.0));
#1197=DIRECTION('',(1.0,0.0,0.0));
#1198=ORIENTED_EDGE('',*,*,#2739,.T.);
#1199=ORIENTED_EDGE('',*,*,#2740,.F.);
#1200=ORIENTED_EDGE('',*,*,#2741,.F.);
#1201=ORIENTED_EDGE('',*,*,#2742,.T.);
#1202=CARTESIAN_POINT('',(-19.686261042188,26.367533476031,-6.825468624069));
#1203=DIRECTION('',(0.0,-1.0,0.0));
#1204=DIRECTION('',(1.0,0.0,0.0));
#1205=ORIENTED_EDGE('',*,*,#2743,.F.);
#1206=ORIENTED_EDGE('',*,*,#2744,.F.);
#1207=ORIENTED_EDGE('',*,*,#2745,.T.);
#1208=ORIENTED_EDGE('',*,*,#2746,.F.);
#1209=CARTESIAN_POINT('',(14.355204082432,23.827533476031,14.913899765581));
#1210=DIRECTION('',(0.0,-1.0,0.0));
#1211=DIRECTION('',(1.0,0.0,0.0));
#1212=ORIENTED_EDGE('',*,*,#2747,.F.);
#1213=ORIENTED_EDGE('',*,*,#2748,.F.);
#1214=ORIENTED_EDGE('',*,*,#2749,.T.);
#1215=ORIENTED_EDGE('',*,*,#2750,.F.);
#1216=CARTESIAN_POINT('',(-2.667226034868,23.827533476031,-19.833364840479));
#1217=DIRECTION('',(0.0,-1.0,0.0));
#1218=DIRECTION('',(0.0,0.0,1.0));
#1219=ORIENTED_EDGE('',*,*,#2751,.F.);
#1220=ORIENTED_EDGE('',*,*,#2752,.F.);
#1221=ORIENTED_EDGE('',*,*,#2753,.F.);
#1222=ORIENTED_EDGE('',*,*,#2754,.F.);
#1223=CARTESIAN_POINT('',(-2.667226034868,23.827533476031,27.918635096701));
#1224=DIRECTION('',(0.0,-1.0,0.0));
#1225=DIRECTION('',(0.0,0.0,1.0));
#1226=ORIENTED_EDGE('',*,*,#2755,.T.);
#1227=ORIENTED_EDGE('',*,*,#2756,.T.);
#1228=ORIENTED_EDGE('',*,*,#2757,.T.);
#1229=ORIENTED_EDGE('',*,*,#2758,.T.);
#1230=ORIENTED_EDGE('',*,*,#2759,.T.);
#1231=ORIENTED_EDGE('',*,*,#2760,.T.);
#1232=ORIENTED_EDGE('',*,*,#2761,.T.);
#1233=ORIENTED_EDGE('',*,*,#2762,.T.);
#1234=ORIENTED_EDGE('',*,*,#2763,.T.);
#1235=ORIENTED_EDGE('',*,*,#2695,.T.);
#1236=ORIENTED_EDGE('',*,*,#2697,.T.);
#1237=ORIENTED_EDGE('',*,*,#2764,.T.);
#1238=CARTESIAN_POINT('',(-2.667226034868,-2.962466523969,4.042635128111));
#1239=DIRECTION('',(0.0,-1.0,0.0));
#1240=DIRECTION('',(0.0,0.0,-1.0));
#1241=ORIENTED_EDGE('',*,*,#2765,.F.);
#1242=ORIENTED_EDGE('',*,*,#2766,.T.);
#1243=ORIENTED_EDGE('',*,*,#2767,.T.);
#1244=ORIENTED_EDGE('',*,*,#2768,.F.);
#1245=ORIENTED_EDGE('',*,*,#2762,.F.);
#1246=ORIENTED_EDGE('',*,*,#2769,.T.);
#1247=ORIENTED_EDGE('',*,*,#2770,.T.);
#1248=CARTESIAN_POINT('',(-0.228826034868,-2.962466523969,-24.532364871889));
#1249=DIRECTION('',(0.0,0.0,-1.0));
#1250=DIRECTION('',(0.0,-1.0,0.0));
#1251=ORIENTED_EDGE('',*,*,#2771,.F.);
#1252=ORIENTED_EDGE('',*,*,#2772,.T.);
#1253=ORIENTED_EDGE('',*,*,#2773,.F.);
#1254=ORIENTED_EDGE('',*,*,#2774,.T.);
#1255=ORIENTED_EDGE('',*,*,#2775,.T.);
#1256=ORIENTED_EDGE('',*,*,#2776,.T.);
#1257=ORIENTED_EDGE('',*,*,#2750,.T.);
#1258=ORIENTED_EDGE('',*,*,#2777,.T.);
#1259=ORIENTED_EDGE('',*,*,#2770,.F.);
#1260=CARTESIAN_POINT('',(-2.667226034868,0.227533476031,4.042635128111));
#1261=DIRECTION('',(-0.0,1.0,0.0));
#1262=DIRECTION('',(1.0,0.0,0.0));
#1263=ORIENTED_EDGE('',*,*,#2778,.T.);
#1264=ORIENTED_EDGE('',*,*,#2752,.T.);
#1265=ORIENTED_EDGE('',*,*,#2779,.T.);
#1266=ORIENTED_EDGE('',*,*,#2780,.T.);
#1267=ORIENTED_EDGE('',*,*,#2781,.T.);
#1268=ORIENTED_EDGE('',*,*,#2782,.F.);
#1269=ORIENTED_EDGE('',*,*,#2783,.F.);
#1270=ORIENTED_EDGE('',*,*,#2698,.F.);
#1271=ORIENTED_EDGE('',*,*,#2693,.F.);
#1272=CARTESIAN_POINT('',(-2.667226034868,0.227533476031,4.042635128111));
#1273=DIRECTION('',(-0.0,1.0,0.0));
#1274=DIRECTION('',(1.0,0.0,0.0));
#1275=ORIENTED_EDGE('',*,*,#2784,.F.);
#1276=ORIENTED_EDGE('',*,*,#2785,.F.);
#1277=ORIENTED_EDGE('',*,*,#2765,.T.);
#1278=ORIENTED_EDGE('',*,*,#2777,.F.);
#1279=ORIENTED_EDGE('',*,*,#2749,.F.);
#1280=ORIENTED_EDGE('',*,*,#2786,.T.);
#1281=CARTESIAN_POINT('',(3.902973450393,23.827533476031,-19.833364841199));
#1282=DIRECTION('',(1.0,0.0,0.0));
#1283=DIRECTION('',(0.0,1.0,0.0));
#1284=ORIENTED_EDGE('',*,*,#2748,.T.);
#1285=ORIENTED_EDGE('',*,*,#2787,.T.);
#1286=ORIENTED_EDGE('',*,*,#2788,.F.);
#1287=ORIENTED_EDGE('',*,*,#2789,.T.);
#1288=ORIENTED_EDGE('',*,*,#2790,.T.);
#1289=ORIENTED_EDGE('',*,*,#2791,.T.);
#1290=ORIENTED_EDGE('',*,*,#2792,.T.);
#1291=ORIENTED_EDGE('',*,*,#2793,.T.);
#1292=ORIENTED_EDGE('',*,*,#2794,.T.);
#1293=ORIENTED_EDGE('',*,*,#2795,.T.);
#1294=ORIENTED_EDGE('',*,*,#2796,.F.);
#1295=ORIENTED_EDGE('',*,*,#2797,.T.);
#1296=ORIENTED_EDGE('',*,*,#2754,.T.);
#1297=ORIENTED_EDGE('',*,*,#2798,.F.);
#1298=ORIENTED_EDGE('',*,*,#2799,.T.);
#1299=ORIENTED_EDGE('',*,*,#2800,.T.);
#1300=ORIENTED_EDGE('',*,*,#2801,.T.);
#1301=ORIENTED_EDGE('',*,*,#2802,.T.);
#1302=ORIENTED_EDGE('',*,*,#2803,.T.);
#1303=ORIENTED_EDGE('',*,*,#2804,.T.);
#1304=ORIENTED_EDGE('',*,*,#2805,.T.);
#1305=ORIENTED_EDGE('',*,*,#2786,.F.);
#1306=ORIENTED_EDGE('',*,*,#2806,.F.);
#1307=ORIENTED_EDGE('',*,*,#2807,.T.);
#1308=ORIENTED_EDGE('',*,*,#2808,.F.);
#1309=ORIENTED_EDGE('',*,*,#2809,.T.);
#1310=ORIENTED_EDGE('',*,*,#2810,.F.);
#1311=ORIENTED_EDGE('',*,*,#2744,.T.);
#1312=ORIENTED_EDGE('',*,*,#2811,.T.);
#1313=ORIENTED_EDGE('',*,*,#2812,.F.);
#1314=ORIENTED_EDGE('',*,*,#2813,.T.);
#1315=ORIENTED_EDGE('',*,*,#2723,.F.);
#1316=ORIENTED_EDGE('',*,*,#2725,.F.);
#1317=ORIENTED_EDGE('',*,*,#2814,.F.);
#1318=ORIENTED_EDGE('',*,*,#2815,.F.);
#1319=ORIENTED_EDGE('',*,*,#2716,.F.);
#1320=ORIENTED_EDGE('',*,*,#2718,.F.);
#1321=ORIENTED_EDGE('',*,*,#2816,.F.);
#1322=ORIENTED_EDGE('',*,*,#2817,.F.);
#1323=ORIENTED_EDGE('',*,*,#2709,.F.);
#1324=ORIENTED_EDGE('',*,*,#2711,.F.);
#1325=ORIENTED_EDGE('',*,*,#2818,.F.);
#1326=ORIENTED_EDGE('',*,*,#2819,.F.);
#1327=ORIENTED_EDGE('',*,*,#2820,.F.);
#1328=ORIENTED_EDGE('',*,*,#2821,.F.);
#1329=ORIENTED_EDGE('',*,*,#2705,.F.);
#1330=ORIENTED_EDGE('',*,*,#2700,.F.);
#1331=CARTESIAN_POINT('',(-2.667226034868,23.827533476031,4.042635128111));
#1332=DIRECTION('',(0.0,-1.0,0.0));
#1333=DIRECTION('',(0.0,0.0,-1.0));
#1334=ORIENTED_EDGE('',*,*,#2805,.F.);
#1335=ORIENTED_EDGE('',*,*,#2822,.T.);
#1336=ORIENTED_EDGE('',*,*,#2823,.T.);
#1337=ORIENTED_EDGE('',*,*,#2784,.T.);
#1338=CARTESIAN_POINT('',(19.074658665602,23.827533476031,-25.062600232449));
#1339=DIRECTION('',(0.0,0.0,-1.0));
#1340=DIRECTION('',(0.0,-1.0,0.0));
#1341=ORIENTED_EDGE('',*,*,#2824,.T.);
#1342=ORIENTED_EDGE('',*,*,#2825,.F.);
#1343=ORIENTED_EDGE('',*,*,#2826,.F.);
#1344=ORIENTED_EDGE('',*,*,#2827,.F.);
#1345=ORIENTED_EDGE('',*,*,#2828,.F.);
#1346=ORIENTED_EDGE('',*,*,#2829,.F.);
#1347=CARTESIAN_POINT('',(-2.667226034868,10.227533476031,4.042635128111));
#1348=DIRECTION('',(-0.0,1.0,0.0));
#1349=DIRECTION('',(1.0,0.0,0.0));
#1350=ORIENTED_EDGE('',*,*,#2830,.F.);
#1351=ORIENTED_EDGE('',*,*,#2831,.F.);
#1352=ORIENTED_EDGE('',*,*,#2832,.F.);
#1353=ORIENTED_EDGE('',*,*,#2833,.F.);
#1354=ORIENTED_EDGE('',*,*,#2834,.T.);
#1355=ORIENTED_EDGE('',*,*,#2835,.T.);
#1356=CARTESIAN_POINT('',(-2.667226034868,10.227533476031,4.042635128111));
#1357=DIRECTION('',(-0.0,1.0,0.0));
#1358=DIRECTION('',(1.0,0.0,0.0));
#1359=ORIENTED_EDGE('',*,*,#2785,.T.);
#1360=ORIENTED_EDGE('',*,*,#2823,.F.);
#1361=ORIENTED_EDGE('',*,*,#2836,.F.);
#1362=ORIENTED_EDGE('',*,*,#2837,.F.);
#1363=ORIENTED_EDGE('',*,*,#2838,.F.);
#1364=ORIENTED_EDGE('',*,*,#2766,.F.);
#1365=CARTESIAN_POINT('',(-2.667226034868,10.227533476031,4.042635128111));
#1366=DIRECTION('',(-0.0,1.0,0.0));
#1367=DIRECTION('',(1.0,0.0,0.0));
#1368=ORIENTED_EDGE('',*,*,#2839,.F.);
#1369=ORIENTED_EDGE('',*,*,#2840,.F.);
#1370=ORIENTED_EDGE('',*,*,#2841,.F.);
#1371=ORIENTED_EDGE('',*,*,#2842,.F.);
#1372=ORIENTED_EDGE('',*,*,#2843,.T.);
#1373=ORIENTED_EDGE('',*,*,#2844,.F.);
#1374=CARTESIAN_POINT('',(-2.667226034868,10.227533476031,4.042635128111));
#1375=DIRECTION('',(-0.0,1.0,0.0));
#1376=DIRECTION('',(1.0,0.0,0.0));
#1377=ORIENTED_EDGE('',*,*,#2845,.F.);
#1378=ORIENTED_EDGE('',*,*,#2829,.T.);
#1379=ORIENTED_EDGE('',*,*,#2846,.T.);
#1380=ORIENTED_EDGE('',*,*,#2847,.F.);
#1381=ORIENTED_EDGE('',*,*,#2756,.F.);
#1382=ORIENTED_EDGE('',*,*,#2848,.T.);
#1383=ORIENTED_EDGE('',*,*,#2849,.T.);
#1384=ORIENTED_EDGE('',*,*,#2844,.T.);
#1385=ORIENTED_EDGE('',*,*,#2850,.T.);
#1386=ORIENTED_EDGE('',*,*,#2781,.F.);
#1387=CARTESIAN_POINT('',(19.557773965132,-2.962466523969,32.617635128111));
#1388=DIRECTION('',(0.0,0.0,1.0));
#1389=DIRECTION('',(1.0,0.0,0.0));
#1390=ORIENTED_EDGE('',*,*,#2753,.T.);
#1391=ORIENTED_EDGE('',*,*,#2778,.F.);
#1392=ORIENTED_EDGE('',*,*,#2850,.F.);
#1393=ORIENTED_EDGE('',*,*,#2843,.F.);
#1394=ORIENTED_EDGE('',*,*,#2851,.T.);
#1395=ORIENTED_EDGE('',*,*,#2798,.T.);
#1396=CARTESIAN_POINT('',(3.902973450393,23.827533476031,33.909870337971));
#1397=DIRECTION('',(1.0,0.0,0.0));
#1398=DIRECTION('',(0.0,1.0,0.0));
#1399=ORIENTED_EDGE('',*,*,#2842,.T.);
#1400=ORIENTED_EDGE('',*,*,#2852,.F.);
#1401=ORIENTED_EDGE('',*,*,#2799,.F.);
#1402=ORIENTED_EDGE('',*,*,#2851,.F.);
#1403=CARTESIAN_POINT('',(3.811814463408,23.827533476031,33.909870300761));
#1404=DIRECTION('',(-4.08198240859507E-07,0.0,0.999999999999917));
#1405=DIRECTION('',(0.0,1.0,0.0));
#1406=ORIENTED_EDGE('',*,*,#2852,.T.);
#1407=ORIENTED_EDGE('',*,*,#2841,.T.);
#1408=ORIENTED_EDGE('',*,*,#2853,.F.);
#1409=ORIENTED_EDGE('',*,*,#2800,.F.);
#1410=CARTESIAN_POINT('',(19.024864994782,10.227533476031,33.903709195831));
#1411=CARTESIAN_POINT('',(19.040483529592,10.227533476031,33.907846287401));
#1412=CARTESIAN_POINT('',(19.074105649272,10.227533476031,33.912041230471));
#1413=CARTESIAN_POINT('',(19.125507395262,10.227533476031,33.905269981341));
#1414=CARTESIAN_POINT('',(19.174229373302,10.227533476031,33.885083374391));
#1415=CARTESIAN_POINT('',(19.215237431622,10.227533476031,33.853614280411));
#1416=CARTESIAN_POINT('',(19.235977040642,10.227533476031,33.827018027961));
#1417=CARTESIAN_POINT('',(19.244053647972,10.227533476031,33.813197479001));
#1418=DIRECTION('',(0.0,1.0,0.0));
#1419=ORIENTED_EDGE('',*,*,#2853,.T.);
#1420=ORIENTED_EDGE('',*,*,#2840,.T.);
#1421=ORIENTED_EDGE('',*,*,#2854,.F.);
#1422=ORIENTED_EDGE('',*,*,#2801,.F.);
#1423=CARTESIAN_POINT('',(19.175677171722,10.227533476031,33.881020103301));
#1424=CARTESIAN_POINT('',(19.189846632032,10.227533476031,33.872991335671));
#1425=CARTESIAN_POINT('',(19.223532802322,10.227533476031,33.847000304691));
#1426=CARTESIAN_POINT('',(19.262533807112,10.227533476031,33.788370532281));
#1427=CARTESIAN_POINT('',(19.276380799652,10.227533476031,33.719519030301));
#1428=CARTESIAN_POINT('',(19.271029184082,10.227533476031,33.677495923821));
#1429=CARTESIAN_POINT('',(19.266787401452,10.227533476031,33.661957467191));
#1430=DIRECTION('',(0.0,1.0,0.0));
#1431=ORIENTED_EDGE('',*,*,#2838,.T.);
#1432=ORIENTED_EDGE('',*,*,#2855,.F.);
#1433=ORIENTED_EDGE('',*,*,#2802,.F.);
#1434=ORIENTED_EDGE('',*,*,#2854,.T.);
#1435=ORIENTED_EDGE('',*,*,#2839,.T.);
#1436=ORIENTED_EDGE('',*,*,#2856,.F.);
#1437=CARTESIAN_POINT('',(19.273086011292,23.827533476031,-24.532364871889));
#1438=DIRECTION('',(1.0,9.37201803141476E-27,9.07297414408178E-40));
#1439=DIRECTION('',(0.0,-9.680918361093E-14,1.0));
#1440=ORIENTED_EDGE('',*,*,#2856,.T.);
#1441=ORIENTED_EDGE('',*,*,#2849,.F.);
#1442=ORIENTED_EDGE('',*,*,#2857,.F.);
#1443=ORIENTED_EDGE('',*,*,#2767,.F.);
#1444=CARTESIAN_POINT('',(-2.667226034868,10.227533476031,4.042635128111));
#1445=DIRECTION('',(-0.0,1.0,0.0));
#1446=DIRECTION('',(1.0,0.0,0.0));
#1447=ORIENTED_EDGE('',*,*,#2858,.T.);
#1448=ORIENTED_EDGE('',*,*,#2859,.F.);
#1449=ORIENTED_EDGE('',*,*,#2860,.F.);
#1450=ORIENTED_EDGE('',*,*,#2846,.F.);
#1451=CARTESIAN_POINT('',(-2.667226034868,10.227533476031,4.042635128111));
#1452=DIRECTION('',(-0.0,1.0,0.0));
#1453=DIRECTION('',(1.0,0.0,0.0));
#1454=ORIENTED_EDGE('',*,*,#2848,.F.);
#1455=ORIENTED_EDGE('',*,*,#2755,.F.);
#1456=ORIENTED_EDGE('',*,*,#2768,.T.);
#1457=ORIENTED_EDGE('',*,*,#2857,.T.);
#1458=CARTESIAN_POINT('',(19.557773965132,-2.962466523969,-24.532364871889));
#1459=DIRECTION('',(1.0,0.0,0.0));
#1460=DIRECTION('',(0.0,1.0,0.0));
#1461=ORIENTED_EDGE('',*,*,#2861,.F.);
#1462=ORIENTED_EDGE('',*,*,#2757,.F.);
#1463=ORIENTED_EDGE('',*,*,#2847,.T.);
#1464=ORIENTED_EDGE('',*,*,#2860,.T.);
#1465=CARTESIAN_POINT('',(-24.892226034868,-2.962466523969,32.617635128111));
#1466=DIRECTION('',(-1.0,0.0,0.0));
#1467=DIRECTION('',(0.0,0.0,1.0));
#1468=ORIENTED_EDGE('',*,*,#2862,.F.);
#1469=ORIENTED_EDGE('',*,*,#2758,.F.);
#1470=ORIENTED_EDGE('',*,*,#2861,.T.);
#1471=ORIENTED_EDGE('',*,*,#2859,.T.);
#1472=ORIENTED_EDGE('',*,*,#2835,.F.);
#1473=ORIENTED_EDGE('',*,*,#2863,.T.);
#1474=ORIENTED_EDGE('',*,*,#2774,.F.);
#1475=CARTESIAN_POINT('',(-24.892226034868,-2.962466523969,-24.532364871889));
#1476=DIRECTION('',(0.0,0.0,-1.0));
#1477=DIRECTION('',(0.0,-1.0,0.0));
#1478=ORIENTED_EDGE('',*,*,#2864,.T.);
#1479=ORIENTED_EDGE('',*,*,#2775,.F.);
#1480=ORIENTED_EDGE('',*,*,#2863,.F.);
#1481=ORIENTED_EDGE('',*,*,#2834,.F.);
#1482=ORIENTED_EDGE('',*,*,#2865,.T.);
#1483=ORIENTED_EDGE('',*,*,#2788,.T.);
#1484=CARTESIAN_POINT('',(-9.237425520129,23.827533476031,-25.062600232449));
#1485=DIRECTION('',(-1.0,0.0,0.0));
#1486=DIRECTION('',(0.0,0.0,1.0));
#1487=ORIENTED_EDGE('',*,*,#2833,.T.);
#1488=ORIENTED_EDGE('',*,*,#2866,.F.);
#1489=ORIENTED_EDGE('',*,*,#2789,.F.);
#1490=ORIENTED_EDGE('',*,*,#2865,.F.);
#1491=CARTESIAN_POINT('',(-9.146289587507,23.827533476031,-25.062605519709));
#1492=DIRECTION('',(0.0,0.0,-1.0));
#1493=DIRECTION('',(0.0,-1.0,0.0));
#1494=ORIENTED_EDGE('',*,*,#2866,.T.);
#1495=ORIENTED_EDGE('',*,*,#2832,.T.);
#1496=ORIENTED_EDGE('',*,*,#2867,.F.);
#1497=ORIENTED_EDGE('',*,*,#2790,.F.);
#1498=CARTESIAN_POINT('',(-24.359317064518,10.227533476031,-25.056438939609));
#1499=CARTESIAN_POINT('',(-24.374935599328,10.227533476031,-25.060576031179));
#1500=CARTESIAN_POINT('',(-24.408557719008,10.227533476031,-25.064770974249));
#1501=CARTESIAN_POINT('',(-24.459959464998,10.227533476031,-25.057999725119));
#1502=CARTESIAN_POINT('',(-24.508681443038,10.227533476031,-25.037813118159));
#1503=CARTESIAN_POINT('',(-24.549689501358,10.227533476031,-25.006344024189));
#1504=CARTESIAN_POINT('',(-24.570429110378,10.227533476031,-24.979747771739));
#1505=CARTESIAN_POINT('',(-24.578505717708,10.227533476031,-24.965927222779));
#1506=DIRECTION('',(0.0,1.0,0.0));
#1507=ORIENTED_EDGE('',*,*,#2867,.T.);
#1508=ORIENTED_EDGE('',*,*,#2831,.T.);
#1509=ORIENTED_EDGE('',*,*,#2868,.F.);
#1510=ORIENTED_EDGE('',*,*,#2791,.F.);
#1511=CARTESIAN_POINT('',(-24.510470099438,10.227533476031,-25.033798005369));
#1512=CARTESIAN_POINT('',(-24.524441406468,10.227533476031,-25.025681469369));
#1513=CARTESIAN_POINT('',(-24.551186632718,10.227533476031,-25.004875762579));
#1514=CARTESIAN_POINT('',(-24.582750968168,10.227533476031,-24.963743593019));
#1515=CARTESIAN_POINT('',(-24.602937575098,10.227533476031,-24.915021614979));
#1516=CARTESIAN_POINT('',(-24.609688364748,10.227533476031,-24.863775180529));
#1517=CARTESIAN_POINT('',(-24.605552077208,10.227533476031,-24.830305348019));
#1518=CARTESIAN_POINT('',(-24.601493419738,10.227533476031,-24.814821825759));
#1519=DIRECTION('',(0.0,1.0,0.0));
#1520=ORIENTED_EDGE('',*,*,#2868,.T.);
#1521=ORIENTED_EDGE('',*,*,#2830,.T.);
#1522=ORIENTED_EDGE('',*,*,#2858,.F.);
#1523=ORIENTED_EDGE('',*,*,#2828,.T.);
#1524=ORIENTED_EDGE('',*,*,#2869,.F.);
#1525=ORIENTED_EDGE('',*,*,#2792,.F.);
#1526=CARTESIAN_POINT('',(-24.607543369688,23.827533476031,-24.862647825599));
#1527=DIRECTION('',(-1.0,0.0,0.0));
#1528=DIRECTION('',(0.0,0.0,1.0));
#1529=ORIENTED_EDGE('',*,*,#2869,.T.);
#1530=ORIENTED_EDGE('',*,*,#2827,.T.);
#1531=ORIENTED_EDGE('',*,*,#2870,.F.);
#1532=ORIENTED_EDGE('',*,*,#2793,.F.);
#1533=CARTESIAN_POINT('',(-24.601376789588,10.227533476031,33.661649470761));
#1534=CARTESIAN_POINT('',(-24.605513881148,10.227533476031,33.677268005571));
#1535=CARTESIAN_POINT('',(-24.609708824218,10.227533476031,33.710890125251));
#1536=CARTESIAN_POINT('',(-24.602937575088,10.227533476031,33.762291871241));
#1537=CARTESIAN_POINT('',(-24.582750968138,10.227533476031,33.811013849281));
#1538=CARTESIAN_POINT('',(-24.551281874158,10.227533476031,33.852021907591));
#1539=CARTESIAN_POINT('',(-24.524685621708,10.227533476031,33.872761516621));
#1540=CARTESIAN_POINT('',(-24.510865072758,10.227533476031,33.880838123941));
#1541=DIRECTION('',(0.0,1.0,0.0));
#1542=ORIENTED_EDGE('',*,*,#2870,.T.);
#1543=ORIENTED_EDGE('',*,*,#2826,.T.);
#1544=ORIENTED_EDGE('',*,*,#2871,.F.);
#1545=ORIENTED_EDGE('',*,*,#2794,.F.);
#1546=CARTESIAN_POINT('',(-24.578687697058,10.227533476031,33.812461647701));
#1547=CARTESIAN_POINT('',(-24.570658929428,10.227533476031,33.826631108011));
#1548=CARTESIAN_POINT('',(-24.544667898448,10.227533476031,33.860317278301));
#1549=CARTESIAN_POINT('',(-24.486038126038,10.227533476031,33.899318283091));
#1550=CARTESIAN_POINT('',(-24.417186624058,10.227533476031,33.913165275631));
#1551=CARTESIAN_POINT('',(-24.375163517578,10.227533476031,33.907813660061));
#1552=CARTESIAN_POINT('',(-24.359625060948,10.227533476031,33.903571877431));
#1553=DIRECTION('',(0.0,1.0,0.0));
#1554=ORIENTED_EDGE('',*,*,#2795,.F.);
#1555=ORIENTED_EDGE('',*,*,#2871,.T.);
#1556=ORIENTED_EDGE('',*,*,#2825,.T.);
#1557=ORIENTED_EDGE('',*,*,#2872,.T.);
#1558=CARTESIAN_POINT('',(-24.407585675578,23.827533476031,33.909870487271));
#1559=DIRECTION('',(1.222135604128E-08,0.0,1.0));
#1560=DIRECTION('',(0.0,-1.0,0.0));
#1561=ORIENTED_EDGE('',*,*,#2872,.F.);
#1562=ORIENTED_EDGE('',*,*,#2824,.F.);
#1563=ORIENTED_EDGE('',*,*,#2845,.T.);
#1564=ORIENTED_EDGE('',*,*,#2780,.F.);
#1565=ORIENTED_EDGE('',*,*,#2873,.F.);
#1566=ORIENTED_EDGE('',*,*,#2796,.T.);
#1567=CARTESIAN_POINT('',(-9.237425520129,23.827533476031,27.918635096701));
#1568=DIRECTION('',(-1.0,0.0,0.0));
#1569=DIRECTION('',(0.0,0.0,1.0));
#1570=ORIENTED_EDGE('',*,*,#2751,.T.);
#1571=ORIENTED_EDGE('',*,*,#2797,.F.);
#1572=ORIENTED_EDGE('',*,*,#2873,.T.);
#1573=ORIENTED_EDGE('',*,*,#2779,.F.);
#1574=CARTESIAN_POINT('',(-2.667226034868,23.827533476031,27.918635096701));
#1575=DIRECTION('',(0.0,-1.0,0.0));
#1576=DIRECTION('',(0.0,0.0,1.0));
#1577=ORIENTED_EDGE('',*,*,#2747,.T.);
#1578=ORIENTED_EDGE('',*,*,#2776,.F.);
#1579=ORIENTED_EDGE('',*,*,#2864,.F.);
#1580=ORIENTED_EDGE('',*,*,#2787,.F.);
#1581=CARTESIAN_POINT('',(-2.667226034868,23.827533476031,-19.833364840479));
#1582=DIRECTION('',(0.0,-1.0,0.0));
#1583=DIRECTION('',(0.0,0.0,1.0));
#1584=ORIENTED_EDGE('',*,*,#2874,.F.);
#1585=ORIENTED_EDGE('',*,*,#2759,.F.);
#1586=ORIENTED_EDGE('',*,*,#2862,.T.);
#1587=ORIENTED_EDGE('',*,*,#2773,.T.);
#1588=CARTESIAN_POINT('',(-5.105626034868,-2.962466523969,-24.532364871889));
#1589=DIRECTION('',(1.0,0.0,0.0));
#1590=DIRECTION('',(0.0,1.0,0.0));
#1591=ORIENTED_EDGE('',*,*,#2874,.T.);
#1592=ORIENTED_EDGE('',*,*,#2772,.F.);
#1593=ORIENTED_EDGE('',*,*,#2875,.F.);
#1594=ORIENTED_EDGE('',*,*,#2760,.F.);
#1595=CARTESIAN_POINT('',(-2.667226034868,-2.962466523969,-19.769864871889));
#1596=DIRECTION('',(0.0,1.0,0.0));
#1597=DIRECTION('',(-1.0,0.0,0.0));
#1598=ORIENTED_EDGE('',*,*,#2769,.F.);
#1599=ORIENTED_EDGE('',*,*,#2761,.F.);
#1600=ORIENTED_EDGE('',*,*,#2875,.T.);
#1601=ORIENTED_EDGE('',*,*,#2771,.T.);
#1602=CARTESIAN_POINT('',(-0.228826034868,-2.962466523969,-19.769864871889));
#1603=DIRECTION('',(-1.0,0.0,0.0));
#1604=DIRECTION('',(0.0,0.0,1.0));
#1605=ORIENTED_EDGE('',*,*,#2855,.T.);
#1606=ORIENTED_EDGE('',*,*,#2837,.T.);
#1607=ORIENTED_EDGE('',*,*,#2876,.F.);
#1608=ORIENTED_EDGE('',*,*,#2803,.F.);
#1609=CARTESIAN_POINT('',(19.266644995882,10.227533476031,-24.814168757139));
#1610=CARTESIAN_POINT('',(19.270983112712,10.227533476031,-24.829865910649));
#1611=CARTESIAN_POINT('',(19.276417495622,10.227533476031,-24.872066310439));
#1612=CARTESIAN_POINT('',(19.262533807112,10.227533476031,-24.941100276059));
#1613=CARTESIAN_POINT('',(19.223635853272,10.227533476031,-24.999575133129));
#1614=CARTESIAN_POINT('',(19.190133544552,10.227533476031,-25.025499386809));
#1615=CARTESIAN_POINT('',(19.176144401432,10.227533476031,-25.033484132679));
#1616=DIRECTION('',(0.0,1.0,0.0));
#1617=ORIENTED_EDGE('',*,*,#2876,.T.);
#1618=ORIENTED_EDGE('',*,*,#2836,.T.);
#1619=ORIENTED_EDGE('',*,*,#2822,.F.);
#1620=ORIENTED_EDGE('',*,*,#2804,.F.);
#1621=CARTESIAN_POINT('',(19.244284477352,10.227533476031,-24.965531163629));
#1622=CARTESIAN_POINT('',(19.236167780852,10.227533476031,-24.979502889469));
#1623=CARTESIAN_POINT('',(19.215363420282,10.227533476031,-25.006246525529));
#1624=CARTESIAN_POINT('',(19.174233731812,10.227533476031,-25.037810207509));
#1625=CARTESIAN_POINT('',(19.125986018022,10.227533476031,-25.057802502199));
#1626=CARTESIAN_POINT('',(19.075301205832,10.227533476031,-25.064674527429));
#1627=CARTESIAN_POINT('',(19.042290033912,10.227533476031,-25.060860386389));
#1628=CARTESIAN_POINT('',(19.026767800352,10.227533476031,-25.056931655249));
#1629=DIRECTION('',(0.0,1.0,0.0));
#1630=ORIENTED_EDGE('',*,*,#2877,.T.);
#1631=ORIENTED_EDGE('',*,*,#2878,.F.);
#1632=ORIENTED_EDGE('',*,*,#2879,.F.);
#1633=ORIENTED_EDGE('',*,*,#2813,.F.);
#1634=CARTESIAN_POINT('',(-19.689656152168,23.827533476031,14.913899765581));
#1635=DIRECTION('',(0.0,-1.0,0.0));
#1636=DIRECTION('',(1.0,0.0,0.0));
#1637=ORIENTED_EDGE('',*,*,#2879,.T.);
#1638=ORIENTED_EDGE('',*,*,#2880,.F.);
#1639=ORIENTED_EDGE('',*,*,#2881,.F.);
#1640=ORIENTED_EDGE('',*,*,#2806,.T.);
#1641=CARTESIAN_POINT('',(-24.261003518468,23.827533476031,-6.842601331039));
#1642=DIRECTION('',(-1.0,0.0,0.0));
#1643=DIRECTION('',(0.0,0.0,1.0));
#1644=ORIENTED_EDGE('',*,*,#2882,.F.);
#1645=ORIENTED_EDGE('',*,*,#2807,.F.);
#1646=ORIENTED_EDGE('',*,*,#2881,.T.);
#1647=ORIENTED_EDGE('',*,*,#2883,.F.);
#1648=CARTESIAN_POINT('',(-19.689656152168,23.827533476031,-6.828629509359));
#1649=DIRECTION('',(0.0,-1.0,0.0));
#1650=DIRECTION('',(1.0,0.0,0.0));
#1651=ORIENTED_EDGE('',*,*,#2884,.T.);
#1652=ORIENTED_EDGE('',*,*,#2885,.T.);
#1653=ORIENTED_EDGE('',*,*,#2746,.T.);
#1654=ORIENTED_EDGE('',*,*,#2886,.T.);
#1655=ORIENTED_EDGE('',*,*,#2887,.T.);
#1656=ORIENTED_EDGE('',*,*,#2888,.T.);
#1657=ORIENTED_EDGE('',*,*,#2883,.T.);
#1658=ORIENTED_EDGE('',*,*,#2880,.T.);
#1659=ORIENTED_EDGE('',*,*,#2878,.T.);
#1660=ORIENTED_EDGE('',*,*,#2889,.F.);
#1661=ORIENTED_EDGE('',*,*,#2736,.F.);
#1662=ORIENTED_EDGE('',*,*,#2890,.F.);
#1663=ORIENTED_EDGE('',*,*,#2891,.F.);
#1664=ORIENTED_EDGE('',*,*,#2892,.F.);
#1665=ORIENTED_EDGE('',*,*,#2893,.F.);
#1666=ORIENTED_EDGE('',*,*,#2894,.F.);
#1667=ORIENTED_EDGE('',*,*,#2742,.F.);
#1668=CARTESIAN_POINT('',(-2.667226034868,26.367533476031,4.042635128111));
#1669=DIRECTION('',(-0.0,1.0,0.0));
#1670=DIRECTION('',(1.0,0.0,0.0));
#1671=ORIENTED_EDGE('',*,*,#2882,.T.);
#1672=ORIENTED_EDGE('',*,*,#2888,.F.);
#1673=ORIENTED_EDGE('',*,*,#2895,.F.);
#1674=ORIENTED_EDGE('',*,*,#2808,.T.);
#1675=CARTESIAN_POINT('',(14.368942074632,23.827533476031,-11.400210703299));
#1676=DIRECTION('',(0.0,0.0,-1.0));
#1677=DIRECTION('',(0.0,-1.0,0.0));
#1678=ORIENTED_EDGE('',*,*,#2896,.F.);
#1679=ORIENTED_EDGE('',*,*,#2809,.F.);
#1680=ORIENTED_EDGE('',*,*,#2895,.T.);
#1681=ORIENTED_EDGE('',*,*,#2887,.F.);
#1682=CARTESIAN_POINT('',(14.354970254792,23.827533476031,-6.828863336999));
#1683=DIRECTION('',(0.0,-1.0,0.0));
#1684=DIRECTION('',(1.0,0.0,0.0));
#1685=ORIENTED_EDGE('',*,*,#2896,.T.);
#1686=ORIENTED_EDGE('',*,*,#2886,.F.);
#1687=ORIENTED_EDGE('',*,*,#2745,.F.);
#1688=ORIENTED_EDGE('',*,*,#2810,.T.);
#1689=CARTESIAN_POINT('',(18.926551448732,23.827533476031,14.900395599191));
#1690=DIRECTION('',(1.0,0.0,0.0));
#1691=DIRECTION('',(0.0,1.0,0.0));
#1692=ORIENTED_EDGE('',*,*,#2743,.T.);
#1693=ORIENTED_EDGE('',*,*,#2885,.F.);
#1694=ORIENTED_EDGE('',*,*,#2897,.F.);
#1695=ORIENTED_EDGE('',*,*,#2811,.F.);
#1696=CARTESIAN_POINT('',(14.355204082432,23.827533476031,14.913899765581));
#1697=DIRECTION('',(0.0,-1.0,0.0));
#1698=DIRECTION('',(1.0,0.0,0.0));
#1699=ORIENTED_EDGE('',*,*,#2897,.T.);
#1700=ORIENTED_EDGE('',*,*,#2884,.F.);
#1701=ORIENTED_EDGE('',*,*,#2877,.F.);
#1702=ORIENTED_EDGE('',*,*,#2812,.T.);
#1703=CARTESIAN_POINT('',(-19.703394144398,23.827533476031,19.485480959521));
#1704=DIRECTION('',(0.0,0.0,1.0));
#1705=DIRECTION('',(1.0,0.0,0.0));
#1706=ORIENTED_EDGE('',*,*,#2741,.T.);
#1707=ORIENTED_EDGE('',*,*,#2898,.F.);
#1708=ORIENTED_EDGE('',*,*,#2737,.F.);
#1709=ORIENTED_EDGE('',*,*,#2889,.T.);
#1710=CARTESIAN_POINT('',(14.351363859812,26.367533476031,-8.946744332129));
#1711=DIRECTION('',(0.0,0.0,-1.0));
#1712=DIRECTION('',(0.0,-1.0,0.0));
#1713=ORIENTED_EDGE('',*,*,#2735,.T.);
#1714=ORIENTED_EDGE('',*,*,#2899,.F.);
#1715=ORIENTED_EDGE('',*,*,#2900,.F.);
#1716=ORIENTED_EDGE('',*,*,#2890,.T.);
#1717=CARTESIAN_POINT('',(16.473085076742,26.367533476031,14.910293271581));
#1718=DIRECTION('',(1.0,0.0,0.0));
#1719=DIRECTION('',(0.0,1.0,0.0));
#1720=ORIENTED_EDGE('',*,*,#2900,.T.);
#1721=ORIENTED_EDGE('',*,*,#2901,.F.);
#1722=ORIENTED_EDGE('',*,*,#2902,.F.);
#1723=ORIENTED_EDGE('',*,*,#2891,.T.);
#1724=CARTESIAN_POINT('',(14.351781002592,26.367533476031,14.910712668691));
#1725=DIRECTION('',(0.0,-1.0,0.0));
#1726=DIRECTION('',(1.0,0.0,0.0));
#1727=ORIENTED_EDGE('',*,*,#2902,.T.);
#1728=ORIENTED_EDGE('',*,*,#2903,.F.);
#1729=ORIENTED_EDGE('',*,*,#2904,.F.);
#1730=ORIENTED_EDGE('',*,*,#2892,.T.);
#1731=CARTESIAN_POINT('',(-19.685815506778,26.367533476031,17.032014591271));
#1732=DIRECTION('',(0.0,0.0,1.0));
#1733=DIRECTION('',(1.0,0.0,0.0));
#1734=ORIENTED_EDGE('',*,*,#2905,.F.);
#1735=ORIENTED_EDGE('',*,*,#2893,.T.);
#1736=ORIENTED_EDGE('',*,*,#2904,.T.);
#1737=ORIENTED_EDGE('',*,*,#2906,.F.);
#1738=CARTESIAN_POINT('',(-19.686261439238,26.367533476031,14.910738483241));
#1739=DIRECTION('',(0.0,-1.0,0.0));
#1740=DIRECTION('',(1.0,0.0,0.0));
#1741=ORIENTED_EDGE('',*,*,#2905,.T.);
#1742=ORIENTED_EDGE('',*,*,#2907,.F.);
#1743=ORIENTED_EDGE('',*,*,#2739,.F.);
#1744=ORIENTED_EDGE('',*,*,#2894,.T.);
#1745=CARTESIAN_POINT('',(-21.807534656618,26.367533476031,-6.825022692289));
#1746=DIRECTION('',(-1.0,0.0,0.0));
#1747=DIRECTION('',(0.0,0.0,1.0));
#1748=ORIENTED_EDGE('',*,*,#2907,.T.);
#1749=ORIENTED_EDGE('',*,*,#2906,.T.);
#1750=ORIENTED_EDGE('',*,*,#2903,.T.);
#1751=ORIENTED_EDGE('',*,*,#2901,.T.);
#1752=ORIENTED_EDGE('',*,*,#2899,.T.);
#1753=ORIENTED_EDGE('',*,*,#2738,.T.);
#1754=ORIENTED_EDGE('',*,*,#2898,.T.);
#1755=ORIENTED_EDGE('',*,*,#2740,.T.);
#1756=ORIENTED_EDGE('',*,*,#2908,.F.);
#1757=ORIENTED_EDGE('',*,*,#2728,.F.);
#1758=ORIENTED_EDGE('',*,*,#2909,.F.);
#1759=ORIENTED_EDGE('',*,*,#2910,.F.);
#1760=ORIENTED_EDGE('',*,*,#2911,.F.);
#1761=ORIENTED_EDGE('',*,*,#2734,.F.);
#1762=CARTESIAN_POINT('',(-2.667226034868,26.317533476031,4.042635128111));
#1763=DIRECTION('',(-0.0,1.0,0.0));
#1764=DIRECTION('',(1.0,0.0,0.0));
#1765=ORIENTED_EDGE('',*,*,#2731,.T.);
#1766=ORIENTED_EDGE('',*,*,#2911,.T.);
#1767=ORIENTED_EDGE('',*,*,#2912,.T.);
#1768=ORIENTED_EDGE('',*,*,#2913,.F.);
#1769=CARTESIAN_POINT('',(-16.815026034868,26.323233476031,-4.674509489889));
#1770=DIRECTION('',(0.0,-1.0,0.0));
#1771=DIRECTION('',(-1.0,0.0,0.0));
#1772=ORIENTED_EDGE('',*,*,#2733,.T.);
#1773=ORIENTED_EDGE('',*,*,#2914,.F.);
#1774=ORIENTED_EDGE('',*,*,#2729,.F.);
#1775=ORIENTED_EDGE('',*,*,#2908,.T.);
#1776=CARTESIAN_POINT('',(-19.837626034868,26.323233476031,-3.785509489889));
#1777=DIRECTION('',(1.28517949732984E-42,1.18206817716834E-28,1.0));
#1778=DIRECTION('',(1.0,-1.087229588067E-14,0.0));
#1779=ORIENTED_EDGE('',*,*,#2727,.T.);
#1780=ORIENTED_EDGE('',*,*,#2915,.F.);
#1781=ORIENTED_EDGE('',*,*,#2916,.F.);
#1782=ORIENTED_EDGE('',*,*,#2909,.T.);
#1783=CARTESIAN_POINT('',(-19.837626034868,26.323233476031,-4.674509489889));
#1784=DIRECTION('',(0.0,-1.0,0.0));
#1785=DIRECTION('',(-1.0,0.0,0.0));
#1786=ORIENTED_EDGE('',*,*,#2916,.T.);
#1787=ORIENTED_EDGE('',*,*,#2917,.F.);
#1788=ORIENTED_EDGE('',*,*,#2912,.F.);
#1789=ORIENTED_EDGE('',*,*,#2910,.T.);
#1790=CARTESIAN_POINT('',(-16.815026034868,26.323233476031,-5.563509489889));
#1791=DIRECTION('',(-1.116614171528E-14,0.0,-1.0));
#1792=DIRECTION('',(-1.0,0.0,1.116614171528E-14));
#1793=ORIENTED_EDGE('',*,*,#2917,.T.);
#1794=ORIENTED_EDGE('',*,*,#2915,.T.);
#1795=ORIENTED_EDGE('',*,*,#2730,.T.);
#1796=ORIENTED_EDGE('',*,*,#2914,.T.);
#1797=ORIENTED_EDGE('',*,*,#2732,.T.);
#1798=ORIENTED_EDGE('',*,*,#2913,.T.);
#1799=CARTESIAN_POINT('',(-2.667226034868,30.813233476031,4.042635128111));
#1800=DIRECTION('',(-0.0,1.0,0.0));
#1801=DIRECTION('',(1.0,0.0,0.0));
#1802=ORIENTED_EDGE('',*,*,#2724,.T.);
#1803=ORIENTED_EDGE('',*,*,#2918,.F.);
#1804=ORIENTED_EDGE('',*,*,#2919,.F.);
#1805=ORIENTED_EDGE('',*,*,#2814,.T.);
#1806=CARTESIAN_POINT('',(-15.367226066308,23.834033476031,-17.476373954529));
#1807=DIRECTION('',(0.0,-1.0,0.0));
#1808=DIRECTION('',(-1.0,0.0,0.0));
#1809=ORIENTED_EDGE('',*,*,#2720,.T.);
#1810=ORIENTED_EDGE('',*,*,#2815,.T.);
#1811=ORIENTED_EDGE('',*,*,#2919,.T.);
#1812=ORIENTED_EDGE('',*,*,#2920,.F.);
#1813=CARTESIAN_POINT('',(-15.367226066308,23.834033476031,-17.476373954529));
#1814=DIRECTION('',(0.0,-1.0,0.0));
#1815=DIRECTION('',(-1.0,0.0,0.0));
#1816=ORIENTED_EDGE('',*,*,#2721,.T.);
#1817=ORIENTED_EDGE('',*,*,#2920,.T.);
#1818=ORIENTED_EDGE('',*,*,#2918,.T.);
#1819=ORIENTED_EDGE('',*,*,#2726,.T.);
#1820=ORIENTED_EDGE('',*,*,#2921,.F.);
#1821=ORIENTED_EDGE('',*,*,#2922,.F.);
#1822=CARTESIAN_POINT('',(-2.667226034868,22.974033476031,4.042635128111));
#1823=DIRECTION('',(-0.0,1.0,0.0));
#1824=DIRECTION('',(1.0,0.0,0.0));
#1825=ORIENTED_EDGE('',*,*,#2714,.T.);
#1826=ORIENTED_EDGE('',*,*,#2923,.T.);
#1827=ORIENTED_EDGE('',*,*,#2924,.T.);
#1828=ORIENTED_EDGE('',*,*,#2719,.T.);
#1829=ORIENTED_EDGE('',*,*,#2925,.F.);
#1830=ORIENTED_EDGE('',*,*,#2926,.F.);
#1831=CARTESIAN_POINT('',(-2.667226034868,22.974033476031,4.042635128111));
#1832=DIRECTION('',(-0.0,1.0,0.0));
#1833=DIRECTION('',(1.0,0.0,0.0));
#1834=ORIENTED_EDGE('',*,*,#2707,.T.);
#1835=ORIENTED_EDGE('',*,*,#2927,.T.);
#1836=ORIENTED_EDGE('',*,*,#2928,.T.);
#1837=ORIENTED_EDGE('',*,*,#2712,.T.);
#1838=ORIENTED_EDGE('',*,*,#2929,.F.);
#1839=ORIENTED_EDGE('',*,*,#2930,.F.);
#1840=CARTESIAN_POINT('',(-2.667226034868,22.974033476031,4.042635128111));
#1841=DIRECTION('',(-0.0,1.0,0.0));
#1842=DIRECTION('',(1.0,0.0,0.0));
#1843=ORIENTED_EDGE('',*,*,#2931,.T.);
#1844=ORIENTED_EDGE('',*,*,#2702,.T.);
#1845=ORIENTED_EDGE('',*,*,#2704,.T.);
#1846=ORIENTED_EDGE('',*,*,#2932,.T.);
#1847=ORIENTED_EDGE('',*,*,#2933,.F.);
#1848=ORIENTED_EDGE('',*,*,#2934,.F.);
#1849=CARTESIAN_POINT('',(-2.667226034868,22.974033476031,4.042635128111));
#1850=DIRECTION('',(-0.0,1.0,0.0));
#1851=DIRECTION('',(1.0,0.0,0.0));
#1852=ORIENTED_EDGE('',*,*,#2717,.T.);
#1853=ORIENTED_EDGE('',*,*,#2924,.F.);
#1854=ORIENTED_EDGE('',*,*,#2935,.F.);
#1855=ORIENTED_EDGE('',*,*,#2816,.T.);
#1856=CARTESIAN_POINT('',(10.032773996572,23.834033476031,-17.476373954529));
#1857=DIRECTION('',(0.0,-1.0,0.0));
#1858=DIRECTION('',(-1.0,0.0,0.0));
#1859=ORIENTED_EDGE('',*,*,#2713,.T.);
#1860=ORIENTED_EDGE('',*,*,#2817,.T.);
#1861=ORIENTED_EDGE('',*,*,#2935,.T.);
#1862=ORIENTED_EDGE('',*,*,#2923,.F.);
#1863=CARTESIAN_POINT('',(10.032773996572,23.834033476031,-17.476373954529));
#1864=DIRECTION('',(0.0,-1.0,0.0));
#1865=DIRECTION('',(-1.0,0.0,0.0));
#1866=ORIENTED_EDGE('',*,*,#2710,.T.);
#1867=ORIENTED_EDGE('',*,*,#2928,.F.);
#1868=ORIENTED_EDGE('',*,*,#2936,.F.);
#1869=ORIENTED_EDGE('',*,*,#2818,.T.);
#1870=CARTESIAN_POINT('',(11.302773965162,23.834033476031,25.703626096111));
#1871=DIRECTION('',(0.0,-1.0,0.0));
#1872=DIRECTION('',(-1.0,0.0,0.0));
#1873=ORIENTED_EDGE('',*,*,#2706,.T.);
#1874=ORIENTED_EDGE('',*,*,#2819,.T.);
#1875=ORIENTED_EDGE('',*,*,#2936,.T.);
#1876=ORIENTED_EDGE('',*,*,#2927,.F.);
#1877=CARTESIAN_POINT('',(11.302773965162,23.834033476031,25.703626096111));
#1878=DIRECTION('',(0.0,-1.0,0.0));
#1879=DIRECTION('',(-1.0,0.0,0.0));
#1880=ORIENTED_EDGE('',*,*,#2703,.T.);
#1881=ORIENTED_EDGE('',*,*,#2821,.T.);
#1882=ORIENTED_EDGE('',*,*,#2937,.T.);
#1883=ORIENTED_EDGE('',*,*,#2932,.F.);
#1884=CARTESIAN_POINT('',(-16.637226034898,23.834033476031,25.703626096111));
#1885=DIRECTION('',(0.0,-1.0,0.0));
#1886=DIRECTION('',(-1.0,0.0,0.0));
#1887=ORIENTED_EDGE('',*,*,#2699,.T.);
#1888=ORIENTED_EDGE('',*,*,#2931,.F.);
#1889=ORIENTED_EDGE('',*,*,#2937,.F.);
#1890=ORIENTED_EDGE('',*,*,#2820,.T.);
#1891=CARTESIAN_POINT('',(-16.637226034898,23.834033476031,25.703626096111));
#1892=DIRECTION('',(0.0,-1.0,0.0));
#1893=DIRECTION('',(-1.0,0.0,0.0));
#1894=ORIENTED_EDGE('',*,*,#2938,.T.);
#1895=ORIENTED_EDGE('',*,*,#2939,.F.);
#1896=ORIENTED_EDGE('',*,*,#2940,.F.);
#1897=ORIENTED_EDGE('',*,*,#2926,.T.);
#1898=CARTESIAN_POINT('',(10.032773996572,22.974033476031,-17.476373954529));
#1899=DIRECTION('',(0.0,-1.0,0.0));
#1900=DIRECTION('',(-1.0,0.0,0.0));
#1901=ORIENTED_EDGE('',*,*,#2940,.T.);
#1902=ORIENTED_EDGE('',*,*,#2941,.F.);
#1903=ORIENTED_EDGE('',*,*,#2938,.F.);
#1904=ORIENTED_EDGE('',*,*,#2925,.T.);
#1905=CARTESIAN_POINT('',(10.032773996572,22.974033476031,-17.476373954529));
#1906=DIRECTION('',(0.0,-1.0,0.0));
#1907=DIRECTION('',(-1.0,0.0,0.0));
#1908=ORIENTED_EDGE('',*,*,#2941,.T.);
#1909=ORIENTED_EDGE('',*,*,#2939,.T.);
#1910=ORIENTED_EDGE('',*,*,#2942,.F.);
#1911=ORIENTED_EDGE('',*,*,#2943,.F.);
#1912=CARTESIAN_POINT('',(-2.667226034868,17.484033476031,4.042635128111));
#1913=DIRECTION('',(-0.0,1.0,0.0));
#1914=DIRECTION('',(1.0,0.0,0.0));
#1915=ORIENTED_EDGE('',*,*,#2944,.T.);
#1916=ORIENTED_EDGE('',*,*,#2945,.T.);
#1917=ORIENTED_EDGE('',*,*,#2946,.F.);
#1918=ORIENTED_EDGE('',*,*,#2947,.F.);
#1919=CARTESIAN_POINT('',(-2.667226034868,17.484033476031,4.042635128111));
#1920=DIRECTION('',(-0.0,1.0,0.0));
#1921=DIRECTION('',(1.0,0.0,0.0));
#1922=ORIENTED_EDGE('',*,*,#2948,.T.);
#1923=ORIENTED_EDGE('',*,*,#2949,.T.);
#1924=ORIENTED_EDGE('',*,*,#2950,.F.);
#1925=ORIENTED_EDGE('',*,*,#2951,.F.);
#1926=CARTESIAN_POINT('',(-2.667226034868,17.484033476031,4.042635128111));
#1927=DIRECTION('',(-0.0,1.0,0.0));
#1928=DIRECTION('',(1.0,0.0,0.0));
#1929=ORIENTED_EDGE('',*,*,#2952,.T.);
#1930=ORIENTED_EDGE('',*,*,#2953,.T.);
#1931=ORIENTED_EDGE('',*,*,#2954,.F.);
#1932=ORIENTED_EDGE('',*,*,#2955,.F.);
#1933=CARTESIAN_POINT('',(-2.667226034868,17.484033476031,4.042635128111));
#1934=DIRECTION('',(-0.0,1.0,0.0));
#1935=DIRECTION('',(1.0,0.0,0.0));
#1936=ORIENTED_EDGE('',*,*,#2956,.T.);
#1937=ORIENTED_EDGE('',*,*,#2945,.F.);
#1938=ORIENTED_EDGE('',*,*,#2957,.F.);
#1939=ORIENTED_EDGE('',*,*,#2922,.T.);
#1940=CARTESIAN_POINT('',(-15.367226066308,22.974033476031,-17.476373954529));
#1941=DIRECTION('',(0.0,-1.0,0.0));
#1942=DIRECTION('',(-1.0,0.0,0.0));
#1943=ORIENTED_EDGE('',*,*,#2957,.T.);
#1944=ORIENTED_EDGE('',*,*,#2944,.F.);
#1945=ORIENTED_EDGE('',*,*,#2956,.F.);
#1946=ORIENTED_EDGE('',*,*,#2921,.T.);
#1947=CARTESIAN_POINT('',(-15.367226066308,22.974033476031,-17.476373954529));
#1948=DIRECTION('',(0.0,-1.0,0.0));
#1949=DIRECTION('',(-1.0,0.0,0.0));
#1950=ORIENTED_EDGE('',*,*,#2958,.T.);
#1951=ORIENTED_EDGE('',*,*,#2949,.F.);
#1952=ORIENTED_EDGE('',*,*,#2959,.F.);
#1953=ORIENTED_EDGE('',*,*,#2930,.T.);
#1954=CARTESIAN_POINT('',(11.302773965162,22.974033476031,25.703626096111));
#1955=DIRECTION('',(0.0,-1.0,0.0));
#1956=DIRECTION('',(-1.0,0.0,0.0));
#1957=ORIENTED_EDGE('',*,*,#2959,.T.);
#1958=ORIENTED_EDGE('',*,*,#2948,.F.);
#1959=ORIENTED_EDGE('',*,*,#2958,.F.);
#1960=ORIENTED_EDGE('',*,*,#2929,.T.);
#1961=CARTESIAN_POINT('',(11.302773965162,22.974033476031,25.703626096111));
#1962=DIRECTION('',(0.0,-1.0,0.0));
#1963=DIRECTION('',(-1.0,0.0,0.0));
#1964=ORIENTED_EDGE('',*,*,#2960,.T.);
#1965=ORIENTED_EDGE('',*,*,#2953,.F.);
#1966=ORIENTED_EDGE('',*,*,#2961,.F.);
#1967=ORIENTED_EDGE('',*,*,#2934,.T.);
#1968=CARTESIAN_POINT('',(-16.637226034898,22.974033476031,25.703626096111));
#1969=DIRECTION('',(0.0,-1.0,0.0));
#1970=DIRECTION('',(-1.0,0.0,0.0));
#1971=ORIENTED_EDGE('',*,*,#2961,.T.);
#1972=ORIENTED_EDGE('',*,*,#2952,.F.);
#1973=ORIENTED_EDGE('',*,*,#2960,.F.);
#1974=ORIENTED_EDGE('',*,*,#2933,.T.);
#1975=CARTESIAN_POINT('',(-16.637226034898,22.974033476031,25.703626096111));
#1976=DIRECTION('',(0.0,-1.0,0.0));
#1977=DIRECTION('',(-1.0,0.0,0.0));
#1978=ORIENTED_EDGE('',*,*,#2962,.T.);
#1979=ORIENTED_EDGE('',*,*,#2963,.F.);
#1980=ORIENTED_EDGE('',*,*,#2964,.F.);
#1981=ORIENTED_EDGE('',*,*,#2943,.T.);
#1982=CARTESIAN_POINT('',(10.032773996572,17.484033476031,-17.676898785229));
#1983=DIRECTION('',(0.0,-1.0,0.0));
#1984=DIRECTION('',(-1.0,0.0,0.0));
#1985=ORIENTED_EDGE('',*,*,#2964,.T.);
#1986=ORIENTED_EDGE('',*,*,#2965,.F.);
#1987=ORIENTED_EDGE('',*,*,#2962,.F.);
#1988=ORIENTED_EDGE('',*,*,#2942,.T.);
#1989=CARTESIAN_POINT('',(10.032773996572,17.484033476031,-17.676898785229));
#1990=DIRECTION('',(0.0,-1.0,0.0));
#1991=DIRECTION('',(-1.0,0.0,0.0));
#1992=ORIENTED_EDGE('',*,*,#2965,.T.);
#1993=ORIENTED_EDGE('',*,*,#2963,.T.);
#1994=CARTESIAN_POINT('',(-2.667226034868,9.984033476031,4.042635128111));
#1995=DIRECTION('',(-0.0,1.0,0.0));
#1996=DIRECTION('',(1.0,0.0,0.0));
#1997=ORIENTED_EDGE('',*,*,#2966,.T.);
#1998=ORIENTED_EDGE('',*,*,#2967,.T.);
#1999=CARTESIAN_POINT('',(-2.667226034868,9.984033476031,4.042635128111));
#2000=DIRECTION('',(-0.0,1.0,0.0));
#2001=DIRECTION('',(1.0,0.0,0.0));
#2002=ORIENTED_EDGE('',*,*,#2968,.T.);
#2003=ORIENTED_EDGE('',*,*,#2969,.T.);
#2004=CARTESIAN_POINT('',(-2.667226034868,9.984033476031,4.042635128111));
#2005=DIRECTION('',(-0.0,1.0,0.0));
#2006=DIRECTION('',(1.0,0.0,0.0));
#2007=ORIENTED_EDGE('',*,*,#2970,.T.);
#2008=ORIENTED_EDGE('',*,*,#2971,.T.);
#2009=CARTESIAN_POINT('',(-2.667226034868,9.984033476031,4.042635128111));
#2010=DIRECTION('',(-0.0,1.0,0.0));
#2011=DIRECTION('',(1.0,0.0,0.0));
#2012=ORIENTED_EDGE('',*,*,#2972,.T.);
#2013=ORIENTED_EDGE('',*,*,#2967,.F.);
#2014=ORIENTED_EDGE('',*,*,#2973,.F.);
#2015=ORIENTED_EDGE('',*,*,#2947,.T.);
#2016=CARTESIAN_POINT('',(-15.367226066308,17.484033476031,-17.676898785229));
#2017=DIRECTION('',(0.0,-1.0,0.0));
#2018=DIRECTION('',(-1.0,0.0,0.0));
#2019=ORIENTED_EDGE('',*,*,#2973,.T.);
#2020=ORIENTED_EDGE('',*,*,#2966,.F.);
#2021=ORIENTED_EDGE('',*,*,#2972,.F.);
#2022=ORIENTED_EDGE('',*,*,#2946,.T.);
#2023=CARTESIAN_POINT('',(-15.367226066308,17.484033476031,-17.676898785229));
#2024=DIRECTION('',(0.0,-1.0,0.0));
#2025=DIRECTION('',(-1.0,0.0,0.0));
#2026=ORIENTED_EDGE('',*,*,#2974,.T.);
#2027=ORIENTED_EDGE('',*,*,#2969,.F.);
#2028=ORIENTED_EDGE('',*,*,#2975,.F.);
#2029=ORIENTED_EDGE('',*,*,#2951,.T.);
#2030=CARTESIAN_POINT('',(11.302773965162,17.484033476031,25.703626096111));
#2031=DIRECTION('',(0.0,-1.0,0.0));
#2032=DIRECTION('',(-1.0,0.0,0.0));
#2033=ORIENTED_EDGE('',*,*,#2975,.T.);
#2034=ORIENTED_EDGE('',*,*,#2968,.F.);
#2035=ORIENTED_EDGE('',*,*,#2974,.F.);
#2036=ORIENTED_EDGE('',*,*,#2950,.T.);
#2037=CARTESIAN_POINT('',(11.302773965162,17.484033476031,25.703626096111));
#2038=DIRECTION('',(0.0,-1.0,0.0));
#2039=DIRECTION('',(-1.0,0.0,0.0));
#2040=ORIENTED_EDGE('',*,*,#2976,.T.);
#2041=ORIENTED_EDGE('',*,*,#2971,.F.);
#2042=ORIENTED_EDGE('',*,*,#2977,.F.);
#2043=ORIENTED_EDGE('',*,*,#2955,.T.);
#2044=CARTESIAN_POINT('',(-16.637226034898,17.484033476031,25.703626096111));
#2045=DIRECTION('',(0.0,-1.0,0.0));
#2046=DIRECTION('',(-1.0,0.0,0.0));
#2047=ORIENTED_EDGE('',*,*,#2977,.T.);
#2048=ORIENTED_EDGE('',*,*,#2970,.F.);
#2049=ORIENTED_EDGE('',*,*,#2976,.F.);
#2050=ORIENTED_EDGE('',*,*,#2954,.T.);
#2051=CARTESIAN_POINT('',(-16.637226034898,17.484033476031,25.703626096111));
#2052=DIRECTION('',(0.0,-1.0,0.0));
#2053=DIRECTION('',(-1.0,0.0,0.0));
#2054=ORIENTED_EDGE('',*,*,#2696,.T.);
#2055=ORIENTED_EDGE('',*,*,#2783,.T.);
#2056=ORIENTED_EDGE('',*,*,#2978,.T.);
#2057=ORIENTED_EDGE('',*,*,#2764,.F.);
#2058=CARTESIAN_POINT('',(-2.667226034868,0.227533476031,27.855135128111));
#2059=DIRECTION('',(0.0,-1.0,0.0));
#2060=DIRECTION('',(1.0,0.0,0.0));
#2061=ORIENTED_EDGE('',*,*,#2692,.T.);
#2062=ORIENTED_EDGE('',*,*,#2763,.F.);
#2063=ORIENTED_EDGE('',*,*,#2978,.F.);
#2064=ORIENTED_EDGE('',*,*,#2782,.T.);
#2065=CARTESIAN_POINT('',(-2.667226034868,0.227533476031,27.855135128111));
#2066=DIRECTION('',(0.0,-1.0,0.0));
#2067=DIRECTION('',(1.0,0.0,0.0));
#2068=ORIENTED_EDGE('',*,*,#2979,.T.);
#2069=ORIENTED_EDGE('',*,*,#2980,.F.);
#2070=CARTESIAN_POINT('',(-16.6372260349,9.974033476031,25.70362609611));
#2071=DIRECTION('',(0.0,-1.0,0.0));
#2072=DIRECTION('',(0.0,0.0,-1.0));
#2073=ORIENTED_EDGE('',*,*,#2980,.T.);
#2074=ORIENTED_EDGE('',*,*,#2981,.T.);
#2075=ORIENTED_EDGE('',*,*,#2982,.F.);
#2076=ORIENTED_EDGE('',*,*,#2983,.F.);
#2077=CARTESIAN_POINT('',(-16.6372260349,24.527033476031,25.70362609611));
#2078=DIRECTION('',(0.0,1.0,0.0));
#2079=DIRECTION('',(-1.0,0.0,0.0));
#2080=ORIENTED_EDGE('',*,*,#2984,.T.);
#2081=ORIENTED_EDGE('',*,*,#2981,.F.);
#2082=ORIENTED_EDGE('',*,*,#2979,.F.);
#2083=ORIENTED_EDGE('',*,*,#2983,.T.);
#2084=CARTESIAN_POINT('',(-16.6372260349,24.527033476031,25.70362609611));
#2085=DIRECTION('',(0.0,1.0,0.0));
#2086=DIRECTION('',(-1.0,0.0,0.0));
#2087=ORIENTED_EDGE('',*,*,#2985,.T.);
#2088=ORIENTED_EDGE('',*,*,#2986,.F.);
#2089=ORIENTED_EDGE('',*,*,#2982,.T.);
#2090=ORIENTED_EDGE('',*,*,#2984,.F.);
#2091=CARTESIAN_POINT('',(-16.6372260349,17.484033476031,25.70362609611));
#2092=DIRECTION('',(0.0,-1.0,0.0));
#2093=DIRECTION('',(0.0,0.0,-1.0));
#2094=ORIENTED_EDGE('',*,*,#2986,.T.);
#2095=ORIENTED_EDGE('',*,*,#2987,.T.);
#2096=ORIENTED_EDGE('',*,*,#2988,.F.);
#2097=ORIENTED_EDGE('',*,*,#2989,.F.);
#2098=CARTESIAN_POINT('',(-16.6372260349,24.527033476031,25.70362609611));
#2099=DIRECTION('',(0.0,1.0,0.0));
#2100=DIRECTION('',(-1.0,0.0,0.0));
#2101=ORIENTED_EDGE('',*,*,#2990,.T.);
#2102=ORIENTED_EDGE('',*,*,#2987,.F.);
#2103=ORIENTED_EDGE('',*,*,#2985,.F.);
#2104=ORIENTED_EDGE('',*,*,#2989,.T.);
#2105=CARTESIAN_POINT('',(-16.6372260349,24.527033476031,25.70362609611));
#2106=DIRECTION('',(0.0,1.0,0.0));
#2107=DIRECTION('',(-1.0,0.0,0.0));
#2108=ORIENTED_EDGE('',*,*,#2990,.F.);
#2109=ORIENTED_EDGE('',*,*,#2988,.T.);
#2110=ORIENTED_EDGE('',*,*,#2991,.F.);
#2111=ORIENTED_EDGE('',*,*,#2992,.F.);
#2112=ORIENTED_EDGE('',*,*,#2993,.F.);
#2113=ORIENTED_EDGE('',*,*,#2994,.F.);
#2114=ORIENTED_EDGE('',*,*,#2995,.F.);
#2115=ORIENTED_EDGE('',*,*,#2996,.F.);
#2116=ORIENTED_EDGE('',*,*,#2997,.F.);
#2117=ORIENTED_EDGE('',*,*,#2998,.F.);
#2118=ORIENTED_EDGE('',*,*,#2999,.F.);
#2119=ORIENTED_EDGE('',*,*,#3000,.F.);
#2120=ORIENTED_EDGE('',*,*,#3001,.F.);
#2121=ORIENTED_EDGE('',*,*,#3002,.F.);
#2122=CARTESIAN_POINT('',(-16.6372260349,23.834033476031,25.70362609611));
#2123=DIRECTION('',(0.0,-1.0,0.0));
#2124=DIRECTION('',(0.0,0.0,-1.0));
#2125=ORIENTED_EDGE('',*,*,#3003,.T.);
#2126=ORIENTED_EDGE('',*,*,#3004,.F.);
#2127=ORIENTED_EDGE('',*,*,#3005,.F.);
#2128=ORIENTED_EDGE('',*,*,#3002,.T.);
#2129=CARTESIAN_POINT('',(-17.0372260349,23.834033476031,23.80362609611));
#2130=DIRECTION('',(-1.0,0.0,0.0));
#2131=DIRECTION('',(0.0,0.0,1.0));
#2132=ORIENTED_EDGE('',*,*,#3005,.T.);
#2133=ORIENTED_EDGE('',*,*,#3006,.F.);
#2134=ORIENTED_EDGE('',*,*,#3007,.F.);
#2135=ORIENTED_EDGE('',*,*,#2991,.T.);
#2136=CARTESIAN_POINT('',(-16.2372260349,23.834033476031,23.80362609611));
#2137=DIRECTION('',(0.0,0.0,-1.0));
#2138=DIRECTION('',(0.0,-1.0,0.0));
#2139=ORIENTED_EDGE('',*,*,#3007,.T.);
#2140=ORIENTED_EDGE('',*,*,#3008,.F.);
#2141=ORIENTED_EDGE('',*,*,#3009,.F.);
#2142=ORIENTED_EDGE('',*,*,#2992,.T.);
#2143=CARTESIAN_POINT('',(-16.2372260349,23.834033476031,25.30362609611));
#2144=DIRECTION('',(1.0,0.0,0.0));
#2145=DIRECTION('',(0.0,1.0,0.0));
#2146=ORIENTED_EDGE('',*,*,#3009,.T.);
#2147=ORIENTED_EDGE('',*,*,#3010,.F.);
#2148=ORIENTED_EDGE('',*,*,#3011,.F.);
#2149=ORIENTED_EDGE('',*,*,#2993,.T.);
#2150=CARTESIAN_POINT('',(-14.7372260349,23.834033476031,25.30362609611));
#2151=DIRECTION('',(0.0,0.0,-1.0));
#2152=DIRECTION('',(0.0,-1.0,0.0));
#2153=ORIENTED_EDGE('',*,*,#3011,.T.);
#2154=ORIENTED_EDGE('',*,*,#3012,.F.);
#2155=ORIENTED_EDGE('',*,*,#3013,.F.);
#2156=ORIENTED_EDGE('',*,*,#2994,.T.);
#2157=CARTESIAN_POINT('',(-14.7372260349,23.834033476031,26.10362609611));
#2158=DIRECTION('',(1.0,0.0,0.0));
#2159=DIRECTION('',(0.0,1.0,0.0));
#2160=ORIENTED_EDGE('',*,*,#3013,.T.);
#2161=ORIENTED_EDGE('',*,*,#3014,.F.);
#2162=ORIENTED_EDGE('',*,*,#3015,.F.);
#2163=ORIENTED_EDGE('',*,*,#2995,.T.);
#2164=CARTESIAN_POINT('',(-16.2372260349,23.834033476031,26.10362609611));
#2165=DIRECTION('',(0.0,0.0,1.0));
#2166=DIRECTION('',(1.0,0.0,0.0));
#2167=ORIENTED_EDGE('',*,*,#3015,.T.);
#2168=ORIENTED_EDGE('',*,*,#3016,.F.);
#2169=ORIENTED_EDGE('',*,*,#3017,.F.);
#2170=ORIENTED_EDGE('',*,*,#2996,.T.);
#2171=CARTESIAN_POINT('',(-16.2372260349,23.834033476031,27.60362609611));
#2172=DIRECTION('',(1.0,0.0,0.0));
#2173=DIRECTION('',(0.0,1.0,0.0));
#2174=ORIENTED_EDGE('',*,*,#3017,.T.);
#2175=ORIENTED_EDGE('',*,*,#3018,.F.);
#2176=ORIENTED_EDGE('',*,*,#3019,.F.);
#2177=ORIENTED_EDGE('',*,*,#2997,.T.);
#2178=CARTESIAN_POINT('',(-17.0372260349,23.834033476031,27.60362609611));
#2179=DIRECTION('',(0.0,0.0,1.0));
#2180=DIRECTION('',(1.0,0.0,0.0));
#2181=ORIENTED_EDGE('',*,*,#3019,.T.);
#2182=ORIENTED_EDGE('',*,*,#3020,.F.);
#2183=ORIENTED_EDGE('',*,*,#3021,.F.);
#2184=ORIENTED_EDGE('',*,*,#2998,.T.);
#2185=CARTESIAN_POINT('',(-17.0372260349,23.834033476031,26.10362609611));
#2186=DIRECTION('',(-1.0,0.0,0.0));
#2187=DIRECTION('',(0.0,0.0,1.0));
#2188=ORIENTED_EDGE('',*,*,#3021,.T.);
#2189=ORIENTED_EDGE('',*,*,#3022,.F.);
#2190=ORIENTED_EDGE('',*,*,#3023,.F.);
#2191=ORIENTED_EDGE('',*,*,#2999,.T.);
#2192=CARTESIAN_POINT('',(-18.5372260349,23.834033476031,26.10362609611));
#2193=DIRECTION('',(0.0,0.0,1.0));
#2194=DIRECTION('',(1.0,0.0,0.0));
#2195=ORIENTED_EDGE('',*,*,#3023,.T.);
#2196=ORIENTED_EDGE('',*,*,#3024,.F.);
#2197=ORIENTED_EDGE('',*,*,#3025,.F.);
#2198=ORIENTED_EDGE('',*,*,#3000,.T.);
#2199=CARTESIAN_POINT('',(-18.5372260349,23.834033476031,25.30362609611));
#2200=DIRECTION('',(-1.0,0.0,0.0));
#2201=DIRECTION('',(0.0,0.0,1.0));
#2202=ORIENTED_EDGE('',*,*,#3025,.T.);
#2203=ORIENTED_EDGE('',*,*,#3026,.F.);
#2204=ORIENTED_EDGE('',*,*,#3003,.F.);
#2205=ORIENTED_EDGE('',*,*,#3001,.T.);
#2206=CARTESIAN_POINT('',(-17.0372260349,23.834033476031,25.30362609611));
#2207=DIRECTION('',(0.0,0.0,-1.0));
#2208=DIRECTION('',(0.0,-1.0,0.0));
#2209=ORIENTED_EDGE('',*,*,#3026,.T.);
#2210=ORIENTED_EDGE('',*,*,#3024,.T.);
#2211=ORIENTED_EDGE('',*,*,#3022,.T.);
#2212=ORIENTED_EDGE('',*,*,#3020,.T.);
#2213=ORIENTED_EDGE('',*,*,#3018,.T.);
#2214=ORIENTED_EDGE('',*,*,#3016,.T.);
#2215=ORIENTED_EDGE('',*,*,#3014,.T.);
#2216=ORIENTED_EDGE('',*,*,#3012,.T.);
#2217=ORIENTED_EDGE('',*,*,#3010,.T.);
#2218=ORIENTED_EDGE('',*,*,#3008,.T.);
#2219=ORIENTED_EDGE('',*,*,#3006,.T.);
#2220=ORIENTED_EDGE('',*,*,#3004,.T.);
#2221=CARTESIAN_POINT('',(-16.6372260349,23.534033476031,25.70362609611));
#2222=DIRECTION('',(-0.0,1.0,0.0));
#2223=DIRECTION('',(1.0,0.0,0.0));
#2224=ORIENTED_EDGE('',*,*,#3027,.T.);
#2225=ORIENTED_EDGE('',*,*,#3028,.F.);
#2226=CARTESIAN_POINT('',(11.30277396516,9.974033476031,25.70362609611));
#2227=DIRECTION('',(0.0,-1.0,0.0));
#2228=DIRECTION('',(0.0,0.0,-1.0));
#2229=ORIENTED_EDGE('',*,*,#3028,.T.);
#2230=ORIENTED_EDGE('',*,*,#3029,.T.);
#2231=ORIENTED_EDGE('',*,*,#3030,.F.);
#2232=ORIENTED_EDGE('',*,*,#3031,.F.);
#2233=CARTESIAN_POINT('',(11.30277396516,24.527033476031,25.70362609611));
#2234=DIRECTION('',(0.0,1.0,0.0));
#2235=DIRECTION('',(-1.0,0.0,0.0));
#2236=ORIENTED_EDGE('',*,*,#3032,.T.);
#2237=ORIENTED_EDGE('',*,*,#3029,.F.);
#2238=ORIENTED_EDGE('',*,*,#3027,.F.);
#2239=ORIENTED_EDGE('',*,*,#3031,.T.);
#2240=CARTESIAN_POINT('',(11.30277396516,24.527033476031,25.70362609611));
#2241=DIRECTION('',(0.0,1.0,0.0));
#2242=DIRECTION('',(-1.0,0.0,0.0));
#2243=ORIENTED_EDGE('',*,*,#3033,.T.);
#2244=ORIENTED_EDGE('',*,*,#3034,.F.);
#2245=ORIENTED_EDGE('',*,*,#3030,.T.);
#2246=ORIENTED_EDGE('',*,*,#3032,.F.);
#2247=CARTESIAN_POINT('',(11.30277396516,17.484033476031,25.70362609611));
#2248=DIRECTION('',(0.0,-1.0,0.0));
#2249=DIRECTION('',(0.0,0.0,-1.0));
#2250=ORIENTED_EDGE('',*,*,#3034,.T.);
#2251=ORIENTED_EDGE('',*,*,#3035,.T.);
#2252=ORIENTED_EDGE('',*,*,#3036,.F.);
#2253=ORIENTED_EDGE('',*,*,#3037,.F.);
#2254=CARTESIAN_POINT('',(11.30277396516,24.527033476031,25.70362609611));
#2255=DIRECTION('',(0.0,1.0,0.0));
#2256=DIRECTION('',(-1.0,0.0,0.0));
#2257=ORIENTED_EDGE('',*,*,#3038,.T.);
#2258=ORIENTED_EDGE('',*,*,#3035,.F.);
#2259=ORIENTED_EDGE('',*,*,#3033,.F.);
#2260=ORIENTED_EDGE('',*,*,#3037,.T.);
#2261=CARTESIAN_POINT('',(11.30277396516,24.527033476031,25.70362609611));
#2262=DIRECTION('',(0.0,1.0,0.0));
#2263=DIRECTION('',(-1.0,0.0,0.0));
#2264=ORIENTED_EDGE('',*,*,#3038,.F.);
#2265=ORIENTED_EDGE('',*,*,#3036,.T.);
#2266=ORIENTED_EDGE('',*,*,#3039,.F.);
#2267=ORIENTED_EDGE('',*,*,#3040,.F.);
#2268=ORIENTED_EDGE('',*,*,#3041,.F.);
#2269=ORIENTED_EDGE('',*,*,#3042,.F.);
#2270=ORIENTED_EDGE('',*,*,#3043,.F.);
#2271=ORIENTED_EDGE('',*,*,#3044,.F.);
#2272=ORIENTED_EDGE('',*,*,#3045,.F.);
#2273=ORIENTED_EDGE('',*,*,#3046,.F.);
#2274=ORIENTED_EDGE('',*,*,#3047,.F.);
#2275=ORIENTED_EDGE('',*,*,#3048,.F.);
#2276=ORIENTED_EDGE('',*,*,#3049,.F.);
#2277=ORIENTED_EDGE('',*,*,#3050,.F.);
#2278=CARTESIAN_POINT('',(11.30277396516,23.834033476031,25.70362609611));
#2279=DIRECTION('',(0.0,-1.0,0.0));
#2280=DIRECTION('',(0.0,0.0,-1.0));
#2281=ORIENTED_EDGE('',*,*,#3051,.T.);
#2282=ORIENTED_EDGE('',*,*,#3052,.F.);
#2283=ORIENTED_EDGE('',*,*,#3053,.F.);
#2284=ORIENTED_EDGE('',*,*,#3050,.T.);
#2285=CARTESIAN_POINT('',(10.90277396516,23.834033476031,23.80362609611));
#2286=DIRECTION('',(-1.0,0.0,0.0));
#2287=DIRECTION('',(0.0,0.0,1.0));
#2288=ORIENTED_EDGE('',*,*,#3053,.T.);
#2289=ORIENTED_EDGE('',*,*,#3054,.F.);
#2290=ORIENTED_EDGE('',*,*,#3055,.F.);
#2291=ORIENTED_EDGE('',*,*,#3039,.T.);
#2292=CARTESIAN_POINT('',(11.70277396516,23.834033476031,23.80362609611));
#2293=DIRECTION('',(0.0,0.0,-1.0));
#2294=DIRECTION('',(0.0,-1.0,0.0));
#2295=ORIENTED_EDGE('',*,*,#3055,.T.);
#2296=ORIENTED_EDGE('',*,*,#3056,.F.);
#2297=ORIENTED_EDGE('',*,*,#3057,.F.);
#2298=ORIENTED_EDGE('',*,*,#3040,.T.);
#2299=CARTESIAN_POINT('',(11.70277396516,23.834033476031,25.30362609611));
#2300=DIRECTION('',(1.0,0.0,0.0));
#2301=DIRECTION('',(0.0,1.0,0.0));
#2302=ORIENTED_EDGE('',*,*,#3057,.T.);
#2303=ORIENTED_EDGE('',*,*,#3058,.F.);
#2304=ORIENTED_EDGE('',*,*,#3059,.F.);
#2305=ORIENTED_EDGE('',*,*,#3041,.T.);
#2306=CARTESIAN_POINT('',(13.20277396516,23.834033476031,25.30362609611));
#2307=DIRECTION('',(0.0,0.0,-1.0));
#2308=DIRECTION('',(0.0,-1.0,0.0));
#2309=ORIENTED_EDGE('',*,*,#3059,.T.);
#2310=ORIENTED_EDGE('',*,*,#3060,.F.);
#2311=ORIENTED_EDGE('',*,*,#3061,.F.);
#2312=ORIENTED_EDGE('',*,*,#3042,.T.);
#2313=CARTESIAN_POINT('',(13.20277396516,23.834033476031,26.10362609611));
#2314=DIRECTION('',(1.0,0.0,0.0));
#2315=DIRECTION('',(0.0,1.0,0.0));
#2316=ORIENTED_EDGE('',*,*,#3061,.T.);
#2317=ORIENTED_EDGE('',*,*,#3062,.F.);
#2318=ORIENTED_EDGE('',*,*,#3063,.F.);
#2319=ORIENTED_EDGE('',*,*,#3043,.T.);
#2320=CARTESIAN_POINT('',(11.70277396516,23.834033476031,26.10362609611));
#2321=DIRECTION('',(0.0,0.0,1.0));
#2322=DIRECTION('',(1.0,0.0,0.0));
#2323=ORIENTED_EDGE('',*,*,#3063,.T.);
#2324=ORIENTED_EDGE('',*,*,#3064,.F.);
#2325=ORIENTED_EDGE('',*,*,#3065,.F.);
#2326=ORIENTED_EDGE('',*,*,#3044,.T.);
#2327=CARTESIAN_POINT('',(11.70277396516,23.834033476031,27.60362609611));
#2328=DIRECTION('',(1.0,0.0,0.0));
#2329=DIRECTION('',(0.0,1.0,0.0));
#2330=ORIENTED_EDGE('',*,*,#3065,.T.);
#2331=ORIENTED_EDGE('',*,*,#3066,.F.);
#2332=ORIENTED_EDGE('',*,*,#3067,.F.);
#2333=ORIENTED_EDGE('',*,*,#3045,.T.);
#2334=CARTESIAN_POINT('',(10.90277396516,23.834033476031,27.60362609611));
#2335=DIRECTION('',(0.0,0.0,1.0));
#2336=DIRECTION('',(1.0,0.0,0.0));
#2337=ORIENTED_EDGE('',*,*,#3067,.T.);
#2338=ORIENTED_EDGE('',*,*,#3068,.F.);
#2339=ORIENTED_EDGE('',*,*,#3069,.F.);
#2340=ORIENTED_EDGE('',*,*,#3046,.T.);
#2341=CARTESIAN_POINT('',(10.90277396516,23.834033476031,26.10362609611));
#2342=DIRECTION('',(-1.0,0.0,0.0));
#2343=DIRECTION('',(0.0,0.0,1.0));
#2344=ORIENTED_EDGE('',*,*,#3069,.T.);
#2345=ORIENTED_EDGE('',*,*,#3070,.F.);
#2346=ORIENTED_EDGE('',*,*,#3071,.F.);
#2347=ORIENTED_EDGE('',*,*,#3047,.T.);
#2348=CARTESIAN_POINT('',(9.40277396516,23.834033476031,26.10362609611));
#2349=DIRECTION('',(0.0,0.0,1.0));
#2350=DIRECTION('',(1.0,0.0,0.0));
#2351=ORIENTED_EDGE('',*,*,#3071,.T.);
#2352=ORIENTED_EDGE('',*,*,#3072,.F.);
#2353=ORIENTED_EDGE('',*,*,#3073,.F.);
#2354=ORIENTED_EDGE('',*,*,#3048,.T.);
#2355=CARTESIAN_POINT('',(9.40277396516,23.834033476031,25.30362609611));
#2356=DIRECTION('',(-1.0,0.0,0.0));
#2357=DIRECTION('',(0.0,0.0,1.0));
#2358=ORIENTED_EDGE('',*,*,#3073,.T.);
#2359=ORIENTED_EDGE('',*,*,#3074,.F.);
#2360=ORIENTED_EDGE('',*,*,#3051,.F.);
#2361=ORIENTED_EDGE('',*,*,#3049,.T.);
#2362=CARTESIAN_POINT('',(10.90277396516,23.834033476031,25.30362609611));
#2363=DIRECTION('',(0.0,0.0,-1.0));
#2364=DIRECTION('',(0.0,-1.0,0.0));
#2365=ORIENTED_EDGE('',*,*,#3074,.T.);
#2366=ORIENTED_EDGE('',*,*,#3072,.T.);
#2367=ORIENTED_EDGE('',*,*,#3070,.T.);
#2368=ORIENTED_EDGE('',*,*,#3068,.T.);
#2369=ORIENTED_EDGE('',*,*,#3066,.T.);
#2370=ORIENTED_EDGE('',*,*,#3064,.T.);
#2371=ORIENTED_EDGE('',*,*,#3062,.T.);
#2372=ORIENTED_EDGE('',*,*,#3060,.T.);
#2373=ORIENTED_EDGE('',*,*,#3058,.T.);
#2374=ORIENTED_EDGE('',*,*,#3056,.T.);
#2375=ORIENTED_EDGE('',*,*,#3054,.T.);
#2376=ORIENTED_EDGE('',*,*,#3052,.T.);
#2377=CARTESIAN_POINT('',(11.30277396516,23.534033476031,25.70362609611));
#2378=DIRECTION('',(-0.0,1.0,0.0));
#2379=DIRECTION('',(1.0,0.0,0.0));
#2380=ORIENTED_EDGE('',*,*,#3075,.T.);
#2381=ORIENTED_EDGE('',*,*,#3076,.F.);
#2382=CARTESIAN_POINT('',(-15.36722606631,9.974033476031,-17.47637395453));
#2383=DIRECTION('',(0.0,-1.0,0.0));
#2384=DIRECTION('',(0.0,0.0,-1.0));
#2385=ORIENTED_EDGE('',*,*,#3076,.T.);
#2386=ORIENTED_EDGE('',*,*,#3077,.T.);
#2387=ORIENTED_EDGE('',*,*,#3078,.F.);
#2388=ORIENTED_EDGE('',*,*,#3079,.F.);
#2389=CARTESIAN_POINT('',(-15.36722606631,24.527033476031,-17.47637395453));
#2390=DIRECTION('',(0.0,1.0,0.0));
#2391=DIRECTION('',(-1.0,0.0,0.0));
#2392=ORIENTED_EDGE('',*,*,#3080,.T.);
#2393=ORIENTED_EDGE('',*,*,#3077,.F.);
#2394=ORIENTED_EDGE('',*,*,#3075,.F.);
#2395=ORIENTED_EDGE('',*,*,#3079,.T.);
#2396=CARTESIAN_POINT('',(-15.36722606631,24.527033476031,-17.47637395453));
#2397=DIRECTION('',(0.0,1.0,0.0));
#2398=DIRECTION('',(-1.0,0.0,0.0));
#2399=ORIENTED_EDGE('',*,*,#3081,.T.);
#2400=ORIENTED_EDGE('',*,*,#3082,.F.);
#2401=ORIENTED_EDGE('',*,*,#3078,.T.);
#2402=ORIENTED_EDGE('',*,*,#3080,.F.);
#2403=CARTESIAN_POINT('',(-15.36722606631,17.484033476031,-17.47637395453));
#2404=DIRECTION('',(0.0,-1.0,0.0));
#2405=DIRECTION('',(0.0,0.0,-1.0));
#2406=ORIENTED_EDGE('',*,*,#3082,.T.);
#2407=ORIENTED_EDGE('',*,*,#3083,.T.);
#2408=ORIENTED_EDGE('',*,*,#3084,.F.);
#2409=ORIENTED_EDGE('',*,*,#3085,.F.);
#2410=CARTESIAN_POINT('',(-15.36722606631,24.527033476031,-17.47637395453));
#2411=DIRECTION('',(0.0,1.0,0.0));
#2412=DIRECTION('',(-1.0,0.0,0.0));
#2413=ORIENTED_EDGE('',*,*,#3086,.T.);
#2414=ORIENTED_EDGE('',*,*,#3083,.F.);
#2415=ORIENTED_EDGE('',*,*,#3081,.F.);
#2416=ORIENTED_EDGE('',*,*,#3085,.T.);
#2417=CARTESIAN_POINT('',(-15.36722606631,24.527033476031,-17.47637395453));
#2418=DIRECTION('',(0.0,1.0,0.0));
#2419=DIRECTION('',(-1.0,0.0,0.0));
#2420=ORIENTED_EDGE('',*,*,#3086,.F.);
#2421=ORIENTED_EDGE('',*,*,#3084,.T.);
#2422=ORIENTED_EDGE('',*,*,#3087,.F.);
#2423=ORIENTED_EDGE('',*,*,#3088,.F.);
#2424=ORIENTED_EDGE('',*,*,#3089,.F.);
#2425=ORIENTED_EDGE('',*,*,#3090,.F.);
#2426=ORIENTED_EDGE('',*,*,#3091,.F.);
#2427=ORIENTED_EDGE('',*,*,#3092,.F.);
#2428=ORIENTED_EDGE('',*,*,#3093,.F.);
#2429=ORIENTED_EDGE('',*,*,#3094,.F.);
#2430=ORIENTED_EDGE('',*,*,#3095,.F.);
#2431=ORIENTED_EDGE('',*,*,#3096,.F.);
#2432=ORIENTED_EDGE('',*,*,#3097,.F.);
#2433=ORIENTED_EDGE('',*,*,#3098,.F.);
#2434=CARTESIAN_POINT('',(-15.36722606631,23.834033476031,-17.47637395453));
#2435=DIRECTION('',(0.0,-1.0,0.0));
#2436=DIRECTION('',(0.0,0.0,-1.0));
#2437=ORIENTED_EDGE('',*,*,#3099,.T.);
#2438=ORIENTED_EDGE('',*,*,#3100,.F.);
#2439=ORIENTED_EDGE('',*,*,#3101,.F.);
#2440=ORIENTED_EDGE('',*,*,#3098,.T.);
#2441=CARTESIAN_POINT('',(-15.76722606631,23.834033476031,-19.37637395453));
#2442=DIRECTION('',(-1.0,0.0,0.0));
#2443=DIRECTION('',(0.0,0.0,1.0));
#2444=ORIENTED_EDGE('',*,*,#3101,.T.);
#2445=ORIENTED_EDGE('',*,*,#3102,.F.);
#2446=ORIENTED_EDGE('',*,*,#3103,.F.);
#2447=ORIENTED_EDGE('',*,*,#3087,.T.);
#2448=CARTESIAN_POINT('',(-14.96722606631,23.834033476031,-19.37637395453));
#2449=DIRECTION('',(0.0,0.0,-1.0));
#2450=DIRECTION('',(0.0,-1.0,0.0));
#2451=ORIENTED_EDGE('',*,*,#3103,.T.);
#2452=ORIENTED_EDGE('',*,*,#3104,.F.);
#2453=ORIENTED_EDGE('',*,*,#3105,.F.);
#2454=ORIENTED_EDGE('',*,*,#3088,.T.);
#2455=CARTESIAN_POINT('',(-14.96722606631,23.834033476031,-17.87637395453));
#2456=DIRECTION('',(1.0,0.0,0.0));
#2457=DIRECTION('',(0.0,1.0,0.0));
#2458=ORIENTED_EDGE('',*,*,#3105,.T.);
#2459=ORIENTED_EDGE('',*,*,#3106,.F.);
#2460=ORIENTED_EDGE('',*,*,#3107,.F.);
#2461=ORIENTED_EDGE('',*,*,#3089,.T.);
#2462=CARTESIAN_POINT('',(-13.46722606631,23.834033476031,-17.87637395453));
#2463=DIRECTION('',(0.0,0.0,-1.0));
#2464=DIRECTION('',(0.0,-1.0,0.0));
#2465=ORIENTED_EDGE('',*,*,#3107,.T.);
#2466=ORIENTED_EDGE('',*,*,#3108,.F.);
#2467=ORIENTED_EDGE('',*,*,#3109,.F.);
#2468=ORIENTED_EDGE('',*,*,#3090,.T.);
#2469=CARTESIAN_POINT('',(-13.46722606631,23.834033476031,-17.07637395453));
#2470=DIRECTION('',(1.0,0.0,0.0));
#2471=DIRECTION('',(0.0,1.0,0.0));
#2472=ORIENTED_EDGE('',*,*,#3109,.T.);
#2473=ORIENTED_EDGE('',*,*,#3110,.F.);
#2474=ORIENTED_EDGE('',*,*,#3111,.F.);
#2475=ORIENTED_EDGE('',*,*,#3091,.T.);
#2476=CARTESIAN_POINT('',(-14.96722606631,23.834033476031,-17.07637395453));
#2477=DIRECTION('',(0.0,0.0,1.0));
#2478=DIRECTION('',(1.0,0.0,0.0));
#2479=ORIENTED_EDGE('',*,*,#3111,.T.);
#2480=ORIENTED_EDGE('',*,*,#3112,.F.);
#2481=ORIENTED_EDGE('',*,*,#3113,.F.);
#2482=ORIENTED_EDGE('',*,*,#3092,.T.);
#2483=CARTESIAN_POINT('',(-14.96722606631,23.834033476031,-15.57637395453));
#2484=DIRECTION('',(1.0,0.0,0.0));
#2485=DIRECTION('',(0.0,1.0,0.0));
#2486=ORIENTED_EDGE('',*,*,#3113,.T.);
#2487=ORIENTED_EDGE('',*,*,#3114,.F.);
#2488=ORIENTED_EDGE('',*,*,#3115,.F.);
#2489=ORIENTED_EDGE('',*,*,#3093,.T.);
#2490=CARTESIAN_POINT('',(-15.76722606631,23.834033476031,-15.57637395453));
#2491=DIRECTION('',(0.0,0.0,1.0));
#2492=DIRECTION('',(1.0,0.0,0.0));
#2493=ORIENTED_EDGE('',*,*,#3115,.T.);
#2494=ORIENTED_EDGE('',*,*,#3116,.F.);
#2495=ORIENTED_EDGE('',*,*,#3117,.F.);
#2496=ORIENTED_EDGE('',*,*,#3094,.T.);
#2497=CARTESIAN_POINT('',(-15.76722606631,23.834033476031,-17.07637395453));
#2498=DIRECTION('',(-1.0,0.0,0.0));
#2499=DIRECTION('',(0.0,0.0,1.0));
#2500=ORIENTED_EDGE('',*,*,#3117,.T.);
#2501=ORIENTED_EDGE('',*,*,#3118,.F.);
#2502=ORIENTED_EDGE('',*,*,#3119,.F.);
#2503=ORIENTED_EDGE('',*,*,#3095,.T.);
#2504=CARTESIAN_POINT('',(-17.26722606631,23.834033476031,-17.07637395453));
#2505=DIRECTION('',(0.0,0.0,1.0));
#2506=DIRECTION('',(1.0,0.0,0.0));
#2507=ORIENTED_EDGE('',*,*,#3119,.T.);
#2508=ORIENTED_EDGE('',*,*,#3120,.F.);
#2509=ORIENTED_EDGE('',*,*,#3121,.F.);
#2510=ORIENTED_EDGE('',*,*,#3096,.T.);
#2511=CARTESIAN_POINT('',(-17.26722606631,23.834033476031,-17.87637395453));
#2512=DIRECTION('',(-1.0,0.0,0.0));
#2513=DIRECTION('',(0.0,0.0,1.0));
#2514=ORIENTED_EDGE('',*,*,#3121,.T.);
#2515=ORIENTED_EDGE('',*,*,#3122,.F.);
#2516=ORIENTED_EDGE('',*,*,#3099,.F.);
#2517=ORIENTED_EDGE('',*,*,#3097,.T.);
#2518=CARTESIAN_POINT('',(-15.76722606631,23.834033476031,-17.87637395453));
#2519=DIRECTION('',(0.0,0.0,-1.0));
#2520=DIRECTION('',(0.0,-1.0,0.0));
#2521=ORIENTED_EDGE('',*,*,#3122,.T.);
#2522=ORIENTED_EDGE('',*,*,#3120,.T.);
#2523=ORIENTED_EDGE('',*,*,#3118,.T.);
#2524=ORIENTED_EDGE('',*,*,#3116,.T.);
#2525=ORIENTED_EDGE('',*,*,#3114,.T.);
#2526=ORIENTED_EDGE('',*,*,#3112,.T.);
#2527=ORIENTED_EDGE('',*,*,#3110,.T.);
#2528=ORIENTED_EDGE('',*,*,#3108,.T.);
#2529=ORIENTED_EDGE('',*,*,#3106,.T.);
#2530=ORIENTED_EDGE('',*,*,#3104,.T.);
#2531=ORIENTED_EDGE('',*,*,#3102,.T.);
#2532=ORIENTED_EDGE('',*,*,#3100,.T.);
#2533=CARTESIAN_POINT('',(-15.36722606631,23.534033476031,-17.47637395453));
#2534=DIRECTION('',(-0.0,1.0,0.0));
#2535=DIRECTION('',(1.0,0.0,0.0));
#2536=ORIENTED_EDGE('',*,*,#3123,.T.);
#2537=ORIENTED_EDGE('',*,*,#3124,.F.);
#2538=CARTESIAN_POINT('',(10.03277399657,9.974033476031,-17.47637395453));
#2539=DIRECTION('',(0.0,-1.0,0.0));
#2540=DIRECTION('',(0.0,0.0,-1.0));
#2541=ORIENTED_EDGE('',*,*,#3124,.T.);
#2542=ORIENTED_EDGE('',*,*,#3125,.T.);
#2543=ORIENTED_EDGE('',*,*,#3126,.F.);
#2544=ORIENTED_EDGE('',*,*,#3127,.F.);
#2545=CARTESIAN_POINT('',(10.03277399657,24.527033476031,-17.47637395453));
#2546=DIRECTION('',(0.0,1.0,0.0));
#2547=DIRECTION('',(-1.0,0.0,0.0));
#2548=ORIENTED_EDGE('',*,*,#3128,.T.);
#2549=ORIENTED_EDGE('',*,*,#3125,.F.);
#2550=ORIENTED_EDGE('',*,*,#3123,.F.);
#2551=ORIENTED_EDGE('',*,*,#3127,.T.);
#2552=CARTESIAN_POINT('',(10.03277399657,24.527033476031,-17.47637395453));
#2553=DIRECTION('',(0.0,1.0,0.0));
#2554=DIRECTION('',(-1.0,0.0,0.0));
#2555=ORIENTED_EDGE('',*,*,#3129,.T.);
#2556=ORIENTED_EDGE('',*,*,#3130,.F.);
#2557=ORIENTED_EDGE('',*,*,#3126,.T.);
#2558=ORIENTED_EDGE('',*,*,#3128,.F.);
#2559=CARTESIAN_POINT('',(10.03277399657,17.484033476031,-17.47637395453));
#2560=DIRECTION('',(0.0,-1.0,0.0));
#2561=DIRECTION('',(0.0,0.0,-1.0));
#2562=ORIENTED_EDGE('',*,*,#3130,.T.);
#2563=ORIENTED_EDGE('',*,*,#3131,.T.);
#2564=ORIENTED_EDGE('',*,*,#3132,.F.);
#2565=ORIENTED_EDGE('',*,*,#3133,.F.);
#2566=CARTESIAN_POINT('',(10.03277399657,24.527033476031,-17.47637395453));
#2567=DIRECTION('',(0.0,1.0,0.0));
#2568=DIRECTION('',(-1.0,0.0,0.0));
#2569=ORIENTED_EDGE('',*,*,#3134,.T.);
#2570=ORIENTED_EDGE('',*,*,#3131,.F.);
#2571=ORIENTED_EDGE('',*,*,#3129,.F.);
#2572=ORIENTED_EDGE('',*,*,#3133,.T.);
#2573=CARTESIAN_POINT('',(10.03277399657,24.527033476031,-17.47637395453));
#2574=DIRECTION('',(0.0,1.0,0.0));
#2575=DIRECTION('',(-1.0,0.0,0.0));
#2576=ORIENTED_EDGE('',*,*,#3134,.F.);
#2577=ORIENTED_EDGE('',*,*,#3132,.T.);
#2578=ORIENTED_EDGE('',*,*,#3135,.F.);
#2579=ORIENTED_EDGE('',*,*,#3136,.F.);
#2580=ORIENTED_EDGE('',*,*,#3137,.F.);
#2581=ORIENTED_EDGE('',*,*,#3138,.F.);
#2582=ORIENTED_EDGE('',*,*,#3139,.F.);
#2583=ORIENTED_EDGE('',*,*,#3140,.F.);
#2584=ORIENTED_EDGE('',*,*,#3141,.F.);
#2585=ORIENTED_EDGE('',*,*,#3142,.F.);
#2586=ORIENTED_EDGE('',*,*,#3143,.F.);
#2587=ORIENTED_EDGE('',*,*,#3144,.F.);
#2588=ORIENTED_EDGE('',*,*,#3145,.F.);
#2589=ORIENTED_EDGE('',*,*,#3146,.F.);
#2590=CARTESIAN_POINT('',(10.03277399657,23.834033476031,-17.47637395453));
#2591=DIRECTION('',(0.0,-1.0,0.0));
#2592=DIRECTION('',(0.0,0.0,-1.0));
#2593=ORIENTED_EDGE('',*,*,#3147,.T.);
#2594=ORIENTED_EDGE('',*,*,#3148,.F.);
#2595=ORIENTED_EDGE('',*,*,#3149,.F.);
#2596=ORIENTED_EDGE('',*,*,#3146,.T.);
#2597=CARTESIAN_POINT('',(9.63277399657,23.834033476031,-19.37637395453));
#2598=DIRECTION('',(-1.0,0.0,0.0));
#2599=DIRECTION('',(0.0,0.0,1.0));
#2600=ORIENTED_EDGE('',*,*,#3149,.T.);
#2601=ORIENTED_EDGE('',*,*,#3150,.F.);
#2602=ORIENTED_EDGE('',*,*,#3151,.F.);
#2603=ORIENTED_EDGE('',*,*,#3135,.T.);
#2604=CARTESIAN_POINT('',(10.43277399657,23.834033476031,-19.37637395453));
#2605=DIRECTION('',(0.0,0.0,-1.0));
#2606=DIRECTION('',(0.0,-1.0,0.0));
#2607=ORIENTED_EDGE('',*,*,#3151,.T.);
#2608=ORIENTED_EDGE('',*,*,#3152,.F.);
#2609=ORIENTED_EDGE('',*,*,#3153,.F.);
#2610=ORIENTED_EDGE('',*,*,#3136,.T.);
#2611=CARTESIAN_POINT('',(10.43277399657,23.834033476031,-17.87637395453));
#2612=DIRECTION('',(1.0,0.0,0.0));
#2613=DIRECTION('',(0.0,1.0,0.0));
#2614=ORIENTED_EDGE('',*,*,#3153,.T.);
#2615=ORIENTED_EDGE('',*,*,#3154,.F.);
#2616=ORIENTED_EDGE('',*,*,#3155,.F.);
#2617=ORIENTED_EDGE('',*,*,#3137,.T.);
#2618=CARTESIAN_POINT('',(11.93277399657,23.834033476031,-17.87637395453));
#2619=DIRECTION('',(0.0,0.0,-1.0));
#2620=DIRECTION('',(0.0,-1.0,0.0));
#2621=ORIENTED_EDGE('',*,*,#3155,.T.);
#2622=ORIENTED_EDGE('',*,*,#3156,.F.);
#2623=ORIENTED_EDGE('',*,*,#3157,.F.);
#2624=ORIENTED_EDGE('',*,*,#3138,.T.);
#2625=CARTESIAN_POINT('',(11.93277399657,23.834033476031,-17.07637395453));
#2626=DIRECTION('',(1.0,0.0,0.0));
#2627=DIRECTION('',(0.0,1.0,0.0));
#2628=ORIENTED_EDGE('',*,*,#3157,.T.);
#2629=ORIENTED_EDGE('',*,*,#3158,.F.);
#2630=ORIENTED_EDGE('',*,*,#3159,.F.);
#2631=ORIENTED_EDGE('',*,*,#3139,.T.);
#2632=CARTESIAN_POINT('',(10.43277399657,23.834033476031,-17.07637395453));
#2633=DIRECTION('',(0.0,0.0,1.0));
#2634=DIRECTION('',(1.0,0.0,0.0));
#2635=ORIENTED_EDGE('',*,*,#3159,.T.);
#2636=ORIENTED_EDGE('',*,*,#3160,.F.);
#2637=ORIENTED_EDGE('',*,*,#3161,.F.);
#2638=ORIENTED_EDGE('',*,*,#3140,.T.);
#2639=CARTESIAN_POINT('',(10.43277399657,23.834033476031,-15.57637395453));
#2640=DIRECTION('',(1.0,0.0,0.0));
#2641=DIRECTION('',(0.0,1.0,0.0));
#2642=ORIENTED_EDGE('',*,*,#3161,.T.);
#2643=ORIENTED_EDGE('',*,*,#3162,.F.);
#2644=ORIENTED_EDGE('',*,*,#3163,.F.);
#2645=ORIENTED_EDGE('',*,*,#3141,.T.);
#2646=CARTESIAN_POINT('',(9.63277399657,23.834033476031,-15.57637395453));
#2647=DIRECTION('',(0.0,0.0,1.0));
#2648=DIRECTION('',(1.0,0.0,0.0));
#2649=ORIENTED_EDGE('',*,*,#3163,.T.);
#2650=ORIENTED_EDGE('',*,*,#3164,.F.);
#2651=ORIENTED_EDGE('',*,*,#3165,.F.);
#2652=ORIENTED_EDGE('',*,*,#3142,.T.);
#2653=CARTESIAN_POINT('',(9.63277399657,23.834033476031,-17.07637395453));
#2654=DIRECTION('',(-1.0,0.0,0.0));
#2655=DIRECTION('',(0.0,0.0,1.0));
#2656=ORIENTED_EDGE('',*,*,#3165,.T.);
#2657=ORIENTED_EDGE('',*,*,#3166,.F.);
#2658=ORIENTED_EDGE('',*,*,#3167,.F.);
#2659=ORIENTED_EDGE('',*,*,#3143,.T.);
#2660=CARTESIAN_POINT('',(8.13277399657,23.834033476031,-17.07637395453));
#2661=DIRECTION('',(0.0,0.0,1.0));
#2662=DIRECTION('',(1.0,0.0,0.0));
#2663=ORIENTED_EDGE('',*,*,#3167,.T.);
#2664=ORIENTED_EDGE('',*,*,#3168,.F.);
#2665=ORIENTED_EDGE('',*,*,#3169,.F.);
#2666=ORIENTED_EDGE('',*,*,#3144,.T.);
#2667=CARTESIAN_POINT('',(8.13277399657,23.834033476031,-17.87637395453));
#2668=DIRECTION('',(-1.0,0.0,0.0));
#2669=DIRECTION('',(0.0,0.0,1.0));
#2670=ORIENTED_EDGE('',*,*,#3169,.T.);
#2671=ORIENTED_EDGE('',*,*,#3170,.F.);
#2672=ORIENTED_EDGE('',*,*,#3147,.F.);
#2673=ORIENTED_EDGE('',*,*,#3145,.T.);
#2674=CARTESIAN_POINT('',(9.63277399657,23.834033476031,-17.87637395453));
#2675=DIRECTION('',(0.0,0.0,-1.0));
#2676=DIRECTION('',(0.0,-1.0,0.0));
#2677=ORIENTED_EDGE('',*,*,#3170,.T.);
#2678=ORIENTED_EDGE('',*,*,#3168,.T.);
#2679=ORIENTED_EDGE('',*,*,#3166,.T.);
#2680=ORIENTED_EDGE('',*,*,#3164,.T.);
#2681=ORIENTED_EDGE('',*,*,#3162,.T.);
#2682=ORIENTED_EDGE('',*,*,#3160,.T.);
#2683=ORIENTED_EDGE('',*,*,#3158,.T.);
#2684=ORIENTED_EDGE('',*,*,#3156,.T.);
#2685=ORIENTED_EDGE('',*,*,#3154,.T.);
#2686=ORIENTED_EDGE('',*,*,#3152,.T.);
#2687=ORIENTED_EDGE('',*,*,#3150,.T.);
#2688=ORIENTED_EDGE('',*,*,#3148,.T.);
#2689=CARTESIAN_POINT('',(10.03277399657,23.534033476031,-17.47637395453));
#2690=DIRECTION('',(-0.0,1.0,0.0));
#2691=DIRECTION('',(1.0,0.0,0.0));
#2692=EDGE_CURVE('',#3171,#3172,#3173,.T.);
#2693=EDGE_CURVE('',#3171,#3174,#3175,.T.);
#2694=EDGE_CURVE('',#3174,#3176,#3177,.T.);
#2695=EDGE_CURVE('',#3172,#3176,#3178,.T.);
#2696=EDGE_CURVE('',#3179,#3180,#3181,.T.);
#2697=EDGE_CURVE('',#3176,#3179,#3182,.T.);
#2698=EDGE_CURVE('',#3174,#3180,#3183,.T.);
#2699=EDGE_CURVE('',#3184,#3185,#3186,.T.);
#2700=EDGE_CURVE('',#3184,#3187,#3188,.T.);
#2701=EDGE_CURVE('',#3187,#3189,#3190,.T.);
#2702=EDGE_CURVE('',#3185,#3189,#3191,.T.);
#2703=EDGE_CURVE('',#3192,#3193,#3194,.T.);
#2704=EDGE_CURVE('',#3189,#3192,#3195,.T.);
#2705=EDGE_CURVE('',#3187,#3193,#3196,.T.);
#2706=EDGE_CURVE('',#3197,#3198,#3199,.T.);
#2707=EDGE_CURVE('',#3200,#3197,#3201,.T.);
#2708=EDGE_CURVE('',#3202,#3200,#3203,.T.);
#2709=EDGE_CURVE('',#3202,#3198,#3204,.T.);
#2710=EDGE_CURVE('',#3205,#3206,#3207,.T.);
#2711=EDGE_CURVE('',#3205,#3202,#3208,.T.);
#2712=EDGE_CURVE('',#3206,#3200,#3209,.T.);
#2713=EDGE_CURVE('',#3210,#3211,#3212,.T.);
#2714=EDGE_CURVE('',#3213,#3210,#3214,.T.);
#2715=EDGE_CURVE('',#3215,#3213,#3216,.T.);
#2716=EDGE_CURVE('',#3215,#3211,#3217,.T.);
#2717=EDGE_CURVE('',#3218,#3219,#3220,.T.);
#2718=EDGE_CURVE('',#3218,#3215,#3221,.T.);
#2719=EDGE_CURVE('',#3219,#3213,#3222,.T.);
#2720=EDGE_CURVE('',#3223,#3224,#3225,.T.);
#2721=EDGE_CURVE('',#3226,#3223,#3227,.T.);
#2722=EDGE_CURVE('',#3228,#3226,#3229,.T.);
#2723=EDGE_CURVE('',#3228,#3224,#3230,.T.);
#2724=EDGE_CURVE('',#3231,#3232,#3233,.T.);
#2725=EDGE_CURVE('',#3231,#3228,#3234,.T.);
#2726=EDGE_CURVE('',#3232,#3226,#3235,.T.);
#2727=EDGE_CURVE('',#3236,#3237,#3238,.T.);
#2728=EDGE_CURVE('',#3236,#3239,#3240,.T.);
#2729=EDGE_CURVE('',#3239,#3241,#3242,.T.);
#2730=EDGE_CURVE('',#3237,#3241,#3243,.T.);
#2731=EDGE_CURVE('',#3244,#3245,#3246,.T.);
#2732=EDGE_CURVE('',#3247,#3244,#3248,.T.);
#2733=EDGE_CURVE('',#3249,#3247,#3250,.T.);
#2734=EDGE_CURVE('',#3249,#3245,#3251,.T.);
#2735=EDGE_CURVE('',#3252,#3253,#3254,.T.);
#2736=EDGE_CURVE('',#3252,#3255,#3256,.T.);
#2737=EDGE_CURVE('',#3255,#3257,#3258,.T.);
#2738=EDGE_CURVE('',#3253,#3257,#3259,.T.);
#2739=EDGE_CURVE('',#3260,#3261,#3262,.T.);
#2740=EDGE_CURVE('',#3263,#3261,#3264,.T.);
#2741=EDGE_CURVE('',#3265,#3263,#3266,.T.);
#2742=EDGE_CURVE('',#3265,#3260,#3267,.T.);
#2743=EDGE_CURVE('',#3268,#3269,#3270,.T.);
#2744=EDGE_CURVE('',#3271,#3268,#3272,.T.);
#2745=EDGE_CURVE('',#3271,#3273,#3274,.T.);
#2746=EDGE_CURVE('',#3269,#3273,#3275,.T.);
#2747=EDGE_CURVE('',#3276,#3277,#3278,.T.);
#2748=EDGE_CURVE('',#3279,#3276,#3280,.T.);
#2749=EDGE_CURVE('',#3279,#3281,#3282,.T.);
#2750=EDGE_CURVE('',#3277,#3281,#3283,.T.);
#2751=EDGE_CURVE('',#3284,#3285,#3286,.T.);
#2752=EDGE_CURVE('',#3287,#3284,#3288,.T.);
#2753=EDGE_CURVE('',#3289,#3287,#3290,.T.);
#2754=EDGE_CURVE('',#3285,#3289,#3291,.T.);
#2755=EDGE_CURVE('',#3292,#3293,#3294,.T.);
#2756=EDGE_CURVE('',#3293,#3295,#3296,.T.);
#2757=EDGE_CURVE('',#3295,#3297,#3298,.T.);
#2758=EDGE_CURVE('',#3297,#3299,#3300,.T.);
#2759=EDGE_CURVE('',#3299,#3301,#3302,.T.);
#2760=EDGE_CURVE('',#3301,#3303,#3304,.T.);
#2761=EDGE_CURVE('',#3303,#3305,#3306,.T.);
#2762=EDGE_CURVE('',#3305,#3292,#3307,.T.);
#2763=EDGE_CURVE('',#3308,#3172,#3309,.T.);
#2764=EDGE_CURVE('',#3179,#3308,#3310,.T.);
#2765=EDGE_CURVE('',#3311,#3312,#3313,.T.);
#2766=EDGE_CURVE('',#3311,#3314,#3315,.T.);
#2767=EDGE_CURVE('',#3314,#3316,#3317,.T.);
#2768=EDGE_CURVE('',#3292,#3316,#3318,.T.);
#2769=EDGE_CURVE('',#3305,#3319,#3320,.T.);
#2770=EDGE_CURVE('',#3319,#3312,#3321,.T.);
#2771=EDGE_CURVE('',#3322,#3319,#3323,.T.);
#2772=EDGE_CURVE('',#3322,#3324,#3325,.T.);
#2773=EDGE_CURVE('',#3326,#3324,#3327,.T.);
#2774=EDGE_CURVE('',#3326,#3328,#3329,.T.);
#2775=EDGE_CURVE('',#3328,#3330,#3331,.T.);
#2776=EDGE_CURVE('',#3330,#3277,#3332,.T.);
#2777=EDGE_CURVE('',#3281,#3312,#3333,.T.);
#2778=EDGE_CURVE('',#3334,#3287,#3335,.T.);
#2779=EDGE_CURVE('',#3284,#3336,#3337,.T.);
#2780=EDGE_CURVE('',#3336,#3338,#3339,.T.);
#2781=EDGE_CURVE('',#3338,#3334,#3340,.T.);
#2782=EDGE_CURVE('',#3341,#3171,#3342,.T.);
#2783=EDGE_CURVE('',#3180,#3341,#3343,.T.);
#2784=EDGE_CURVE('',#3344,#3345,#3346,.T.);
#2785=EDGE_CURVE('',#3311,#3344,#3347,.T.);
#2786=EDGE_CURVE('',#3279,#3345,#3348,.T.);
#2787=EDGE_CURVE('',#3276,#3349,#3350,.T.);
#2788=EDGE_CURVE('',#3351,#3349,#3352,.T.);
#2789=EDGE_CURVE('',#3351,#3353,#3354,.T.);
#2790=EDGE_CURVE('',#3353,#3355,#3356,.T.);
#2791=EDGE_CURVE('',#3355,#3357,#3358,.T.);
#2792=EDGE_CURVE('',#3357,#3359,#3360,.T.);
#2793=EDGE_CURVE('',#3359,#3361,#3362,.T.);
#2794=EDGE_CURVE('',#3361,#3363,#3364,.T.);
#2795=EDGE_CURVE('',#3363,#3365,#3366,.T.);
#2796=EDGE_CURVE('',#3367,#3365,#3368,.T.);
#2797=EDGE_CURVE('',#3367,#3285,#3369,.T.);
#2798=EDGE_CURVE('',#3370,#3289,#3371,.T.);
#2799=EDGE_CURVE('',#3370,#3372,#3373,.T.);
#2800=EDGE_CURVE('',#3372,#3374,#3375,.T.);
#2801=EDGE_CURVE('',#3374,#3376,#3377,.T.);
#2802=EDGE_CURVE('',#3376,#3378,#3379,.T.);
#2803=EDGE_CURVE('',#3378,#3380,#3381,.T.);
#2804=EDGE_CURVE('',#3380,#3382,#3383,.T.);
#2805=EDGE_CURVE('',#3382,#3345,#3384,.T.);
#2806=EDGE_CURVE('',#3385,#3386,#3387,.T.);
#2807=EDGE_CURVE('',#3385,#3388,#3389,.T.);
#2808=EDGE_CURVE('',#3390,#3388,#3391,.T.);
#2809=EDGE_CURVE('',#3390,#3392,#3393,.T.);
#2810=EDGE_CURVE('',#3271,#3392,#3394,.T.);
#2811=EDGE_CURVE('',#3268,#3395,#3396,.T.);
#2812=EDGE_CURVE('',#3397,#3395,#3398,.T.);
#2813=EDGE_CURVE('',#3397,#3386,#3399,.T.);
#2814=EDGE_CURVE('',#3400,#3231,#3401,.T.);
#2815=EDGE_CURVE('',#3224,#3400,#3402,.T.);
#2816=EDGE_CURVE('',#3403,#3218,#3404,.T.);
#2817=EDGE_CURVE('',#3211,#3403,#3405,.T.);
#2818=EDGE_CURVE('',#3406,#3205,#3407,.T.);
#2819=EDGE_CURVE('',#3198,#3406,#3408,.T.);
#2820=EDGE_CURVE('',#3409,#3184,#3410,.T.);
#2821=EDGE_CURVE('',#3193,#3409,#3411,.T.);
#2822=EDGE_CURVE('',#3382,#3412,#3413,.T.);
#2823=EDGE_CURVE('',#3412,#3344,#3414,.T.);
#2824=EDGE_CURVE('',#3415,#3416,#3417,.T.);
#2825=EDGE_CURVE('',#3418,#3416,#3419,.T.);
#2826=EDGE_CURVE('',#3420,#3418,#3421,.T.);
#2827=EDGE_CURVE('',#3422,#3420,#3423,.T.);
#2828=EDGE_CURVE('',#3424,#3422,#3425,.T.);
#2829=EDGE_CURVE('',#3415,#3424,#3426,.T.);
#2830=EDGE_CURVE('',#3427,#3428,#3429,.T.);
#2831=EDGE_CURVE('',#3430,#3427,#3431,.T.);
#2832=EDGE_CURVE('',#3432,#3430,#3433,.T.);
#2833=EDGE_CURVE('',#3434,#3432,#3435,.T.);
#2834=EDGE_CURVE('',#3434,#3436,#3437,.T.);
#2835=EDGE_CURVE('',#3436,#3428,#3438,.T.);
#2836=EDGE_CURVE('',#3439,#3412,#3440,.T.);
#2837=EDGE_CURVE('',#3441,#3439,#3442,.T.);
#2838=EDGE_CURVE('',#3314,#3441,#3443,.T.);
#2839=EDGE_CURVE('',#3444,#3445,#3446,.T.);
#2840=EDGE_CURVE('',#3447,#3444,#3448,.T.);
#2841=EDGE_CURVE('',#3449,#3447,#3450,.T.);
#2842=EDGE_CURVE('',#3451,#3449,#3452,.T.);
#2843=EDGE_CURVE('',#3451,#3453,#3454,.T.);
#2844=EDGE_CURVE('',#3445,#3453,#3455,.T.);
#2845=EDGE_CURVE('',#3415,#3338,#3456,.T.);
#2846=EDGE_CURVE('',#3424,#3457,#3458,.T.);
#2847=EDGE_CURVE('',#3295,#3457,#3459,.T.);
#2848=EDGE_CURVE('',#3293,#3460,#3461,.T.);
#2849=EDGE_CURVE('',#3460,#3445,#3462,.T.);
#2850=EDGE_CURVE('',#3453,#3334,#3463,.T.);
#2851=EDGE_CURVE('',#3451,#3370,#3464,.T.);
#2852=EDGE_CURVE('',#3372,#3449,#3465,.T.);
#2853=EDGE_CURVE('',#3374,#3447,#3466,.T.);
#2854=EDGE_CURVE('',#3376,#3444,#3467,.T.);
#2855=EDGE_CURVE('',#3378,#3441,#3468,.T.);
#2856=EDGE_CURVE('',#3314,#3445,#3469,.T.);
#2857=EDGE_CURVE('',#3316,#3460,#3470,.T.);
#2858=EDGE_CURVE('',#3424,#3428,#3471,.T.);
#2859=EDGE_CURVE('',#3472,#3428,#3473,.T.);
#2860=EDGE_CURVE('',#3457,#3472,#3474,.T.);
#2861=EDGE_CURVE('',#3297,#3472,#3475,.T.);
#2862=EDGE_CURVE('',#3299,#3326,#3476,.T.);
#2863=EDGE_CURVE('',#3436,#3328,#3477,.T.);
#2864=EDGE_CURVE('',#3349,#3330,#3478,.T.);
#2865=EDGE_CURVE('',#3434,#3351,#3479,.T.);
#2866=EDGE_CURVE('',#3353,#3432,#3480,.T.);
#2867=EDGE_CURVE('',#3355,#3430,#3481,.T.);
#2868=EDGE_CURVE('',#3357,#3427,#3482,.T.);
#2869=EDGE_CURVE('',#3359,#3422,#3483,.T.);
#2870=EDGE_CURVE('',#3361,#3420,#3484,.T.);
#2871=EDGE_CURVE('',#3363,#3418,#3485,.T.);
#2872=EDGE_CURVE('',#3416,#3365,#3486,.T.);
#2873=EDGE_CURVE('',#3367,#3336,#3487,.T.);
#2874=EDGE_CURVE('',#3301,#3324,#3488,.T.);
#2875=EDGE_CURVE('',#3303,#3322,#3489,.T.);
#2876=EDGE_CURVE('',#3380,#3439,#3490,.T.);
#2877=EDGE_CURVE('',#3397,#3491,#3492,.T.);
#2878=EDGE_CURVE('',#3493,#3491,#3494,.T.);
#2879=EDGE_CURVE('',#3386,#3493,#3495,.T.);
#2880=EDGE_CURVE('',#3496,#3493,#3497,.T.);
#2881=EDGE_CURVE('',#3385,#3496,#3498,.T.);
#2882=EDGE_CURVE('',#3388,#3499,#3500,.T.);
#2883=EDGE_CURVE('',#3499,#3496,#3501,.T.);
#2884=EDGE_CURVE('',#3491,#3502,#3503,.T.);
#2885=EDGE_CURVE('',#3502,#3269,#3504,.T.);
#2886=EDGE_CURVE('',#3273,#3505,#3506,.T.);
#2887=EDGE_CURVE('',#3505,#3507,#3508,.T.);
#2888=EDGE_CURVE('',#3507,#3499,#3509,.T.);
#2889=EDGE_CURVE('',#3255,#3265,#3510,.T.);
#2890=EDGE_CURVE('',#3511,#3252,#3512,.T.);
#2891=EDGE_CURVE('',#3513,#3511,#3514,.T.);
#2892=EDGE_CURVE('',#3515,#3513,#3516,.T.);
#2893=EDGE_CURVE('',#3517,#3515,#3518,.T.);
#2894=EDGE_CURVE('',#3260,#3517,#3519,.T.);
#2895=EDGE_CURVE('',#3390,#3507,#3520,.T.);
#2896=EDGE_CURVE('',#3392,#3505,#3521,.T.);
#2897=EDGE_CURVE('',#3395,#3502,#3522,.T.);
#2898=EDGE_CURVE('',#3257,#3263,#3523,.T.);
#2899=EDGE_CURVE('',#3524,#3253,#3525,.T.);
#2900=EDGE_CURVE('',#3511,#3524,#3526,.T.);
#2901=EDGE_CURVE('',#3527,#3524,#3528,.T.);
#2902=EDGE_CURVE('',#3513,#3527,#3529,.T.);
#2903=EDGE_CURVE('',#3530,#3527,#3531,.T.);
#2904=EDGE_CURVE('',#3515,#3530,#3532,.T.);
#2905=EDGE_CURVE('',#3517,#3533,#3534,.T.);
#2906=EDGE_CURVE('',#3533,#3530,#3535,.T.);
#2907=EDGE_CURVE('',#3261,#3533,#3536,.T.);
#2908=EDGE_CURVE('',#3239,#3249,#3537,.T.);
#2909=EDGE_CURVE('',#3538,#3236,#3539,.T.);
#2910=EDGE_CURVE('',#3540,#3538,#3541,.T.);
#2911=EDGE_CURVE('',#3245,#3540,#3542,.T.);
#2912=EDGE_CURVE('',#3540,#3543,#3544,.T.);
#2913=EDGE_CURVE('',#3244,#3543,#3545,.T.);
#2914=EDGE_CURVE('',#3241,#3247,#3546,.T.);
#2915=EDGE_CURVE('',#3547,#3237,#3548,.T.);
#2916=EDGE_CURVE('',#3538,#3547,#3549,.T.);
#2917=EDGE_CURVE('',#3543,#3547,#3550,.T.);
#2918=EDGE_CURVE('',#3551,#3232,#3552,.T.);
#2919=EDGE_CURVE('',#3400,#3551,#3553,.T.);
#2920=EDGE_CURVE('',#3223,#3551,#3554,.T.);
#2921=EDGE_CURVE('',#3555,#3556,#3557,.T.);
#2922=EDGE_CURVE('',#3556,#3555,#3558,.T.);
#2923=EDGE_CURVE('',#3210,#3559,#3560,.T.);
#2924=EDGE_CURVE('',#3559,#3219,#3561,.T.);
#2925=EDGE_CURVE('',#3562,#3563,#3564,.T.);
#2926=EDGE_CURVE('',#3563,#3562,#3565,.T.);
#2927=EDGE_CURVE('',#3197,#3566,#3567,.T.);
#2928=EDGE_CURVE('',#3566,#3206,#3568,.T.);
#2929=EDGE_CURVE('',#3569,#3570,#3571,.T.);
#2930=EDGE_CURVE('',#3570,#3569,#3572,.T.);
#2931=EDGE_CURVE('',#3573,#3185,#3574,.T.);
#2932=EDGE_CURVE('',#3192,#3573,#3575,.T.);
#2933=EDGE_CURVE('',#3576,#3577,#3578,.T.);
#2934=EDGE_CURVE('',#3577,#3576,#3579,.T.);
#2935=EDGE_CURVE('',#3403,#3559,#3580,.T.);
#2936=EDGE_CURVE('',#3406,#3566,#3581,.T.);
#2937=EDGE_CURVE('',#3409,#3573,#3582,.T.);
#2938=EDGE_CURVE('',#3562,#3583,#3584,.T.);
#2939=EDGE_CURVE('',#3585,#3583,#3586,.T.);
#2940=EDGE_CURVE('',#3563,#3585,#3587,.T.);
#2941=EDGE_CURVE('',#3583,#3585,#3588,.T.);
#2942=EDGE_CURVE('',#3589,#3590,#3591,.T.);
#2943=EDGE_CURVE('',#3590,#3589,#3592,.T.);
#2944=EDGE_CURVE('',#3593,#3594,#3595,.T.);
#2945=EDGE_CURVE('',#3594,#3593,#3596,.T.);
#2946=EDGE_CURVE('',#3597,#3598,#3599,.T.);
#2947=EDGE_CURVE('',#3598,#3597,#3600,.T.);
#2948=EDGE_CURVE('',#3601,#3602,#3603,.T.);
#2949=EDGE_CURVE('',#3602,#3601,#3604,.T.);
#2950=EDGE_CURVE('',#3605,#3606,#3607,.T.);
#2951=EDGE_CURVE('',#3606,#3605,#3608,.T.);
#2952=EDGE_CURVE('',#3609,#3610,#3611,.T.);
#2953=EDGE_CURVE('',#3610,#3609,#3612,.T.);
#2954=EDGE_CURVE('',#3613,#3614,#3615,.T.);
#2955=EDGE_CURVE('',#3614,#3613,#3616,.T.);
#2956=EDGE_CURVE('',#3555,#3593,#3617,.T.);
#2957=EDGE_CURVE('',#3556,#3594,#3618,.T.);
#2958=EDGE_CURVE('',#3569,#3601,#3619,.T.);
#2959=EDGE_CURVE('',#3570,#3602,#3620,.T.);
#2960=EDGE_CURVE('',#3576,#3609,#3621,.T.);
#2961=EDGE_CURVE('',#3577,#3610,#3622,.T.);
#2962=EDGE_CURVE('',#3589,#3623,#3624,.T.);
#2963=EDGE_CURVE('',#3625,#3623,#3626,.T.);
#2964=EDGE_CURVE('',#3590,#3625,#3627,.T.);
#2965=EDGE_CURVE('',#3623,#3625,#3628,.T.);
#2966=EDGE_CURVE('',#3629,#3630,#3631,.T.);
#2967=EDGE_CURVE('',#3630,#3629,#3632,.T.);
#2968=EDGE_CURVE('',#3633,#3634,#3635,.T.);
#2969=EDGE_CURVE('',#3634,#3633,#3636,.T.);
#2970=EDGE_CURVE('',#3637,#3638,#3639,.T.);
#2971=EDGE_CURVE('',#3638,#3637,#3640,.T.);
#2972=EDGE_CURVE('',#3597,#3629,#3641,.T.);
#2973=EDGE_CURVE('',#3598,#3630,#3642,.T.);
#2974=EDGE_CURVE('',#3605,#3633,#3643,.T.);
#2975=EDGE_CURVE('',#3606,#3634,#3644,.T.);
#2976=EDGE_CURVE('',#3613,#3637,#3645,.T.);
#2977=EDGE_CURVE('',#3614,#3638,#3646,.T.);
#2978=EDGE_CURVE('',#3341,#3308,#3647,.T.);
#2979=EDGE_CURVE('',#3648,#3649,#3650,.T.);
#2980=EDGE_CURVE('',#3648,#3649,#3651,.T.);
#2981=EDGE_CURVE('',#3649,#3652,#3653,.T.);
#2982=EDGE_CURVE('',#3654,#3652,#3655,.T.);
#2983=EDGE_CURVE('',#3648,#3654,#3656,.T.);
#2984=EDGE_CURVE('',#3654,#3652,#3657,.T.);
#2985=EDGE_CURVE('',#3658,#3659,#3660,.T.);
#2986=EDGE_CURVE('',#3658,#3659,#3661,.T.);
#2987=EDGE_CURVE('',#3659,#3662,#3663,.T.);
#2988=EDGE_CURVE('',#3664,#3662,#3665,.T.);
#2989=EDGE_CURVE('',#3658,#3664,#3666,.T.);
#2990=EDGE_CURVE('',#3664,#3662,#3667,.T.);
#2991=EDGE_CURVE('',#3668,#3669,#3670,.T.);
#2992=EDGE_CURVE('',#3671,#3668,#3672,.T.);
#2993=EDGE_CURVE('',#3673,#3671,#3674,.T.);
#2994=EDGE_CURVE('',#3675,#3673,#3676,.T.);
#2995=EDGE_CURVE('',#3677,#3675,#3678,.T.);
#2996=EDGE_CURVE('',#3679,#3677,#3680,.T.);
#2997=EDGE_CURVE('',#3681,#3679,#3682,.T.);
#2998=EDGE_CURVE('',#3683,#3681,#3684,.T.);
#2999=EDGE_CURVE('',#3685,#3683,#3686,.T.);
#3000=EDGE_CURVE('',#3687,#3685,#3688,.T.);
#3001=EDGE_CURVE('',#3689,#3687,#3690,.T.);
#3002=EDGE_CURVE('',#3669,#3689,#3691,.T.);
#3003=EDGE_CURVE('',#3689,#3692,#3693,.T.);
#3004=EDGE_CURVE('',#3694,#3692,#3695,.T.);
#3005=EDGE_CURVE('',#3669,#3694,#3696,.T.);
#3006=EDGE_CURVE('',#3697,#3694,#3698,.T.);
#3007=EDGE_CURVE('',#3668,#3697,#3699,.T.);
#3008=EDGE_CURVE('',#3700,#3697,#3701,.T.);
#3009=EDGE_CURVE('',#3671,#3700,#3702,.T.);
#3010=EDGE_CURVE('',#3703,#3700,#3704,.T.);
#3011=EDGE_CURVE('',#3673,#3703,#3705,.T.);
#3012=EDGE_CURVE('',#3706,#3703,#3707,.T.);
#3013=EDGE_CURVE('',#3675,#3706,#3708,.T.);
#3014=EDGE_CURVE('',#3709,#3706,#3710,.T.);
#3015=EDGE_CURVE('',#3677,#3709,#3711,.T.);
#3016=EDGE_CURVE('',#3712,#3709,#3713,.T.);
#3017=EDGE_CURVE('',#3679,#3712,#3714,.T.);
#3018=EDGE_CURVE('',#3715,#3712,#3716,.T.);
#3019=EDGE_CURVE('',#3681,#3715,#3717,.T.);
#3020=EDGE_CURVE('',#3718,#3715,#3719,.T.);
#3021=EDGE_CURVE('',#3683,#3718,#3720,.T.);
#3022=EDGE_CURVE('',#3721,#3718,#3722,.T.);
#3023=EDGE_CURVE('',#3685,#3721,#3723,.T.);
#3024=EDGE_CURVE('',#3724,#3721,#3725,.T.);
#3025=EDGE_CURVE('',#3687,#3724,#3726,.T.);
#3026=EDGE_CURVE('',#3692,#3724,#3727,.T.);
#3027=EDGE_CURVE('',#3728,#3729,#3730,.T.);
#3028=EDGE_CURVE('',#3728,#3729,#3731,.T.);
#3029=EDGE_CURVE('',#3729,#3732,#3733,.T.);
#3030=EDGE_CURVE('',#3734,#3732,#3735,.T.);
#3031=EDGE_CURVE('',#3728,#3734,#3736,.T.);
#3032=EDGE_CURVE('',#3734,#3732,#3737,.T.);
#3033=EDGE_CURVE('',#3738,#3739,#3740,.T.);
#3034=EDGE_CURVE('',#3738,#3739,#3741,.T.);
#3035=EDGE_CURVE('',#3739,#3742,#3743,.T.);
#3036=EDGE_CURVE('',#3744,#3742,#3745,.T.);
#3037=EDGE_CURVE('',#3738,#3744,#3746,.T.);
#3038=EDGE_CURVE('',#3744,#3742,#3747,.T.);
#3039=EDGE_CURVE('',#3748,#3749,#3750,.T.);
#3040=EDGE_CURVE('',#3751,#3748,#3752,.T.);
#3041=EDGE_CURVE('',#3753,#3751,#3754,.T.);
#3042=EDGE_CURVE('',#3755,#3753,#3756,.T.);
#3043=EDGE_CURVE('',#3757,#3755,#3758,.T.);
#3044=EDGE_CURVE('',#3759,#3757,#3760,.T.);
#3045=EDGE_CURVE('',#3761,#3759,#3762,.T.);
#3046=EDGE_CURVE('',#3763,#3761,#3764,.T.);
#3047=EDGE_CURVE('',#3765,#3763,#3766,.T.);
#3048=EDGE_CURVE('',#3767,#3765,#3768,.T.);
#3049=EDGE_CURVE('',#3769,#3767,#3770,.T.);
#3050=EDGE_CURVE('',#3749,#3769,#3771,.T.);
#3051=EDGE_CURVE('',#3769,#3772,#3773,.T.);
#3052=EDGE_CURVE('',#3774,#3772,#3775,.T.);
#3053=EDGE_CURVE('',#3749,#3774,#3776,.T.);
#3054=EDGE_CURVE('',#3777,#3774,#3778,.T.);
#3055=EDGE_CURVE('',#3748,#3777,#3779,.T.);
#3056=EDGE_CURVE('',#3780,#3777,#3781,.T.);
#3057=EDGE_CURVE('',#3751,#3780,#3782,.T.);
#3058=EDGE_CURVE('',#3783,#3780,#3784,.T.);
#3059=EDGE_CURVE('',#3753,#3783,#3785,.T.);
#3060=EDGE_CURVE('',#3786,#3783,#3787,.T.);
#3061=EDGE_CURVE('',#3755,#3786,#3788,.T.);
#3062=EDGE_CURVE('',#3789,#3786,#3790,.T.);
#3063=EDGE_CURVE('',#3757,#3789,#3791,.T.);
#3064=EDGE_CURVE('',#3792,#3789,#3793,.T.);
#3065=EDGE_CURVE('',#3759,#3792,#3794,.T.);
#3066=EDGE_CURVE('',#3795,#3792,#3796,.T.);
#3067=EDGE_CURVE('',#3761,#3795,#3797,.T.);
#3068=EDGE_CURVE('',#3798,#3795,#3799,.T.);
#3069=EDGE_CURVE('',#3763,#3798,#3800,.T.);
#3070=EDGE_CURVE('',#3801,#3798,#3802,.T.);
#3071=EDGE_CURVE('',#3765,#3801,#3803,.T.);
#3072=EDGE_CURVE('',#3804,#3801,#3805,.T.);
#3073=EDGE_CURVE('',#3767,#3804,#3806,.T.);
#3074=EDGE_CURVE('',#3772,#3804,#3807,.T.);
#3075=EDGE_CURVE('',#3808,#3809,#3810,.T.);
#3076=EDGE_CURVE('',#3808,#3809,#3811,.T.);
#3077=EDGE_CURVE('',#3809,#3812,#3813,.T.);
#3078=EDGE_CURVE('',#3814,#3812,#3815,.T.);
#3079=EDGE_CURVE('',#3808,#3814,#3816,.T.);
#3080=EDGE_CURVE('',#3814,#3812,#3817,.T.);
#3081=EDGE_CURVE('',#3818,#3819,#3820,.T.);
#3082=EDGE_CURVE('',#3818,#3819,#3821,.T.);
#3083=EDGE_CURVE('',#3819,#3822,#3823,.T.);
#3084=EDGE_CURVE('',#3824,#3822,#3825,.T.);
#3085=EDGE_CURVE('',#3818,#3824,#3826,.T.);
#3086=EDGE_CURVE('',#3824,#3822,#3827,.T.);
#3087=EDGE_CURVE('',#3828,#3829,#3830,.T.);
#3088=EDGE_CURVE('',#3831,#3828,#3832,.T.);
#3089=EDGE_CURVE('',#3833,#3831,#3834,.T.);
#3090=EDGE_CURVE('',#3835,#3833,#3836,.T.);
#3091=EDGE_CURVE('',#3837,#3835,#3838,.T.);
#3092=EDGE_CURVE('',#3839,#3837,#3840,.T.);
#3093=EDGE_CURVE('',#3841,#3839,#3842,.T.);
#3094=EDGE_CURVE('',#3843,#3841,#3844,.T.);
#3095=EDGE_CURVE('',#3845,#3843,#3846,.T.);
#3096=EDGE_CURVE('',#3847,#3845,#3848,.T.);
#3097=EDGE_CURVE('',#3849,#3847,#3850,.T.);
#3098=EDGE_CURVE('',#3829,#3849,#3851,.T.);
#3099=EDGE_CURVE('',#3849,#3852,#3853,.T.);
#3100=EDGE_CURVE('',#3854,#3852,#3855,.T.);
#3101=EDGE_CURVE('',#3829,#3854,#3856,.T.);
#3102=EDGE_CURVE('',#3857,#3854,#3858,.T.);
#3103=EDGE_CURVE('',#3828,#3857,#3859,.T.);
#3104=EDGE_CURVE('',#3860,#3857,#3861,.T.);
#3105=EDGE_CURVE('',#3831,#3860,#3862,.T.);
#3106=EDGE_CURVE('',#3863,#3860,#3864,.T.);
#3107=EDGE_CURVE('',#3833,#3863,#3865,.T.);
#3108=EDGE_CURVE('',#3866,#3863,#3867,.T.);
#3109=EDGE_CURVE('',#3835,#3866,#3868,.T.);
#3110=EDGE_CURVE('',#3869,#3866,#3870,.T.);
#3111=EDGE_CURVE('',#3837,#3869,#3871,.T.);
#3112=EDGE_CURVE('',#3872,#3869,#3873,.T.);
#3113=EDGE_CURVE('',#3839,#3872,#3874,.T.);
#3114=EDGE_CURVE('',#3875,#3872,#3876,.T.);
#3115=EDGE_CURVE('',#3841,#3875,#3877,.T.);
#3116=EDGE_CURVE('',#3878,#3875,#3879,.T.);
#3117=EDGE_CURVE('',#3843,#3878,#3880,.T.);
#3118=EDGE_CURVE('',#3881,#3878,#3882,.T.);
#3119=EDGE_CURVE('',#3845,#3881,#3883,.T.);
#3120=EDGE_CURVE('',#3884,#3881,#3885,.T.);
#3121=EDGE_CURVE('',#3847,#3884,#3886,.T.);
#3122=EDGE_CURVE('',#3852,#3884,#3887,.T.);
#3123=EDGE_CURVE('',#3888,#3889,#3890,.T.);
#3124=EDGE_CURVE('',#3888,#3889,#3891,.T.);
#3125=EDGE_CURVE('',#3889,#3892,#3893,.T.);
#3126=EDGE_CURVE('',#3894,#3892,#3895,.T.);
#3127=EDGE_CURVE('',#3888,#3894,#3896,.T.);
#3128=EDGE_CURVE('',#3894,#3892,#3897,.T.);
#3129=EDGE_CURVE('',#3898,#3899,#3900,.T.);
#3130=EDGE_CURVE('',#3898,#3899,#3901,.T.);
#3131=EDGE_CURVE('',#3899,#3902,#3903,.T.);
#3132=EDGE_CURVE('',#3904,#3902,#3905,.T.);
#3133=EDGE_CURVE('',#3898,#3904,#3906,.T.);
#3134=EDGE_CURVE('',#3904,#3902,#3907,.T.);
#3135=EDGE_CURVE('',#3908,#3909,#3910,.T.);
#3136=EDGE_CURVE('',#3911,#3908,#3912,.T.);
#3137=EDGE_CURVE('',#3913,#3911,#3914,.T.);
#3138=EDGE_CURVE('',#3915,#3913,#3916,.T.);
#3139=EDGE_CURVE('',#3917,#3915,#3918,.T.);
#3140=EDGE_CURVE('',#3919,#3917,#3920,.T.);
#3141=EDGE_CURVE('',#3921,#3919,#3922,.T.);
#3142=EDGE_CURVE('',#3923,#3921,#3924,.T.);
#3143=EDGE_CURVE('',#3925,#3923,#3926,.T.);
#3144=EDGE_CURVE('',#3927,#3925,#3928,.T.);
#3145=EDGE_CURVE('',#3929,#3927,#3930,.T.);
#3146=EDGE_CURVE('',#3909,#3929,#3931,.T.);
#3147=EDGE_CURVE('',#3929,#3932,#3933,.T.);
#3148=EDGE_CURVE('',#3934,#3932,#3935,.T.);
#3149=EDGE_CURVE('',#3909,#3934,#3936,.T.);
#3150=EDGE_CURVE('',#3937,#3934,#3938,.T.);
#3151=EDGE_CURVE('',#3908,#3937,#3939,.T.);
#3152=EDGE_CURVE('',#3940,#3937,#3941,.T.);
#3153=EDGE_CURVE('',#3911,#3940,#3942,.T.);
#3154=EDGE_CURVE('',#3943,#3940,#3944,.T.);
#3155=EDGE_CURVE('',#3913,#3943,#3945,.T.);
#3156=EDGE_CURVE('',#3946,#3943,#3947,.T.);
#3157=EDGE_CURVE('',#3915,#3946,#3948,.T.);
#3158=EDGE_CURVE('',#3949,#3946,#3950,.T.);
#3159=EDGE_CURVE('',#3917,#3949,#3951,.T.);
#3160=EDGE_CURVE('',#3952,#3949,#3953,.T.);
#3161=EDGE_CURVE('',#3919,#3952,#3954,.T.);
#3162=EDGE_CURVE('',#3955,#3952,#3956,.T.);
#3163=EDGE_CURVE('',#3921,#3955,#3957,.T.);
#3164=EDGE_CURVE('',#3958,#3955,#3959,.T.);
#3165=EDGE_CURVE('',#3923,#3958,#3960,.T.);
#3166=EDGE_CURVE('',#3961,#3958,#3962,.T.);
#3167=EDGE_CURVE('',#3925,#3961,#3963,.T.);
#3168=EDGE_CURVE('',#3964,#3961,#3965,.T.);
#3169=EDGE_CURVE('',#3927,#3964,#3966,.T.);
#3170=EDGE_CURVE('',#3932,#3964,#3967,.T.);
#3171=VERTEX_POINT('',#3968);
#3172=VERTEX_POINT('',#3969);
#3173=LINE('',#3970,#3971);
#3174=VERTEX_POINT('',#3972);
#3175=CIRCLE('',#3973,2.4384);
#3176=VERTEX_POINT('',#3974);
#3177=LINE('',#3975,#3976);
#3178=CIRCLE('',#3977,2.4384);
#3179=VERTEX_POINT('',#3978);
#3180=VERTEX_POINT('',#3979);
#3181=LINE('',#3980,#3981);
#3182=CIRCLE('',#3982,2.4384);
#3183=CIRCLE('',#3983,2.4384);
#3184=VERTEX_POINT('',#3984);
#3185=VERTEX_POINT('',#3985);
#3186=LINE('',#3986,#3987);
#3187=VERTEX_POINT('',#3988);
#3188=CIRCLE('',#3989,3.838973944908);
#3189=VERTEX_POINT('',#3990);
#3190=LINE('',#3991,#3992);
#3191=CIRCLE('',#3993,3.838973944908);
#3192=VERTEX_POINT('',#3994);
#3193=VERTEX_POINT('',#3995);
#3194=LINE('',#3996,#3997);
#3195=CIRCLE('',#3998,3.838973944908);
#3196=CIRCLE('',#3999,3.838973944908);
#3197=VERTEX_POINT('',#4000);
#3198=VERTEX_POINT('',#4001);
#3199=LINE('',#4002,#4003);
#3200=VERTEX_POINT('',#4004);
#3201=CIRCLE('',#4005,3.838973944908);
#3202=VERTEX_POINT('',#4006);
#3203=LINE('',#4007,#4008);
#3204=CIRCLE('',#4009,3.838973944908);
#3205=VERTEX_POINT('',#4010);
#3206=VERTEX_POINT('',#4011);
#3207=LINE('',#4012,#4013);
#3208=CIRCLE('',#4014,3.838973944908);
#3209=CIRCLE('',#4015,3.838973944908);
#3210=VERTEX_POINT('',#4016);
#3211=VERTEX_POINT('',#4017);
#3212=LINE('',#4018,#4019);
#3213=VERTEX_POINT('',#4020);
#3214=CIRCLE('',#4021,3.838973944908);
#3215=VERTEX_POINT('',#4022);
#3216=LINE('',#4023,#4024);
#3217=CIRCLE('',#4025,3.838973944908);
#3218=VERTEX_POINT('',#4026);
#3219=VERTEX_POINT('',#4027);
#3220=LINE('',#4028,#4029);
#3221=CIRCLE('',#4030,3.838973944908);
#3222=CIRCLE('',#4031,3.838973944908);
#3223=VERTEX_POINT('',#4032);
#3224=VERTEX_POINT('',#4033);
#3225=LINE('',#4034,#4035);
#3226=VERTEX_POINT('',#4036);
#3227=CIRCLE('',#4037,3.838973944908);
#3228=VERTEX_POINT('',#4038);
#3229=LINE('',#4039,#4040);
#3230=CIRCLE('',#4041,3.838973944908);
#3231=VERTEX_POINT('',#4042);
#3232=VERTEX_POINT('',#4043);
#3233=LINE('',#4044,#4045);
#3234=CIRCLE('',#4046,3.838973944908);
#3235=CIRCLE('',#4047,3.838973944908);
#3236=VERTEX_POINT('',#4048);
#3237=VERTEX_POINT('',#4049);
#3238=LINE('',#4050,#4051);
#3239=VERTEX_POINT('',#4052);
#3240=CIRCLE('',#4053,0.889);
#3241=VERTEX_POINT('',#4054);
#3242=LINE('',#4055,#4056);
#3243=CIRCLE('',#4057,0.889);
#3244=VERTEX_POINT('',#4058);
#3245=VERTEX_POINT('',#4059);
#3246=LINE('',#4060,#4061);
#3247=VERTEX_POINT('',#4062);
#3248=CIRCLE('',#4063,0.889);
#3249=VERTEX_POINT('',#4064);
#3250=LINE('',#4065,#4066);
#3251=CIRCLE('',#4067,0.889);
#3252=VERTEX_POINT('',#4068);
#3253=VERTEX_POINT('',#4069);
#3254=LINE('',#4070,#4071);
#3255=VERTEX_POINT('',#4072);
#3256=CIRCLE('',#4073,2.1212861459);
#3257=VERTEX_POINT('',#4074);
#3258=LINE('',#4075,#4076);
#3259=CIRCLE('',#4077,2.1212861459);
#3260=VERTEX_POINT('',#4078);
#3261=VERTEX_POINT('',#4079);
#3262=LINE('',#4080,#4081);
#3263=VERTEX_POINT('',#4082);
#3264=CIRCLE('',#4083,2.121250231779);
#3265=VERTEX_POINT('',#4084);
#3266=LINE('',#4085,#4086);
#3267=CIRCLE('',#4087,2.121250231779);
#3268=VERTEX_POINT('',#4088);
#3269=VERTEX_POINT('',#4089);
#3270=LINE('',#4090,#4091);
#3271=VERTEX_POINT('',#4092);
#3272=CIRCLE('',#4093,4.571601835826);
#3273=VERTEX_POINT('',#4094);
#3274=LINE('',#4095,#4096);
#3275=CIRCLE('',#4097,4.571601835826);
#3276=VERTEX_POINT('',#4098);
#3277=VERTEX_POINT('',#4099);
#3278=LINE('',#4100,#4101);
#3279=VERTEX_POINT('',#4102);
#3280=CIRCLE('',#4103,6.570199485261);
#3281=VERTEX_POINT('',#4104);
#3282=LINE('',#4105,#4106);
#3283=CIRCLE('',#4107,6.570199485261);
#3284=VERTEX_POINT('',#4108);
#3285=VERTEX_POINT('',#4109);
#3286=LINE('',#4110,#4111);
#3287=VERTEX_POINT('',#4112);
#3288=CIRCLE('',#4113,6.570199485261);
#3289=VERTEX_POINT('',#4114);
#3290=LINE('',#4115,#4116);
#3291=CIRCLE('',#4117,6.570199485261);
#3292=VERTEX_POINT('',#4118);
#3293=VERTEX_POINT('',#4119);
#3294=LINE('',#4120,#4121);
#3295=VERTEX_POINT('',#4122);
#3296=LINE('',#4123,#4124);
#3297=VERTEX_POINT('',#4125);
#3298=LINE('',#4126,#4127);
#3299=VERTEX_POINT('',#4128);
#3300=LINE('',#4129,#4130);
#3301=VERTEX_POINT('',#4131);
#3302=LINE('',#4132,#4133);
#3303=VERTEX_POINT('',#4134);
#3304=CIRCLE('',#4135,2.4384);
#3305=VERTEX_POINT('',#4136);
#3306=LINE('',#4137,#4138);
#3307=LINE('',#4139,#4140);
#3308=VERTEX_POINT('',#4141);
#3309=CIRCLE('',#4142,2.4384);
#3310=CIRCLE('',#4143,2.4384);
#3311=VERTEX_POINT('',#4144);
#3312=VERTEX_POINT('',#4145);
#3313=LINE('',#4146,#4147);
#3314=VERTEX_POINT('',#4148);
#3315=LINE('',#4149,#4150);
#3316=VERTEX_POINT('',#4151);
#3317=LINE('',#4152,#4153);
#3318=LINE('',#4154,#4155);
#3319=VERTEX_POINT('',#4156);
#3320=LINE('',#4157,#4158);
#3321=LINE('',#4159,#4160);
#3322=VERTEX_POINT('',#4161);
#3323=LINE('',#4162,#4163);
#3324=VERTEX_POINT('',#4164);
#3325=CIRCLE('',#4165,2.4384);
#3326=VERTEX_POINT('',#4166);
#3327=LINE('',#4167,#4168);
#3328=VERTEX_POINT('',#4169);
#3329=LINE('',#4170,#4171);
#3330=VERTEX_POINT('',#4172);
#3331=LINE('',#4173,#4174);
#3332=CIRCLE('',#4175,6.570199485261);
#3333=LINE('',#4176,#4177);
#3334=VERTEX_POINT('',#4178);
#3335=LINE('',#4179,#4180);
#3336=VERTEX_POINT('',#4181);
#3337=CIRCLE('',#4182,6.570199485261);
#3338=VERTEX_POINT('',#4183);
#3339=LINE('',#4184,#4185);
#3340=LINE('',#4186,#4187);
#3341=VERTEX_POINT('',#4188);
#3342=CIRCLE('',#4189,2.4384);
#3343=CIRCLE('',#4190,2.4384);
#3344=VERTEX_POINT('',#4191);
#3345=VERTEX_POINT('',#4192);
#3346=LINE('',#4193,#4194);
#3347=LINE('',#4195,#4196);
#3348=LINE('',#4197,#4198);
#3349=VERTEX_POINT('',#4199);
#3350=CIRCLE('',#4200,6.570199485261);
#3351=VERTEX_POINT('',#4201);
#3352=LINE('',#4202,#4203);
#3353=VERTEX_POINT('',#4204);
#3354=LINE('',#4205,#4206);
#3355=VERTEX_POINT('',#4207);
#3356=B_SPLINE_CURVE_WITH_KNOTS('',3,(#4208,#4209,#4210,#4211,#4212,#4213),.UNSPECIFIED.,.F.,.F.,(4,1,1,4),(0.0,0.3336831367729,0.6662797498864,1.0),.UNSPECIFIED.);
#3357=VERTEX_POINT('',#4214);
#3358=B_SPLINE_CURVE_WITH_KNOTS('',3,(#4215,#4216,#4217,#4218,#4219,#4220),.UNSPECIFIED.,.F.,.F.,(4,1,1,4),(0.0,0.3337202505294,0.6663168636441,1.0),.UNSPECIFIED.);
#3359=VERTEX_POINT('',#4221);
#3360=LINE('',#4222,#4223);
#3361=VERTEX_POINT('',#4224);
#3362=B_SPLINE_CURVE_WITH_KNOTS('',3,(#4225,#4226,#4227,#4228,#4229,#4230),.UNSPECIFIED.,.F.,.F.,(4,1,1,4),(0.0,0.3336831367727,0.666279749886,1.0),.UNSPECIFIED.);
#3363=VERTEX_POINT('',#4231);
#3364=B_SPLINE_CURVE_WITH_KNOTS('',3,(#4232,#4233,#4234,#4235,#4236),.UNSPECIFIED.,.F.,.F.,(4,1,4),(0.0,0.4999841884894,1.0),.UNSPECIFIED.);
#3365=VERTEX_POINT('',#4237);
#3366=LINE('',#4238,#4239);
#3367=VERTEX_POINT('',#4240);
#3368=LINE('',#4241,#4242);
#3369=CIRCLE('',#4243,6.570199485261);
#3370=VERTEX_POINT('',#4244);
#3371=LINE('',#4245,#4246);
#3372=VERTEX_POINT('',#4247);
#3373=LINE('',#4248,#4249);
#3374=VERTEX_POINT('',#4250);
#3375=B_SPLINE_CURVE_WITH_KNOTS('',3,(#4251,#4252,#4253,#4254,#4255,#4256),.UNSPECIFIED.,.F.,.F.,(4,1,1,4),(0.0,0.333683136773,0.6662797498866,1.0),.UNSPECIFIED.);
#3376=VERTEX_POINT('',#4257);
#3377=B_SPLINE_CURVE_WITH_KNOTS('',3,(#4258,#4259,#4260,#4261,#4262),.UNSPECIFIED.,.F.,.F.,(4,1,4),(0.0,0.4999841884895,1.0),.UNSPECIFIED.);
#3378=VERTEX_POINT('',#4263);
#3379=LINE('',#4264,#4265);
#3380=VERTEX_POINT('',#4266);
#3381=B_SPLINE_CURVE_WITH_KNOTS('',3,(#4267,#4268,#4269,#4270,#4271),.UNSPECIFIED.,.F.,.F.,(4,1,4),(0.0,0.5000158115173,1.0),.UNSPECIFIED.);
#3382=VERTEX_POINT('',#4272);
#3383=B_SPLINE_CURVE_WITH_KNOTS('',3,(#4273,#4274,#4275,#4276,#4277,#4278),.UNSPECIFIED.,.F.,.F.,(4,1,1,4),(0.0,0.3369463000302,0.6728069361592,1.0),.UNSPECIFIED.);
#3384=LINE('',#4279,#4280);
#3385=VERTEX_POINT('',#4281);
#3386=VERTEX_POINT('',#4282);
#3387=LINE('',#4283,#4284);
#3388=VERTEX_POINT('',#4285);
#3389=CIRCLE('',#4286,4.571601835826);
#3390=VERTEX_POINT('',#4287);
#3391=LINE('',#4288,#4289);
#3392=VERTEX_POINT('',#4290);
#3393=CIRCLE('',#4291,4.571601835823);
#3394=LINE('',#4292,#4293);
#3395=VERTEX_POINT('',#4294);
#3396=CIRCLE('',#4295,4.571601835826);
#3397=VERTEX_POINT('',#4296);
#3398=LINE('',#4297,#4298);
#3399=CIRCLE('',#4299,4.571601835822);
#3400=VERTEX_POINT('',#4300);
#3401=CIRCLE('',#4301,3.838973944908);
#3402=CIRCLE('',#4302,3.838973944908);
#3403=VERTEX_POINT('',#4303);
#3404=CIRCLE('',#4304,3.838973944908);
#3405=CIRCLE('',#4305,3.838973944908);
#3406=VERTEX_POINT('',#4306);
#3407=CIRCLE('',#4307,3.838973944908);
#3408=CIRCLE('',#4308,3.838973944908);
#3409=VERTEX_POINT('',#4309);
#3410=CIRCLE('',#4310,3.838973944908);
#3411=CIRCLE('',#4311,3.838973944908);
#3412=VERTEX_POINT('',#4312);
#3413=LINE('',#4313,#4314);
#3414=LINE('',#4315,#4316);
#3415=VERTEX_POINT('',#4317);
#3416=VERTEX_POINT('',#4318);
#3417=LINE('',#4319,#4320);
#3418=VERTEX_POINT('',#4321);
#3419=LINE('',#4322,#4323);
#3420=VERTEX_POINT('',#4324);
#3421=B_SPLINE_CURVE_WITH_KNOTS('',3,(#4325,#4326,#4327,#4328,#4329),.UNSPECIFIED.,.F.,.F.,(4,1,4),(0.0,0.4999841884894,1.0),.UNSPECIFIED.);
#3422=VERTEX_POINT('',#4330);
#3423=B_SPLINE_CURVE_WITH_KNOTS('',3,(#4331,#4332,#4333,#4334,#4335,#4336),.UNSPECIFIED.,.F.,.F.,(4,1,1,4),(0.0,0.3336831367727,0.666279749886,1.0),.UNSPECIFIED.);
#3424=VERTEX_POINT('',#4337);
#3425=LINE('',#4338,#4339);
#3426=LINE('',#4340,#4341);
#3427=VERTEX_POINT('',#4342);
#3428=VERTEX_POINT('',#4343);
#3429=LINE('',#4344,#4345);
#3430=VERTEX_POINT('',#4346);
#3431=B_SPLINE_CURVE_WITH_KNOTS('',3,(#4347,#4348,#4349,#4350,#4351,#4352),.UNSPECIFIED.,.F.,.F.,(4,1,1,4),(0.0,0.3337202505294,0.6663168636441,1.0),.UNSPECIFIED.);
#3432=VERTEX_POINT('',#4353);
#3433=B_SPLINE_CURVE_WITH_KNOTS('',3,(#4354,#4355,#4356,#4357,#4358,#4359),.UNSPECIFIED.,.F.,.F.,(4,1,1,4),(0.0,0.3336831367729,0.6662797498864,1.0),.UNSPECIFIED.);
#3434=VERTEX_POINT('',#4360);
#3435=LINE('',#4361,#4362);
#3436=VERTEX_POINT('',#4363);
#3437=LINE('',#4364,#4365);
#3438=LINE('',#4366,#4367);
#3439=VERTEX_POINT('',#4368);
#3440=B_SPLINE_CURVE_WITH_KNOTS('',3,(#4369,#4370,#4371,#4372,#4373,#4374),.UNSPECIFIED.,.F.,.F.,(4,1,1,4),(0.0,0.3369463000302,0.6728069361592,1.0),.UNSPECIFIED.);
#3441=VERTEX_POINT('',#4375);
#3442=B_SPLINE_CURVE_WITH_KNOTS('',3,(#4376,#4377,#4378,#4379,#4380),.UNSPECIFIED.,.F.,.F.,(4,1,4),(0.0,0.5000158115173,1.0),.UNSPECIFIED.);
#3443=LINE('',#4381,#4382);
#3444=VERTEX_POINT('',#4383);
#3445=VERTEX_POINT('',#4384);
#3446=LINE('',#4385,#4386);
#3447=VERTEX_POINT('',#4387);
#3448=B_SPLINE_CURVE_WITH_KNOTS('',3,(#4388,#4389,#4390,#4391,#4392),.UNSPECIFIED.,.F.,.F.,(4,1,4),(0.0,0.4999841884895,1.0),.UNSPECIFIED.);
#3449=VERTEX_POINT('',#4393);
#3450=B_SPLINE_CURVE_WITH_KNOTS('',3,(#4394,#4395,#4396,#4397,#4398,#4399),.UNSPECIFIED.,.F.,.F.,(4,1,1,4),(0.0,0.333683136773,0.6662797498866,1.0),.UNSPECIFIED.);
#3451=VERTEX_POINT('',#4400);
#3452=LINE('',#4401,#4402);
#3453=VERTEX_POINT('',#4403);
#3454=LINE('',#4404,#4405);
#3455=LINE('',#4406,#4407);
#3456=LINE('',#4408,#4409);
#3457=VERTEX_POINT('',#4410);
#3458=LINE('',#4411,#4412);
#3459=LINE('',#4413,#4414);
#3460=VERTEX_POINT('',#4415);
#3461=LINE('',#4416,#4417);
#3462=LINE('',#4418,#4419);
#3463=LINE('',#4420,#4421);
#3464=LINE('',#4422,#4423);
#3465=LINE('',#4424,#4425);
#3466=LINE('',#4426,#4427);
#3467=LINE('',#4428,#4429);
#3468=LINE('',#4430,#4431);
#3469=LINE('',#4432,#4433);
#3470=LINE('',#4434,#4435);
#3471=LINE('',#4436,#4437);
#3472=VERTEX_POINT('',#4438);
#3473=LINE('',#4439,#4440);
#3474=LINE('',#4441,#4442);
#3475=LINE('',#4443,#4444);
#3476=LINE('',#4445,#4446);
#3477=LINE('',#4447,#4448);
#3478=LINE('',#4449,#4450);
#3479=LINE('',#4451,#4452);
#3480=LINE('',#4453,#4454);
#3481=LINE('',#4455,#4456);
#3482=LINE('',#4457,#4458);
#3483=LINE('',#4459,#4460);
#3484=LINE('',#4461,#4462);
#3485=LINE('',#4463,#4464);
#3486=LINE('',#4465,#4466);
#3487=LINE('',#4467,#4468);
#3488=LINE('',#4469,#4470);
#3489=LINE('',#4471,#4472);
#3490=LINE('',#4473,#4474);
#3491=VERTEX_POINT('',#4475);
#3492=LINE('',#4476,#4477);
#3493=VERTEX_POINT('',#4478);
#3494=CIRCLE('',#4479,4.571601835822);
#3495=LINE('',#4480,#4481);
#3496=VERTEX_POINT('',#4482);
#3497=LINE('',#4483,#4484);
#3498=LINE('',#4485,#4486);
#3499=VERTEX_POINT('',#4487);
#3500=LINE('',#4488,#4489);
#3501=CIRCLE('',#4490,4.571601835826);
#3502=VERTEX_POINT('',#4491);
#3503=LINE('',#4492,#4493);
#3504=CIRCLE('',#4494,4.571601835826);
#3505=VERTEX_POINT('',#4495);
#3506=LINE('',#4496,#4497);
#3507=VERTEX_POINT('',#4498);
#3508=CIRCLE('',#4499,4.571601835823);
#3509=LINE('',#4500,#4501);
#3510=LINE('',#4502,#4503);
#3511=VERTEX_POINT('',#4504);
#3512=LINE('',#4505,#4506);
#3513=VERTEX_POINT('',#4507);
#3514=CIRCLE('',#4508,2.121285860949);
#3515=VERTEX_POINT('',#4509);
#3516=LINE('',#4510,#4511);
#3517=VERTEX_POINT('',#4512);
#3518=CIRCLE('',#4513,2.121249940919);
#3519=LINE('',#4514,#4515);
#3520=LINE('',#4516,#4517);
#3521=LINE('',#4518,#4519);
#3522=LINE('',#4520,#4521);
#3523=LINE('',#4522,#4523);
#3524=VERTEX_POINT('',#4524);
#3525=LINE('',#4525,#4526);
#3526=LINE('',#4527,#4528);
#3527=VERTEX_POINT('',#4529);
#3528=CIRCLE('',#4530,2.121285860949);
#3529=LINE('',#4531,#4532);
#3530=VERTEX_POINT('',#4533);
#3531=LINE('',#4534,#4535);
#3532=LINE('',#4536,#4537);
#3533=VERTEX_POINT('',#4538);
#3534=LINE('',#4539,#4540);
#3535=CIRCLE('',#4541,2.121249940919);
#3536=LINE('',#4542,#4543);
#3537=LINE('',#4544,#4545);
#3538=VERTEX_POINT('',#4546);
#3539=CIRCLE('',#4547,0.889);
#3540=VERTEX_POINT('',#4548);
#3541=LINE('',#4549,#4550);
#3542=CIRCLE('',#4551,0.889);
#3543=VERTEX_POINT('',#4552);
#3544=LINE('',#4553,#4554);
#3545=CIRCLE('',#4555,0.889);
#3546=LINE('',#4556,#4557);
#3547=VERTEX_POINT('',#4558);
#3548=CIRCLE('',#4559,0.889);
#3549=LINE('',#4560,#4561);
#3550=LINE('',#4562,#4563);
#3551=VERTEX_POINT('',#4564);
#3552=CIRCLE('',#4565,3.838973944908);
#3553=LINE('',#4566,#4567);
#3554=CIRCLE('',#4568,3.838973944908);
#3555=VERTEX_POINT('',#4569);
#3556=VERTEX_POINT('',#4570);
#3557=CIRCLE('',#4571,2.75);
#3558=CIRCLE('',#4572,2.75);
#3559=VERTEX_POINT('',#4573);
#3560=CIRCLE('',#4574,3.838973944908);
#3561=CIRCLE('',#4575,3.838973944908);
#3562=VERTEX_POINT('',#4576);
#3563=VERTEX_POINT('',#4577);
#3564=CIRCLE('',#4578,2.75);
#3565=CIRCLE('',#4579,2.75);
#3566=VERTEX_POINT('',#4580);
#3567=CIRCLE('',#4581,3.838973944908);
#3568=CIRCLE('',#4582,3.838973944908);
#3569=VERTEX_POINT('',#4583);
#3570=VERTEX_POINT('',#4584);
#3571=CIRCLE('',#4585,2.75);
#3572=CIRCLE('',#4586,2.75);
#3573=VERTEX_POINT('',#4587);
#3574=CIRCLE('',#4588,3.838973944908);
#3575=CIRCLE('',#4589,3.838973944908);
#3576=VERTEX_POINT('',#4590);
#3577=VERTEX_POINT('',#4591);
#3578=CIRCLE('',#4592,2.75);
#3579=CIRCLE('',#4593,2.75);
#3580=LINE('',#4594,#4595);
#3581=LINE('',#4596,#4597);
#3582=LINE('',#4598,#4599);
#3583=VERTEX_POINT('',#4600);
#3584=LINE('',#4601,#4602);
#3585=VERTEX_POINT('',#4603);
#3586=CIRCLE('',#4604,2.75);
#3587=LINE('',#4605,#4606);
#3588=CIRCLE('',#4607,2.75);
#3589=VERTEX_POINT('',#4608);
#3590=VERTEX_POINT('',#4609);
#3591=CIRCLE('',#4610,1.675);
#3592=CIRCLE('',#4611,1.675);
#3593=VERTEX_POINT('',#4612);
#3594=VERTEX_POINT('',#4613);
#3595=CIRCLE('',#4614,2.75);
#3596=CIRCLE('',#4615,2.75);
#3597=VERTEX_POINT('',#4616);
#3598=VERTEX_POINT('',#4617);
#3599=CIRCLE('',#4618,1.675);
#3600=CIRCLE('',#4619,1.675);
#3601=VERTEX_POINT('',#4620);
#3602=VERTEX_POINT('',#4621);
#3603=CIRCLE('',#4622,2.75);
#3604=CIRCLE('',#4623,2.75);
#3605=VERTEX_POINT('',#4624);
#3606=VERTEX_POINT('',#4625);
#3607=CIRCLE('',#4626,1.675);
#3608=CIRCLE('',#4627,1.675);
#3609=VERTEX_POINT('',#4628);
#3610=VERTEX_POINT('',#4629);
#3611=CIRCLE('',#4630,2.75);
#3612=CIRCLE('',#4631,2.75);
#3613=VERTEX_POINT('',#4632);
#3614=VERTEX_POINT('',#4633);
#3615=CIRCLE('',#4634,1.675);
#3616=CIRCLE('',#4635,1.675);
#3617=LINE('',#4636,#4637);
#3618=LINE('',#4638,#4639);
#3619=LINE('',#4640,#4641);
#3620=LINE('',#4642,#4643);
#3621=LINE('',#4644,#4645);
#3622=LINE('',#4646,#4647);
#3623=VERTEX_POINT('',#4648);
#3624=LINE('',#4649,#4650);
#3625=VERTEX_POINT('',#4651);
#3626=CIRCLE('',#4652,1.675);
#3627=LINE('',#4653,#4654);
#3628=CIRCLE('',#4655,1.675);
#3629=VERTEX_POINT('',#4656);
#3630=VERTEX_POINT('',#4657);
#3631=CIRCLE('',#4658,1.675);
#3632=CIRCLE('',#4659,1.675);
#3633=VERTEX_POINT('',#4660);
#3634=VERTEX_POINT('',#4661);
#3635=CIRCLE('',#4662,1.675);
#3636=CIRCLE('',#4663,1.675);
#3637=VERTEX_POINT('',#4664);
#3638=VERTEX_POINT('',#4665);
#3639=CIRCLE('',#4666,1.675);
#3640=CIRCLE('',#4667,1.675);
#3641=LINE('',#4668,#4669);
#3642=LINE('',#4670,#4671);
#3643=LINE('',#4672,#4673);
#3644=LINE('',#4674,#4675);
#3645=LINE('',#4676,#4677);
#3646=LINE('',#4678,#4679);
#3647=LINE('',#4680,#4681);
#3648=VERTEX_POINT('',#4682);
#3649=VERTEX_POINT('',#4683);
#3650=CIRCLE('',#4684,1.75);
#3651=CIRCLE('',#4685,1.75);
#3652=VERTEX_POINT('',#4686);
#3653=LINE('',#4687,#4688);
#3654=VERTEX_POINT('',#4689);
#3655=CIRCLE('',#4690,1.75);
#3656=LINE('',#4691,#4692);
#3657=CIRCLE('',#4693,1.75);
#3658=VERTEX_POINT('',#4694);
#3659=VERTEX_POINT('',#4695);
#3660=CIRCLE('',#4696,2.78);
#3661=CIRCLE('',#4697,2.78);
#3662=VERTEX_POINT('',#4698);
#3663=LINE('',#4699,#4700);
#3664=VERTEX_POINT('',#4701);
#3665=CIRCLE('',#4702,2.78);
#3666=LINE('',#4703,#4704);
#3667=CIRCLE('',#4705,2.78);
#3668=VERTEX_POINT('',#4706);
#3669=VERTEX_POINT('',#4707);
#3670=LINE('',#4708,#4709);
#3671=VERTEX_POINT('',#4710);
#3672=LINE('',#4711,#4712);
#3673=VERTEX_POINT('',#4713);
#3674=LINE('',#4714,#4715);
#3675=VERTEX_POINT('',#4716);
#3676=LINE('',#4717,#4718);
#3677=VERTEX_POINT('',#4719);
#3678=LINE('',#4720,#4721);
#3679=VERTEX_POINT('',#4722);
#3680=LINE('',#4723,#4724);
#3681=VERTEX_POINT('',#4725);
#3682=LINE('',#4726,#4727);
#3683=VERTEX_POINT('',#4728);
#3684=LINE('',#4729,#4730);
#3685=VERTEX_POINT('',#4731);
#3686=LINE('',#4732,#4733);
#3687=VERTEX_POINT('',#4734);
#3688=LINE('',#4735,#4736);
#3689=VERTEX_POINT('',#4737);
#3690=LINE('',#4738,#4739);
#3691=LINE('',#4740,#4741);
#3692=VERTEX_POINT('',#4742);
#3693=LINE('',#4743,#4744);
#3694=VERTEX_POINT('',#4745);
#3695=LINE('',#4746,#4747);
#3696=LINE('',#4748,#4749);
#3697=VERTEX_POINT('',#4750);
#3698=LINE('',#4751,#4752);
#3699=LINE('',#4753,#4754);
#3700=VERTEX_POINT('',#4755);
#3701=LINE('',#4756,#4757);
#3702=LINE('',#4758,#4759);
#3703=VERTEX_POINT('',#4760);
#3704=LINE('',#4761,#4762);
#3705=LINE('',#4763,#4764);
#3706=VERTEX_POINT('',#4765);
#3707=LINE('',#4766,#4767);
#3708=LINE('',#4768,#4769);
#3709=VERTEX_POINT('',#4770);
#3710=LINE('',#4771,#4772);
#3711=LINE('',#4773,#4774);
#3712=VERTEX_POINT('',#4775);
#3713=LINE('',#4776,#4777);
#3714=LINE('',#4778,#4779);
#3715=VERTEX_POINT('',#4780);
#3716=LINE('',#4781,#4782);
#3717=LINE('',#4783,#4784);
#3718=VERTEX_POINT('',#4785);
#3719=LINE('',#4786,#4787);
#3720=LINE('',#4788,#4789);
#3721=VERTEX_POINT('',#4790);
#3722=LINE('',#4791,#4792);
#3723=LINE('',#4793,#4794);
#3724=VERTEX_POINT('',#4795);
#3725=LINE('',#4796,#4797);
#3726=LINE('',#4798,#4799);
#3727=LINE('',#4800,#4801);
#3728=VERTEX_POINT('',#4802);
#3729=VERTEX_POINT('',#4803);
#3730=CIRCLE('',#4804,1.75);
#3731=CIRCLE('',#4805,1.75);
#3732=VERTEX_POINT('',#4806);
#3733=LINE('',#4807,#4808);
#3734=VERTEX_POINT('',#4809);
#3735=CIRCLE('',#4810,1.75);
#3736=LINE('',#4811,#4812);
#3737=CIRCLE('',#4813,1.75);
#3738=VERTEX_POINT('',#4814);
#3739=VERTEX_POINT('',#4815);
#3740=CIRCLE('',#4816,2.78);
#3741=CIRCLE('',#4817,2.78);
#3742=VERTEX_POINT('',#4818);
#3743=LINE('',#4819,#4820);
#3744=VERTEX_POINT('',#4821);
#3745=CIRCLE('',#4822,2.78);
#3746=LINE('',#4823,#4824);
#3747=CIRCLE('',#4825,2.78);
#3748=VERTEX_POINT('',#4826);
#3749=VERTEX_POINT('',#4827);
#3750=LINE('',#4828,#4829);
#3751=VERTEX_POINT('',#4830);
#3752=LINE('',#4831,#4832);
#3753=VERTEX_POINT('',#4833);
#3754=LINE('',#4834,#4835);
#3755=VERTEX_POINT('',#4836);
#3756=LINE('',#4837,#4838);
#3757=VERTEX_POINT('',#4839);
#3758=LINE('',#4840,#4841);
#3759=VERTEX_POINT('',#4842);
#3760=LINE('',#4843,#4844);
#3761=VERTEX_POINT('',#4845);
#3762=LINE('',#4846,#4847);
#3763=VERTEX_POINT('',#4848);
#3764=LINE('',#4849,#4850);
#3765=VERTEX_POINT('',#4851);
#3766=LINE('',#4852,#4853);
#3767=VERTEX_POINT('',#4854);
#3768=LINE('',#4855,#4856);
#3769=VERTEX_POINT('',#4857);
#3770=LINE('',#4858,#4859);
#3771=LINE('',#4860,#4861);
#3772=VERTEX_POINT('',#4862);
#3773=LINE('',#4863,#4864);
#3774=VERTEX_POINT('',#4865);
#3775=LINE('',#4866,#4867);
#3776=LINE('',#4868,#4869);
#3777=VERTEX_POINT('',#4870);
#3778=LINE('',#4871,#4872);
#3779=LINE('',#4873,#4874);
#3780=VERTEX_POINT('',#4875);
#3781=LINE('',#4876,#4877);
#3782=LINE('',#4878,#4879);
#3783=VERTEX_POINT('',#4880);
#3784=LINE('',#4881,#4882);
#3785=LINE('',#4883,#4884);
#3786=VERTEX_POINT('',#4885);
#3787=LINE('',#4886,#4887);
#3788=LINE('',#4888,#4889);
#3789=VERTEX_POINT('',#4890);
#3790=LINE('',#4891,#4892);
#3791=LINE('',#4893,#4894);
#3792=VERTEX_POINT('',#4895);
#3793=LINE('',#4896,#4897);
#3794=LINE('',#4898,#4899);
#3795=VERTEX_POINT('',#4900);
#3796=LINE('',#4901,#4902);
#3797=LINE('',#4903,#4904);
#3798=VERTEX_POINT('',#4905);
#3799=LINE('',#4906,#4907);
#3800=LINE('',#4908,#4909);
#3801=VERTEX_POINT('',#4910);
#3802=LINE('',#4911,#4912);
#3803=LINE('',#4913,#4914);
#3804=VERTEX_POINT('',#4915);
#3805=LINE('',#4916,#4917);
#3806=LINE('',#4918,#4919);
#3807=LINE('',#4920,#4921);
#3808=VERTEX_POINT('',#4922);
#3809=VERTEX_POINT('',#4923);
#3810=CIRCLE('',#4924,1.75);
#3811=CIRCLE('',#4925,1.75);
#3812=VERTEX_POINT('',#4926);
#3813=LINE('',#4927,#4928);
#3814=VERTEX_POINT('',#4929);
#3815=CIRCLE('',#4930,1.75);
#3816=LINE('',#4931,#4932);
#3817=CIRCLE('',#4933,1.75);
#3818=VERTEX_POINT('',#4934);
#3819=VERTEX_POINT('',#4935);
#3820=CIRCLE('',#4936,2.78);
#3821=CIRCLE('',#4937,2.78);
#3822=VERTEX_POINT('',#4938);
#3823=LINE('',#4939,#4940);
#3824=VERTEX_POINT('',#4941);
#3825=CIRCLE('',#4942,2.78);
#3826=LINE('',#4943,#4944);
#3827=CIRCLE('',#4945,2.78);
#3828=VERTEX_POINT('',#4946);
#3829=VERTEX_POINT('',#4947);
#3830=LINE('',#4948,#4949);
#3831=VERTEX_POINT('',#4950);
#3832=LINE('',#4951,#4952);
#3833=VERTEX_POINT('',#4953);
#3834=LINE('',#4954,#4955);
#3835=VERTEX_POINT('',#4956);
#3836=LINE('',#4957,#4958);
#3837=VERTEX_POINT('',#4959);
#3838=LINE('',#4960,#4961);
#3839=VERTEX_POINT('',#4962);
#3840=LINE('',#4963,#4964);
#3841=VERTEX_POINT('',#4965);
#3842=LINE('',#4966,#4967);
#3843=VERTEX_POINT('',#4968);
#3844=LINE('',#4969,#4970);
#3845=VERTEX_POINT('',#4971);
#3846=LINE('',#4972,#4973);
#3847=VERTEX_POINT('',#4974);
#3848=LINE('',#4975,#4976);
#3849=VERTEX_POINT('',#4977);
#3850=LINE('',#4978,#4979);
#3851=LINE('',#4980,#4981);
#3852=VERTEX_POINT('',#4982);
#3853=LINE('',#4983,#4984);
#3854=VERTEX_POINT('',#4985);
#3855=LINE('',#4986,#4987);
#3856=LINE('',#4988,#4989);
#3857=VERTEX_POINT('',#4990);
#3858=LINE('',#4991,#4992);
#3859=LINE('',#4993,#4994);
#3860=VERTEX_POINT('',#4995);
#3861=LINE('',#4996,#4997);
#3862=LINE('',#4998,#4999);
#3863=VERTEX_POINT('',#5000);
#3864=LINE('',#5001,#5002);
#3865=LINE('',#5003,#5004);
#3866=VERTEX_POINT('',#5005);
#3867=LINE('',#5006,#5007);
#3868=LINE('',#5008,#5009);
#3869=VERTEX_POINT('',#5010);
#3870=LINE('',#5011,#5012);
#3871=LINE('',#5013,#5014);
#3872=VERTEX_POINT('',#5015);
#3873=LINE('',#5016,#5017);
#3874=LINE('',#5018,#5019);
#3875=VERTEX_POINT('',#5020);
#3876=LINE('',#5021,#5022);
#3877=LINE('',#5023,#5024);
#3878=VERTEX_POINT('',#5025);
#3879=LINE('',#5026,#5027);
#3880=LINE('',#5028,#5029);
#3881=VERTEX_POINT('',#5030);
#3882=LINE('',#5031,#5032);
#3883=LINE('',#5033,#5034);
#3884=VERTEX_POINT('',#5035);
#3885=LINE('',#5036,#5037);
#3886=LINE('',#5038,#5039);
#3887=LINE('',#5040,#5041);
#3888=VERTEX_POINT('',#5042);
#3889=VERTEX_POINT('',#5043);
#3890=CIRCLE('',#5044,1.75);
#3891=CIRCLE('',#5045,1.75);
#3892=VERTEX_POINT('',#5046);
#3893=LINE('',#5047,#5048);
#3894=VERTEX_POINT('',#5049);
#3895=CIRCLE('',#5050,1.75);
#3896=LINE('',#5051,#5052);
#3897=CIRCLE('',#5053,1.75);
#3898=VERTEX_POINT('',#5054);
#3899=VERTEX_POINT('',#5055);
#3900=CIRCLE('',#5056,2.78);
#3901=CIRCLE('',#5057,2.78);
#3902=VERTEX_POINT('',#5058);
#3903=LINE('',#5059,#5060);
#3904=VERTEX_POINT('',#5061);
#3905=CIRCLE('',#5062,2.78);
#3906=LINE('',#5063,#5064);
#3907=CIRCLE('',#5065,2.78);
#3908=VERTEX_POINT('',#5066);
#3909=VERTEX_POINT('',#5067);
#3910=LINE('',#5068,#5069);
#3911=VERTEX_POINT('',#5070);
#3912=LINE('',#5071,#5072);
#3913=VERTEX_POINT('',#5073);
#3914=LINE('',#5074,#5075);
#3915=VERTEX_POINT('',#5076);
#3916=LINE('',#5077,#5078);
#3917=VERTEX_POINT('',#5079);
#3918=LINE('',#5080,#5081);
#3919=VERTEX_POINT('',#5082);
#3920=LINE('',#5083,#5084);
#3921=VERTEX_POINT('',#5085);
#3922=LINE('',#5086,#5087);
#3923=VERTEX_POINT('',#5088);
#3924=LINE('',#5089,#5090);
#3925=VERTEX_POINT('',#5091);
#3926=LINE('',#5092,#5093);
#3927=VERTEX_POINT('',#5094);
#3928=LINE('',#5095,#5096);
#3929=VERTEX_POINT('',#5097);
#3930=LINE('',#5098,#5099);
#3931=LINE('',#5100,#5101);
#3932=VERTEX_POINT('',#5102);
#3933=LINE('',#5103,#5104);
#3934=VERTEX_POINT('',#5105);
#3935=LINE('',#5106,#5107);
#3936=LINE('',#5108,#5109);
#3937=VERTEX_POINT('',#5110);
#3938=LINE('',#5111,#5112);
#3939=LINE('',#5113,#5114);
#3940=VERTEX_POINT('',#5115);
#3941=LINE('',#5116,#5117);
#3942=LINE('',#5118,#5119);
#3943=VERTEX_POINT('',#5120);
#3944=LINE('',#5121,#5122);
#3945=LINE('',#5123,#5124);
#3946=VERTEX_POINT('',#5125);
#3947=LINE('',#5126,#5127);
#3948=LINE('',#5128,#5129);
#3949=VERTEX_POINT('',#5130);
#3950=LINE('',#5131,#5132);
#3951=LINE('',#5133,#5134);
#3952=VERTEX_POINT('',#5135);
#3953=LINE('',#5136,#5137);
#3954=LINE('',#5138,#5139);
#3955=VERTEX_POINT('',#5140);
#3956=LINE('',#5141,#5142);
#3957=LINE('',#5143,#5144);
#3958=VERTEX_POINT('',#5145);
#3959=LINE('',#5146,#5147);
#3960=LINE('',#5148,#5149);
#3961=VERTEX_POINT('',#5150);
#3962=LINE('',#5151,#5152);
#3963=LINE('',#5153,#5154);
#3964=VERTEX_POINT('',#5155);
#3965=LINE('',#5156,#5157);
#3966=LINE('',#5158,#5159);
#3967=LINE('',#5160,#5161);
#3968=CARTESIAN_POINT('',(-0.228826034868,0.227533476031,27.855135128111));
#3969=CARTESIAN_POINT('',(-0.228826034868,-2.962466523969,27.855135128111));
#3970=CARTESIAN_POINT('',(-0.228826034868,0.227533476031,27.855135128111));
#3971=VECTOR('',#5162,1.0);
#3972=CARTESIAN_POINT('',(-2.667226034868,0.227533476031,25.416735128111));
#3973=AXIS2_PLACEMENT_3D('',#5163,#5164,#5165);
#3974=CARTESIAN_POINT('',(-2.667226034868,-2.962466523969,25.416735128111));
#3975=CARTESIAN_POINT('',(-2.667226034868,0.227533476031,25.416735128111));
#3976=VECTOR('',#5166,3.19);
#3977=AXIS2_PLACEMENT_3D('',#5167,#5168,#5169);
#3978=CARTESIAN_POINT('',(-5.105626034868,-2.962466523969,27.855135128111));
#3979=CARTESIAN_POINT('',(-5.105626034868,0.227533476031,27.855135128111));
#3980=CARTESIAN_POINT('',(-5.105626034868,0.227533476031,27.855135128111));
#3981=VECTOR('',#5170,1.0);
#3982=AXIS2_PLACEMENT_3D('',#5171,#5172,#5173);
#3983=AXIS2_PLACEMENT_3D('',#5174,#5175,#5176);
#3984=CARTESIAN_POINT('',(-20.476199979806,23.827533476031,25.703626096111));
#3985=CARTESIAN_POINT('',(-20.476199979806,22.974033476031,25.703626096111));
#3986=CARTESIAN_POINT('',(-20.476199979806,23.400783476031,25.703626096111));
#3987=VECTOR('',#5177,1.0);
#3988=CARTESIAN_POINT('',(-16.637226034898,23.827533476031,29.542600041021));
#3989=AXIS2_PLACEMENT_3D('',#5178,#5179,#5180);
#3990=CARTESIAN_POINT('',(-16.637226034898,22.974033476031,29.542600041021));
#3991=CARTESIAN_POINT('',(-16.637226034898,23.827533476031,29.542600041021));
#3992=VECTOR('',#5181,0.8535);
#3993=AXIS2_PLACEMENT_3D('',#5182,#5183,#5184);
#3994=CARTESIAN_POINT('',(-12.79825208999,22.974033476031,25.703626096111));
#3995=CARTESIAN_POINT('',(-12.79825208999,23.827533476031,25.703626096111));
#3996=CARTESIAN_POINT('',(-12.79825208999,23.400783476031,25.703626096111));
#3997=VECTOR('',#5185,1.0);
#3998=AXIS2_PLACEMENT_3D('',#5186,#5187,#5188);
#3999=AXIS2_PLACEMENT_3D('',#5189,#5190,#5191);
#4000=CARTESIAN_POINT('',(15.14174791007,22.974033476031,25.703626096111));
#4001=CARTESIAN_POINT('',(15.14174791007,23.827533476031,25.703626096111));
#4002=CARTESIAN_POINT('',(15.14174791007,23.400783476031,25.703626096111));
#4003=VECTOR('',#5192,1.0);
#4004=CARTESIAN_POINT('',(11.302773965162,22.974033476031,29.542600041021));
#4005=AXIS2_PLACEMENT_3D('',#5193,#5194,#5195);
#4006=CARTESIAN_POINT('',(11.302773965162,23.827533476031,29.542600041021));
#4007=CARTESIAN_POINT('',(11.302773965162,23.827533476031,29.542600041021));
#4008=VECTOR('',#5196,0.8535);
#4009=AXIS2_PLACEMENT_3D('',#5197,#5198,#5199);
#4010=CARTESIAN_POINT('',(7.463800020254,23.827533476031,25.703626096111));
#4011=CARTESIAN_POINT('',(7.463800020254,22.974033476031,25.703626096111));
#4012=CARTESIAN_POINT('',(7.463800020254,23.400783476031,25.703626096111));
#4013=VECTOR('',#5200,1.0);
#4014=AXIS2_PLACEMENT_3D('',#5201,#5202,#5203);
#4015=AXIS2_PLACEMENT_3D('',#5204,#5205,#5206);
#4016=CARTESIAN_POINT('',(13.87174794148,22.974033476031,-17.476373954529));
#4017=CARTESIAN_POINT('',(13.87174794148,23.827533476031,-17.476373954529));
#4018=CARTESIAN_POINT('',(13.87174794148,23.400783476031,-17.476373954529));
#4019=VECTOR('',#5207,1.0);
#4020=CARTESIAN_POINT('',(10.032773996572,22.974033476031,-13.637400009619));
#4021=AXIS2_PLACEMENT_3D('',#5208,#5209,#5210);
#4022=CARTESIAN_POINT('',(10.032773996572,23.827533476031,-13.637400009619));
#4023=CARTESIAN_POINT('',(10.032773996572,23.827533476031,-13.637400009619));
#4024=VECTOR('',#5211,0.8535);
#4025=AXIS2_PLACEMENT_3D('',#5212,#5213,#5214);
#4026=CARTESIAN_POINT('',(6.193800051664,23.827533476031,-17.476373954529));
#4027=CARTESIAN_POINT('',(6.193800051664,22.974033476031,-17.476373954529));
#4028=CARTESIAN_POINT('',(6.193800051664,23.400783476031,-17.476373954529));
#4029=VECTOR('',#5215,1.0);
#4030=AXIS2_PLACEMENT_3D('',#5216,#5217,#5218);
#4031=AXIS2_PLACEMENT_3D('',#5219,#5220,#5221);
#4032=CARTESIAN_POINT('',(-11.5282521214,22.974033476031,-17.476373954529));
#4033=CARTESIAN_POINT('',(-11.5282521214,23.827533476031,-17.476373954529));
#4034=CARTESIAN_POINT('',(-11.5282521214,23.400783476031,-17.476373954529));
#4035=VECTOR('',#5222,1.0);
#4036=CARTESIAN_POINT('',(-15.367226066308,22.974033476031,-13.637400009619));
#4037=AXIS2_PLACEMENT_3D('',#5223,#5224,#5225);
#4038=CARTESIAN_POINT('',(-15.367226066308,23.827533476031,-13.637400009619));
#4039=CARTESIAN_POINT('',(-15.367226066308,23.827533476031,-13.637400009619));
#4040=VECTOR('',#5226,0.8535);
#4041=AXIS2_PLACEMENT_3D('',#5227,#5228,#5229);
#4042=CARTESIAN_POINT('',(-19.206200011216,23.827533476031,-17.476373954529));
#4043=CARTESIAN_POINT('',(-19.206200011216,22.974033476031,-17.476373954529));
#4044=CARTESIAN_POINT('',(-19.206200011216,23.400783476031,-17.476373954529));
#4045=VECTOR('',#5230,1.0);
#4046=AXIS2_PLACEMENT_3D('',#5231,#5232,#5233);
#4047=AXIS2_PLACEMENT_3D('',#5234,#5235,#5236);
#4048=CARTESIAN_POINT('',(-20.726626034868,26.317533476031,-4.674509489889));
#4049=CARTESIAN_POINT('',(-20.726626034868,30.813233476031,-4.674509489889));
#4050=CARTESIAN_POINT('',(-20.726626034868,26.323233476031,-4.674509489889));
#4051=VECTOR('',#5237,1.0);
#4052=CARTESIAN_POINT('',(-19.837626034868,26.317533476031,-3.785509489889));
#4053=AXIS2_PLACEMENT_3D('',#5238,#5239,#5240);
#4054=CARTESIAN_POINT('',(-19.837626034868,30.813233476031,-3.785509489889));
#4055=CARTESIAN_POINT('',(-19.837626034868,26.317533476031,-3.785509489889));
#4056=VECTOR('',#5241,4.4957);
#4057=AXIS2_PLACEMENT_3D('',#5242,#5243,#5244);
#4058=CARTESIAN_POINT('',(-15.926026034868,30.813233476031,-4.674509489889));
#4059=CARTESIAN_POINT('',(-15.926026034868,26.317533476031,-4.674509489889));
#4060=CARTESIAN_POINT('',(-15.926026034868,26.323233476031,-4.674509489889));
#4061=VECTOR('',#5245,1.0);
#4062=CARTESIAN_POINT('',(-16.815026034868,30.813233476031,-3.785509489889));
#4063=AXIS2_PLACEMENT_3D('',#5246,#5247,#5248);
#4064=CARTESIAN_POINT('',(-16.815026034868,26.317533476031,-3.785509489889));
#4065=CARTESIAN_POINT('',(-16.815026034868,26.317533476031,-3.785509489889));
#4066=VECTOR('',#5249,4.4957);
#4067=AXIS2_PLACEMENT_3D('',#5250,#5251,#5252);
#4068=CARTESIAN_POINT('',(16.473074070967,26.367533476031,-6.825161933874));
#4069=CARTESIAN_POINT('',(16.473074070967,26.317533476031,-6.825165485129));
#4070=CARTESIAN_POINT('',(16.473079555132,26.367533476031,-6.824883487079));
#4071=VECTOR('',#5253,0.05000000050446);
#4072=CARTESIAN_POINT('',(14.351055226972,26.367533476031,-8.946726401919));
#4073=AXIS2_PLACEMENT_3D('',#5254,#5255,#5256);
#4074=CARTESIAN_POINT('',(14.351078240382,26.317533476031,-8.946726409679));
#4075=CARTESIAN_POINT('',(14.351203473022,26.367533476031,-8.946738369489));
#4076=VECTOR('',#5257,0.05000000058848);
#4077=AXIS2_PLACEMENT_3D('',#5258,#5259,#5260);
#4078=CARTESIAN_POINT('',(-21.8075111901875,26.367533476031,-6.825047055124));
#4079=CARTESIAN_POINT('',(-21.8075111960875,26.317533476031,-6.825062169754));
#4080=CARTESIAN_POINT('',(-21.807526827718,26.367533476031,-6.824817468409));
#4081=VECTOR('',#5261,0.05000000101537);
#4082=CARTESIAN_POINT('',(-19.685427772918,26.317533476031,-8.946718692189));
#4083=AXIS2_PLACEMENT_3D('',#5262,#5263,#5264);
#4084=CARTESIAN_POINT('',(-19.685394844608,26.367533476031,-8.946718678999));
#4085=CARTESIAN_POINT('',(-19.685599894148,26.367533476031,-8.946735804609));
#4086=VECTOR('',#5265,0.05000000120479);
#4087=AXIS2_PLACEMENT_3D('',#5266,#5267,#5268);
#4088=CARTESIAN_POINT('',(18.926805918258,23.827533476031,14.913899765581));
#4089=CARTESIAN_POINT('',(18.926805918258,26.367533476031,14.913899765581));
#4090=CARTESIAN_POINT('',(18.926805918258,23.827533476031,14.913899765581));
#4091=VECTOR('',#5269,1.0);
#4092=CARTESIAN_POINT('',(18.926629391282,23.827533476031,14.900317656641));
#4093=AXIS2_PLACEMENT_3D('',#5270,#5271,#5272);
#4094=CARTESIAN_POINT('',(18.926629391282,26.367533476031,14.900317656641));
#4095=CARTESIAN_POINT('',(18.926629391282,23.827533476031,14.900317656641));
#4096=VECTOR('',#5273,2.54);
#4097=AXIS2_PLACEMENT_3D('',#5274,#5275,#5276);
#4098=CARTESIAN_POINT('',(-2.667226034868,23.827533476031,-13.263165355218));
#4099=CARTESIAN_POINT('',(-2.667226034868,0.227533476031001,-13.263165355218));
#4100=CARTESIAN_POINT('',(-2.667226034868,23.827533476031,-13.263165355218));
#4101=VECTOR('',#5277,1.0);
#4102=CARTESIAN_POINT('',(3.902973450393,23.827533476031,-19.833364841199));
#4103=AXIS2_PLACEMENT_3D('',#5278,#5279,#5280);
#4104=CARTESIAN_POINT('',(3.902973450393,0.227533476031,-19.833364841199));
#4105=CARTESIAN_POINT('',(3.902973450393,23.827533476031,-19.833364841199));
#4106=VECTOR('',#5281,23.6);
#4107=AXIS2_PLACEMENT_3D('',#5282,#5283,#5284);
#4108=CARTESIAN_POINT('',(-2.667226034868,0.227533476031001,21.34843561144));
#4109=CARTESIAN_POINT('',(-2.667226034868,23.827533476031,21.34843561144));
#4110=CARTESIAN_POINT('',(-2.667226034868,23.827533476031,21.34843561144));
#4111=VECTOR('',#5285,1.0);
#4112=CARTESIAN_POINT('',(3.902973450393,0.227533476031,27.918635121011));
#4113=AXIS2_PLACEMENT_3D('',#5286,#5287,#5288);
#4114=CARTESIAN_POINT('',(3.902973450393,23.827533476031,27.918635121011));
#4115=CARTESIAN_POINT('',(3.902973450393,23.827533476031,27.918635121011));
#4116=VECTOR('',#5289,23.6);
#4117=AXIS2_PLACEMENT_3D('',#5290,#5291,#5292);
#4118=CARTESIAN_POINT('',(19.557773965132,-2.962466523969,-24.532364871889));
#4119=CARTESIAN_POINT('',(19.557773965132,-2.962466523969,32.617635128111));
#4120=CARTESIAN_POINT('',(19.557773965132,-2.962466523969,-24.532364871889));
#4121=VECTOR('',#5293,57.15);
#4122=CARTESIAN_POINT('',(-24.892226034868,-2.962466523969,32.617635128111));
#4123=CARTESIAN_POINT('',(19.557773965132,-2.962466523969,32.617635128111));
#4124=VECTOR('',#5294,44.45);
#4125=CARTESIAN_POINT('',(-24.892226034868,-2.962466523969,-24.532364871889));
#4126=CARTESIAN_POINT('',(-24.892226034868,-2.962466523969,32.617635128111));
#4127=VECTOR('',#5295,57.15);
#4128=CARTESIAN_POINT('',(-5.105626034868,-2.962466523969,-24.532364871889));
#4129=CARTESIAN_POINT('',(-24.892226034868,-2.962466523969,-24.532364871889));
#4130=VECTOR('',#5296,19.7866);
#4131=CARTESIAN_POINT('',(-5.105626034868,-2.962466523969,-19.769864871889));
#4132=CARTESIAN_POINT('',(-5.105626034868,-2.962466523969,-24.532364871889));
#4133=VECTOR('',#5297,4.7625);
#4134=CARTESIAN_POINT('',(-0.228826034868,-2.962466523969,-19.769864871889));
#4135=AXIS2_PLACEMENT_3D('',#5298,#5299,#5300);
#4136=CARTESIAN_POINT('',(-0.228826034868,-2.962466523969,-24.532364871889));
#4137=CARTESIAN_POINT('',(-0.228826034868,-2.962466523969,-19.769864871889));
#4138=VECTOR('',#5301,4.7625);
#4139=CARTESIAN_POINT('',(-0.228826034868,-2.962466523969,-24.532364871889));
#4140=VECTOR('',#5302,19.7866);
#4141=CARTESIAN_POINT('',(-2.667226034868,-2.962466523969,30.293535128111));
#4142=AXIS2_PLACEMENT_3D('',#5303,#5304,#5305);
#4143=AXIS2_PLACEMENT_3D('',#5306,#5307,#5308);
#4144=CARTESIAN_POINT('',(3.902973450393,10.227533476031,-24.532364871889));
#4145=CARTESIAN_POINT('',(3.902973450393,0.227533476031,-24.532364871889));
#4146=CARTESIAN_POINT('',(3.902973450393,10.227533476031,-24.532364871889));
#4147=VECTOR('',#5309,10.0);
#4148=CARTESIAN_POINT('',(19.273086011282,10.227533476031,-24.532364871889));
#4149=CARTESIAN_POINT('',(3.902973450393,10.227533476031,-24.532364871889));
#4150=VECTOR('',#5310,15.37011256089);
#4151=CARTESIAN_POINT('',(19.557773965132,10.227533476031,-24.532364871889));
#4152=CARTESIAN_POINT('',(19.273086011282,10.227533476031,-24.532364871889));
#4153=VECTOR('',#5311,0.2846879538483);
#4154=CARTESIAN_POINT('',(19.557773965132,-2.962466523969,-24.532364871889));
#4155=VECTOR('',#5312,13.19);
#4156=CARTESIAN_POINT('',(-0.228826034868,0.227533476031,-24.532364871889));
#4157=CARTESIAN_POINT('',(-0.228826034868,-2.962466523969,-24.532364871889));
#4158=VECTOR('',#5313,3.19);
#4159=CARTESIAN_POINT('',(-0.228826034868,0.227533476031,-24.532364871889));
#4160=VECTOR('',#5314,4.131799485261);
#4161=CARTESIAN_POINT('',(-0.228826034868,0.227533476031,-19.769864871889));
#4162=CARTESIAN_POINT('',(-0.228826034868,0.227533476031,-19.769864871889));
#4163=VECTOR('',#5315,4.7625);
#4164=CARTESIAN_POINT('',(-5.105626034868,0.227533476031,-19.769864871889));
#4165=AXIS2_PLACEMENT_3D('',#5316,#5317,#5318);
#4166=CARTESIAN_POINT('',(-5.105626034868,0.227533476031,-24.532364871889));
#4167=CARTESIAN_POINT('',(-5.105626034868,0.227533476031,-24.532364871889));
#4168=VECTOR('',#5319,4.7625);
#4169=CARTESIAN_POINT('',(-9.237425520129,0.227533476031,-24.532364871889));
#4170=CARTESIAN_POINT('',(-5.105626034868,0.227533476031,-24.532364871889));
#4171=VECTOR('',#5320,4.131799485261);
#4172=CARTESIAN_POINT('',(-9.237425520129,0.227533476031,-19.833364840959));
#4173=CARTESIAN_POINT('',(-9.237425520129,0.227533476031,-24.532364871889));
#4174=VECTOR('',#5321,4.699000030931);
#4175=AXIS2_PLACEMENT_3D('',#5322,#5323,#5324);
#4176=CARTESIAN_POINT('',(3.902973450393,0.227533476031,-19.833364841199));
#4177=VECTOR('',#5325,4.699000030691);
#4178=CARTESIAN_POINT('',(3.902973450393,0.227533476031,32.617635128111));
#4179=CARTESIAN_POINT('',(3.902973450393,0.227533476031,32.617635128111));
#4180=VECTOR('',#5326,4.699000007103);
#4181=CARTESIAN_POINT('',(-9.237425520129,0.227533476031,27.918635121011));
#4182=AXIS2_PLACEMENT_3D('',#5327,#5328,#5329);
#4183=CARTESIAN_POINT('',(-9.237425520129,0.227533476031,32.617635128111));
#4184=CARTESIAN_POINT('',(-9.237425520129,0.227533476031,27.918635121011));
#4185=VECTOR('',#5330,4.699000007102);
#4186=CARTESIAN_POINT('',(-9.237425520129,0.227533476031,32.617635128111));
#4187=VECTOR('',#5331,13.14039897052);
#4188=CARTESIAN_POINT('',(-2.667226034868,0.227533476031,30.293535128111));
#4189=AXIS2_PLACEMENT_3D('',#5332,#5333,#5334);
#4190=AXIS2_PLACEMENT_3D('',#5335,#5336,#5337);
#4191=CARTESIAN_POINT('',(3.902973450393,10.227533476031,-25.062600232449));
#4192=CARTESIAN_POINT('',(3.902973450393,23.827533476031,-25.062600232449));
#4193=CARTESIAN_POINT('',(3.902973450393,10.227533476031,-25.062600232449));
#4194=VECTOR('',#5338,13.6);
#4195=CARTESIAN_POINT('',(3.902973450393,10.227533476031,-24.532364871889));
#4196=VECTOR('',#5339,0.5302353605645);
#4197=CARTESIAN_POINT('',(3.902973450393,23.827533476031,-19.833364841199));
#4198=VECTOR('',#5340,5.229235391255);
#4199=CARTESIAN_POINT('',(-9.237425520129,23.827533476031,-19.833364840959));
#4200=AXIS2_PLACEMENT_3D('',#5341,#5342,#5343);
#4201=CARTESIAN_POINT('',(-9.237425520129,23.827533476031,-25.062605519709));
#4202=CARTESIAN_POINT('',(-9.237425520129,23.827533476031,-25.062605519709));
#4203=VECTOR('',#5344,5.229240678752);
#4204=CARTESIAN_POINT('',(-24.407589599118,23.827533476031,-25.062605771199));
#4205=CARTESIAN_POINT('',(-9.237425520129,23.827533476031,-25.062605519709));
#4206=VECTOR('',#5345,15.17016407899);
#4207=CARTESIAN_POINT('',(-24.548969140308,23.827533476031,-25.004031290329));
#4208=CARTESIAN_POINT('',(-24.407589599118,23.827533476031,-25.062605771199));
#4209=CARTESIAN_POINT('',(-24.425006805388,23.827533476031,-25.062603720889));
#4210=CARTESIAN_POINT('',(-24.459959045408,23.827533476031,-25.057999959019));
#4211=CARTESIAN_POINT('',(-24.508681563188,23.827533476031,-25.037813051189));
#4212=CARTESIAN_POINT('',(-24.536652174168,23.827533476031,-25.016348713299));
#4213=CARTESIAN_POINT('',(-24.548969140308,23.827533476031,-25.004031290329));
#4214=CARTESIAN_POINT('',(-24.607543621178,23.827533476031,-24.862651749149));
#4215=CARTESIAN_POINT('',(-24.548969140308,23.827533476031,-25.004031290329));
#4216=CARTESIAN_POINT('',(-24.561286563288,23.827533476031,-24.991714324179));
#4217=CARTESIAN_POINT('',(-24.582750901188,23.827533476031,-24.963743713169));
#4218=CARTESIAN_POINT('',(-24.602937809008,23.827533476031,-24.915021195389));
#4219=CARTESIAN_POINT('',(-24.607541570868,23.827533476031,-24.880068955389));
#4220=CARTESIAN_POINT('',(-24.607543621178,23.827533476031,-24.862651749149));
#4221=CARTESIAN_POINT('',(-24.607543621178,23.827533476031,33.709922005351));
#4222=CARTESIAN_POINT('',(-24.607543621178,23.827533476031,-24.862651749149));
#4223=VECTOR('',#5346,58.5725737545);
#4224=CARTESIAN_POINT('',(-24.548969140278,23.827533476031,33.851301546611));
#4225=CARTESIAN_POINT('',(-24.607543621178,23.827533476031,33.709922005351));
#4226=CARTESIAN_POINT('',(-24.607541570868,23.827533476031,33.727339211621));
#4227=CARTESIAN_POINT('',(-24.602937808988,23.827533476031,33.762291451671));
#4228=CARTESIAN_POINT('',(-24.582750901178,23.827533476031,33.811013969391));
#4229=CARTESIAN_POINT('',(-24.561286563238,23.827533476031,33.838984580471));
#4230=CARTESIAN_POINT('',(-24.548969140278,23.827533476031,33.851301546611));
#4231=CARTESIAN_POINT('',(-24.407585675578,23.827533476031,33.909870487271));
#4232=CARTESIAN_POINT('',(-24.548969140278,23.827533476031,33.851301546611));
#4233=CARTESIAN_POINT('',(-24.530586043078,23.827533476031,33.869684643811));
#4234=CARTESIAN_POINT('',(-24.486038126068,23.827533476031,33.899318283071));
#4235=CARTESIAN_POINT('',(-24.433584945068,23.827533476031,33.909867345711));
#4236=CARTESIAN_POINT('',(-24.407585675578,23.827533476031,33.909870487271));
#4237=CARTESIAN_POINT('',(-9.237425520129,23.827533476031,33.909870301871));
#4238=CARTESIAN_POINT('',(-24.407585675578,23.827533476031,33.909870487271));
#4239=VECTOR('',#5347,15.17016015545);
#4240=CARTESIAN_POINT('',(-9.237425520129,23.827533476031,27.918635121011));
#4241=CARTESIAN_POINT('',(-9.237425520129,23.827533476031,27.918635121011));
#4242=VECTOR('',#5348,5.991235180866);
#4243=AXIS2_PLACEMENT_3D('',#5349,#5350,#5351);
#4244=CARTESIAN_POINT('',(3.902973450393,23.827533476031,33.909870337971));
#4245=CARTESIAN_POINT('',(3.902973450393,23.827533476031,33.909870337971));
#4246=VECTOR('',#5352,5.991235216964);
#4247=CARTESIAN_POINT('',(19.073136627102,23.827533476031,33.909876530411));
#4248=CARTESIAN_POINT('',(3.902973450393,23.827533476031,33.909870337971));
#4249=VECTOR('',#5353,15.17016317671);
#4250=CARTESIAN_POINT('',(19.214517070622,23.827533476031,33.851301546531));
#4251=CARTESIAN_POINT('',(19.073136627102,23.827533476031,33.909876530411));
#4252=CARTESIAN_POINT('',(19.090553833372,23.827533476031,33.909874480101));
#4253=CARTESIAN_POINT('',(19.125507395272,23.827533476031,33.905269981341));
#4254=CARTESIAN_POINT('',(19.174229373282,23.827533476031,33.885083374401));
#4255=CARTESIAN_POINT('',(19.202200104482,23.827533476031,33.863618969501));
#4256=CARTESIAN_POINT('',(19.214517070622,23.827533476031,33.851301546531));
#4257=CARTESIAN_POINT('',(19.273086011292,23.827533476031,33.709918081821));
#4258=CARTESIAN_POINT('',(19.214517070622,23.827533476031,33.851301546531));
#4259=CARTESIAN_POINT('',(19.232900167822,23.827533476031,33.832918449331));
#4260=CARTESIAN_POINT('',(19.262533807102,23.827533476031,33.788370532311));
#4261=CARTESIAN_POINT('',(19.273082869732,23.827533476031,33.735917351311));
#4262=CARTESIAN_POINT('',(19.273086011292,23.827533476031,33.709918081821));
#4263=CARTESIAN_POINT('',(19.273086011292,23.827533476031,-24.862647825599));
#4264=CARTESIAN_POINT('',(19.273086011292,23.827533476031,33.709918081821));
#4265=VECTOR('',#5354,58.57256590742);
#4266=CARTESIAN_POINT('',(19.214517070632,23.827533476031,-25.004031290299));
#4267=CARTESIAN_POINT('',(19.273086011292,23.827533476031,-24.862647825599));
#4268=CARTESIAN_POINT('',(19.273082869732,23.827533476031,-24.888647095089));
#4269=CARTESIAN_POINT('',(19.262533807092,23.827533476031,-24.941100276089));
#4270=CARTESIAN_POINT('',(19.232900167832,23.827533476031,-24.985648193099));
#4271=CARTESIAN_POINT('',(19.214517070632,23.827533476031,-25.004031290299));
#4272=CARTESIAN_POINT('',(19.074658665602,23.827533476031,-25.062600232449));
#4273=CARTESIAN_POINT('',(19.214517070632,23.827533476031,-25.004031290299));
#4274=CARTESIAN_POINT('',(19.202201895632,23.827533476031,-25.016346922459));
#4275=CARTESIAN_POINT('',(19.174233731782,23.827533476031,-25.037810207519));
#4276=CARTESIAN_POINT('',(19.125986018032,23.827533476031,-25.057802502199));
#4277=CARTESIAN_POINT('',(19.091575521132,23.827533476031,-25.062467998479));
#4278=CARTESIAN_POINT('',(19.074658665602,23.827533476031,-25.062600232449));
#4279=CARTESIAN_POINT('',(19.074658665602,23.827533476031,-25.062600232449));
#4280=VECTOR('',#5355,15.17168521521);
#4281=CARTESIAN_POINT('',(-24.261081461018,23.827533476031,-6.842523388489));
#4282=CARTESIAN_POINT('',(-24.261081461018,23.827533476031,14.927793643351));
#4283=CARTESIAN_POINT('',(-24.261081461018,23.827533476031,-6.842523388489));
#4284=VECTOR('',#5356,21.77031703184);
#4285=CARTESIAN_POINT('',(-19.675918158478,23.827533476031,-11.400210703299));
#4286=AXIS2_PLACEMENT_3D('',#5357,#5358,#5359);
#4287=CARTESIAN_POINT('',(14.368864132092,23.827533476031,-11.400288645849));
#4288=CARTESIAN_POINT('',(14.368864132092,23.827533476031,-11.400288645849));
#4289=VECTOR('',#5360,34.04478229066);
#4290=CARTESIAN_POINT('',(18.926551448732,23.827533476031,-6.842601329669));
#4291=AXIS2_PLACEMENT_3D('',#5361,#5362,#5363);
#4292=CARTESIAN_POINT('',(18.926629391282,23.827533476031,14.900317656641));
#4293=VECTOR('',#5364,21.74291898645);
#4294=CARTESIAN_POINT('',(14.341466088752,23.827533476031,19.485480959521));
#4295=AXIS2_PLACEMENT_3D('',#5365,#5366,#5367);
#4296=CARTESIAN_POINT('',(-19.703394144398,23.827533476031,19.485480959521));
#4297=CARTESIAN_POINT('',(-19.703394144398,23.827533476031,19.485480959521));
#4298=VECTOR('',#5368,34.04486023315);
#4299=AXIS2_PLACEMENT_3D('',#5369,#5370,#5371);
#4300=CARTESIAN_POINT('',(-15.367226066308,23.827533476031,-21.315347899439));
#4301=AXIS2_PLACEMENT_3D('',#5372,#5373,#5374);
#4302=AXIS2_PLACEMENT_3D('',#5375,#5376,#5377);
#4303=CARTESIAN_POINT('',(10.032773996572,23.827533476031,-21.315347899439));
#4304=AXIS2_PLACEMENT_3D('',#5378,#5379,#5380);
#4305=AXIS2_PLACEMENT_3D('',#5381,#5382,#5383);
#4306=CARTESIAN_POINT('',(11.302773965162,23.827533476031,21.864652151201));
#4307=AXIS2_PLACEMENT_3D('',#5384,#5385,#5386);
#4308=AXIS2_PLACEMENT_3D('',#5387,#5388,#5389);
#4309=CARTESIAN_POINT('',(-16.637226034898,23.827533476031,21.864652151201));
#4310=AXIS2_PLACEMENT_3D('',#5390,#5391,#5392);
#4311=AXIS2_PLACEMENT_3D('',#5393,#5394,#5395);
#4312=CARTESIAN_POINT('',(19.074658665602,10.227533476031,-25.062600232449));
#4313=CARTESIAN_POINT('',(19.074658665602,23.827533476031,-25.062600232449));
#4314=VECTOR('',#5396,13.6);
#4315=CARTESIAN_POINT('',(19.074658665602,10.227533476031,-25.062600232449));
#4316=VECTOR('',#5397,15.17168521521);
#4317=CARTESIAN_POINT('',(-9.237425520129,10.227533476031,32.617635128111));
#4318=CARTESIAN_POINT('',(-9.237425520129,10.227533476031,33.909870301871));
#4319=CARTESIAN_POINT('',(-9.237425520129,10.227533476031,32.617635128111));
#4320=VECTOR('',#5398,1.292235173764);
#4321=CARTESIAN_POINT('',(-24.407585675578,10.227533476031,33.909870487271));
#4322=CARTESIAN_POINT('',(-24.407585675578,10.227533476031,33.909870487271));
#4323=VECTOR('',#5399,15.17016015545);
#4324=CARTESIAN_POINT('',(-24.548969140278,10.227533476031,33.851301546611));
#4325=CARTESIAN_POINT('',(-24.548969140278,10.227533476031,33.851301546611));
#4326=CARTESIAN_POINT('',(-24.530586043078,10.227533476031,33.869684643811));
#4327=CARTESIAN_POINT('',(-24.486038126068,10.227533476031,33.899318283071));
#4328=CARTESIAN_POINT('',(-24.433584945068,10.227533476031,33.909867345711));
#4329=CARTESIAN_POINT('',(-24.407585675578,10.227533476031,33.909870487271));
#4330=CARTESIAN_POINT('',(-24.607543621178,10.227533476031,33.709922005351));
#4331=CARTESIAN_POINT('',(-24.607543621178,10.227533476031,33.709922005351));
#4332=CARTESIAN_POINT('',(-24.607541570868,10.227533476031,33.727339211621));
#4333=CARTESIAN_POINT('',(-24.602937808988,10.227533476031,33.762291451671));
#4334=CARTESIAN_POINT('',(-24.582750901178,10.227533476031,33.811013969391));
#4335=CARTESIAN_POINT('',(-24.561286563238,10.227533476031,33.838984580471));
#4336=CARTESIAN_POINT('',(-24.548969140278,10.227533476031,33.851301546611));
#4337=CARTESIAN_POINT('',(-24.607543369688,10.227533476031,32.617635128111));
#4338=CARTESIAN_POINT('',(-24.607543369688,10.227533476031,32.617635128111));
#4339=VECTOR('',#5400,1.092286877245);
#4340=CARTESIAN_POINT('',(-9.237425520129,10.227533476031,32.617635128111));
#4341=VECTOR('',#5401,15.37011784956);
#4342=CARTESIAN_POINT('',(-24.607543621178,10.227533476031,-24.862651749149));
#4343=CARTESIAN_POINT('',(-24.607543369688,10.227533476031,-24.532364871889));
#4344=CARTESIAN_POINT('',(-24.607543621178,10.227533476031,-24.862651749149));
#4345=VECTOR('',#5402,0.3302868772553);
#4346=CARTESIAN_POINT('',(-24.548969140308,10.227533476031,-25.004031290329));
#4347=CARTESIAN_POINT('',(-24.548969140308,10.227533476031,-25.004031290329));
#4348=CARTESIAN_POINT('',(-24.561286563288,10.227533476031,-24.991714324179));
#4349=CARTESIAN_POINT('',(-24.582750901188,10.227533476031,-24.963743713169));
#4350=CARTESIAN_POINT('',(-24.602937809008,10.227533476031,-24.915021195389));
#4351=CARTESIAN_POINT('',(-24.607541570868,10.227533476031,-24.880068955389));
#4352=CARTESIAN_POINT('',(-24.607543621178,10.227533476031,-24.862651749149));
#4353=CARTESIAN_POINT('',(-24.407589599118,10.227533476031,-25.062605771199));
#4354=CARTESIAN_POINT('',(-24.407589599118,10.227533476031,-25.062605771199));
#4355=CARTESIAN_POINT('',(-24.425006805388,10.227533476031,-25.062603720889));
#4356=CARTESIAN_POINT('',(-24.459959045408,10.227533476031,-25.057999959019));
#4357=CARTESIAN_POINT('',(-24.508681563188,10.227533476031,-25.037813051189));
#4358=CARTESIAN_POINT('',(-24.536652174168,10.227533476031,-25.016348713299));
#4359=CARTESIAN_POINT('',(-24.548969140308,10.227533476031,-25.004031290329));
#4360=CARTESIAN_POINT('',(-9.237425520129,10.227533476031,-25.062605519709));
#4361=CARTESIAN_POINT('',(-9.237425520129,10.227533476031,-25.062605519709));
#4362=VECTOR('',#5403,15.17016407899);
#4363=CARTESIAN_POINT('',(-9.237425520129,10.227533476031,-24.532364871889));
#4364=CARTESIAN_POINT('',(-9.237425520129,10.227533476031,-25.062605519709));
#4365=VECTOR('',#5404,0.5302406478209);
#4366=CARTESIAN_POINT('',(-9.237425520129,10.227533476031,-24.532364871889));
#4367=VECTOR('',#5405,15.37011784956);
#4368=CARTESIAN_POINT('',(19.214517070632,10.227533476031,-25.004031290299));
#4369=CARTESIAN_POINT('',(19.214517070632,10.227533476031,-25.004031290299));
#4370=CARTESIAN_POINT('',(19.202201895632,10.227533476031,-25.016346922459));
#4371=CARTESIAN_POINT('',(19.174233731782,10.227533476031,-25.037810207519));
#4372=CARTESIAN_POINT('',(19.125986018032,10.227533476031,-25.057802502199));
#4373=CARTESIAN_POINT('',(19.091575521132,10.227533476031,-25.062467998479));
#4374=CARTESIAN_POINT('',(19.074658665602,10.227533476031,-25.062600232449));
#4375=CARTESIAN_POINT('',(19.273086011292,10.227533476031,-24.862647825599));
#4376=CARTESIAN_POINT('',(19.273086011292,10.227533476031,-24.862647825599));
#4377=CARTESIAN_POINT('',(19.273082869732,10.227533476031,-24.888647095089));
#4378=CARTESIAN_POINT('',(19.262533807092,10.227533476031,-24.941100276089));
#4379=CARTESIAN_POINT('',(19.232900167832,10.227533476031,-24.985648193099));
#4380=CARTESIAN_POINT('',(19.214517070632,10.227533476031,-25.004031290299));
#4381=CARTESIAN_POINT('',(19.273086011282,10.227533476031,-24.532364871889));
#4382=VECTOR('',#5406,0.3302829537093);
#4383=CARTESIAN_POINT('',(19.273086011292,10.227533476031,33.709918081821));
#4384=CARTESIAN_POINT('',(19.273086011262,10.227533476031,32.617635128111));
#4385=CARTESIAN_POINT('',(19.273086011292,10.227533476031,33.709918081821));
#4386=VECTOR('',#5407,1.092282953708);
#4387=CARTESIAN_POINT('',(19.214517070622,10.227533476031,33.851301546531));
#4388=CARTESIAN_POINT('',(19.214517070622,10.227533476031,33.851301546531));
#4389=CARTESIAN_POINT('',(19.232900167822,10.227533476031,33.832918449331));
#4390=CARTESIAN_POINT('',(19.262533807102,10.227533476031,33.788370532311));
#4391=CARTESIAN_POINT('',(19.273082869732,10.227533476031,33.735917351311));
#4392=CARTESIAN_POINT('',(19.273086011292,10.227533476031,33.709918081821));
#4393=CARTESIAN_POINT('',(19.073136627102,10.227533476031,33.909876530411));
#4394=CARTESIAN_POINT('',(19.073136627102,10.227533476031,33.909876530411));
#4395=CARTESIAN_POINT('',(19.090553833372,10.227533476031,33.909874480101));
#4396=CARTESIAN_POINT('',(19.125507395272,10.227533476031,33.905269981341));
#4397=CARTESIAN_POINT('',(19.174229373282,10.227533476031,33.885083374401));
#4398=CARTESIAN_POINT('',(19.202200104482,10.227533476031,33.863618969501));
#4399=CARTESIAN_POINT('',(19.214517070622,10.227533476031,33.851301546531));
#4400=CARTESIAN_POINT('',(3.902973450393,10.227533476031,33.909870337971));
#4401=CARTESIAN_POINT('',(3.902973450393,10.227533476031,33.909870337971));
#4402=VECTOR('',#5408,15.17016317671);
#4403=CARTESIAN_POINT('',(3.902973450393,10.227533476031,32.617635128111));
#4404=CARTESIAN_POINT('',(3.902973450393,10.227533476031,33.909870337971));
#4405=VECTOR('',#5409,1.292235209861);
#4406=CARTESIAN_POINT('',(19.273086011262,10.227533476031,32.617635128111));
#4407=VECTOR('',#5410,15.37011256087);
#4408=CARTESIAN_POINT('',(-9.237425520129,10.227533476031,32.617635128111));
#4409=VECTOR('',#5411,10.0);
#4410=CARTESIAN_POINT('',(-24.892226034868,10.227533476031,32.617635128111));
#4411=CARTESIAN_POINT('',(-24.607543369688,10.227533476031,32.617635128111));
#4412=VECTOR('',#5412,0.2846826651791);
#4413=CARTESIAN_POINT('',(-24.892226034868,-2.962466523969,32.617635128111));
#4414=VECTOR('',#5413,13.19);
#4415=CARTESIAN_POINT('',(19.557773965132,10.227533476031,32.617635128111));
#4416=CARTESIAN_POINT('',(19.557773965132,-2.962466523969,32.617635128111));
#4417=VECTOR('',#5414,13.19);
#4418=CARTESIAN_POINT('',(19.557773965132,10.227533476031,32.617635128111));
#4419=VECTOR('',#5415,0.2846879538671);
#4420=CARTESIAN_POINT('',(3.902973450393,10.227533476031,32.617635128111));
#4421=VECTOR('',#5416,10.0);
#4422=CARTESIAN_POINT('',(3.902973450393,10.227533476031,33.909870337971));
#4423=VECTOR('',#5417,13.6);
#4424=CARTESIAN_POINT('',(19.073136627102,23.827533476031,33.909876530411));
#4425=VECTOR('',#5418,13.6);
#4426=CARTESIAN_POINT('',(19.214517070622,23.827533476031,33.851301546531));
#4427=VECTOR('',#5419,13.6);
#4428=CARTESIAN_POINT('',(19.273086011292,23.827533476031,33.709918081821));
#4429=VECTOR('',#5420,13.6);
#4430=CARTESIAN_POINT('',(19.273086011292,23.827533476031,-24.862647825599));
#4431=VECTOR('',#5421,13.6);
#4432=CARTESIAN_POINT('',(19.273086011282,10.227533476031,-24.532364871889));
#4433=VECTOR('',#5422,57.15);
#4434=CARTESIAN_POINT('',(19.557773965132,10.227533476031,-24.532364871889));
#4435=VECTOR('',#5423,57.15);
#4436=CARTESIAN_POINT('',(-24.607543369688,10.227533476031,32.617635128111));
#4437=VECTOR('',#5424,57.15);
#4438=CARTESIAN_POINT('',(-24.892226034868,10.227533476031,-24.532364871889));
#4439=CARTESIAN_POINT('',(-24.892226034868,10.227533476031,-24.532364871889));
#4440=VECTOR('',#5425,0.2846826651791);
#4441=CARTESIAN_POINT('',(-24.892226034868,10.227533476031,32.617635128111));
#4442=VECTOR('',#5426,57.15);
#4443=CARTESIAN_POINT('',(-24.892226034868,-2.962466523969,-24.532364871889));
#4444=VECTOR('',#5427,13.19);
#4445=CARTESIAN_POINT('',(-5.105626034868,-2.962466523969,-24.532364871889));
#4446=VECTOR('',#5428,3.19);
#4447=CARTESIAN_POINT('',(-9.237425520129,10.227533476031,-24.532364871889));
#4448=VECTOR('',#5429,10.0);
#4449=CARTESIAN_POINT('',(-9.237425520129,23.827533476031,-19.833364840959));
#4450=VECTOR('',#5430,23.6);
#4451=CARTESIAN_POINT('',(-9.237425520129,10.227533476031,-25.062605519709));
#4452=VECTOR('',#5431,13.6);
#4453=CARTESIAN_POINT('',(-24.407589599118,23.827533476031,-25.062605771199));
#4454=VECTOR('',#5432,13.6);
#4455=CARTESIAN_POINT('',(-24.548969140308,23.827533476031,-25.004031290329));
#4456=VECTOR('',#5433,13.6);
#4457=CARTESIAN_POINT('',(-24.607543621178,23.827533476031,-24.862651749149));
#4458=VECTOR('',#5434,13.6);
#4459=CARTESIAN_POINT('',(-24.607543621178,23.827533476031,33.709922005351));
#4460=VECTOR('',#5435,13.6);
#4461=CARTESIAN_POINT('',(-24.548969140278,23.827533476031,33.851301546611));
#4462=VECTOR('',#5436,13.6);
#4463=CARTESIAN_POINT('',(-24.407585675578,23.827533476031,33.909870487271));
#4464=VECTOR('',#5437,13.6);
#4465=CARTESIAN_POINT('',(-9.237425520129,10.227533476031,33.909870301871));
#4466=VECTOR('',#5438,13.6);
#4467=CARTESIAN_POINT('',(-9.237425520129,23.827533476031,27.918635121011));
#4468=VECTOR('',#5439,23.6);
#4469=CARTESIAN_POINT('',(-5.105626034868,-2.962466523969,-19.769864871889));
#4470=VECTOR('',#5440,3.19);
#4471=CARTESIAN_POINT('',(-0.228826034868,-2.962466523969,-19.769864871889));
#4472=VECTOR('',#5441,3.19);
#4473=CARTESIAN_POINT('',(19.214517070632,23.827533476031,-25.004031290299));
#4474=VECTOR('',#5442,13.6);
#4475=CARTESIAN_POINT('',(-19.703394144398,26.367533476031,19.485480959521));
#4476=CARTESIAN_POINT('',(-19.703394144398,23.827533476031,19.485480959521));
#4477=VECTOR('',#5443,2.54);
#4478=CARTESIAN_POINT('',(-24.261081461018,26.367533476031,14.927793643351));
#4479=AXIS2_PLACEMENT_3D('',#5444,#5445,#5446);
#4480=CARTESIAN_POINT('',(-24.261081461018,23.827533476031,14.927793643351));
#4481=VECTOR('',#5447,2.54);
#4482=CARTESIAN_POINT('',(-24.261081461018,26.367533476031,-6.842523388489));
#4483=CARTESIAN_POINT('',(-24.261081461018,26.367533476031,-6.842523388489));
#4484=VECTOR('',#5448,21.77031703184);
#4485=CARTESIAN_POINT('',(-24.261081461018,23.827533476031,-6.842523388489));
#4486=VECTOR('',#5449,2.54);
#4487=CARTESIAN_POINT('',(-19.675918158478,26.367533476031,-11.400210703299));
#4488=CARTESIAN_POINT('',(-19.675918158478,23.827533476031,-11.400210703299));
#4489=VECTOR('',#5450,2.54);
#4490=AXIS2_PLACEMENT_3D('',#5451,#5452,#5453);
#4491=CARTESIAN_POINT('',(14.341466088752,26.367533476031,19.485480959521));
#4492=CARTESIAN_POINT('',(-19.703394144398,26.367533476031,19.485480959521));
#4493=VECTOR('',#5454,34.04486023315);
#4494=AXIS2_PLACEMENT_3D('',#5455,#5456,#5457);
#4495=CARTESIAN_POINT('',(18.926551448732,26.367533476031,-6.842601329669));
#4496=CARTESIAN_POINT('',(18.926629391282,26.367533476031,14.900317656641));
#4497=VECTOR('',#5458,21.74291898645);
#4498=CARTESIAN_POINT('',(14.368864132092,26.367533476031,-11.400288645849));
#4499=AXIS2_PLACEMENT_3D('',#5459,#5460,#5461);
#4500=CARTESIAN_POINT('',(14.368864132092,26.367533476031,-11.400288645849));
#4501=VECTOR('',#5462,34.04478229066);
#4502=CARTESIAN_POINT('',(14.351203473022,26.367533476031,-8.946738369489));
#4503=VECTOR('',#5463,34.03680336717);
#4504=CARTESIAN_POINT('',(16.4730668001365,26.367533476031,14.910345924246));
#4505=CARTESIAN_POINT('',(16.473078977922,26.367533476031,14.910130282111));
#4506=VECTOR('',#5464,21.73501376919);
#4507=CARTESIAN_POINT('',(14.351227826652,26.367533476031,17.032009212781));
#4508=AXIS2_PLACEMENT_3D('',#5465,#5466,#5467);
#4509=CARTESIAN_POINT('',(-19.685368295918,26.367533476031,17.031988236131));
#4510=CARTESIAN_POINT('',(-19.685584039618,26.367533476031,17.032005831151));
#4511=VECTOR('',#5468,34.03681186626);
#4512=CARTESIAN_POINT('',(-21.8075191222675,26.367533476031,14.910417146681));
#4513=AXIS2_PLACEMENT_3D('',#5469,#5470,#5471);
#4514=CARTESIAN_POINT('',(-21.807526827718,26.367533476031,-6.824817468409));
#4515=VECTOR('',#5472,21.73491327853);
#4516=CARTESIAN_POINT('',(14.368864132092,23.827533476031,-11.400288645849));
#4517=VECTOR('',#5473,2.54);
#4518=CARTESIAN_POINT('',(18.926551448732,23.827533476031,-6.842601329669));
#4519=VECTOR('',#5474,2.54);
#4520=CARTESIAN_POINT('',(14.341466088752,23.827533476031,19.485480959521));
#4521=VECTOR('',#5475,2.54);
#4522=CARTESIAN_POINT('',(14.351211144222,26.317533476031,-8.946738369489));
#4523=VECTOR('',#5476,34.03682201461);
#4524=CARTESIAN_POINT('',(16.4730668041415,26.317533476031,14.910357693981));
#4525=CARTESIAN_POINT('',(16.473078977922,26.317533476031,14.910138128671));
#4526=VECTOR('',#5477,21.73502871826);
#4527=CARTESIAN_POINT('',(16.473078977922,26.367533476031,14.910130282111));
#4528=VECTOR('',#5478,0.05000000061569);
#4529=CARTESIAN_POINT('',(14.351234744892,26.317533476031,17.032009212781));
#4530=AXIS2_PLACEMENT_3D('',#5479,#5480,#5481);
#4531=CARTESIAN_POINT('',(14.351227826652,26.367533476031,17.032009212781));
#4532=VECTOR('',#5482,0.05000000047863);
#4533=CARTESIAN_POINT('',(-19.685402127078,26.317533476031,17.031988250101));
#4534=CARTESIAN_POINT('',(-19.685595316808,26.317533476031,17.032005831151));
#4535=VECTOR('',#5483,34.0368300617);
#4536=CARTESIAN_POINT('',(-19.685584039618,26.367533476031,17.032005831151));
#4537=VECTOR('',#5484,0.05000000127176);
#4538=CARTESIAN_POINT('',(-21.8075191222675,26.317533476031,14.910422160941));
#4539=CARTESIAN_POINT('',(-21.807526864378,26.367533476031,14.910095810121));
#4540=VECTOR('',#5485,0.05000000100572);
#4541=AXIS2_PLACEMENT_3D('',#5486,#5487,#5488);
#4542=CARTESIAN_POINT('',(-21.807526827718,26.317533476031,-6.824827544939));
#4543=VECTOR('',#5489,21.73493338358);
#4544=CARTESIAN_POINT('',(-19.837626034868,26.317533476031,-3.785509489889));
#4545=VECTOR('',#5490,3.0226);
#4546=CARTESIAN_POINT('',(-19.837626034868,26.317533476031,-5.563509489889));
#4547=AXIS2_PLACEMENT_3D('',#5491,#5492,#5493);
#4548=CARTESIAN_POINT('',(-16.815026034868,26.317533476031,-5.563509489889));
#4549=CARTESIAN_POINT('',(-16.815026034868,26.317533476031,-5.563509489889));
#4550=VECTOR('',#5494,3.0226);
#4551=AXIS2_PLACEMENT_3D('',#5495,#5496,#5497);
#4552=CARTESIAN_POINT('',(-16.815026034868,30.813233476031,-5.563509489889));
#4553=CARTESIAN_POINT('',(-16.815026034868,26.317533476031,-5.563509489889));
#4554=VECTOR('',#5498,4.4957);
#4555=AXIS2_PLACEMENT_3D('',#5499,#5500,#5501);
#4556=CARTESIAN_POINT('',(-19.837626034868,30.813233476031,-3.785509489889));
#4557=VECTOR('',#5502,3.0226);
#4558=CARTESIAN_POINT('',(-19.837626034868,30.813233476031,-5.563509489889));
#4559=AXIS2_PLACEMENT_3D('',#5503,#5504,#5505);
#4560=CARTESIAN_POINT('',(-19.837626034868,26.317533476031,-5.563509489889));
#4561=VECTOR('',#5506,4.4957);
#4562=CARTESIAN_POINT('',(-16.815026034868,30.813233476031,-5.563509489889));
#4563=VECTOR('',#5507,3.0226);
#4564=CARTESIAN_POINT('',(-15.367226066308,22.974033476031,-21.315347899439));
#4565=AXIS2_PLACEMENT_3D('',#5508,#5509,#5510);
#4566=CARTESIAN_POINT('',(-15.367226066308,23.827533476031,-21.315347899439));
#4567=VECTOR('',#5511,0.8535);
#4568=AXIS2_PLACEMENT_3D('',#5512,#5513,#5514);
#4569=CARTESIAN_POINT('',(-12.617226066308,22.974033476031,-17.476373954529));
#4570=CARTESIAN_POINT('',(-18.117226066308,22.974033476031,-17.476373954529));
#4571=AXIS2_PLACEMENT_3D('',#5515,#5516,#5517);
#4572=AXIS2_PLACEMENT_3D('',#5518,#5519,#5520);
#4573=CARTESIAN_POINT('',(10.032773996572,22.974033476031,-21.315347899439));
#4574=AXIS2_PLACEMENT_3D('',#5521,#5522,#5523);
#4575=AXIS2_PLACEMENT_3D('',#5524,#5525,#5526);
#4576=CARTESIAN_POINT('',(12.782773996572,22.974033476031,-17.476373954529));
#4577=CARTESIAN_POINT('',(7.282773996572,22.974033476031,-17.476373954529));
#4578=AXIS2_PLACEMENT_3D('',#5527,#5528,#5529);
#4579=AXIS2_PLACEMENT_3D('',#5530,#5531,#5532);
#4580=CARTESIAN_POINT('',(11.302773965162,22.974033476031,21.864652151201));
#4581=AXIS2_PLACEMENT_3D('',#5533,#5534,#5535);
#4582=AXIS2_PLACEMENT_3D('',#5536,#5537,#5538);
#4583=CARTESIAN_POINT('',(14.052773965162,22.974033476031,25.703626096111));
#4584=CARTESIAN_POINT('',(8.552773965162,22.974033476031,25.703626096111));
#4585=AXIS2_PLACEMENT_3D('',#5539,#5540,#5541);
#4586=AXIS2_PLACEMENT_3D('',#5542,#5543,#5544);
#4587=CARTESIAN_POINT('',(-16.637226034898,22.974033476031,21.864652151201));
#4588=AXIS2_PLACEMENT_3D('',#5545,#5546,#5547);
#4589=AXIS2_PLACEMENT_3D('',#5548,#5549,#5550);
#4590=CARTESIAN_POINT('',(-13.887226034898,22.974033476031,25.703626096111));
#4591=CARTESIAN_POINT('',(-19.387226034898,22.974033476031,25.703626096111));
#4592=AXIS2_PLACEMENT_3D('',#5551,#5552,#5553);
#4593=AXIS2_PLACEMENT_3D('',#5554,#5555,#5556);
#4594=CARTESIAN_POINT('',(10.032773996572,23.827533476031,-21.315347899439));
#4595=VECTOR('',#5557,0.8535);
#4596=CARTESIAN_POINT('',(11.302773965162,23.827533476031,21.864652151201));
#4597=VECTOR('',#5558,0.8535);
#4598=CARTESIAN_POINT('',(-16.637226034898,23.827533476031,21.864652151201));
#4599=VECTOR('',#5559,0.8535);
#4600=CARTESIAN_POINT('',(12.782773996572,17.484033476031,-17.476373954529));
#4601=CARTESIAN_POINT('',(12.782773996572,22.974033476031,-17.476373954529));
#4602=VECTOR('',#5560,5.49);
#4603=CARTESIAN_POINT('',(7.282773996572,17.484033476031,-17.476373954529));
#4604=AXIS2_PLACEMENT_3D('',#5561,#5562,#5563);
#4605=CARTESIAN_POINT('',(7.282773996572,22.974033476031,-17.476373954529));
#4606=VECTOR('',#5564,5.49);
#4607=AXIS2_PLACEMENT_3D('',#5565,#5566,#5567);
#4608=CARTESIAN_POINT('',(11.707773996572,17.484033476031,-17.676898785229));
#4609=CARTESIAN_POINT('',(8.357773996572,17.484033476031,-17.676898785229));
#4610=AXIS2_PLACEMENT_3D('',#5568,#5569,#5570);
#4611=AXIS2_PLACEMENT_3D('',#5571,#5572,#5573);
#4612=CARTESIAN_POINT('',(-12.617226066308,17.484033476031,-17.476373954529));
#4613=CARTESIAN_POINT('',(-18.117226066308,17.484033476031,-17.476373954529));
#4614=AXIS2_PLACEMENT_3D('',#5574,#5575,#5576);
#4615=AXIS2_PLACEMENT_3D('',#5577,#5578,#5579);
#4616=CARTESIAN_POINT('',(-13.692226066308,17.484033476031,-17.676898785229));
#4617=CARTESIAN_POINT('',(-17.042226066308,17.484033476031,-17.676898785229));
#4618=AXIS2_PLACEMENT_3D('',#5580,#5581,#5582);
#4619=AXIS2_PLACEMENT_3D('',#5583,#5584,#5585);
#4620=CARTESIAN_POINT('',(14.052773965162,17.484033476031,25.703626096111));
#4621=CARTESIAN_POINT('',(8.552773965162,17.484033476031,25.703626096111));
#4622=AXIS2_PLACEMENT_3D('',#5586,#5587,#5588);
#4623=AXIS2_PLACEMENT_3D('',#5589,#5590,#5591);
#4624=CARTESIAN_POINT('',(12.977773965162,17.484033476031,25.703626096111));
#4625=CARTESIAN_POINT('',(9.627773965162,17.484033476031,25.703626096111));
#4626=AXIS2_PLACEMENT_3D('',#5592,#5593,#5594);
#4627=AXIS2_PLACEMENT_3D('',#5595,#5596,#5597);
#4628=CARTESIAN_POINT('',(-13.887226034898,17.484033476031,25.703626096111));
#4629=CARTESIAN_POINT('',(-19.387226034898,17.484033476031,25.703626096111));
#4630=AXIS2_PLACEMENT_3D('',#5598,#5599,#5600);
#4631=AXIS2_PLACEMENT_3D('',#5601,#5602,#5603);
#4632=CARTESIAN_POINT('',(-14.962226034898,17.484033476031,25.703626096111));
#4633=CARTESIAN_POINT('',(-18.312226034898,17.484033476031,25.703626096111));
#4634=AXIS2_PLACEMENT_3D('',#5604,#5605,#5606);
#4635=AXIS2_PLACEMENT_3D('',#5607,#5608,#5609);
#4636=CARTESIAN_POINT('',(-12.617226066308,22.974033476031,-17.476373954529));
#4637=VECTOR('',#5610,5.49);
#4638=CARTESIAN_POINT('',(-18.117226066308,22.974033476031,-17.476373954529));
#4639=VECTOR('',#5611,5.49);
#4640=CARTESIAN_POINT('',(14.052773965162,22.974033476031,25.703626096111));
#4641=VECTOR('',#5612,5.49);
#4642=CARTESIAN_POINT('',(8.552773965162,22.974033476031,25.703626096111));
#4643=VECTOR('',#5613,5.49);
#4644=CARTESIAN_POINT('',(-13.887226034898,22.974033476031,25.703626096111));
#4645=VECTOR('',#5614,5.49);
#4646=CARTESIAN_POINT('',(-19.387226034898,22.974033476031,25.703626096111));
#4647=VECTOR('',#5615,5.49);
#4648=CARTESIAN_POINT('',(11.707773996572,9.984033476031,-17.676898785229));
#4649=CARTESIAN_POINT('',(11.707773996572,17.484033476031,-17.676898785229));
#4650=VECTOR('',#5616,7.5);
#4651=CARTESIAN_POINT('',(8.357773996572,9.984033476031,-17.676898785229));
#4652=AXIS2_PLACEMENT_3D('',#5617,#5618,#5619);
#4653=CARTESIAN_POINT('',(8.357773996572,17.484033476031,-17.676898785229));
#4654=VECTOR('',#5620,7.5);
#4655=AXIS2_PLACEMENT_3D('',#5621,#5622,#5623);
#4656=CARTESIAN_POINT('',(-13.692226066308,9.984033476031,-17.676898785229));
#4657=CARTESIAN_POINT('',(-17.042226066308,9.984033476031,-17.676898785229));
#4658=AXIS2_PLACEMENT_3D('',#5624,#5625,#5626);
#4659=AXIS2_PLACEMENT_3D('',#5627,#5628,#5629);
#4660=CARTESIAN_POINT('',(12.977773965162,9.984033476031,25.703626096111));
#4661=CARTESIAN_POINT('',(9.627773965162,9.984033476031,25.703626096111));
#4662=AXIS2_PLACEMENT_3D('',#5630,#5631,#5632);
#4663=AXIS2_PLACEMENT_3D('',#5633,#5634,#5635);
#4664=CARTESIAN_POINT('',(-14.962226034898,9.984033476031,25.703626096111));
#4665=CARTESIAN_POINT('',(-18.312226034898,9.984033476031,25.703626096111));
#4666=AXIS2_PLACEMENT_3D('',#5636,#5637,#5638);
#4667=AXIS2_PLACEMENT_3D('',#5639,#5640,#5641);
#4668=CARTESIAN_POINT('',(-13.692226066308,17.484033476031,-17.676898785229));
#4669=VECTOR('',#5642,7.5);
#4670=CARTESIAN_POINT('',(-17.042226066308,17.484033476031,-17.676898785229));
#4671=VECTOR('',#5643,7.5);
#4672=CARTESIAN_POINT('',(12.977773965162,17.484033476031,25.703626096111));
#4673=VECTOR('',#5644,7.5);
#4674=CARTESIAN_POINT('',(9.627773965162,17.484033476031,25.703626096111));
#4675=VECTOR('',#5645,7.5);
#4676=CARTESIAN_POINT('',(-14.962226034898,17.484033476031,25.703626096111));
#4677=VECTOR('',#5646,7.5);
#4678=CARTESIAN_POINT('',(-18.312226034898,17.484033476031,25.703626096111));
#4679=VECTOR('',#5647,7.5);
#4680=CARTESIAN_POINT('',(-2.667226034868,0.227533476031,30.293535128111));
#4681=VECTOR('',#5648,3.19);
#4682=CARTESIAN_POINT('',(-14.8872260349,9.974033476031,25.70362609611));
#4683=CARTESIAN_POINT('',(-18.3872260349,9.974033476031,25.70362609611));
#4684=AXIS2_PLACEMENT_3D('',#5649,#5650,#5651);
#4685=AXIS2_PLACEMENT_3D('',#5652,#5653,#5654);
#4686=CARTESIAN_POINT('',(-18.3872260349,17.484033476031,25.70362609611));
#4687=CARTESIAN_POINT('',(-18.3872260349,9.974033476031,25.70362609611));
#4688=VECTOR('',#5655,7.51);
#4689=CARTESIAN_POINT('',(-14.8872260349,17.484033476031,25.70362609611));
#4690=AXIS2_PLACEMENT_3D('',#5656,#5657,#5658);
#4691=CARTESIAN_POINT('',(-14.8872260349,9.974033476031,25.70362609611));
#4692=VECTOR('',#5659,7.51);
#4693=AXIS2_PLACEMENT_3D('',#5660,#5661,#5662);
#4694=CARTESIAN_POINT('',(-13.8572260349,17.484033476031,25.70362609611));
#4695=CARTESIAN_POINT('',(-19.4172260349,17.484033476031,25.70362609611));
#4696=AXIS2_PLACEMENT_3D('',#5663,#5664,#5665);
#4697=AXIS2_PLACEMENT_3D('',#5666,#5667,#5668);
#4698=CARTESIAN_POINT('',(-19.4172260349,23.834033476031,25.70362609611));
#4699=CARTESIAN_POINT('',(-19.4172260349,17.484033476031,25.70362609611));
#4700=VECTOR('',#5669,6.35);
#4701=CARTESIAN_POINT('',(-13.8572260349,23.834033476031,25.70362609611));
#4702=AXIS2_PLACEMENT_3D('',#5670,#5671,#5672);
#4703=CARTESIAN_POINT('',(-13.8572260349,17.484033476031,25.70362609611));
#4704=VECTOR('',#5673,6.35);
#4705=AXIS2_PLACEMENT_3D('',#5674,#5675,#5676);
#4706=CARTESIAN_POINT('',(-16.2372260349,23.834033476031,23.80362609611));
#4707=CARTESIAN_POINT('',(-17.0372260349,23.834033476031,23.80362609611));
#4708=CARTESIAN_POINT('',(-16.2372260349,23.834033476031,23.80362609611));
#4709=VECTOR('',#5677,0.8);
#4710=CARTESIAN_POINT('',(-16.2372260349,23.834033476031,25.30362609611));
#4711=CARTESIAN_POINT('',(-16.2372260349,23.834033476031,25.30362609611));
#4712=VECTOR('',#5678,1.5);
#4713=CARTESIAN_POINT('',(-14.7372260349,23.834033476031,25.30362609611));
#4714=CARTESIAN_POINT('',(-14.7372260349,23.834033476031,25.30362609611));
#4715=VECTOR('',#5679,1.5);
#4716=CARTESIAN_POINT('',(-14.7372260349,23.834033476031,26.10362609611));
#4717=CARTESIAN_POINT('',(-14.7372260349,23.834033476031,26.10362609611));
#4718=VECTOR('',#5680,0.8);
#4719=CARTESIAN_POINT('',(-16.2372260349,23.834033476031,26.10362609611));
#4720=CARTESIAN_POINT('',(-16.2372260349,23.834033476031,26.10362609611));
#4721=VECTOR('',#5681,1.5);
#4722=CARTESIAN_POINT('',(-16.2372260349,23.834033476031,27.60362609611));
#4723=CARTESIAN_POINT('',(-16.2372260349,23.834033476031,27.60362609611));
#4724=VECTOR('',#5682,1.5);
#4725=CARTESIAN_POINT('',(-17.0372260349,23.834033476031,27.60362609611));
#4726=CARTESIAN_POINT('',(-17.0372260349,23.834033476031,27.60362609611));
#4727=VECTOR('',#5683,0.8);
#4728=CARTESIAN_POINT('',(-17.0372260349,23.834033476031,26.10362609611));
#4729=CARTESIAN_POINT('',(-17.0372260349,23.834033476031,26.10362609611));
#4730=VECTOR('',#5684,1.5);
#4731=CARTESIAN_POINT('',(-18.5372260349,23.834033476031,26.10362609611));
#4732=CARTESIAN_POINT('',(-18.5372260349,23.834033476031,26.10362609611));
#4733=VECTOR('',#5685,1.5);
#4734=CARTESIAN_POINT('',(-18.5372260349,23.834033476031,25.30362609611));
#4735=CARTESIAN_POINT('',(-18.5372260349,23.834033476031,25.30362609611));
#4736=VECTOR('',#5686,0.8);
#4737=CARTESIAN_POINT('',(-17.0372260349,23.834033476031,25.30362609611));
#4738=CARTESIAN_POINT('',(-17.0372260349,23.834033476031,25.30362609611));
#4739=VECTOR('',#5687,1.5);
#4740=CARTESIAN_POINT('',(-17.0372260349,23.834033476031,23.80362609611));
#4741=VECTOR('',#5688,1.5);
#4742=CARTESIAN_POINT('',(-17.0372260349,23.534033476031,25.30362609611));
#4743=CARTESIAN_POINT('',(-17.0372260349,23.834033476031,25.30362609611));
#4744=VECTOR('',#5689,0.3);
#4745=CARTESIAN_POINT('',(-17.0372260349,23.534033476031,23.80362609611));
#4746=CARTESIAN_POINT('',(-17.0372260349,23.534033476031,23.80362609611));
#4747=VECTOR('',#5690,1.5);
#4748=CARTESIAN_POINT('',(-17.0372260349,23.834033476031,23.80362609611));
#4749=VECTOR('',#5691,0.3);
#4750=CARTESIAN_POINT('',(-16.2372260349,23.534033476031,23.80362609611));
#4751=CARTESIAN_POINT('',(-16.2372260349,23.534033476031,23.80362609611));
#4752=VECTOR('',#5692,0.8);
#4753=CARTESIAN_POINT('',(-16.2372260349,23.834033476031,23.80362609611));
#4754=VECTOR('',#5693,0.3);
#4755=CARTESIAN_POINT('',(-16.2372260349,23.534033476031,25.30362609611));
#4756=CARTESIAN_POINT('',(-16.2372260349,23.534033476031,25.30362609611));
#4757=VECTOR('',#5694,1.5);
#4758=CARTESIAN_POINT('',(-16.2372260349,23.834033476031,25.30362609611));
#4759=VECTOR('',#5695,0.3);
#4760=CARTESIAN_POINT('',(-14.7372260349,23.534033476031,25.30362609611));
#4761=CARTESIAN_POINT('',(-14.7372260349,23.534033476031,25.30362609611));
#4762=VECTOR('',#5696,1.5);
#4763=CARTESIAN_POINT('',(-14.7372260349,23.834033476031,25.30362609611));
#4764=VECTOR('',#5697,0.3);
#4765=CARTESIAN_POINT('',(-14.7372260349,23.534033476031,26.10362609611));
#4766=CARTESIAN_POINT('',(-14.7372260349,23.534033476031,26.10362609611));
#4767=VECTOR('',#5698,0.8);
#4768=CARTESIAN_POINT('',(-14.7372260349,23.834033476031,26.10362609611));
#4769=VECTOR('',#5699,0.3);
#4770=CARTESIAN_POINT('',(-16.2372260349,23.534033476031,26.10362609611));
#4771=CARTESIAN_POINT('',(-16.2372260349,23.534033476031,26.10362609611));
#4772=VECTOR('',#5700,1.5);
#4773=CARTESIAN_POINT('',(-16.2372260349,23.834033476031,26.10362609611));
#4774=VECTOR('',#5701,0.3);
#4775=CARTESIAN_POINT('',(-16.2372260349,23.534033476031,27.60362609611));
#4776=CARTESIAN_POINT('',(-16.2372260349,23.534033476031,27.60362609611));
#4777=VECTOR('',#5702,1.5);
#4778=CARTESIAN_POINT('',(-16.2372260349,23.834033476031,27.60362609611));
#4779=VECTOR('',#5703,0.3);
#4780=CARTESIAN_POINT('',(-17.0372260349,23.534033476031,27.60362609611));
#4781=CARTESIAN_POINT('',(-17.0372260349,23.534033476031,27.60362609611));
#4782=VECTOR('',#5704,0.8);
#4783=CARTESIAN_POINT('',(-17.0372260349,23.834033476031,27.60362609611));
#4784=VECTOR('',#5705,0.3);
#4785=CARTESIAN_POINT('',(-17.0372260349,23.534033476031,26.10362609611));
#4786=CARTESIAN_POINT('',(-17.0372260349,23.534033476031,26.10362609611));
#4787=VECTOR('',#5706,1.5);
#4788=CARTESIAN_POINT('',(-17.0372260349,23.834033476031,26.10362609611));
#4789=VECTOR('',#5707,0.3);
#4790=CARTESIAN_POINT('',(-18.5372260349,23.534033476031,26.10362609611));
#4791=CARTESIAN_POINT('',(-18.5372260349,23.534033476031,26.10362609611));
#4792=VECTOR('',#5708,1.5);
#4793=CARTESIAN_POINT('',(-18.5372260349,23.834033476031,26.10362609611));
#4794=VECTOR('',#5709,0.3);
#4795=CARTESIAN_POINT('',(-18.5372260349,23.534033476031,25.30362609611));
#4796=CARTESIAN_POINT('',(-18.5372260349,23.534033476031,25.30362609611));
#4797=VECTOR('',#5710,0.8);
#4798=CARTESIAN_POINT('',(-18.5372260349,23.834033476031,25.30362609611));
#4799=VECTOR('',#5711,0.3);
#4800=CARTESIAN_POINT('',(-17.0372260349,23.534033476031,25.30362609611));
#4801=VECTOR('',#5712,1.5);
#4802=CARTESIAN_POINT('',(13.05277396516,9.974033476031,25.70362609611));
#4803=CARTESIAN_POINT('',(9.55277396516,9.974033476031,25.70362609611));
#4804=AXIS2_PLACEMENT_3D('',#5713,#5714,#5715);
#4805=AXIS2_PLACEMENT_3D('',#5716,#5717,#5718);
#4806=CARTESIAN_POINT('',(9.55277396516,17.484033476031,25.70362609611));
#4807=CARTESIAN_POINT('',(9.55277396516,9.974033476031,25.70362609611));
#4808=VECTOR('',#5719,7.51);
#4809=CARTESIAN_POINT('',(13.05277396516,17.484033476031,25.70362609611));
#4810=AXIS2_PLACEMENT_3D('',#5720,#5721,#5722);
#4811=CARTESIAN_POINT('',(13.05277396516,9.974033476031,25.70362609611));
#4812=VECTOR('',#5723,7.51);
#4813=AXIS2_PLACEMENT_3D('',#5724,#5725,#5726);
#4814=CARTESIAN_POINT('',(14.08277396516,17.484033476031,25.70362609611));
#4815=CARTESIAN_POINT('',(8.52277396516,17.484033476031,25.70362609611));
#4816=AXIS2_PLACEMENT_3D('',#5727,#5728,#5729);
#4817=AXIS2_PLACEMENT_3D('',#5730,#5731,#5732);
#4818=CARTESIAN_POINT('',(8.52277396516,23.834033476031,25.70362609611));
#4819=CARTESIAN_POINT('',(8.52277396516,17.484033476031,25.70362609611));
#4820=VECTOR('',#5733,6.35);
#4821=CARTESIAN_POINT('',(14.08277396516,23.834033476031,25.70362609611));
#4822=AXIS2_PLACEMENT_3D('',#5734,#5735,#5736);
#4823=CARTESIAN_POINT('',(14.08277396516,17.484033476031,25.70362609611));
#4824=VECTOR('',#5737,6.35);
#4825=AXIS2_PLACEMENT_3D('',#5738,#5739,#5740);
#4826=CARTESIAN_POINT('',(11.70277396516,23.834033476031,23.80362609611));
#4827=CARTESIAN_POINT('',(10.90277396516,23.834033476031,23.80362609611));
#4828=CARTESIAN_POINT('',(11.70277396516,23.834033476031,23.80362609611));
#4829=VECTOR('',#5741,0.8);
#4830=CARTESIAN_POINT('',(11.70277396516,23.834033476031,25.30362609611));
#4831=CARTESIAN_POINT('',(11.70277396516,23.834033476031,25.30362609611));
#4832=VECTOR('',#5742,1.5);
#4833=CARTESIAN_POINT('',(13.20277396516,23.834033476031,25.30362609611));
#4834=CARTESIAN_POINT('',(13.20277396516,23.834033476031,25.30362609611));
#4835=VECTOR('',#5743,1.5);
#4836=CARTESIAN_POINT('',(13.20277396516,23.834033476031,26.10362609611));
#4837=CARTESIAN_POINT('',(13.20277396516,23.834033476031,26.10362609611));
#4838=VECTOR('',#5744,0.8);
#4839=CARTESIAN_POINT('',(11.70277396516,23.834033476031,26.10362609611));
#4840=CARTESIAN_POINT('',(11.70277396516,23.834033476031,26.10362609611));
#4841=VECTOR('',#5745,1.5);
#4842=CARTESIAN_POINT('',(11.70277396516,23.834033476031,27.60362609611));
#4843=CARTESIAN_POINT('',(11.70277396516,23.834033476031,27.60362609611));
#4844=VECTOR('',#5746,1.5);
#4845=CARTESIAN_POINT('',(10.90277396516,23.834033476031,27.60362609611));
#4846=CARTESIAN_POINT('',(10.90277396516,23.834033476031,27.60362609611));
#4847=VECTOR('',#5747,0.8);
#4848=CARTESIAN_POINT('',(10.90277396516,23.834033476031,26.10362609611));
#4849=CARTESIAN_POINT('',(10.90277396516,23.834033476031,26.10362609611));
#4850=VECTOR('',#5748,1.5);
#4851=CARTESIAN_POINT('',(9.40277396516,23.834033476031,26.10362609611));
#4852=CARTESIAN_POINT('',(9.40277396516,23.834033476031,26.10362609611));
#4853=VECTOR('',#5749,1.5);
#4854=CARTESIAN_POINT('',(9.40277396516,23.834033476031,25.30362609611));
#4855=CARTESIAN_POINT('',(9.40277396516,23.834033476031,25.30362609611));
#4856=VECTOR('',#5750,0.8);
#4857=CARTESIAN_POINT('',(10.90277396516,23.834033476031,25.30362609611));
#4858=CARTESIAN_POINT('',(10.90277396516,23.834033476031,25.30362609611));
#4859=VECTOR('',#5751,1.5);
#4860=CARTESIAN_POINT('',(10.90277396516,23.834033476031,23.80362609611));
#4861=VECTOR('',#5752,1.5);
#4862=CARTESIAN_POINT('',(10.90277396516,23.534033476031,25.30362609611));
#4863=CARTESIAN_POINT('',(10.90277396516,23.834033476031,25.30362609611));
#4864=VECTOR('',#5753,0.3);
#4865=CARTESIAN_POINT('',(10.90277396516,23.534033476031,23.80362609611));
#4866=CARTESIAN_POINT('',(10.90277396516,23.534033476031,23.80362609611));
#4867=VECTOR('',#5754,1.5);
#4868=CARTESIAN_POINT('',(10.90277396516,23.834033476031,23.80362609611));
#4869=VECTOR('',#5755,0.3);
#4870=CARTESIAN_POINT('',(11.70277396516,23.534033476031,23.80362609611));
#4871=CARTESIAN_POINT('',(11.70277396516,23.534033476031,23.80362609611));
#4872=VECTOR('',#5756,0.8);
#4873=CARTESIAN_POINT('',(11.70277396516,23.834033476031,23.80362609611));
#4874=VECTOR('',#5757,0.3);
#4875=CARTESIAN_POINT('',(11.70277396516,23.534033476031,25.30362609611));
#4876=CARTESIAN_POINT('',(11.70277396516,23.534033476031,25.30362609611));
#4877=VECTOR('',#5758,1.5);
#4878=CARTESIAN_POINT('',(11.70277396516,23.834033476031,25.30362609611));
#4879=VECTOR('',#5759,0.3);
#4880=CARTESIAN_POINT('',(13.20277396516,23.534033476031,25.30362609611));
#4881=CARTESIAN_POINT('',(13.20277396516,23.534033476031,25.30362609611));
#4882=VECTOR('',#5760,1.5);
#4883=CARTESIAN_POINT('',(13.20277396516,23.834033476031,25.30362609611));
#4884=VECTOR('',#5761,0.3);
#4885=CARTESIAN_POINT('',(13.20277396516,23.534033476031,26.10362609611));
#4886=CARTESIAN_POINT('',(13.20277396516,23.534033476031,26.10362609611));
#4887=VECTOR('',#5762,0.8);
#4888=CARTESIAN_POINT('',(13.20277396516,23.834033476031,26.10362609611));
#4889=VECTOR('',#5763,0.3);
#4890=CARTESIAN_POINT('',(11.70277396516,23.534033476031,26.10362609611));
#4891=CARTESIAN_POINT('',(11.70277396516,23.534033476031,26.10362609611));
#4892=VECTOR('',#5764,1.5);
#4893=CARTESIAN_POINT('',(11.70277396516,23.834033476031,26.10362609611));
#4894=VECTOR('',#5765,0.3);
#4895=CARTESIAN_POINT('',(11.70277396516,23.534033476031,27.60362609611));
#4896=CARTESIAN_POINT('',(11.70277396516,23.534033476031,27.60362609611));
#4897=VECTOR('',#5766,1.5);
#4898=CARTESIAN_POINT('',(11.70277396516,23.834033476031,27.60362609611));
#4899=VECTOR('',#5767,0.3);
#4900=CARTESIAN_POINT('',(10.90277396516,23.534033476031,27.60362609611));
#4901=CARTESIAN_POINT('',(10.90277396516,23.534033476031,27.60362609611));
#4902=VECTOR('',#5768,0.8);
#4903=CARTESIAN_POINT('',(10.90277396516,23.834033476031,27.60362609611));
#4904=VECTOR('',#5769,0.3);
#4905=CARTESIAN_POINT('',(10.90277396516,23.534033476031,26.10362609611));
#4906=CARTESIAN_POINT('',(10.90277396516,23.534033476031,26.10362609611));
#4907=VECTOR('',#5770,1.5);
#4908=CARTESIAN_POINT('',(10.90277396516,23.834033476031,26.10362609611));
#4909=VECTOR('',#5771,0.3);
#4910=CARTESIAN_POINT('',(9.40277396516,23.534033476031,26.10362609611));
#4911=CARTESIAN_POINT('',(9.40277396516,23.534033476031,26.10362609611));
#4912=VECTOR('',#5772,1.5);
#4913=CARTESIAN_POINT('',(9.40277396516,23.834033476031,26.10362609611));
#4914=VECTOR('',#5773,0.3);
#4915=CARTESIAN_POINT('',(9.40277396516,23.534033476031,25.30362609611));
#4916=CARTESIAN_POINT('',(9.40277396516,23.534033476031,25.30362609611));
#4917=VECTOR('',#5774,0.8);
#4918=CARTESIAN_POINT('',(9.40277396516,23.834033476031,25.30362609611));
#4919=VECTOR('',#5775,0.3);
#4920=CARTESIAN_POINT('',(10.90277396516,23.534033476031,25.30362609611));
#4921=VECTOR('',#5776,1.5);
#4922=CARTESIAN_POINT('',(-13.61722606631,9.974033476031,-17.47637395453));
#4923=CARTESIAN_POINT('',(-17.11722606631,9.974033476031,-17.47637395453));
#4924=AXIS2_PLACEMENT_3D('',#5777,#5778,#5779);
#4925=AXIS2_PLACEMENT_3D('',#5780,#5781,#5782);
#4926=CARTESIAN_POINT('',(-17.11722606631,17.484033476031,-17.47637395453));
#4927=CARTESIAN_POINT('',(-17.11722606631,9.974033476031,-17.47637395453));
#4928=VECTOR('',#5783,7.51);
#4929=CARTESIAN_POINT('',(-13.61722606631,17.484033476031,-17.47637395453));
#4930=AXIS2_PLACEMENT_3D('',#5784,#5785,#5786);
#4931=CARTESIAN_POINT('',(-13.61722606631,9.974033476031,-17.47637395453));
#4932=VECTOR('',#5787,7.51);
#4933=AXIS2_PLACEMENT_3D('',#5788,#5789,#5790);
#4934=CARTESIAN_POINT('',(-12.58722606631,17.484033476031,-17.47637395453));
#4935=CARTESIAN_POINT('',(-18.14722606631,17.484033476031,-17.47637395453));
#4936=AXIS2_PLACEMENT_3D('',#5791,#5792,#5793);
#4937=AXIS2_PLACEMENT_3D('',#5794,#5795,#5796);
#4938=CARTESIAN_POINT('',(-18.14722606631,23.834033476031,-17.47637395453));
#4939=CARTESIAN_POINT('',(-18.14722606631,17.484033476031,-17.47637395453));
#4940=VECTOR('',#5797,6.35);
#4941=CARTESIAN_POINT('',(-12.58722606631,23.834033476031,-17.47637395453));
#4942=AXIS2_PLACEMENT_3D('',#5798,#5799,#5800);
#4943=CARTESIAN_POINT('',(-12.58722606631,17.484033476031,-17.47637395453));
#4944=VECTOR('',#5801,6.35);
#4945=AXIS2_PLACEMENT_3D('',#5802,#5803,#5804);
#4946=CARTESIAN_POINT('',(-14.96722606631,23.834033476031,-19.37637395453));
#4947=CARTESIAN_POINT('',(-15.76722606631,23.834033476031,-19.37637395453));
#4948=CARTESIAN_POINT('',(-14.96722606631,23.834033476031,-19.37637395453));
#4949=VECTOR('',#5805,0.8);
#4950=CARTESIAN_POINT('',(-14.96722606631,23.834033476031,-17.87637395453));
#4951=CARTESIAN_POINT('',(-14.96722606631,23.834033476031,-17.87637395453));
#4952=VECTOR('',#5806,1.5);
#4953=CARTESIAN_POINT('',(-13.46722606631,23.834033476031,-17.87637395453));
#4954=CARTESIAN_POINT('',(-13.46722606631,23.834033476031,-17.87637395453));
#4955=VECTOR('',#5807,1.5);
#4956=CARTESIAN_POINT('',(-13.46722606631,23.834033476031,-17.07637395453));
#4957=CARTESIAN_POINT('',(-13.46722606631,23.834033476031,-17.07637395453));
#4958=VECTOR('',#5808,0.8);
#4959=CARTESIAN_POINT('',(-14.96722606631,23.834033476031,-17.07637395453));
#4960=CARTESIAN_POINT('',(-14.96722606631,23.834033476031,-17.07637395453));
#4961=VECTOR('',#5809,1.5);
#4962=CARTESIAN_POINT('',(-14.96722606631,23.834033476031,-15.57637395453));
#4963=CARTESIAN_POINT('',(-14.96722606631,23.834033476031,-15.57637395453));
#4964=VECTOR('',#5810,1.5);
#4965=CARTESIAN_POINT('',(-15.76722606631,23.834033476031,-15.57637395453));
#4966=CARTESIAN_POINT('',(-15.76722606631,23.834033476031,-15.57637395453));
#4967=VECTOR('',#5811,0.8);
#4968=CARTESIAN_POINT('',(-15.76722606631,23.834033476031,-17.07637395453));
#4969=CARTESIAN_POINT('',(-15.76722606631,23.834033476031,-17.07637395453));
#4970=VECTOR('',#5812,1.5);
#4971=CARTESIAN_POINT('',(-17.26722606631,23.834033476031,-17.07637395453));
#4972=CARTESIAN_POINT('',(-17.26722606631,23.834033476031,-17.07637395453));
#4973=VECTOR('',#5813,1.5);
#4974=CARTESIAN_POINT('',(-17.26722606631,23.834033476031,-17.87637395453));
#4975=CARTESIAN_POINT('',(-17.26722606631,23.834033476031,-17.87637395453));
#4976=VECTOR('',#5814,0.8);
#4977=CARTESIAN_POINT('',(-15.76722606631,23.834033476031,-17.87637395453));
#4978=CARTESIAN_POINT('',(-15.76722606631,23.834033476031,-17.87637395453));
#4979=VECTOR('',#5815,1.5);
#4980=CARTESIAN_POINT('',(-15.76722606631,23.834033476031,-19.37637395453));
#4981=VECTOR('',#5816,1.5);
#4982=CARTESIAN_POINT('',(-15.76722606631,23.534033476031,-17.87637395453));
#4983=CARTESIAN_POINT('',(-15.76722606631,23.834033476031,-17.87637395453));
#4984=VECTOR('',#5817,0.3);
#4985=CARTESIAN_POINT('',(-15.76722606631,23.534033476031,-19.37637395453));
#4986=CARTESIAN_POINT('',(-15.76722606631,23.534033476031,-19.37637395453));
#4987=VECTOR('',#5818,1.5);
#4988=CARTESIAN_POINT('',(-15.76722606631,23.834033476031,-19.37637395453));
#4989=VECTOR('',#5819,0.3);
#4990=CARTESIAN_POINT('',(-14.96722606631,23.534033476031,-19.37637395453));
#4991=CARTESIAN_POINT('',(-14.96722606631,23.534033476031,-19.37637395453));
#4992=VECTOR('',#5820,0.8);
#4993=CARTESIAN_POINT('',(-14.96722606631,23.834033476031,-19.37637395453));
#4994=VECTOR('',#5821,0.3);
#4995=CARTESIAN_POINT('',(-14.96722606631,23.534033476031,-17.87637395453));
#4996=CARTESIAN_POINT('',(-14.96722606631,23.534033476031,-17.87637395453));
#4997=VECTOR('',#5822,1.5);
#4998=CARTESIAN_POINT('',(-14.96722606631,23.834033476031,-17.87637395453));
#4999=VECTOR('',#5823,0.3);
#5000=CARTESIAN_POINT('',(-13.46722606631,23.534033476031,-17.87637395453));
#5001=CARTESIAN_POINT('',(-13.46722606631,23.534033476031,-17.87637395453));
#5002=VECTOR('',#5824,1.5);
#5003=CARTESIAN_POINT('',(-13.46722606631,23.834033476031,-17.87637395453));
#5004=VECTOR('',#5825,0.3);
#5005=CARTESIAN_POINT('',(-13.46722606631,23.534033476031,-17.07637395453));
#5006=CARTESIAN_POINT('',(-13.46722606631,23.534033476031,-17.07637395453));
#5007=VECTOR('',#5826,0.8);
#5008=CARTESIAN_POINT('',(-13.46722606631,23.834033476031,-17.07637395453));
#5009=VECTOR('',#5827,0.3);
#5010=CARTESIAN_POINT('',(-14.96722606631,23.534033476031,-17.07637395453));
#5011=CARTESIAN_POINT('',(-14.96722606631,23.534033476031,-17.07637395453));
#5012=VECTOR('',#5828,1.5);
#5013=CARTESIAN_POINT('',(-14.96722606631,23.834033476031,-17.07637395453));
#5014=VECTOR('',#5829,0.3);
#5015=CARTESIAN_POINT('',(-14.96722606631,23.534033476031,-15.57637395453));
#5016=CARTESIAN_POINT('',(-14.96722606631,23.534033476031,-15.57637395453));
#5017=VECTOR('',#5830,1.5);
#5018=CARTESIAN_POINT('',(-14.96722606631,23.834033476031,-15.57637395453));
#5019=VECTOR('',#5831,0.3);
#5020=CARTESIAN_POINT('',(-15.76722606631,23.534033476031,-15.57637395453));
#5021=CARTESIAN_POINT('',(-15.76722606631,23.534033476031,-15.57637395453));
#5022=VECTOR('',#5832,0.8);
#5023=CARTESIAN_POINT('',(-15.76722606631,23.834033476031,-15.57637395453));
#5024=VECTOR('',#5833,0.3);
#5025=CARTESIAN_POINT('',(-15.76722606631,23.534033476031,-17.07637395453));
#5026=CARTESIAN_POINT('',(-15.76722606631,23.534033476031,-17.07637395453));
#5027=VECTOR('',#5834,1.5);
#5028=CARTESIAN_POINT('',(-15.76722606631,23.834033476031,-17.07637395453));
#5029=VECTOR('',#5835,0.3);
#5030=CARTESIAN_POINT('',(-17.26722606631,23.534033476031,-17.07637395453));
#5031=CARTESIAN_POINT('',(-17.26722606631,23.534033476031,-17.07637395453));
#5032=VECTOR('',#5836,1.5);
#5033=CARTESIAN_POINT('',(-17.26722606631,23.834033476031,-17.07637395453));
#5034=VECTOR('',#5837,0.3);
#5035=CARTESIAN_POINT('',(-17.26722606631,23.534033476031,-17.87637395453));
#5036=CARTESIAN_POINT('',(-17.26722606631,23.534033476031,-17.87637395453));
#5037=VECTOR('',#5838,0.8);
#5038=CARTESIAN_POINT('',(-17.26722606631,23.834033476031,-17.87637395453));
#5039=VECTOR('',#5839,0.3);
#5040=CARTESIAN_POINT('',(-15.76722606631,23.534033476031,-17.87637395453));
#5041=VECTOR('',#5840,1.5);
#5042=CARTESIAN_POINT('',(11.78277399657,9.974033476031,-17.47637395453));
#5043=CARTESIAN_POINT('',(8.28277399657,9.974033476031,-17.47637395453));
#5044=AXIS2_PLACEMENT_3D('',#5841,#5842,#5843);
#5045=AXIS2_PLACEMENT_3D('',#5844,#5845,#5846);
#5046=CARTESIAN_POINT('',(8.28277399657,17.484033476031,-17.47637395453));
#5047=CARTESIAN_POINT('',(8.28277399657,9.974033476031,-17.47637395453));
#5048=VECTOR('',#5847,7.51);
#5049=CARTESIAN_POINT('',(11.78277399657,17.484033476031,-17.47637395453));
#5050=AXIS2_PLACEMENT_3D('',#5848,#5849,#5850);
#5051=CARTESIAN_POINT('',(11.78277399657,9.974033476031,-17.47637395453));
#5052=VECTOR('',#5851,7.51);
#5053=AXIS2_PLACEMENT_3D('',#5852,#5853,#5854);
#5054=CARTESIAN_POINT('',(12.81277399657,17.484033476031,-17.47637395453));
#5055=CARTESIAN_POINT('',(7.25277399657,17.484033476031,-17.47637395453));
#5056=AXIS2_PLACEMENT_3D('',#5855,#5856,#5857);
#5057=AXIS2_PLACEMENT_3D('',#5858,#5859,#5860);
#5058=CARTESIAN_POINT('',(7.25277399657,23.834033476031,-17.47637395453));
#5059=CARTESIAN_POINT('',(7.25277399657,17.484033476031,-17.47637395453));
#5060=VECTOR('',#5861,6.35);
#5061=CARTESIAN_POINT('',(12.81277399657,23.834033476031,-17.47637395453));
#5062=AXIS2_PLACEMENT_3D('',#5862,#5863,#5864);
#5063=CARTESIAN_POINT('',(12.81277399657,17.484033476031,-17.47637395453));
#5064=VECTOR('',#5865,6.35);
#5065=AXIS2_PLACEMENT_3D('',#5866,#5867,#5868);
#5066=CARTESIAN_POINT('',(10.43277399657,23.834033476031,-19.37637395453));
#5067=CARTESIAN_POINT('',(9.63277399657,23.834033476031,-19.37637395453));
#5068=CARTESIAN_POINT('',(10.43277399657,23.834033476031,-19.37637395453));
#5069=VECTOR('',#5869,0.8);
#5070=CARTESIAN_POINT('',(10.43277399657,23.834033476031,-17.87637395453));
#5071=CARTESIAN_POINT('',(10.43277399657,23.834033476031,-17.87637395453));
#5072=VECTOR('',#5870,1.5);
#5073=CARTESIAN_POINT('',(11.93277399657,23.834033476031,-17.87637395453));
#5074=CARTESIAN_POINT('',(11.93277399657,23.834033476031,-17.87637395453));
#5075=VECTOR('',#5871,1.5);
#5076=CARTESIAN_POINT('',(11.93277399657,23.834033476031,-17.07637395453));
#5077=CARTESIAN_POINT('',(11.93277399657,23.834033476031,-17.07637395453));
#5078=VECTOR('',#5872,0.8);
#5079=CARTESIAN_POINT('',(10.43277399657,23.834033476031,-17.07637395453));
#5080=CARTESIAN_POINT('',(10.43277399657,23.834033476031,-17.07637395453));
#5081=VECTOR('',#5873,1.5);
#5082=CARTESIAN_POINT('',(10.43277399657,23.834033476031,-15.57637395453));
#5083=CARTESIAN_POINT('',(10.43277399657,23.834033476031,-15.57637395453));
#5084=VECTOR('',#5874,1.5);
#5085=CARTESIAN_POINT('',(9.63277399657,23.834033476031,-15.57637395453));
#5086=CARTESIAN_POINT('',(9.63277399657,23.834033476031,-15.57637395453));
#5087=VECTOR('',#5875,0.8);
#5088=CARTESIAN_POINT('',(9.63277399657,23.834033476031,-17.07637395453));
#5089=CARTESIAN_POINT('',(9.63277399657,23.834033476031,-17.07637395453));
#5090=VECTOR('',#5876,1.5);
#5091=CARTESIAN_POINT('',(8.13277399657,23.834033476031,-17.07637395453));
#5092=CARTESIAN_POINT('',(8.13277399657,23.834033476031,-17.07637395453));
#5093=VECTOR('',#5877,1.5);
#5094=CARTESIAN_POINT('',(8.13277399657,23.834033476031,-17.87637395453));
#5095=CARTESIAN_POINT('',(8.13277399657,23.834033476031,-17.87637395453));
#5096=VECTOR('',#5878,0.8);
#5097=CARTESIAN_POINT('',(9.63277399657,23.834033476031,-17.87637395453));
#5098=CARTESIAN_POINT('',(9.63277399657,23.834033476031,-17.87637395453));
#5099=VECTOR('',#5879,1.5);
#5100=CARTESIAN_POINT('',(9.63277399657,23.834033476031,-19.37637395453));
#5101=VECTOR('',#5880,1.5);
#5102=CARTESIAN_POINT('',(9.63277399657,23.534033476031,-17.87637395453));
#5103=CARTESIAN_POINT('',(9.63277399657,23.834033476031,-17.87637395453));
#5104=VECTOR('',#5881,0.3);
#5105=CARTESIAN_POINT('',(9.63277399657,23.534033476031,-19.37637395453));
#5106=CARTESIAN_POINT('',(9.63277399657,23.534033476031,-19.37637395453));
#5107=VECTOR('',#5882,1.5);
#5108=CARTESIAN_POINT('',(9.63277399657,23.834033476031,-19.37637395453));
#5109=VECTOR('',#5883,0.3);
#5110=CARTESIAN_POINT('',(10.43277399657,23.534033476031,-19.37637395453));
#5111=CARTESIAN_POINT('',(10.43277399657,23.534033476031,-19.37637395453));
#5112=VECTOR('',#5884,0.8);
#5113=CARTESIAN_POINT('',(10.43277399657,23.834033476031,-19.37637395453));
#5114=VECTOR('',#5885,0.3);
#5115=CARTESIAN_POINT('',(10.43277399657,23.534033476031,-17.87637395453));
#5116=CARTESIAN_POINT('',(10.43277399657,23.534033476031,-17.87637395453));
#5117=VECTOR('',#5886,1.5);
#5118=CARTESIAN_POINT('',(10.43277399657,23.834033476031,-17.87637395453));
#5119=VECTOR('',#5887,0.3);
#5120=CARTESIAN_POINT('',(11.93277399657,23.534033476031,-17.87637395453));
#5121=CARTESIAN_POINT('',(11.93277399657,23.534033476031,-17.87637395453));
#5122=VECTOR('',#5888,1.5);
#5123=CARTESIAN_POINT('',(11.93277399657,23.834033476031,-17.87637395453));
#5124=VECTOR('',#5889,0.3);
#5125=CARTESIAN_POINT('',(11.93277399657,23.534033476031,-17.07637395453));
#5126=CARTESIAN_POINT('',(11.93277399657,23.534033476031,-17.07637395453));
#5127=VECTOR('',#5890,0.8);
#5128=CARTESIAN_POINT('',(11.93277399657,23.834033476031,-17.07637395453));
#5129=VECTOR('',#5891,0.3);
#5130=CARTESIAN_POINT('',(10.43277399657,23.534033476031,-17.07637395453));
#5131=CARTESIAN_POINT('',(10.43277399657,23.534033476031,-17.07637395453));
#5132=VECTOR('',#5892,1.5);
#5133=CARTESIAN_POINT('',(10.43277399657,23.834033476031,-17.07637395453));
#5134=VECTOR('',#5893,0.3);
#5135=CARTESIAN_POINT('',(10.43277399657,23.534033476031,-15.57637395453));
#5136=CARTESIAN_POINT('',(10.43277399657,23.534033476031,-15.57637395453));
#5137=VECTOR('',#5894,1.5);
#5138=CARTESIAN_POINT('',(10.43277399657,23.834033476031,-15.57637395453));
#5139=VECTOR('',#5895,0.3);
#5140=CARTESIAN_POINT('',(9.63277399657,23.534033476031,-15.57637395453));
#5141=CARTESIAN_POINT('',(9.63277399657,23.534033476031,-15.57637395453));
#5142=VECTOR('',#5896,0.8);
#5143=CARTESIAN_POINT('',(9.63277399657,23.834033476031,-15.57637395453));
#5144=VECTOR('',#5897,0.3);
#5145=CARTESIAN_POINT('',(9.63277399657,23.534033476031,-17.07637395453));
#5146=CARTESIAN_POINT('',(9.63277399657,23.534033476031,-17.07637395453));
#5147=VECTOR('',#5898,1.5);
#5148=CARTESIAN_POINT('',(9.63277399657,23.834033476031,-17.07637395453));
#5149=VECTOR('',#5899,0.3);
#5150=CARTESIAN_POINT('',(8.13277399657,23.534033476031,-17.07637395453));
#5151=CARTESIAN_POINT('',(8.13277399657,23.534033476031,-17.07637395453));
#5152=VECTOR('',#5900,1.5);
#5153=CARTESIAN_POINT('',(8.13277399657,23.834033476031,-17.07637395453));
#5154=VECTOR('',#5901,0.3);
#5155=CARTESIAN_POINT('',(8.13277399657,23.534033476031,-17.87637395453));
#5156=CARTESIAN_POINT('',(8.13277399657,23.534033476031,-17.87637395453));
#5157=VECTOR('',#5902,0.8);
#5158=CARTESIAN_POINT('',(8.13277399657,23.834033476031,-17.87637395453));
#5159=VECTOR('',#5903,0.3);
#5160=CARTESIAN_POINT('',(9.63277399657,23.534033476031,-17.87637395453));
#5161=VECTOR('',#5904,1.5);
#5162=DIRECTION('',(-0.0,-1.0,-0.0));
#5163=CARTESIAN_POINT('',(-2.667226034868,0.227533476031,27.855135128111));
#5164=DIRECTION('',(0.0,1.0,0.0));
#5165=DIRECTION('',(0.0,0.0,1.0));
#5166=DIRECTION('',(0.0,-1.0,0.0));
#5167=CARTESIAN_POINT('',(-2.667226034868,-2.962466523969,27.855135128111));
#5168=DIRECTION('',(0.0,1.0,0.0));
#5169=DIRECTION('',(0.0,0.0,1.0));
#5170=DIRECTION('',(-0.0,1.0,0.0));
#5171=CARTESIAN_POINT('',(-2.667226034868,-2.962466523969,27.855135128111));
#5172=DIRECTION('',(0.0,1.0,0.0));
#5173=DIRECTION('',(0.0,0.0,-1.0));
#5174=CARTESIAN_POINT('',(-2.667226034868,0.227533476031,27.855135128111));
#5175=DIRECTION('',(0.0,1.0,0.0));
#5176=DIRECTION('',(0.0,0.0,-1.0));
#5177=DIRECTION('',(0.0,-1.0,-0.0));
#5178=CARTESIAN_POINT('',(-16.637226034898,23.827533476031,25.703626096111));
#5179=DIRECTION('',(0.0,1.0,0.0));
#5180=DIRECTION('',(0.0,0.0,-1.0));
#5181=DIRECTION('',(0.0,-1.0,0.0));
#5182=CARTESIAN_POINT('',(-16.637226034898,22.974033476031,25.703626096111));
#5183=DIRECTION('',(0.0,1.0,0.0));
#5184=DIRECTION('',(0.0,0.0,-1.0));
#5185=DIRECTION('',(0.0,1.0,0.0));
#5186=CARTESIAN_POINT('',(-16.637226034898,22.974033476031,25.703626096111));
#5187=DIRECTION('',(0.0,1.0,0.0));
#5188=DIRECTION('',(0.0,0.0,1.0));
#5189=CARTESIAN_POINT('',(-16.637226034898,23.827533476031,25.703626096111));
#5190=DIRECTION('',(0.0,1.0,0.0));
#5191=DIRECTION('',(0.0,0.0,1.0));
#5192=DIRECTION('',(0.0,1.0,0.0));
#5193=CARTESIAN_POINT('',(11.302773965162,22.974033476031,25.703626096111));
#5194=DIRECTION('',(0.0,1.0,0.0));
#5195=DIRECTION('',(0.0,0.0,1.0));
#5196=DIRECTION('',(0.0,-1.0,0.0));
#5197=CARTESIAN_POINT('',(11.302773965162,23.827533476031,25.703626096111));
#5198=DIRECTION('',(0.0,1.0,0.0));
#5199=DIRECTION('',(0.0,0.0,1.0));
#5200=DIRECTION('',(0.0,-1.0,-0.0));
#5201=CARTESIAN_POINT('',(11.302773965162,23.827533476031,25.703626096111));
#5202=DIRECTION('',(0.0,1.0,0.0));
#5203=DIRECTION('',(0.0,0.0,-1.0));
#5204=CARTESIAN_POINT('',(11.302773965162,22.974033476031,25.703626096111));
#5205=DIRECTION('',(0.0,1.0,0.0));
#5206=DIRECTION('',(0.0,0.0,-1.0));
#5207=DIRECTION('',(0.0,1.0,0.0));
#5208=CARTESIAN_POINT('',(10.032773996572,22.974033476031,-17.476373954529));
#5209=DIRECTION('',(0.0,1.0,0.0));
#5210=DIRECTION('',(0.0,0.0,1.0));
#5211=DIRECTION('',(0.0,-1.0,0.0));
#5212=CARTESIAN_POINT('',(10.032773996572,23.827533476031,-17.476373954529));
#5213=DIRECTION('',(0.0,1.0,0.0));
#5214=DIRECTION('',(0.0,0.0,1.0));
#5215=DIRECTION('',(0.0,-1.0,-0.0));
#5216=CARTESIAN_POINT('',(10.032773996572,23.827533476031,-17.476373954529));
#5217=DIRECTION('',(0.0,1.0,0.0));
#5218=DIRECTION('',(0.0,0.0,-1.0));
#5219=CARTESIAN_POINT('',(10.032773996572,22.974033476031,-17.476373954529));
#5220=DIRECTION('',(0.0,1.0,0.0));
#5221=DIRECTION('',(0.0,0.0,-1.0));
#5222=DIRECTION('',(0.0,1.0,0.0));
#5223=CARTESIAN_POINT('',(-15.367226066308,22.974033476031,-17.476373954529));
#5224=DIRECTION('',(0.0,1.0,0.0));
#5225=DIRECTION('',(0.0,0.0,1.0));
#5226=DIRECTION('',(0.0,-1.0,0.0));
#5227=CARTESIAN_POINT('',(-15.367226066308,23.827533476031,-17.476373954529));
#5228=DIRECTION('',(0.0,1.0,0.0));
#5229=DIRECTION('',(0.0,0.0,1.0));
#5230=DIRECTION('',(0.0,-1.0,-0.0));
#5231=CARTESIAN_POINT('',(-15.367226066308,23.827533476031,-17.476373954529));
#5232=DIRECTION('',(0.0,1.0,0.0));
#5233=DIRECTION('',(0.0,0.0,-1.0));
#5234=CARTESIAN_POINT('',(-15.367226066308,22.974033476031,-17.476373954529));
#5235=DIRECTION('',(0.0,1.0,0.0));
#5236=DIRECTION('',(0.0,0.0,-1.0));
#5237=DIRECTION('',(-0.0,1.0,-0.0));
#5238=CARTESIAN_POINT('',(-19.837626034868,26.317533476031,-4.674509489889));
#5239=DIRECTION('',(0.0,1.0,0.0));
#5240=DIRECTION('',(-1.19889100522E-14,0.0,-1.0));
#5241=DIRECTION('',(0.0,1.0,0.0));
#5242=CARTESIAN_POINT('',(-19.837626034868,30.813233476031,-4.674509489889));
#5243=DIRECTION('',(0.0,1.0,0.0));
#5244=DIRECTION('',(-1.19889100522E-14,0.0,-1.0));
#5245=DIRECTION('',(0.0,-1.0,0.0));
#5246=CARTESIAN_POINT('',(-16.815026034868,30.813233476031,-4.674509489889));
#5247=DIRECTION('',(-0.0,1.0,0.0));
#5248=DIRECTION('',(1.598521340293E-14,0.0,1.0));
#5249=DIRECTION('',(0.0,1.0,0.0));
#5250=CARTESIAN_POINT('',(-16.815026034868,26.317533476031,-4.674509489889));
#5251=DIRECTION('',(-0.0,1.0,0.0));
#5252=DIRECTION('',(1.598521340293E-14,0.0,1.0));
#5253=DIRECTION('',(0.0,-0.999999989910874,-0.000142050172998796));
#5254=CARTESIAN_POINT('',(14.351782440902,26.367533476031,-6.825440380669));
#5255=DIRECTION('',(-0.0,1.0,0.0));
#5256=DIRECTION('',(0.999999947152549,0.0,0.000325107520888716));
#5257=DIRECTION('',(0.000153424028083705,-0.999999988230534,0.0));
#5258=CARTESIAN_POINT('',(14.351782440902,26.317533476031,-6.825440380669));
#5259=DIRECTION('',(-0.0,1.0,0.0));
#5260=DIRECTION('',(0.99999995036766,0.0,0.000315062974421187));
#5261=DIRECTION('',(-7.10542721330791E-14,-0.999999979692687,-0.000201530707030997));
#5262=CARTESIAN_POINT('',(-19.686261042188,26.317533476031,-6.825468624069));
#5263=DIRECTION('',(0.0,1.0,0.0));
#5264=DIRECTION('',(0.000392819881006987,0.0,-0.999999922846267));
#5265=DIRECTION('',(-0.000219524773936208,-0.999999975904437,7.10542718639126E-14));
#5266=CARTESIAN_POINT('',(-19.686261042188,26.367533476031,-6.825468624069));
#5267=DIRECTION('',(0.0,1.0,0.0));
#5268=DIRECTION('',(0.000408342949903506,0.0,-0.999999916628014));
#5269=DIRECTION('',(-0.0,1.0,-0.0));
#5270=CARTESIAN_POINT('',(14.355204082432,23.827533476031,14.913899765581));
#5271=DIRECTION('',(0.0,-1.0,0.0));
#5272=DIRECTION('',(0.999995636708024,0.0,-0.00295407598324207));
#5273=DIRECTION('',(0.0,1.0,0.0));
#5274=CARTESIAN_POINT('',(14.355204082432,26.367533476031,14.913899765581));
#5275=DIRECTION('',(0.0,1.0,0.0));
#5276=DIRECTION('',(-0.00300507222160293,0.0,0.999995484760278));
#5277=DIRECTION('',(-0.0,-1.0,-0.0));
#5278=CARTESIAN_POINT('',(-2.667226034868,23.827533476031,-19.833364840479));
#5279=DIRECTION('',(0.0,-1.0,0.0));
#5280=DIRECTION('',(1.0,0.0,-1.095078574733E-10));
#5281=DIRECTION('',(0.0,-1.0,0.0));
#5282=CARTESIAN_POINT('',(-2.667226034868,0.227533476031,-19.833364840479));
#5283=DIRECTION('',(0.0,1.0,0.0));
#5284=DIRECTION('',(-1.0,0.0,-1.093694302149E-10));
#5285=DIRECTION('',(-0.0,1.0,-0.0));
#5286=CARTESIAN_POINT('',(-2.667226034868,0.227533476031,27.918635096701));
#5287=DIRECTION('',(-0.0,1.0,0.0));
#5288=DIRECTION('',(1.0,0.0,5.549404953994E-09));
#5289=DIRECTION('',(0.0,-1.0,0.0));
#5290=CARTESIAN_POINT('',(-2.667226034868,23.827533476031,27.918635096701));
#5291=DIRECTION('',(0.0,-1.0,0.0));
#5292=DIRECTION('',(-1.0,0.0,5.549706141427E-09));
#5293=DIRECTION('',(0.0,0.0,1.0));
#5294=DIRECTION('',(-1.0,0.0,0.0));
#5295=DIRECTION('',(0.0,0.0,-1.0));
#5296=DIRECTION('',(1.0,0.0,0.0));
#5297=DIRECTION('',(0.0,0.0,1.0));
#5298=CARTESIAN_POINT('',(-2.667226034868,-2.962466523969,-19.769864871889));
#5299=DIRECTION('',(0.0,1.0,0.0));
#5300=DIRECTION('',(-1.0,0.0,0.0));
#5301=DIRECTION('',(0.0,0.0,-1.0));
#5302=DIRECTION('',(1.0,0.0,0.0));
#5303=CARTESIAN_POINT('',(-2.667226034868,-2.962466523969,27.855135128111));
#5304=DIRECTION('',(0.0,1.0,0.0));
#5305=DIRECTION('',(0.0,0.0,1.0));
#5306=CARTESIAN_POINT('',(-2.667226034868,-2.962466523969,27.855135128111));
#5307=DIRECTION('',(0.0,1.0,0.0));
#5308=DIRECTION('',(0.0,0.0,-1.0));
#5309=DIRECTION('',(0.0,-1.0,0.0));
#5310=DIRECTION('',(1.0,0.0,0.0));
#5311=DIRECTION('',(1.0,0.0,0.0));
#5312=DIRECTION('',(0.0,1.0,0.0));
#5313=DIRECTION('',(0.0,1.0,0.0));
#5314=DIRECTION('',(1.0,0.0,0.0));
#5315=DIRECTION('',(0.0,0.0,-1.0));
#5316=CARTESIAN_POINT('',(-2.667226034868,0.227533476031,-19.769864871889));
#5317=DIRECTION('',(0.0,-1.0,0.0));
#5318=DIRECTION('',(1.0,0.0,0.0));
#5319=DIRECTION('',(0.0,0.0,1.0));
#5320=DIRECTION('',(-1.0,0.0,0.0));
#5321=DIRECTION('',(0.0,0.0,1.0));
#5322=CARTESIAN_POINT('',(-2.667226034868,0.227533476031,-19.833364840479));
#5323=DIRECTION('',(0.0,1.0,0.0));
#5324=DIRECTION('',(-1.0,0.0,-1.093694302149E-10));
#5325=DIRECTION('',(0.0,0.0,-1.0));
#5326=DIRECTION('',(0.0,0.0,-1.0));
#5327=CARTESIAN_POINT('',(-2.667226034868,0.227533476031,27.918635096701));
#5328=DIRECTION('',(-0.0,1.0,0.0));
#5329=DIRECTION('',(1.0,0.0,5.549404953994E-09));
#5330=DIRECTION('',(0.0,0.0,1.0));
#5331=DIRECTION('',(1.0,0.0,0.0));
#5332=CARTESIAN_POINT('',(-2.667226034868,0.227533476031,27.855135128111));
#5333=DIRECTION('',(0.0,1.0,0.0));
#5334=DIRECTION('',(0.0,0.0,1.0));
#5335=CARTESIAN_POINT('',(-2.667226034868,0.227533476031,27.855135128111));
#5336=DIRECTION('',(0.0,1.0,0.0));
#5337=DIRECTION('',(0.0,0.0,-1.0));
#5338=DIRECTION('',(0.0,1.0,0.0));
#5339=DIRECTION('',(0.0,0.0,-1.0));
#5340=DIRECTION('',(0.0,0.0,-1.0));
#5341=CARTESIAN_POINT('',(-2.667226034868,23.827533476031,-19.833364840479));
#5342=DIRECTION('',(0.0,-1.0,0.0));
#5343=DIRECTION('',(1.0,0.0,-1.095078574733E-10));
#5344=DIRECTION('',(0.0,0.0,1.0));
#5345=DIRECTION('',(-1.0,0.0,-1.657795602668E-08));
#5346=DIRECTION('',(2.280624288132E-14,0.0,1.0));
#5347=DIRECTION('',(1.0,0.0,-1.222135591335E-08));
#5348=DIRECTION('',(0.0,0.0,1.0));
#5349=CARTESIAN_POINT('',(-2.667226034868,23.827533476031,27.918635096701));
#5350=DIRECTION('',(0.0,-1.0,0.0));
#5351=DIRECTION('',(-1.0,0.0,5.549706141427E-09));
#5352=DIRECTION('',(0.0,0.0,-1.0));
#5353=DIRECTION('',(0.999999999999917,0.0,4.08198241080207E-07));
#5354=DIRECTION('',(-1.364735461639E-14,0.0,-1.0));
#5355=DIRECTION('',(-1.0,0.0,0.0));
#5356=DIRECTION('',(0.0,0.0,1.0));
#5357=CARTESIAN_POINT('',(-19.689656152168,23.827533476031,-6.828629509359));
#5358=DIRECTION('',(0.0,-1.0,-0.0));
#5359=DIRECTION('',(-0.999995329271935,0.0,-0.00305637601009211));
#5360=DIRECTION('',(-0.999999999997379,0.0,2.28941245921795E-06));
#5361=CARTESIAN_POINT('',(14.354970254792,23.827533476031,-6.828863336999));
#5362=DIRECTION('',(0.0,-1.0,0.0));
#5363=DIRECTION('',(0.00305637560848388,0.0,-0.999995329273162));
#5364=DIRECTION('',(-3.58473248095891E-06,0.0,-0.999999999993575));
#5365=CARTESIAN_POINT('',(14.355204082432,23.827533476031,14.913899765581));
#5366=DIRECTION('',(0.0,-1.0,0.0));
#5367=DIRECTION('',(0.999995636708024,0.0,-0.00295407598324207));
#5368=DIRECTION('',(1.0,0.0,0.0));
#5369=CARTESIAN_POINT('',(-19.689656152168,23.827533476031,14.913899765581));
#5370=DIRECTION('',(0.0,-1.0,0.0));
#5371=DIRECTION('',(-0.00300507190273311,0.0,0.999995484761236));
#5372=CARTESIAN_POINT('',(-15.367226066308,23.827533476031,-17.476373954529));
#5373=DIRECTION('',(0.0,1.0,0.0));
#5374=DIRECTION('',(0.0,0.0,-1.0));
#5375=CARTESIAN_POINT('',(-15.367226066308,23.827533476031,-17.476373954529));
#5376=DIRECTION('',(0.0,1.0,0.0));
#5377=DIRECTION('',(0.0,0.0,1.0));
#5378=CARTESIAN_POINT('',(10.032773996572,23.827533476031,-17.476373954529));
#5379=DIRECTION('',(0.0,1.0,0.0));
#5380=DIRECTION('',(0.0,0.0,-1.0));
#5381=CARTESIAN_POINT('',(10.032773996572,23.827533476031,-17.476373954529));
#5382=DIRECTION('',(0.0,1.0,0.0));
#5383=DIRECTION('',(0.0,0.0,1.0));
#5384=CARTESIAN_POINT('',(11.302773965162,23.827533476031,25.703626096111));
#5385=DIRECTION('',(0.0,1.0,0.0));
#5386=DIRECTION('',(0.0,0.0,-1.0));
#5387=CARTESIAN_POINT('',(11.302773965162,23.827533476031,25.703626096111));
#5388=DIRECTION('',(0.0,1.0,0.0));
#5389=DIRECTION('',(0.0,0.0,1.0));
#5390=CARTESIAN_POINT('',(-16.637226034898,23.827533476031,25.703626096111));
#5391=DIRECTION('',(0.0,1.0,0.0));
#5392=DIRECTION('',(0.0,0.0,-1.0));
#5393=CARTESIAN_POINT('',(-16.637226034898,23.827533476031,25.703626096111));
#5394=DIRECTION('',(0.0,1.0,0.0));
#5395=DIRECTION('',(0.0,0.0,1.0));
#5396=DIRECTION('',(0.0,-1.0,0.0));
#5397=DIRECTION('',(-1.0,0.0,0.0));
#5398=DIRECTION('',(0.0,0.0,1.0));
#5399=DIRECTION('',(1.0,0.0,-1.222135614754E-08));
#5400=DIRECTION('',(-2.30240771801994E-07,0.0,0.999999999999974));
#5401=DIRECTION('',(-1.0,0.0,0.0));
#5402=DIRECTION('',(7.61429916793008E-07,0.0,0.99999999999971));
#5403=DIRECTION('',(-1.0,0.0,-1.657795602668E-08));
#5404=DIRECTION('',(0.0,0.0,1.0));
#5405=DIRECTION('',(-1.0,0.0,0.0));
#5406=DIRECTION('',(2.633209794217E-11,0.0,-1.0));
#5407=DIRECTION('',(-2.582531066141E-11,0.0,-1.0));
#5408=DIRECTION('',(0.999999999999917,0.0,4.08198241314407E-07));
#5409=DIRECTION('',(0.0,0.0,-1.0));
#5410=DIRECTION('',(-1.0,0.0,0.0));
#5411=DIRECTION('',(0.0,-1.0,0.0));
#5412=DIRECTION('',(-1.0,0.0,0.0));
#5413=DIRECTION('',(0.0,1.0,0.0));
#5414=DIRECTION('',(0.0,1.0,0.0));
#5415=DIRECTION('',(-1.0,0.0,1.247932562844E-14));
#5416=DIRECTION('',(0.0,-1.0,0.0));
#5417=DIRECTION('',(0.0,1.0,0.0));
#5418=DIRECTION('',(0.0,-1.0,0.0));
#5419=DIRECTION('',(0.0,-1.0,0.0));
#5420=DIRECTION('',(0.0,-1.0,0.0));
#5421=DIRECTION('',(0.0,-1.0,0.0));
#5422=DIRECTION('',(-3.275459033001E-13,0.0,1.0));
#5423=DIRECTION('',(0.0,0.0,1.0));
#5424=DIRECTION('',(0.0,0.0,-1.0));
#5425=DIRECTION('',(1.0,0.0,1.247955746292E-14));
#5426=DIRECTION('',(0.0,0.0,-1.0));
#5427=DIRECTION('',(0.0,1.0,0.0));
#5428=DIRECTION('',(0.0,1.0,0.0));
#5429=DIRECTION('',(0.0,-1.0,0.0));
#5430=DIRECTION('',(0.0,-1.0,0.0));
#5431=DIRECTION('',(0.0,1.0,0.0));
#5432=DIRECTION('',(0.0,-1.0,0.0));
#5433=DIRECTION('',(0.0,-1.0,0.0));
#5434=DIRECTION('',(0.0,-1.0,0.0));
#5435=DIRECTION('',(0.0,-1.0,0.0));
#5436=DIRECTION('',(0.0,-1.0,0.0));
#5437=DIRECTION('',(0.0,-1.0,0.0));
#5438=DIRECTION('',(0.0,1.0,0.0));
#5439=DIRECTION('',(0.0,-1.0,0.0));
#5440=DIRECTION('',(0.0,1.0,0.0));
#5441=DIRECTION('',(0.0,1.0,0.0));
#5442=DIRECTION('',(0.0,-1.0,0.0));
#5443=DIRECTION('',(0.0,1.0,0.0));
#5444=CARTESIAN_POINT('',(-19.689656152168,26.367533476031,14.913899765581));
#5445=DIRECTION('',(0.0,1.0,0.0));
#5446=DIRECTION('',(-0.999995329272844,0.0,0.00305637571237314));
#5447=DIRECTION('',(0.0,1.0,0.0));
#5448=DIRECTION('',(0.0,0.0,1.0));
#5449=DIRECTION('',(0.0,1.0,0.0));
#5450=DIRECTION('',(0.0,1.0,0.0));
#5451=CARTESIAN_POINT('',(-19.689656152168,26.367533476031,-6.828629509359));
#5452=DIRECTION('',(0.0,1.0,0.0));
#5453=DIRECTION('',(0.00300507222287592,0.0,-0.999995484760274));
#5454=DIRECTION('',(1.0,0.0,0.0));
#5455=CARTESIAN_POINT('',(14.355204082432,26.367533476031,14.913899765581));
#5456=DIRECTION('',(0.0,1.0,0.0));
#5457=DIRECTION('',(-0.00300507222160293,0.0,0.999995484760278));
#5458=DIRECTION('',(-3.58473248095891E-06,0.0,-0.999999999993575));
#5459=CARTESIAN_POINT('',(14.354970254792,26.367533476031,-6.828863336999));
#5460=DIRECTION('',(0.0,1.0,0.0));
#5461=DIRECTION('',(0.999995484760946,0.0,-0.00300507199915214));
#5462=DIRECTION('',(-0.999999999997379,0.0,2.28941245921795E-06));
#5463=DIRECTION('',(-0.999999999999997,0.0,7.53560798878498E-08));
#5464=DIRECTION('',(2.655656876015E-08,0.0,-1.0));
#5465=CARTESIAN_POINT('',(14.351781002592,26.367533476031,14.910712668691));
#5466=DIRECTION('',(0.0,1.0,0.0));
#5467=DIRECTION('',(-0.00032173271110041,0.0,0.99999994824403));
#5468=DIRECTION('',(0.999999999999995,0.0,9.93520024821295E-08));
#5469=CARTESIAN_POINT('',(-19.686261439238,26.367533476031,14.910738483241));
#5470=DIRECTION('',(0.0,1.0,0.0));
#5471=DIRECTION('',(-0.999999923434826,0.0,-0.00039131872238131));
#5472=DIRECTION('',(-1.686762283459E-09,0.0,1.0));
#5473=DIRECTION('',(0.0,1.0,0.0));
#5474=DIRECTION('',(0.0,1.0,0.0));
#5475=DIRECTION('',(0.0,1.0,0.0));
#5476=DIRECTION('',(-0.999999999999997,0.0,7.53560384988298E-08));
#5477=DIRECTION('',(2.655655033143E-08,0.0,-1.0));
#5478=DIRECTION('',(0.0,-0.999999987686303,0.0001569311769461));
#5479=CARTESIAN_POINT('',(14.351781002592,26.317533476031,14.910712668691));
#5480=DIRECTION('',(0.0,1.0,0.0));
#5481=DIRECTION('',(-0.000311948754556596,0.0,0.999999951343986));
#5482=DIRECTION('',(0.000138364858369698,-0.999999990427583,0.0));
#5483=DIRECTION('',(0.999999999999995,0.0,9.93519493704395E-08));
#5484=DIRECTION('',(-0.000225543920127993,-0.99999997456497,0.0));
#5485=DIRECTION('',(0.0,-0.999999979885773,0.000200570320865395));
#5486=CARTESIAN_POINT('',(-19.686261439238,26.317533476031,14.910738483241));
#5487=DIRECTION('',(0.0,1.0,0.0));
#5488=DIRECTION('',(-0.999999928884236,0.0,-0.000377135946760214));
#5489=DIRECTION('',(-1.686760723186E-09,0.0,1.0));
#5490=DIRECTION('',(1.0,0.0,-1.116614171528E-14));
#5491=CARTESIAN_POINT('',(-19.837626034868,26.317533476031,-4.674509489889));
#5492=DIRECTION('',(0.0,1.0,0.0));
#5493=DIRECTION('',(-1.19889100522E-14,0.0,-1.0));
#5494=DIRECTION('',(-1.0,0.0,1.057845004605E-14));
#5495=CARTESIAN_POINT('',(-16.815026034868,26.317533476031,-4.674509489889));
#5496=DIRECTION('',(-0.0,1.0,0.0));
#5497=DIRECTION('',(1.598521340293E-14,0.0,1.0));
#5498=DIRECTION('',(0.0,1.0,0.0));
#5499=CARTESIAN_POINT('',(-16.815026034868,30.813233476031,-4.674509489889));
#5500=DIRECTION('',(-0.0,1.0,0.0));
#5501=DIRECTION('',(1.598521340293E-14,0.0,1.0));
#5502=DIRECTION('',(1.0,0.0,-1.116614171528E-14));
#5503=CARTESIAN_POINT('',(-19.837626034868,30.813233476031,-4.674509489889));
#5504=DIRECTION('',(0.0,1.0,0.0));
#5505=DIRECTION('',(-1.19889100522E-14,0.0,-1.0));
#5506=DIRECTION('',(0.0,1.0,0.0));
#5507=DIRECTION('',(-1.0,0.0,1.057845004605E-14));
#5508=CARTESIAN_POINT('',(-15.367226066308,22.974033476031,-17.476373954529));
#5509=DIRECTION('',(0.0,1.0,0.0));
#5510=DIRECTION('',(0.0,0.0,-1.0));
#5511=DIRECTION('',(0.0,-1.0,0.0));
#5512=CARTESIAN_POINT('',(-15.367226066308,22.974033476031,-17.476373954529));
#5513=DIRECTION('',(0.0,1.0,0.0));
#5514=DIRECTION('',(0.0,0.0,1.0));
#5515=CARTESIAN_POINT('',(-15.367226066308,22.974033476031,-17.476373954529));
#5516=DIRECTION('',(-0.0,1.0,0.0));
#5517=DIRECTION('',(1.0,0.0,0.0));
#5518=CARTESIAN_POINT('',(-15.367226066308,22.974033476031,-17.476373954529));
#5519=DIRECTION('',(0.0,1.0,0.0));
#5520=DIRECTION('',(-1.0,0.0,0.0));
#5521=CARTESIAN_POINT('',(10.032773996572,22.974033476031,-17.476373954529));
#5522=DIRECTION('',(0.0,1.0,0.0));
#5523=DIRECTION('',(0.0,0.0,1.0));
#5524=CARTESIAN_POINT('',(10.032773996572,22.974033476031,-17.476373954529));
#5525=DIRECTION('',(0.0,1.0,0.0));
#5526=DIRECTION('',(0.0,0.0,-1.0));
#5527=CARTESIAN_POINT('',(10.032773996572,22.974033476031,-17.476373954529));
#5528=DIRECTION('',(-0.0,1.0,0.0));
#5529=DIRECTION('',(1.0,0.0,0.0));
#5530=CARTESIAN_POINT('',(10.032773996572,22.974033476031,-17.476373954529));
#5531=DIRECTION('',(0.0,1.0,0.0));
#5532=DIRECTION('',(-1.0,0.0,0.0));
#5533=CARTESIAN_POINT('',(11.302773965162,22.974033476031,25.703626096111));
#5534=DIRECTION('',(0.0,1.0,0.0));
#5535=DIRECTION('',(0.0,0.0,1.0));
#5536=CARTESIAN_POINT('',(11.302773965162,22.974033476031,25.703626096111));
#5537=DIRECTION('',(0.0,1.0,0.0));
#5538=DIRECTION('',(0.0,0.0,-1.0));
#5539=CARTESIAN_POINT('',(11.302773965162,22.974033476031,25.703626096111));
#5540=DIRECTION('',(-0.0,1.0,0.0));
#5541=DIRECTION('',(1.0,0.0,0.0));
#5542=CARTESIAN_POINT('',(11.302773965162,22.974033476031,25.703626096111));
#5543=DIRECTION('',(0.0,1.0,0.0));
#5544=DIRECTION('',(-1.0,0.0,0.0));
#5545=CARTESIAN_POINT('',(-16.637226034898,22.974033476031,25.703626096111));
#5546=DIRECTION('',(0.0,1.0,0.0));
#5547=DIRECTION('',(0.0,0.0,-1.0));
#5548=CARTESIAN_POINT('',(-16.637226034898,22.974033476031,25.703626096111));
#5549=DIRECTION('',(0.0,1.0,0.0));
#5550=DIRECTION('',(0.0,0.0,1.0));
#5551=CARTESIAN_POINT('',(-16.637226034898,22.974033476031,25.703626096111));
#5552=DIRECTION('',(-0.0,1.0,0.0));
#5553=DIRECTION('',(1.0,0.0,0.0));
#5554=CARTESIAN_POINT('',(-16.637226034898,22.974033476031,25.703626096111));
#5555=DIRECTION('',(0.0,1.0,0.0));
#5556=DIRECTION('',(-1.0,0.0,0.0));
#5557=DIRECTION('',(0.0,-1.0,0.0));
#5558=DIRECTION('',(0.0,-1.0,0.0));
#5559=DIRECTION('',(0.0,-1.0,0.0));
#5560=DIRECTION('',(0.0,-1.0,0.0));
#5561=CARTESIAN_POINT('',(10.032773996572,17.484033476031,-17.476373954529));
#5562=DIRECTION('',(0.0,1.0,0.0));
#5563=DIRECTION('',(-1.0,0.0,0.0));
#5564=DIRECTION('',(0.0,-1.0,0.0));
#5565=CARTESIAN_POINT('',(10.032773996572,17.484033476031,-17.476373954529));
#5566=DIRECTION('',(-0.0,1.0,0.0));
#5567=DIRECTION('',(1.0,0.0,0.0));
#5568=CARTESIAN_POINT('',(10.032773996572,17.484033476031,-17.676898785229));
#5569=DIRECTION('',(-0.0,1.0,0.0));
#5570=DIRECTION('',(1.0,0.0,0.0));
#5571=CARTESIAN_POINT('',(10.032773996572,17.484033476031,-17.676898785229));
#5572=DIRECTION('',(0.0,1.0,0.0));
#5573=DIRECTION('',(-1.0,0.0,0.0));
#5574=CARTESIAN_POINT('',(-15.367226066308,17.484033476031,-17.476373954529));
#5575=DIRECTION('',(-0.0,1.0,0.0));
#5576=DIRECTION('',(1.0,0.0,0.0));
#5577=CARTESIAN_POINT('',(-15.367226066308,17.484033476031,-17.476373954529));
#5578=DIRECTION('',(0.0,1.0,0.0));
#5579=DIRECTION('',(-1.0,0.0,0.0));
#5580=CARTESIAN_POINT('',(-15.367226066308,17.484033476031,-17.676898785229));
#5581=DIRECTION('',(-0.0,1.0,0.0));
#5582=DIRECTION('',(1.0,0.0,0.0));
#5583=CARTESIAN_POINT('',(-15.367226066308,17.484033476031,-17.676898785229));
#5584=DIRECTION('',(0.0,1.0,0.0));
#5585=DIRECTION('',(-1.0,0.0,0.0));
#5586=CARTESIAN_POINT('',(11.302773965162,17.484033476031,25.703626096111));
#5587=DIRECTION('',(-0.0,1.0,0.0));
#5588=DIRECTION('',(1.0,0.0,0.0));
#5589=CARTESIAN_POINT('',(11.302773965162,17.484033476031,25.703626096111));
#5590=DIRECTION('',(0.0,1.0,0.0));
#5591=DIRECTION('',(-1.0,0.0,0.0));
#5592=CARTESIAN_POINT('',(11.302773965162,17.484033476031,25.703626096111));
#5593=DIRECTION('',(-0.0,1.0,0.0));
#5594=DIRECTION('',(1.0,0.0,0.0));
#5595=CARTESIAN_POINT('',(11.302773965162,17.484033476031,25.703626096111));
#5596=DIRECTION('',(0.0,1.0,0.0));
#5597=DIRECTION('',(-1.0,0.0,0.0));
#5598=CARTESIAN_POINT('',(-16.637226034898,17.484033476031,25.703626096111));
#5599=DIRECTION('',(-0.0,1.0,0.0));
#5600=DIRECTION('',(1.0,0.0,0.0));
#5601=CARTESIAN_POINT('',(-16.637226034898,17.484033476031,25.703626096111));
#5602=DIRECTION('',(0.0,1.0,0.0));
#5603=DIRECTION('',(-1.0,0.0,0.0));
#5604=CARTESIAN_POINT('',(-16.637226034898,17.484033476031,25.703626096111));
#5605=DIRECTION('',(-0.0,1.0,0.0));
#5606=DIRECTION('',(1.0,0.0,0.0));
#5607=CARTESIAN_POINT('',(-16.637226034898,17.484033476031,25.703626096111));
#5608=DIRECTION('',(0.0,1.0,0.0));
#5609=DIRECTION('',(-1.0,0.0,0.0));
#5610=DIRECTION('',(0.0,-1.0,0.0));
#5611=DIRECTION('',(0.0,-1.0,0.0));
#5612=DIRECTION('',(0.0,-1.0,0.0));
#5613=DIRECTION('',(0.0,-1.0,0.0));
#5614=DIRECTION('',(0.0,-1.0,0.0));
#5615=DIRECTION('',(0.0,-1.0,0.0));
#5616=DIRECTION('',(0.0,-1.0,0.0));
#5617=CARTESIAN_POINT('',(10.032773996572,9.984033476031,-17.676898785229));
#5618=DIRECTION('',(0.0,1.0,0.0));
#5619=DIRECTION('',(-1.0,0.0,0.0));
#5620=DIRECTION('',(0.0,-1.0,0.0));
#5621=CARTESIAN_POINT('',(10.032773996572,9.984033476031,-17.676898785229));
#5622=DIRECTION('',(-0.0,1.0,0.0));
#5623=DIRECTION('',(1.0,0.0,0.0));
#5624=CARTESIAN_POINT('',(-15.367226066308,9.984033476031,-17.676898785229));
#5625=DIRECTION('',(-0.0,1.0,0.0));
#5626=DIRECTION('',(1.0,0.0,0.0));
#5627=CARTESIAN_POINT('',(-15.367226066308,9.984033476031,-17.676898785229));
#5628=DIRECTION('',(0.0,1.0,0.0));
#5629=DIRECTION('',(-1.0,0.0,0.0));
#5630=CARTESIAN_POINT('',(11.302773965162,9.984033476031,25.703626096111));
#5631=DIRECTION('',(-0.0,1.0,0.0));
#5632=DIRECTION('',(1.0,0.0,0.0));
#5633=CARTESIAN_POINT('',(11.302773965162,9.984033476031,25.703626096111));
#5634=DIRECTION('',(0.0,1.0,0.0));
#5635=DIRECTION('',(-1.0,0.0,0.0));
#5636=CARTESIAN_POINT('',(-16.637226034898,9.984033476031,25.703626096111));
#5637=DIRECTION('',(-0.0,1.0,0.0));
#5638=DIRECTION('',(1.0,0.0,0.0));
#5639=CARTESIAN_POINT('',(-16.637226034898,9.984033476031,25.703626096111));
#5640=DIRECTION('',(0.0,1.0,0.0));
#5641=DIRECTION('',(-1.0,0.0,0.0));
#5642=DIRECTION('',(0.0,-1.0,0.0));
#5643=DIRECTION('',(0.0,-1.0,0.0));
#5644=DIRECTION('',(0.0,-1.0,0.0));
#5645=DIRECTION('',(0.0,-1.0,0.0));
#5646=DIRECTION('',(0.0,-1.0,0.0));
#5647=DIRECTION('',(0.0,-1.0,0.0));
#5648=DIRECTION('',(0.0,-1.0,0.0));
#5649=CARTESIAN_POINT('',(-16.6372260349,9.974033476031,25.70362609611));
#5650=DIRECTION('',(0.0,-1.0,0.0));
#5651=DIRECTION('',(1.0,0.0,0.0));
#5652=CARTESIAN_POINT('',(-16.6372260349,9.974033476031,25.70362609611));
#5653=DIRECTION('',(-0.0,1.0,0.0));
#5654=DIRECTION('',(1.0,0.0,0.0));
#5655=DIRECTION('',(0.0,1.0,0.0));
#5656=CARTESIAN_POINT('',(-16.6372260349,17.484033476031,25.70362609611));
#5657=DIRECTION('',(-0.0,1.0,0.0));
#5658=DIRECTION('',(1.0,0.0,0.0));
#5659=DIRECTION('',(0.0,1.0,0.0));
#5660=CARTESIAN_POINT('',(-16.6372260349,17.484033476031,25.70362609611));
#5661=DIRECTION('',(0.0,-1.0,0.0));
#5662=DIRECTION('',(1.0,0.0,0.0));
#5663=CARTESIAN_POINT('',(-16.6372260349,17.484033476031,25.70362609611));
#5664=DIRECTION('',(0.0,-1.0,0.0));
#5665=DIRECTION('',(1.0,0.0,0.0));
#5666=CARTESIAN_POINT('',(-16.6372260349,17.484033476031,25.70362609611));
#5667=DIRECTION('',(-0.0,1.0,0.0));
#5668=DIRECTION('',(1.0,0.0,0.0));
#5669=DIRECTION('',(0.0,1.0,0.0));
#5670=CARTESIAN_POINT('',(-16.6372260349,23.834033476031,25.70362609611));
#5671=DIRECTION('',(-0.0,1.0,0.0));
#5672=DIRECTION('',(1.0,0.0,0.0));
#5673=DIRECTION('',(0.0,1.0,0.0));
#5674=CARTESIAN_POINT('',(-16.6372260349,23.834033476031,25.70362609611));
#5675=DIRECTION('',(0.0,-1.0,0.0));
#5676=DIRECTION('',(1.0,0.0,0.0));
#5677=DIRECTION('',(-1.0,0.0,0.0));
#5678=DIRECTION('',(0.0,0.0,-1.0));
#5679=DIRECTION('',(-1.0,0.0,0.0));
#5680=DIRECTION('',(0.0,0.0,-1.0));
#5681=DIRECTION('',(1.0,0.0,0.0));
#5682=DIRECTION('',(0.0,0.0,-1.0));
#5683=DIRECTION('',(1.0,0.0,0.0));
#5684=DIRECTION('',(0.0,0.0,1.0));
#5685=DIRECTION('',(1.0,0.0,0.0));
#5686=DIRECTION('',(0.0,0.0,1.0));
#5687=DIRECTION('',(-1.0,0.0,0.0));
#5688=DIRECTION('',(0.0,0.0,1.0));
#5689=DIRECTION('',(0.0,-1.0,0.0));
#5690=DIRECTION('',(0.0,0.0,1.0));
#5691=DIRECTION('',(0.0,-1.0,0.0));
#5692=DIRECTION('',(-1.0,0.0,0.0));
#5693=DIRECTION('',(0.0,-1.0,0.0));
#5694=DIRECTION('',(0.0,0.0,-1.0));
#5695=DIRECTION('',(0.0,-1.0,0.0));
#5696=DIRECTION('',(-1.0,0.0,0.0));
#5697=DIRECTION('',(0.0,-1.0,0.0));
#5698=DIRECTION('',(0.0,0.0,-1.0));
#5699=DIRECTION('',(0.0,-1.0,0.0));
#5700=DIRECTION('',(1.0,0.0,0.0));
#5701=DIRECTION('',(0.0,-1.0,0.0));
#5702=DIRECTION('',(0.0,0.0,-1.0));
#5703=DIRECTION('',(0.0,-1.0,0.0));
#5704=DIRECTION('',(1.0,0.0,0.0));
#5705=DIRECTION('',(0.0,-1.0,0.0));
#5706=DIRECTION('',(0.0,0.0,1.0));
#5707=DIRECTION('',(0.0,-1.0,0.0));
#5708=DIRECTION('',(1.0,0.0,0.0));
#5709=DIRECTION('',(0.0,-1.0,0.0));
#5710=DIRECTION('',(0.0,0.0,1.0));
#5711=DIRECTION('',(0.0,-1.0,0.0));
#5712=DIRECTION('',(-1.0,0.0,0.0));
#5713=CARTESIAN_POINT('',(11.30277396516,9.974033476031,25.70362609611));
#5714=DIRECTION('',(0.0,-1.0,0.0));
#5715=DIRECTION('',(1.0,0.0,0.0));
#5716=CARTESIAN_POINT('',(11.30277396516,9.974033476031,25.70362609611));
#5717=DIRECTION('',(-0.0,1.0,0.0));
#5718=DIRECTION('',(1.0,0.0,0.0));
#5719=DIRECTION('',(0.0,1.0,0.0));
#5720=CARTESIAN_POINT('',(11.30277396516,17.484033476031,25.70362609611));
#5721=DIRECTION('',(-0.0,1.0,0.0));
#5722=DIRECTION('',(1.0,0.0,0.0));
#5723=DIRECTION('',(0.0,1.0,0.0));
#5724=CARTESIAN_POINT('',(11.30277396516,17.484033476031,25.70362609611));
#5725=DIRECTION('',(0.0,-1.0,0.0));
#5726=DIRECTION('',(1.0,0.0,0.0));
#5727=CARTESIAN_POINT('',(11.30277396516,17.484033476031,25.70362609611));
#5728=DIRECTION('',(0.0,-1.0,0.0));
#5729=DIRECTION('',(1.0,0.0,0.0));
#5730=CARTESIAN_POINT('',(11.30277396516,17.484033476031,25.70362609611));
#5731=DIRECTION('',(-0.0,1.0,0.0));
#5732=DIRECTION('',(1.0,0.0,0.0));
#5733=DIRECTION('',(0.0,1.0,0.0));
#5734=CARTESIAN_POINT('',(11.30277396516,23.834033476031,25.70362609611));
#5735=DIRECTION('',(-0.0,1.0,0.0));
#5736=DIRECTION('',(1.0,0.0,0.0));
#5737=DIRECTION('',(0.0,1.0,0.0));
#5738=CARTESIAN_POINT('',(11.30277396516,23.834033476031,25.70362609611));
#5739=DIRECTION('',(0.0,-1.0,0.0));
#5740=DIRECTION('',(1.0,0.0,0.0));
#5741=DIRECTION('',(-1.0,0.0,0.0));
#5742=DIRECTION('',(0.0,0.0,-1.0));
#5743=DIRECTION('',(-1.0,0.0,0.0));
#5744=DIRECTION('',(0.0,0.0,-1.0));
#5745=DIRECTION('',(1.0,0.0,0.0));
#5746=DIRECTION('',(0.0,0.0,-1.0));
#5747=DIRECTION('',(1.0,0.0,0.0));
#5748=DIRECTION('',(0.0,0.0,1.0));
#5749=DIRECTION('',(1.0,0.0,0.0));
#5750=DIRECTION('',(0.0,0.0,1.0));
#5751=DIRECTION('',(-1.0,0.0,0.0));
#5752=DIRECTION('',(0.0,0.0,1.0));
#5753=DIRECTION('',(0.0,-1.0,0.0));
#5754=DIRECTION('',(0.0,0.0,1.0));
#5755=DIRECTION('',(0.0,-1.0,0.0));
#5756=DIRECTION('',(-1.0,0.0,0.0));
#5757=DIRECTION('',(0.0,-1.0,0.0));
#5758=DIRECTION('',(0.0,0.0,-1.0));
#5759=DIRECTION('',(0.0,-1.0,0.0));
#5760=DIRECTION('',(-1.0,0.0,0.0));
#5761=DIRECTION('',(0.0,-1.0,0.0));
#5762=DIRECTION('',(0.0,0.0,-1.0));
#5763=DIRECTION('',(0.0,-1.0,0.0));
#5764=DIRECTION('',(1.0,0.0,0.0));
#5765=DIRECTION('',(0.0,-1.0,0.0));
#5766=DIRECTION('',(0.0,0.0,-1.0));
#5767=DIRECTION('',(0.0,-1.0,0.0));
#5768=DIRECTION('',(1.0,0.0,0.0));
#5769=DIRECTION('',(0.0,-1.0,0.0));
#5770=DIRECTION('',(0.0,0.0,1.0));
#5771=DIRECTION('',(0.0,-1.0,0.0));
#5772=DIRECTION('',(1.0,0.0,0.0));
#5773=DIRECTION('',(0.0,-1.0,0.0));
#5774=DIRECTION('',(0.0,0.0,1.0));
#5775=DIRECTION('',(0.0,-1.0,0.0));
#5776=DIRECTION('',(-1.0,0.0,0.0));
#5777=CARTESIAN_POINT('',(-15.36722606631,9.974033476031,-17.47637395453));
#5778=DIRECTION('',(0.0,-1.0,0.0));
#5779=DIRECTION('',(1.0,0.0,0.0));
#5780=CARTESIAN_POINT('',(-15.36722606631,9.974033476031,-17.47637395453));
#5781=DIRECTION('',(-0.0,1.0,0.0));
#5782=DIRECTION('',(1.0,0.0,0.0));
#5783=DIRECTION('',(0.0,1.0,0.0));
#5784=CARTESIAN_POINT('',(-15.36722606631,17.484033476031,-17.47637395453));
#5785=DIRECTION('',(-0.0,1.0,0.0));
#5786=DIRECTION('',(1.0,0.0,0.0));
#5787=DIRECTION('',(0.0,1.0,0.0));
#5788=CARTESIAN_POINT('',(-15.36722606631,17.484033476031,-17.47637395453));
#5789=DIRECTION('',(0.0,-1.0,0.0));
#5790=DIRECTION('',(1.0,0.0,0.0));
#5791=CARTESIAN_POINT('',(-15.36722606631,17.484033476031,-17.47637395453));
#5792=DIRECTION('',(0.0,-1.0,0.0));
#5793=DIRECTION('',(1.0,0.0,0.0));
#5794=CARTESIAN_POINT('',(-15.36722606631,17.484033476031,-17.47637395453));
#5795=DIRECTION('',(-0.0,1.0,0.0));
#5796=DIRECTION('',(1.0,0.0,0.0));
#5797=DIRECTION('',(0.0,1.0,0.0));
#5798=CARTESIAN_POINT('',(-15.36722606631,23.834033476031,-17.47637395453));
#5799=DIRECTION('',(-0.0,1.0,0.0));
#5800=DIRECTION('',(1.0,0.0,0.0));
#5801=DIRECTION('',(0.0,1.0,0.0));
#5802=CARTESIAN_POINT('',(-15.36722606631,23.834033476031,-17.47637395453));
#5803=DIRECTION('',(0.0,-1.0,0.0));
#5804=DIRECTION('',(1.0,0.0,0.0));
#5805=DIRECTION('',(-1.0,0.0,0.0));
#5806=DIRECTION('',(0.0,0.0,-1.0));
#5807=DIRECTION('',(-1.0,0.0,0.0));
#5808=DIRECTION('',(0.0,0.0,-1.0));
#5809=DIRECTION('',(1.0,0.0,0.0));
#5810=DIRECTION('',(0.0,0.0,-1.0));
#5811=DIRECTION('',(1.0,0.0,0.0));
#5812=DIRECTION('',(0.0,0.0,1.0));
#5813=DIRECTION('',(1.0,0.0,0.0));
#5814=DIRECTION('',(0.0,0.0,1.0));
#5815=DIRECTION('',(-1.0,0.0,0.0));
#5816=DIRECTION('',(0.0,0.0,1.0));
#5817=DIRECTION('',(0.0,-1.0,0.0));
#5818=DIRECTION('',(0.0,0.0,1.0));
#5819=DIRECTION('',(0.0,-1.0,0.0));
#5820=DIRECTION('',(-1.0,0.0,0.0));
#5821=DIRECTION('',(0.0,-1.0,0.0));
#5822=DIRECTION('',(0.0,0.0,-1.0));
#5823=DIRECTION('',(0.0,-1.0,0.0));
#5824=DIRECTION('',(-1.0,0.0,0.0));
#5825=DIRECTION('',(0.0,-1.0,0.0));
#5826=DIRECTION('',(0.0,0.0,-1.0));
#5827=DIRECTION('',(0.0,-1.0,0.0));
#5828=DIRECTION('',(1.0,0.0,0.0));
#5829=DIRECTION('',(0.0,-1.0,0.0));
#5830=DIRECTION('',(0.0,0.0,-1.0));
#5831=DIRECTION('',(0.0,-1.0,0.0));
#5832=DIRECTION('',(1.0,0.0,0.0));
#5833=DIRECTION('',(0.0,-1.0,0.0));
#5834=DIRECTION('',(0.0,0.0,1.0));
#5835=DIRECTION('',(0.0,-1.0,0.0));
#5836=DIRECTION('',(1.0,0.0,0.0));
#5837=DIRECTION('',(0.0,-1.0,0.0));
#5838=DIRECTION('',(0.0,0.0,1.0));
#5839=DIRECTION('',(0.0,-1.0,0.0));
#5840=DIRECTION('',(-1.0,0.0,0.0));
#5841=CARTESIAN_POINT('',(10.03277399657,9.974033476031,-17.47637395453));
#5842=DIRECTION('',(0.0,-1.0,0.0));
#5843=DIRECTION('',(1.0,0.0,0.0));
#5844=CARTESIAN_POINT('',(10.03277399657,9.974033476031,-17.47637395453));
#5845=DIRECTION('',(-0.0,1.0,0.0));
#5846=DIRECTION('',(1.0,0.0,0.0));
#5847=DIRECTION('',(0.0,1.0,0.0));
#5848=CARTESIAN_POINT('',(10.03277399657,17.484033476031,-17.47637395453));
#5849=DIRECTION('',(-0.0,1.0,0.0));
#5850=DIRECTION('',(1.0,0.0,0.0));
#5851=DIRECTION('',(0.0,1.0,0.0));
#5852=CARTESIAN_POINT('',(10.03277399657,17.484033476031,-17.47637395453));
#5853=DIRECTION('',(0.0,-1.0,0.0));
#5854=DIRECTION('',(1.0,0.0,0.0));
#5855=CARTESIAN_POINT('',(10.03277399657,17.484033476031,-17.47637395453));
#5856=DIRECTION('',(0.0,-1.0,0.0));
#5857=DIRECTION('',(1.0,0.0,0.0));
#5858=CARTESIAN_POINT('',(10.03277399657,17.484033476031,-17.47637395453));
#5859=DIRECTION('',(-0.0,1.0,0.0));
#5860=DIRECTION('',(1.0,0.0,0.0));
#5861=DIRECTION('',(0.0,1.0,0.0));
#5862=CARTESIAN_POINT('',(10.03277399657,23.834033476031,-17.47637395453));
#5863=DIRECTION('',(-0.0,1.0,0.0));
#5864=DIRECTION('',(1.0,0.0,0.0));
#5865=DIRECTION('',(0.0,1.0,0.0));
#5866=CARTESIAN_POINT('',(10.03277399657,23.834033476031,-17.47637395453));
#5867=DIRECTION('',(0.0,-1.0,0.0));
#5868=DIRECTION('',(1.0,0.0,0.0));
#5869=DIRECTION('',(-1.0,0.0,0.0));
#5870=DIRECTION('',(0.0,0.0,-1.0));
#5871=DIRECTION('',(-1.0,0.0,0.0));
#5872=DIRECTION('',(0.0,0.0,-1.0));
#5873=DIRECTION('',(1.0,0.0,0.0));
#5874=DIRECTION('',(0.0,0.0,-1.0));
#5875=DIRECTION('',(1.0,0.0,0.0));
#5876=DIRECTION('',(0.0,0.0,1.0));
#5877=DIRECTION('',(1.0,0.0,0.0));
#5878=DIRECTION('',(0.0,0.0,1.0));
#5879=DIRECTION('',(-1.0,0.0,0.0));
#5880=DIRECTION('',(0.0,0.0,1.0));
#5881=DIRECTION('',(0.0,-1.0,0.0));
#5882=DIRECTION('',(0.0,0.0,1.0));
#5883=DIRECTION('',(0.0,-1.0,0.0));
#5884=DIRECTION('',(-1.0,0.0,0.0));
#5885=DIRECTION('',(0.0,-1.0,0.0));
#5886=DIRECTION('',(0.0,0.0,-1.0));
#5887=DIRECTION('',(0.0,-1.0,0.0));
#5888=DIRECTION('',(-1.0,0.0,0.0));
#5889=DIRECTION('',(0.0,-1.0,0.0));
#5890=DIRECTION('',(0.0,0.0,-1.0));
#5891=DIRECTION('',(0.0,-1.0,0.0));
#5892=DIRECTION('',(1.0,0.0,0.0));
#5893=DIRECTION('',(0.0,-1.0,0.0));
#5894=DIRECTION('',(0.0,0.0,-1.0));
#5895=DIRECTION('',(0.0,-1.0,0.0));
#5896=DIRECTION('',(1.0,0.0,0.0));
#5897=DIRECTION('',(0.0,-1.0,0.0));
#5898=DIRECTION('',(0.0,0.0,1.0));
#5899=DIRECTION('',(0.0,-1.0,0.0));
#5900=DIRECTION('',(1.0,0.0,0.0));
#5901=DIRECTION('',(0.0,-1.0,0.0));
#5902=DIRECTION('',(0.0,0.0,1.0));
#5903=DIRECTION('',(0.0,-1.0,0.0));
#5904=DIRECTION('',(-1.0,0.0,0.0));
ENDSEC;
END-ISO-10303-21;
