ISO-10303-21;
HEADER;
FILE_DESCRIPTION((''),'2;1');
FILE_NAME('705550007','2016-12-06T',('ghp'),(''),
'PRO/ENGINEER BY PARAMETRIC TECHNOLOGY CORPORATION, 2012310',
'PRO/ENGINEER BY PARAMETRIC TECHNOLOGY CORPORATION, 2012310','');
FILE_SCHEMA(('CONFIG_CONTROL_DESIGN'));
ENDSEC;
DATA;
#1=DIRECTION('',(1.E0,0.E0,0.E0));
#2=VECTOR('',#1,6.5E-2);
#3=CARTESIAN_POINT('',(-4.75E-1,-1.E-1,-2.25E-1));
#4=LINE('',#3,#2);
#5=DIRECTION('',(7.071067811865E-1,-7.071067811865E-1,0.E0));
#6=VECTOR('',#5,2.121320343560E-2);
#7=CARTESIAN_POINT('',(-4.1E-1,-1.E-1,-2.25E-1));
#8=LINE('',#7,#6);
#9=DIRECTION('',(7.071067811865E-1,7.071067811865E-1,0.E0));
#10=VECTOR('',#9,2.121320343560E-2);
#11=CARTESIAN_POINT('',(-3.95E-1,-1.15E-1,-2.25E-1));
#12=LINE('',#11,#10);
#13=DIRECTION('',(1.E0,0.E0,0.E0));
#14=VECTOR('',#13,7.6E-1);
#15=CARTESIAN_POINT('',(-3.8E-1,-1.E-1,-2.25E-1));
#16=LINE('',#15,#14);
#17=DIRECTION('',(7.071067811865E-1,-7.071067811865E-1,0.E0));
#18=VECTOR('',#17,2.121320343560E-2);
#19=CARTESIAN_POINT('',(3.8E-1,-1.E-1,-2.25E-1));
#20=LINE('',#19,#18);
#21=DIRECTION('',(7.071067811865E-1,7.071067811865E-1,0.E0));
#22=VECTOR('',#21,2.121320343560E-2);
#23=CARTESIAN_POINT('',(3.95E-1,-1.15E-1,-2.25E-1));
#24=LINE('',#23,#22);
#25=DIRECTION('',(1.E0,0.E0,0.E0));
#26=VECTOR('',#25,6.5E-2);
#27=CARTESIAN_POINT('',(4.1E-1,-1.E-1,-2.25E-1));
#28=LINE('',#27,#26);
#29=DIRECTION('',(0.E0,1.E0,0.E0));
#30=VECTOR('',#29,5.E-2);
#31=CARTESIAN_POINT('',(4.75E-1,-1.E-1,-2.25E-1));
#32=LINE('',#31,#30);
#33=DIRECTION('',(-1.E0,0.E0,0.E0));
#34=VECTOR('',#33,2.5E-2);
#35=CARTESIAN_POINT('',(4.75E-1,-5.E-2,-2.25E-1));
#36=LINE('',#35,#34);
#37=DIRECTION('',(0.E0,1.E0,0.E0));
#38=VECTOR('',#37,1.5E-1);
#39=CARTESIAN_POINT('',(4.5E-1,-5.E-2,-2.25E-1));
#40=LINE('',#39,#38);
#41=DIRECTION('',(0.E0,-1.E0,0.E0));
#42=VECTOR('',#41,1.5E-1);
#43=CARTESIAN_POINT('',(-4.5E-1,1.E-1,-2.25E-1));
#44=LINE('',#43,#42);
#45=DIRECTION('',(-1.E0,0.E0,0.E0));
#46=VECTOR('',#45,2.5E-2);
#47=CARTESIAN_POINT('',(-4.5E-1,-5.E-2,-2.25E-1));
#48=LINE('',#47,#46);
#49=DIRECTION('',(0.E0,-1.E0,0.E0));
#50=VECTOR('',#49,5.E-2);
#51=CARTESIAN_POINT('',(-4.75E-1,-5.E-2,-2.25E-1));
#52=LINE('',#51,#50);
#53=DIRECTION('',(1.E0,0.E0,0.E0));
#54=VECTOR('',#53,8.3E-1);
#55=CARTESIAN_POINT('',(-4.15E-1,-7.E-2,-2.25E-1));
#56=LINE('',#55,#54);
#57=DIRECTION('',(0.E0,1.E0,0.E0));
#58=VECTOR('',#57,1.4E-1);
#59=CARTESIAN_POINT('',(-4.15E-1,-7.E-2,-2.25E-1));
#60=LINE('',#59,#58);
#61=DIRECTION('',(1.E0,0.E0,0.E0));
#62=VECTOR('',#61,8.3E-1);
#63=CARTESIAN_POINT('',(-4.15E-1,7.E-2,-2.25E-1));
#64=LINE('',#63,#62);
#65=DIRECTION('',(0.E0,1.E0,0.E0));
#66=VECTOR('',#65,1.4E-1);
#67=CARTESIAN_POINT('',(4.15E-1,-7.E-2,-2.25E-1));
#68=LINE('',#67,#66);
#69=DIRECTION('',(5.017523134550E-1,0.E0,8.650113386208E-1));
#70=VECTOR('',#69,1.039004285686E-1);
#71=CARTESIAN_POINT('',(4.12E-1,-1.E-1,-3.701752313505E-3));
#72=LINE('',#71,#70);
#73=DIRECTION('',(8.670359191700E-1,0.E0,4.982456370797E-1));
#74=VECTOR('',#73,4.2E-3);
#75=CARTESIAN_POINT('',(4.641322804033E-1,-1.E-1,8.617329648593E-2));
#76=LINE('',#75,#74);
#77=DIRECTION('',(-4.982456370797E-1,0.E0,8.670359191700E-1));
#78=VECTOR('',#77,2.E-3);
#79=CARTESIAN_POINT('',(4.677738312638E-1,-1.E-1,8.826592816166E-2));
#80=LINE('',#79,#78);
#81=DIRECTION('',(-8.670359191700E-1,0.E0,-4.982456370797E-1));
#82=VECTOR('',#81,1.007038047329E-3);
#83=CARTESIAN_POINT('',(4.667773399896E-1,-1.E-1,9.E-2));
#84=LINE('',#83,#82);
#85=DIRECTION('',(-1.E0,0.E0,0.E0));
#86=VECTOR('',#85,5.590420183062E-2);
#87=CARTESIAN_POINT('',(4.659042018306E-1,-1.E-1,8.949824768654E-2));
#88=LINE('',#87,#86);
#89=DIRECTION('',(0.E0,0.E0,1.E0));
#90=VECTOR('',#89,1.355017523135E-1);
#91=CARTESIAN_POINT('',(4.1E-1,-1.E-1,8.949824768654E-2));
#92=LINE('',#91,#90);
#93=DIRECTION('',(0.E0,0.E0,1.E0));
#94=VECTOR('',#93,2.194982476865E-1);
#95=CARTESIAN_POINT('',(4.1E-1,-1.E-1,-2.25E-1));
#96=LINE('',#95,#94);
#97=DIRECTION('',(1.E0,0.E0,0.E0));
#98=VECTOR('',#97,2.E-3);
#99=CARTESIAN_POINT('',(4.1E-1,-1.E-1,-5.501752313455E-3));
#100=LINE('',#99,#98);
#101=DIRECTION('',(0.E0,0.E0,1.E0));
#102=VECTOR('',#101,1.799999999950E-3);
#103=CARTESIAN_POINT('',(4.12E-1,-1.E-1,-5.501752313455E-3));
#104=LINE('',#103,#102);
#105=DIRECTION('',(-5.017523134550E-1,0.E0,8.650113386208E-1));
#106=VECTOR('',#105,1.039004285686E-1);
#107=CARTESIAN_POINT('',(-4.12E-1,-1.E-1,-3.701752313505E-3));
#108=LINE('',#107,#106);
#109=DIRECTION('',(0.E0,0.E0,1.E0));
#110=VECTOR('',#109,1.799999999950E-3);
#111=CARTESIAN_POINT('',(-4.12E-1,-1.E-1,-5.501752313455E-3));
#112=LINE('',#111,#110);
#113=DIRECTION('',(-1.E0,-1.040834085586E-13,0.E0));
#114=VECTOR('',#113,2.E-3);
#115=CARTESIAN_POINT('',(-4.1E-1,-1.E-1,-5.501752313455E-3));
#116=LINE('',#115,#114);
#117=DIRECTION('',(0.E0,0.E0,1.E0));
#118=VECTOR('',#117,2.194982476865E-1);
#119=CARTESIAN_POINT('',(-4.1E-1,-1.E-1,-2.25E-1));
#120=LINE('',#119,#118);
#121=DIRECTION('',(0.E0,0.E0,1.E0));
#122=VECTOR('',#121,4.5E-1);
#123=CARTESIAN_POINT('',(-4.75E-1,-1.E-1,-2.25E-1));
#124=LINE('',#123,#122);
#125=DIRECTION('',(0.E0,0.E0,1.E0));
#126=VECTOR('',#125,1.355017523135E-1);
#127=CARTESIAN_POINT('',(-4.1E-1,-1.E-1,8.949824768654E-2));
#128=LINE('',#127,#126);
#129=DIRECTION('',(1.E0,0.E0,0.E0));
#130=VECTOR('',#129,5.590420183062E-2);
#131=CARTESIAN_POINT('',(-4.659042018306E-1,-1.E-1,8.949824768654E-2));
#132=LINE('',#131,#130);
#133=DIRECTION('',(8.670359191700E-1,0.E0,-4.982456370797E-1));
#134=VECTOR('',#133,1.007038047329E-3);
#135=CARTESIAN_POINT('',(-4.667773399896E-1,-1.E-1,9.E-2));
#136=LINE('',#135,#134);
#137=DIRECTION('',(4.982456370797E-1,0.E0,8.670359191700E-1));
#138=VECTOR('',#137,2.E-3);
#139=CARTESIAN_POINT('',(-4.677738312638E-1,-1.E-1,8.826592816166E-2));
#140=LINE('',#139,#138);
#141=DIRECTION('',(-8.670359191700E-1,0.E0,4.982456370797E-1));
#142=VECTOR('',#141,4.2E-3);
#143=CARTESIAN_POINT('',(-4.641322804033E-1,-1.E-1,8.617329648593E-2));
#144=LINE('',#143,#142);
#145=DIRECTION('',(1.E0,0.E0,0.E0));
#146=VECTOR('',#145,2.387840187676E-2);
#147=CARTESIAN_POINT('',(-3.8E-1,-1.E-1,8.949824768654E-2));
#148=LINE('',#147,#146);
#149=DIRECTION('',(0.E0,0.E0,1.E0));
#150=VECTOR('',#149,1.355017523135E-1);
#151=CARTESIAN_POINT('',(-3.8E-1,-1.E-1,8.949824768654E-2));
#152=LINE('',#151,#150);
#153=DIRECTION('',(0.E0,0.E0,-1.E0));
#154=VECTOR('',#153,3.5E-1);
#155=CARTESIAN_POINT('',(-3.25E-1,-1.E-1,2.25E-1));
#156=LINE('',#155,#154);
#157=DIRECTION('',(1.E0,0.E0,0.E0));
#158=VECTOR('',#157,5.E-2);
#159=CARTESIAN_POINT('',(-3.25E-1,-1.E-1,-1.25E-1));
#160=LINE('',#159,#158);
#161=DIRECTION('',(0.E0,0.E0,-1.E0));
#162=VECTOR('',#161,3.5E-1);
#163=CARTESIAN_POINT('',(-2.75E-1,-1.E-1,2.25E-1));
#164=LINE('',#163,#162);
#165=DIRECTION('',(0.E0,0.E0,-1.E0));
#166=VECTOR('',#165,3.5E-1);
#167=CARTESIAN_POINT('',(2.75E-1,-1.E-1,2.25E-1));
#168=LINE('',#167,#166);
#169=DIRECTION('',(1.E0,0.E0,0.E0));
#170=VECTOR('',#169,5.E-2);
#171=CARTESIAN_POINT('',(2.75E-1,-1.E-1,-1.25E-1));
#172=LINE('',#171,#170);
#173=DIRECTION('',(0.E0,0.E0,-1.E0));
#174=VECTOR('',#173,3.5E-1);
#175=CARTESIAN_POINT('',(3.25E-1,-1.E-1,2.25E-1));
#176=LINE('',#175,#174);
#177=DIRECTION('',(0.E0,0.E0,1.E0));
#178=VECTOR('',#177,1.355017523135E-1);
#179=CARTESIAN_POINT('',(3.8E-1,-1.E-1,8.949824768654E-2));
#180=LINE('',#179,#178);
#181=DIRECTION('',(-1.E0,0.E0,0.E0));
#182=VECTOR('',#181,2.387840187676E-2);
#183=CARTESIAN_POINT('',(3.8E-1,-1.E-1,8.949824768654E-2));
#184=LINE('',#183,#182);
#185=DIRECTION('',(-8.650113386208E-1,0.E0,5.017523134550E-1));
#186=VECTOR('',#185,1.E-3);
#187=CARTESIAN_POINT('',(3.561215981232E-1,-1.E-1,8.949824768654E-2));
#188=LINE('',#187,#186);
#189=DIRECTION('',(-5.017523134550E-1,0.E0,-8.650113386208E-1));
#190=VECTOR('',#189,2.E-3);
#191=CARTESIAN_POINT('',(3.552565867846E-1,-1.E-1,9.E-2));
#192=LINE('',#191,#190);
#193=DIRECTION('',(8.650113386208E-1,0.E0,-5.017523134550E-1));
#194=VECTOR('',#193,4.178716830213E-3);
#195=CARTESIAN_POINT('',(3.542530821577E-1,-1.E-1,8.826997732276E-2));
#196=LINE('',#195,#194);
#197=DIRECTION('',(5.017523134550E-1,0.E0,-8.650113386208E-1));
#198=VECTOR('',#197,4.410997181234E-2);
#199=CARTESIAN_POINT('',(3.578677195967E-1,-1.E-1,8.617329648593E-2));
#200=LINE('',#199,#198);
#201=DIRECTION('',(0.E0,0.E0,1.E0));
#202=VECTOR('',#201,2.730176707220E-1);
#203=CARTESIAN_POINT('',(3.8E-1,-1.E-1,-2.25E-1));
#204=LINE('',#203,#202);
#205=DIRECTION('',(0.E0,0.E0,1.E0));
#206=VECTOR('',#205,2.730176707220E-1);
#207=CARTESIAN_POINT('',(-3.8E-1,-1.E-1,-2.25E-1));
#208=LINE('',#207,#206);
#209=DIRECTION('',(-5.017523134550E-1,0.E0,-8.650113386208E-1));
#210=VECTOR('',#209,4.410997181234E-2);
#211=CARTESIAN_POINT('',(-3.578677195967E-1,-1.E-1,8.617329648593E-2));
#212=LINE('',#211,#210);
#213=DIRECTION('',(-8.650113386208E-1,0.E0,-5.017523134550E-1));
#214=VECTOR('',#213,4.178716830214E-3);
#215=CARTESIAN_POINT('',(-3.542530821577E-1,-1.E-1,8.826997732276E-2));
#216=LINE('',#215,#214);
#217=DIRECTION('',(5.017523134549E-1,0.E0,-8.650113386208E-1));
#218=VECTOR('',#217,2.E-3);
#219=CARTESIAN_POINT('',(-3.552565867846E-1,-1.E-1,9.E-2));
#220=LINE('',#219,#218);
#221=DIRECTION('',(8.650113386208E-1,0.E0,5.017523134550E-1));
#222=VECTOR('',#221,1.E-3);
#223=CARTESIAN_POINT('',(-3.561215981232E-1,-1.E-1,8.949824768654E-2));
#224=LINE('',#223,#222);
#225=CARTESIAN_POINT('',(4.432242005617E-1,-1.784163676812E-1,
5.012816894639E-2));
#226=CARTESIAN_POINT('',(4.419206402234E-1,-1.794918190593E-1,
4.788085599338E-2));
#227=CARTESIAN_POINT('',(4.393698814970E-1,-1.812845612094E-1,
4.348339700562E-2));
#228=CARTESIAN_POINT('',(4.357678717631E-1,-1.827949054207E-1,
3.727360149885E-2));
#229=CARTESIAN_POINT('',(4.321650211E-1,-1.831524735816E-1,3.106235624619E-2));
#230=CARTESIAN_POINT('',(4.285735552639E-1,-1.823014164708E-1,
2.487073821635E-2));
#231=CARTESIAN_POINT('',(4.249267475209E-1,-1.803269520308E-1,
1.858371180334E-2));
#232=CARTESIAN_POINT('',(4.210048005274E-1,-1.771711016829E-1,
1.182235061412E-2));
#233=CARTESIAN_POINT('',(4.167238563565E-1,-1.727930115797E-1,
4.442085195157E-3));
#234=CARTESIAN_POINT('',(4.136189589866E-1,-1.690999741468E-1,
-9.106981566364E-4));
#235=CARTESIAN_POINT('',(4.12E-1,-1.670715008393E-1,-3.701752313505E-3));
#237=CARTESIAN_POINT('',(4.641322804033E-1,-1.531349365536E-1,
8.617329648593E-2));
#238=CARTESIAN_POINT('',(4.624643988634E-1,-1.555181754521E-1,
8.329790078810E-2));
#239=CARTESIAN_POINT('',(4.592470297750E-1,-1.600221098693E-1,
7.775121835673E-2));
#240=CARTESIAN_POINT('',(4.547699799212E-1,-1.659539883818E-1,
7.003287051207E-2));
#241=CARTESIAN_POINT('',(4.506148838955E-1,-1.710444467269E-1,
6.286956487513E-2));
#242=CARTESIAN_POINT('',(4.467618373244E-1,-1.752590409974E-1,
5.622698668895E-2));
#243=CARTESIAN_POINT('',(4.443733039828E-1,-1.774683449303E-1,
5.210920114466E-2));
#244=CARTESIAN_POINT('',(4.432242005617E-1,-1.784163676812E-1,
5.012816894639E-2));
#246=DIRECTION('',(0.E0,-1.E0,0.E0));
#247=VECTOR('',#246,6.707150083930E-2);
#248=CARTESIAN_POINT('',(4.12E-1,-1.E-1,-3.701752313505E-3));
#249=LINE('',#248,#247);
#250=CARTESIAN_POINT('',(4.12E-1,-1.670715008393E-1,-3.701752313505E-3));
#251=CARTESIAN_POINT('',(4.12E-1,-1.668292262133E-1,-4.000169698433E-3));
#252=CARTESIAN_POINT('',(4.12E-1,-1.663432657844E-1,-4.598585778553E-3));
#253=CARTESIAN_POINT('',(4.12E-1,-1.658544878552E-1,-5.200168417348E-3));
#254=CARTESIAN_POINT('',(4.12E-1,-1.656093956678E-1,-5.501752313455E-3));
#256=DIRECTION('',(0.E0,-1.E0,0.E0));
#257=VECTOR('',#256,6.560939566782E-2);
#258=CARTESIAN_POINT('',(4.12E-1,-1.E-1,-5.501752313455E-3));
#259=LINE('',#258,#257);
#260=CARTESIAN_POINT('',(4.12E-1,-1.656093956678E-1,-5.501752313455E-3));
#261=CARTESIAN_POINT('',(4.116660018674E-1,-1.656568524965E-1,
-5.501752313455E-3));
#262=CARTESIAN_POINT('',(4.109986716052E-1,-1.657469271659E-1,
-5.501752313455E-3));
#263=CARTESIAN_POINT('',(4.103326694525E-1,-1.658272983761E-1,
-5.501752313455E-3));
#264=CARTESIAN_POINT('',(4.1E-1,-1.658650538237E-1,-5.501752313455E-3));
#266=DIRECTION('',(0.E0,-1.E0,0.E0));
#267=VECTOR('',#266,6.586505382368E-2);
#268=CARTESIAN_POINT('',(4.1E-1,-1.E-1,-5.501752313455E-3));
#269=LINE('',#268,#267);
#270=CARTESIAN_POINT('',(4.1E-1,-1.658650538237E-1,-5.501752313455E-3));
#271=CARTESIAN_POINT('',(4.1E-1,-1.661113401186E-1,-5.200362000979E-3));
#272=CARTESIAN_POINT('',(4.1E-1,-1.666027001392E-1,-4.598972558048E-3));
#273=CARTESIAN_POINT('',(4.1E-1,-1.670916318513E-1,-4.000362888064E-3));
#274=CARTESIAN_POINT('',(4.1E-1,-1.673354897938E-1,-3.701752313505E-3));
#276=DIRECTION('',(0.E0,-1.E0,0.E0));
#277=VECTOR('',#276,6.733548979384E-2);
#278=CARTESIAN_POINT('',(4.1E-1,-1.E-1,-3.701752313505E-3));
#279=LINE('',#278,#277);
#280=DIRECTION('',(7.071067811865E-1,7.071067811865E-1,0.E0));
#281=VECTOR('',#280,2.121320343560E-2);
#282=CARTESIAN_POINT('',(3.95E-1,-1.15E-1,8.949824768654E-2));
#283=LINE('',#282,#281);
#284=DIRECTION('',(0.E0,0.E0,1.E0));
#285=VECTOR('',#284,1.355017523135E-1);
#286=CARTESIAN_POINT('',(3.95E-1,-1.15E-1,8.949824768654E-2));
#287=LINE('',#286,#285);
#288=DIRECTION('',(0.E0,0.E0,1.E0));
#289=VECTOR('',#288,2.471579592043E-1);
#290=CARTESIAN_POINT('',(3.95E-1,-1.15E-1,-2.25E-1));
#291=LINE('',#290,#289);
#292=DIRECTION('',(4.484661306566E-1,4.484661306566E-1,-7.731469842842E-1));
#293=VECTOR('',#292,3.344734189411E-2);
#294=CARTESIAN_POINT('',(3.95E-1,-1.15E-1,2.215795920425E-2));
#295=LINE('',#294,#293);
#296=DIRECTION('',(-3.083952846267E-14,-1.541976423133E-14,-1.E0));
#297=VECTOR('',#296,1.799999999950E-3);
#298=CARTESIAN_POINT('',(4.1E-1,-1.E-1,-3.701752313505E-3));
#299=LINE('',#298,#297);
#300=CARTESIAN_POINT('',(3.561215981232E-1,-1.621530154936E-1,
8.949824768654E-2));
#301=CARTESIAN_POINT('',(3.594089316807E-1,-1.642163533853E-1,
8.949824768654E-2));
#302=CARTESIAN_POINT('',(3.657322959618E-1,-1.679996947373E-1,
8.949824768654E-2));
#303=CARTESIAN_POINT('',(3.744957841346E-1,-1.725843261628E-1,
8.949824768654E-2));
#304=CARTESIAN_POINT('',(3.825817375033E-1,-1.760354204618E-1,
8.949824768654E-2));
#305=CARTESIAN_POINT('',(3.901094252015E-1,-1.783697082211E-1,
8.949824768654E-2));
#306=CARTESIAN_POINT('',(3.973337624781E-1,-1.796420546436E-1,
8.949824768654E-2));
#307=CARTESIAN_POINT('',(4.044939015102E-1,-1.798480155685E-1,
8.949824768654E-2));
#308=CARTESIAN_POINT('',(4.116689745375E-1,-1.789763343226E-1,
8.949824768654E-2));
#309=CARTESIAN_POINT('',(4.190155672886E-1,-1.770622440930E-1,
8.949824768654E-2));
#310=CARTESIAN_POINT('',(4.269125420122E-1,-1.740287209783E-1,
8.949824768654E-2));
#311=CARTESIAN_POINT('',(4.355026258378E-1,-1.698221064051E-1,
8.949824768654E-2));
#312=CARTESIAN_POINT('',(4.448043242383E-1,-1.644890647989E-1,
8.949824768654E-2));
#313=CARTESIAN_POINT('',(4.548744945985E-1,-1.580775058732E-1,
8.949824768654E-2));
#314=CARTESIAN_POINT('',(4.621335309369E-1,-1.531145917577E-1,
8.949824768654E-2));
#315=CARTESIAN_POINT('',(4.659042018306E-1,-1.504691744361E-1,
8.949824768654E-2));
#317=DIRECTION('',(0.E0,-1.E0,0.E0));
#318=VECTOR('',#317,5.046917443609E-2);
#319=CARTESIAN_POINT('',(4.659042018306E-1,-1.E-1,8.949824768654E-2));
#320=LINE('',#319,#318);
#321=DIRECTION('',(-7.713691830612E-1,-6.363879189799E-1,0.E0));
#322=VECTOR('',#321,3.490169331883E-2);
#323=CARTESIAN_POINT('',(4.432242005617E-1,-1.784163676812E-1,
5.012816894639E-2));
#324=LINE('',#323,#322);
#325=DIRECTION('',(7.713691830612E-1,-6.363879189799E-1,0.E0));
#326=VECTOR('',#325,1.227655109684E-2);
#327=CARTESIAN_POINT('',(3.787757994383E-1,-1.928147348565E-1,
5.012816894639E-2));
#328=LINE('',#327,#326);
#329=CARTESIAN_POINT('',(4.035743515193E-1,-1.852E-1,5.012816894639E-2));
#330=DIRECTION('',(0.E0,0.E0,-1.E0));
#331=DIRECTION('',(6.363879189799E-1,-7.713691830612E-1,0.E0));
#332=AXIS2_PLACEMENT_3D('',#329,#330,#331);
#334=CARTESIAN_POINT('',(4.009733110083E-1,-1.852E-1,5.012816894639E-2));
#335=DIRECTION('',(0.E0,0.E0,1.E0));
#336=DIRECTION('',(-6.363879189799E-1,-7.713691830612E-1,0.E0));
#337=AXIS2_PLACEMENT_3D('',#334,#335,#336);
#339=CARTESIAN_POINT('',(4.022738312638E-1,-2.006273836612E-1,
5.012816894639E-2));
#340=DIRECTION('',(0.E0,-1.E0,0.E0));
#341=DIRECTION('',(1.E0,0.E0,0.E0));
#342=AXIS2_PLACEMENT_3D('',#339,#340,#341);
#344=CARTESIAN_POINT('',(4.022738312638E-1,-2.006273836612E-1,
5.012816894639E-2));
#345=DIRECTION('',(0.E0,1.E0,0.E0));
#346=DIRECTION('',(1.E0,0.E0,0.E0));
#347=AXIS2_PLACEMENT_3D('',#344,#345,#346);
#349=CARTESIAN_POINT('',(4.1E-1,-1.673354897938E-1,-3.701752313505E-3));
#350=CARTESIAN_POINT('',(4.085629347302E-1,-1.695271395843E-1,
-1.224279426196E-3));
#351=CARTESIAN_POINT('',(4.058009546047E-1,-1.736875186078E-1,
3.537321191386E-3));
#352=CARTESIAN_POINT('',(4.019887532060E-1,-1.792306813538E-1,
1.010948308583E-2));
#353=CARTESIAN_POINT('',(3.984844616239E-1,-1.840585424963E-1,
1.615081437837E-2));
#354=CARTESIAN_POINT('',(3.952593767159E-1,-1.881381205184E-1,
2.171079873440E-2));
#355=CARTESIAN_POINT('',(3.922915900374E-1,-1.913996443250E-1,
2.682720589130E-2));
#356=CARTESIAN_POINT('',(3.895441893286E-1,-1.937716311369E-1,
3.156367187484E-2));
#357=CARTESIAN_POINT('',(3.868853041036E-1,-1.952321848893E-1,
3.614753886654E-2));
#358=CARTESIAN_POINT('',(3.841594317933E-1,-1.956112343180E-1,
4.084689030522E-2));
#359=CARTESIAN_POINT('',(3.814590586967E-1,-1.947780489662E-1,
4.550228158977E-2));
#360=CARTESIAN_POINT('',(3.796743415691E-1,-1.935560418328E-1,
4.857909959383E-2));
#361=CARTESIAN_POINT('',(3.787757994383E-1,-1.928147348565E-1,
5.012816894639E-2));
#363=DIRECTION('',(0.E0,-1.E0,0.E0));
#364=VECTOR('',#363,6.501519423591E-2);
#365=CARTESIAN_POINT('',(3.578677195967E-1,-1.E-1,8.617329648593E-2));
#366=LINE('',#365,#364);
#367=CARTESIAN_POINT('',(3.787757994383E-1,-1.928147348565E-1,
5.012816894639E-2));
#368=CARTESIAN_POINT('',(3.778529878388E-1,-1.920534053059E-1,
5.171907839632E-2));
#369=CARTESIAN_POINT('',(3.759549052918E-1,-1.902186103172E-1,
5.499133620305E-2));
#370=CARTESIAN_POINT('',(3.729690564904E-1,-1.867256300220E-1,
6.013888211238E-2));
#371=CARTESIAN_POINT('',(3.696808697249E-1,-1.824176792420E-1,
6.580765285714E-2));
#372=CARTESIAN_POINT('',(3.660951242423E-1,-1.773684106953E-1,
7.198940910765E-2));
#373=CARTESIAN_POINT('',(3.621851536581E-1,-1.716035393913E-1,
7.873012319773E-2));
#374=CARTESIAN_POINT('',(3.593459665729E-1,-1.672871415915E-1,
8.362482712883E-2));
#375=CARTESIAN_POINT('',(3.578677195967E-1,-1.650151942359E-1,
8.617329648593E-2));
#377=DIRECTION('',(7.071067811865E-1,-7.071067811865E-1,0.E0));
#378=VECTOR('',#377,2.121320343560E-2);
#379=CARTESIAN_POINT('',(3.8E-1,-1.E-1,8.949824768654E-2));
#380=LINE('',#379,#378);
#381=DIRECTION('',(4.484661306566E-1,-4.484661306566E-1,-7.731469842842E-1));
#382=VECTOR('',#381,3.344734189411E-2);
#383=CARTESIAN_POINT('',(3.8E-1,-1.E-1,4.801767072201E-2));
#384=LINE('',#383,#382);
#385=DIRECTION('',(0.E0,1.E0,0.E0));
#386=VECTOR('',#385,2.E-2);
#387=CARTESIAN_POINT('',(2.75E-1,-1.E-1,2.25E-1));
#388=LINE('',#387,#386);
#389=DIRECTION('',(1.E0,0.E0,0.E0));
#390=VECTOR('',#389,5.5E-1);
#391=CARTESIAN_POINT('',(-2.75E-1,-1.E-1,2.25E-1));
#392=LINE('',#391,#390);
#393=DIRECTION('',(0.E0,1.E0,0.E0));
#394=VECTOR('',#393,2.E-2);
#395=CARTESIAN_POINT('',(-2.75E-1,-1.E-1,2.25E-1));
#396=LINE('',#395,#394);
#397=DIRECTION('',(0.E0,1.E0,0.E0));
#398=VECTOR('',#397,2.E-2);
#399=CARTESIAN_POINT('',(3.25E-1,-1.E-1,2.25E-1));
#400=LINE('',#399,#398);
#401=DIRECTION('',(0.E0,1.E0,0.E0));
#402=VECTOR('',#401,2.E-2);
#403=CARTESIAN_POINT('',(-3.25E-1,-1.E-1,2.25E-1));
#404=LINE('',#403,#402);
#405=DIRECTION('',(1.E0,0.E0,0.E0));
#406=VECTOR('',#405,5.5E-2);
#407=CARTESIAN_POINT('',(-3.8E-1,-1.E-1,2.25E-1));
#408=LINE('',#407,#406);
#409=DIRECTION('',(7.071067811865E-1,7.071067811865E-1,0.E0));
#410=VECTOR('',#409,2.121320343560E-2);
#411=CARTESIAN_POINT('',(-3.95E-1,-1.15E-1,2.25E-1));
#412=LINE('',#411,#410);
#413=DIRECTION('',(7.071067811865E-1,-7.071067811865E-1,0.E0));
#414=VECTOR('',#413,2.121320343560E-2);
#415=CARTESIAN_POINT('',(-4.1E-1,-1.E-1,2.25E-1));
#416=LINE('',#415,#414);
#417=DIRECTION('',(1.E0,0.E0,0.E0));
#418=VECTOR('',#417,6.5E-2);
#419=CARTESIAN_POINT('',(-4.75E-1,-1.E-1,2.25E-1));
#420=LINE('',#419,#418);
#421=DIRECTION('',(0.E0,-1.E0,0.E0));
#422=VECTOR('',#421,5.E-2);
#423=CARTESIAN_POINT('',(-4.75E-1,-5.E-2,2.25E-1));
#424=LINE('',#423,#422);
#425=DIRECTION('',(-1.E0,0.E0,0.E0));
#426=VECTOR('',#425,2.5E-2);
#427=CARTESIAN_POINT('',(-4.5E-1,-5.E-2,2.25E-1));
#428=LINE('',#427,#426);
#429=DIRECTION('',(0.E0,-1.E0,0.E0));
#430=VECTOR('',#429,1.5E-1);
#431=CARTESIAN_POINT('',(-4.5E-1,1.E-1,2.25E-1));
#432=LINE('',#431,#430);
#433=DIRECTION('',(-1.E0,0.E0,0.E0));
#434=VECTOR('',#433,3.1E-1);
#435=CARTESIAN_POINT('',(-1.4E-1,1.E-1,2.25E-1));
#436=LINE('',#435,#434);
#437=DIRECTION('',(0.E0,-1.E0,0.E0));
#438=VECTOR('',#437,6.E-2);
#439=CARTESIAN_POINT('',(-1.4E-1,1.6E-1,2.25E-1));
#440=LINE('',#439,#438);
#441=DIRECTION('',(-1.E0,0.E0,0.E0));
#442=VECTOR('',#441,2.8E-1);
#443=CARTESIAN_POINT('',(1.4E-1,1.6E-1,2.25E-1));
#444=LINE('',#443,#442);
#445=DIRECTION('',(0.E0,1.E0,0.E0));
#446=VECTOR('',#445,6.E-2);
#447=CARTESIAN_POINT('',(1.4E-1,1.E-1,2.25E-1));
#448=LINE('',#447,#446);
#449=DIRECTION('',(-1.E0,0.E0,0.E0));
#450=VECTOR('',#449,3.1E-1);
#451=CARTESIAN_POINT('',(4.5E-1,1.E-1,2.25E-1));
#452=LINE('',#451,#450);
#453=DIRECTION('',(0.E0,1.E0,0.E0));
#454=VECTOR('',#453,1.5E-1);
#455=CARTESIAN_POINT('',(4.5E-1,-5.E-2,2.25E-1));
#456=LINE('',#455,#454);
#457=DIRECTION('',(-1.E0,0.E0,0.E0));
#458=VECTOR('',#457,2.5E-2);
#459=CARTESIAN_POINT('',(4.75E-1,-5.E-2,2.25E-1));
#460=LINE('',#459,#458);
#461=DIRECTION('',(0.E0,1.E0,0.E0));
#462=VECTOR('',#461,5.E-2);
#463=CARTESIAN_POINT('',(4.75E-1,-1.E-1,2.25E-1));
#464=LINE('',#463,#462);
#465=DIRECTION('',(1.E0,0.E0,0.E0));
#466=VECTOR('',#465,6.5E-2);
#467=CARTESIAN_POINT('',(4.1E-1,-1.E-1,2.25E-1));
#468=LINE('',#467,#466);
#469=DIRECTION('',(7.071067811865E-1,7.071067811865E-1,0.E0));
#470=VECTOR('',#469,2.121320343560E-2);
#471=CARTESIAN_POINT('',(3.95E-1,-1.15E-1,2.25E-1));
#472=LINE('',#471,#470);
#473=DIRECTION('',(7.071067811865E-1,-7.071067811865E-1,0.E0));
#474=VECTOR('',#473,2.121320343560E-2);
#475=CARTESIAN_POINT('',(3.8E-1,-1.E-1,2.25E-1));
#476=LINE('',#475,#474);
#477=DIRECTION('',(1.E0,0.E0,0.E0));
#478=VECTOR('',#477,5.5E-2);
#479=CARTESIAN_POINT('',(3.25E-1,-1.E-1,2.25E-1));
#480=LINE('',#479,#478);
#481=DIRECTION('',(0.E0,7.071067811865E-1,-7.071067811865E-1));
#482=VECTOR('',#481,2.828427124746E-2);
#483=CARTESIAN_POINT('',(2.75E-1,-8.E-2,2.25E-1));
#484=LINE('',#483,#482);
#485=DIRECTION('',(1.E0,0.E0,0.E0));
#486=VECTOR('',#485,5.5E-1);
#487=CARTESIAN_POINT('',(-2.75E-1,-8.E-2,2.25E-1));
#488=LINE('',#487,#486);
#489=DIRECTION('',(0.E0,7.071067811865E-1,-7.071067811865E-1));
#490=VECTOR('',#489,2.828427124746E-2);
#491=CARTESIAN_POINT('',(-2.75E-1,-8.E-2,2.25E-1));
#492=LINE('',#491,#490);
#493=DIRECTION('',(1.E0,0.E0,0.E0));
#494=VECTOR('',#493,5.5E-1);
#495=CARTESIAN_POINT('',(-2.75E-1,-6.E-2,2.05E-1));
#496=LINE('',#495,#494);
#497=DIRECTION('',(0.E0,7.071067811865E-1,-7.071067811865E-1));
#498=VECTOR('',#497,2.828427124746E-2);
#499=CARTESIAN_POINT('',(3.25E-1,-8.E-2,2.25E-1));
#500=LINE('',#499,#498);
#501=DIRECTION('',(1.E0,0.E0,0.E0));
#502=VECTOR('',#501,8.5E-2);
#503=CARTESIAN_POINT('',(3.25E-1,-6.E-2,2.05E-1));
#504=LINE('',#503,#502);
#505=DIRECTION('',(1.E0,0.E0,0.E0));
#506=VECTOR('',#505,1.05E-1);
#507=CARTESIAN_POINT('',(3.25E-1,-8.E-2,2.25E-1));
#508=LINE('',#507,#506);
#509=DIRECTION('',(0.E0,7.071067811865E-1,-7.071067811865E-1));
#510=VECTOR('',#509,2.828427124746E-2);
#511=CARTESIAN_POINT('',(-3.25E-1,-8.E-2,2.25E-1));
#512=LINE('',#511,#510);
#513=DIRECTION('',(1.E0,0.E0,0.E0));
#514=VECTOR('',#513,1.05E-1);
#515=CARTESIAN_POINT('',(-4.3E-1,-8.E-2,2.25E-1));
#516=LINE('',#515,#514);
#517=DIRECTION('',(1.E0,0.E0,0.E0));
#518=VECTOR('',#517,8.5E-2);
#519=CARTESIAN_POINT('',(-4.1E-1,-6.E-2,2.05E-1));
#520=LINE('',#519,#518);
#521=DIRECTION('',(0.E0,1.E0,0.E0));
#522=VECTOR('',#521,2.5E-2);
#523=CARTESIAN_POINT('',(-3.625E-1,-1.25E-2,-1.25E-1));
#524=LINE('',#523,#522);
#525=DIRECTION('',(1.E0,0.E0,0.E0));
#526=VECTOR('',#525,2.5E-2);
#527=CARTESIAN_POINT('',(-3.625E-1,-1.25E-2,-1.25E-1));
#528=LINE('',#527,#526);
#529=DIRECTION('',(0.E0,1.E0,0.E0));
#530=VECTOR('',#529,2.5E-2);
#531=CARTESIAN_POINT('',(-3.375E-1,-1.25E-2,-1.25E-1));
#532=LINE('',#531,#530);
#533=DIRECTION('',(1.E0,0.E0,0.E0));
#534=VECTOR('',#533,2.5E-2);
#535=CARTESIAN_POINT('',(-3.625E-1,1.25E-2,-1.25E-1));
#536=LINE('',#535,#534);
#537=DIRECTION('',(0.E0,1.E0,0.E0));
#538=VECTOR('',#537,2.5E-2);
#539=CARTESIAN_POINT('',(-2.625E-1,-1.25E-2,-1.25E-1));
#540=LINE('',#539,#538);
#541=DIRECTION('',(1.E0,0.E0,0.E0));
#542=VECTOR('',#541,2.5E-2);
#543=CARTESIAN_POINT('',(-2.625E-1,-1.25E-2,-1.25E-1));
#544=LINE('',#543,#542);
#545=DIRECTION('',(0.E0,1.E0,0.E0));
#546=VECTOR('',#545,2.5E-2);
#547=CARTESIAN_POINT('',(-2.375E-1,-1.25E-2,-1.25E-1));
#548=LINE('',#547,#546);
#549=DIRECTION('',(1.E0,0.E0,0.E0));
#550=VECTOR('',#549,2.5E-2);
#551=CARTESIAN_POINT('',(-2.625E-1,1.25E-2,-1.25E-1));
#552=LINE('',#551,#550);
#553=DIRECTION('',(0.E0,1.E0,0.E0));
#554=VECTOR('',#553,2.5E-2);
#555=CARTESIAN_POINT('',(-1.625E-1,-1.25E-2,-1.25E-1));
#556=LINE('',#555,#554);
#557=DIRECTION('',(1.E0,0.E0,0.E0));
#558=VECTOR('',#557,2.5E-2);
#559=CARTESIAN_POINT('',(-1.625E-1,-1.25E-2,-1.25E-1));
#560=LINE('',#559,#558);
#561=DIRECTION('',(0.E0,1.E0,0.E0));
#562=VECTOR('',#561,2.5E-2);
#563=CARTESIAN_POINT('',(-1.375E-1,-1.25E-2,-1.25E-1));
#564=LINE('',#563,#562);
#565=DIRECTION('',(1.E0,0.E0,0.E0));
#566=VECTOR('',#565,2.5E-2);
#567=CARTESIAN_POINT('',(-1.625E-1,1.25E-2,-1.25E-1));
#568=LINE('',#567,#566);
#569=DIRECTION('',(0.E0,1.E0,0.E0));
#570=VECTOR('',#569,2.5E-2);
#571=CARTESIAN_POINT('',(-6.25E-2,-1.25E-2,-1.25E-1));
#572=LINE('',#571,#570);
#573=DIRECTION('',(1.E0,0.E0,0.E0));
#574=VECTOR('',#573,2.5E-2);
#575=CARTESIAN_POINT('',(-6.25E-2,-1.25E-2,-1.25E-1));
#576=LINE('',#575,#574);
#577=DIRECTION('',(0.E0,1.E0,0.E0));
#578=VECTOR('',#577,2.5E-2);
#579=CARTESIAN_POINT('',(-3.75E-2,-1.25E-2,-1.25E-1));
#580=LINE('',#579,#578);
#581=DIRECTION('',(1.E0,0.E0,0.E0));
#582=VECTOR('',#581,2.5E-2);
#583=CARTESIAN_POINT('',(-6.25E-2,1.25E-2,-1.25E-1));
#584=LINE('',#583,#582);
#585=DIRECTION('',(0.E0,1.E0,0.E0));
#586=VECTOR('',#585,2.5E-2);
#587=CARTESIAN_POINT('',(3.75E-2,-1.25E-2,-1.25E-1));
#588=LINE('',#587,#586);
#589=DIRECTION('',(1.E0,0.E0,0.E0));
#590=VECTOR('',#589,2.5E-2);
#591=CARTESIAN_POINT('',(3.75E-2,-1.25E-2,-1.25E-1));
#592=LINE('',#591,#590);
#593=DIRECTION('',(0.E0,1.E0,0.E0));
#594=VECTOR('',#593,2.5E-2);
#595=CARTESIAN_POINT('',(6.25E-2,-1.25E-2,-1.25E-1));
#596=LINE('',#595,#594);
#597=DIRECTION('',(1.E0,0.E0,0.E0));
#598=VECTOR('',#597,2.5E-2);
#599=CARTESIAN_POINT('',(3.75E-2,1.25E-2,-1.25E-1));
#600=LINE('',#599,#598);
#601=DIRECTION('',(0.E0,1.E0,0.E0));
#602=VECTOR('',#601,2.5E-2);
#603=CARTESIAN_POINT('',(1.375E-1,-1.25E-2,-1.25E-1));
#604=LINE('',#603,#602);
#605=DIRECTION('',(1.E0,0.E0,0.E0));
#606=VECTOR('',#605,2.5E-2);
#607=CARTESIAN_POINT('',(1.375E-1,-1.25E-2,-1.25E-1));
#608=LINE('',#607,#606);
#609=DIRECTION('',(0.E0,1.E0,0.E0));
#610=VECTOR('',#609,2.5E-2);
#611=CARTESIAN_POINT('',(1.625E-1,-1.25E-2,-1.25E-1));
#612=LINE('',#611,#610);
#613=DIRECTION('',(1.E0,0.E0,0.E0));
#614=VECTOR('',#613,2.5E-2);
#615=CARTESIAN_POINT('',(1.375E-1,1.25E-2,-1.25E-1));
#616=LINE('',#615,#614);
#617=DIRECTION('',(0.E0,1.E0,0.E0));
#618=VECTOR('',#617,2.5E-2);
#619=CARTESIAN_POINT('',(2.375E-1,-1.25E-2,-1.25E-1));
#620=LINE('',#619,#618);
#621=DIRECTION('',(1.E0,0.E0,0.E0));
#622=VECTOR('',#621,2.5E-2);
#623=CARTESIAN_POINT('',(2.375E-1,-1.25E-2,-1.25E-1));
#624=LINE('',#623,#622);
#625=DIRECTION('',(0.E0,1.E0,0.E0));
#626=VECTOR('',#625,2.5E-2);
#627=CARTESIAN_POINT('',(2.625E-1,-1.25E-2,-1.25E-1));
#628=LINE('',#627,#626);
#629=DIRECTION('',(1.E0,0.E0,0.E0));
#630=VECTOR('',#629,2.5E-2);
#631=CARTESIAN_POINT('',(2.375E-1,1.25E-2,-1.25E-1));
#632=LINE('',#631,#630);
#633=DIRECTION('',(0.E0,1.E0,0.E0));
#634=VECTOR('',#633,2.5E-2);
#635=CARTESIAN_POINT('',(3.375E-1,-1.25E-2,-1.25E-1));
#636=LINE('',#635,#634);
#637=DIRECTION('',(1.E0,0.E0,0.E0));
#638=VECTOR('',#637,2.5E-2);
#639=CARTESIAN_POINT('',(3.375E-1,-1.25E-2,-1.25E-1));
#640=LINE('',#639,#638);
#641=DIRECTION('',(0.E0,1.E0,0.E0));
#642=VECTOR('',#641,2.5E-2);
#643=CARTESIAN_POINT('',(3.625E-1,-1.25E-2,-1.25E-1));
#644=LINE('',#643,#642);
#645=DIRECTION('',(1.E0,0.E0,0.E0));
#646=VECTOR('',#645,2.5E-2);
#647=CARTESIAN_POINT('',(3.375E-1,1.25E-2,-1.25E-1));
#648=LINE('',#647,#646);
#649=DIRECTION('',(0.E0,-1.E0,0.E0));
#650=VECTOR('',#649,4.E-2);
#651=CARTESIAN_POINT('',(2.75E-1,-6.E-2,-1.25E-1));
#652=LINE('',#651,#650);
#653=DIRECTION('',(1.E0,0.E0,0.E0));
#654=VECTOR('',#653,5.5E-1);
#655=CARTESIAN_POINT('',(-2.75E-1,-6.E-2,-1.25E-1));
#656=LINE('',#655,#654);
#657=DIRECTION('',(0.E0,1.E0,0.E0));
#658=VECTOR('',#657,4.E-2);
#659=CARTESIAN_POINT('',(-2.75E-1,-1.E-1,-1.25E-1));
#660=LINE('',#659,#658);
#661=DIRECTION('',(0.E0,-1.E0,0.E0));
#662=VECTOR('',#661,4.E-2);
#663=CARTESIAN_POINT('',(-3.25E-1,-6.E-2,-1.25E-1));
#664=LINE('',#663,#662);
#665=DIRECTION('',(1.E0,0.E0,0.E0));
#666=VECTOR('',#665,8.5E-2);
#667=CARTESIAN_POINT('',(-4.1E-1,-6.E-2,-1.25E-1));
#668=LINE('',#667,#666);
#669=DIRECTION('',(0.E0,-1.E0,0.E0));
#670=VECTOR('',#669,1.2E-1);
#671=CARTESIAN_POINT('',(-4.1E-1,6.E-2,-1.25E-1));
#672=LINE('',#671,#670);
#673=DIRECTION('',(-1.E0,0.E0,0.E0));
#674=VECTOR('',#673,3.5E-1);
#675=CARTESIAN_POINT('',(-6.E-2,6.E-2,-1.25E-1));
#676=LINE('',#675,#674);
#677=DIRECTION('',(0.E0,-1.E0,0.E0));
#678=VECTOR('',#677,4.E-2);
#679=CARTESIAN_POINT('',(-6.E-2,1.E-1,-1.25E-1));
#680=LINE('',#679,#678);
#681=DIRECTION('',(0.E0,1.E0,0.E0));
#682=VECTOR('',#681,4.E-2);
#683=CARTESIAN_POINT('',(6.E-2,6.E-2,-1.25E-1));
#684=LINE('',#683,#682);
#685=DIRECTION('',(-1.E0,0.E0,0.E0));
#686=VECTOR('',#685,3.5E-1);
#687=CARTESIAN_POINT('',(4.1E-1,6.E-2,-1.25E-1));
#688=LINE('',#687,#686);
#689=DIRECTION('',(0.E0,1.E0,0.E0));
#690=VECTOR('',#689,1.2E-1);
#691=CARTESIAN_POINT('',(4.1E-1,-6.E-2,-1.25E-1));
#692=LINE('',#691,#690);
#693=DIRECTION('',(1.E0,0.E0,0.E0));
#694=VECTOR('',#693,8.5E-2);
#695=CARTESIAN_POINT('',(3.25E-1,-6.E-2,-1.25E-1));
#696=LINE('',#695,#694);
#697=DIRECTION('',(0.E0,1.E0,0.E0));
#698=VECTOR('',#697,4.E-2);
#699=CARTESIAN_POINT('',(3.25E-1,-1.E-1,-1.25E-1));
#700=LINE('',#699,#698);
#701=DIRECTION('',(0.E0,-1.E0,0.E0));
#702=VECTOR('',#701,1.75E-1);
#703=CARTESIAN_POINT('',(-3.625E-1,-7.E-2,-2.7E-1));
#704=LINE('',#703,#702);
#705=DIRECTION('',(0.E0,0.E0,-1.E0));
#706=VECTOR('',#705,2.5E-2);
#707=CARTESIAN_POINT('',(-3.625E-1,-2.45E-1,-2.7E-1));
#708=LINE('',#707,#706);
#709=DIRECTION('',(0.E0,1.E0,0.E0));
#710=VECTOR('',#709,1.75E-1);
#711=CARTESIAN_POINT('',(-3.625E-1,-2.45E-1,-2.95E-1));
#712=LINE('',#711,#710);
#713=DIRECTION('',(0.E0,0.E0,1.E0));
#714=VECTOR('',#713,2.4E-1);
#715=CARTESIAN_POINT('',(-3.625E-1,1.25E-2,-1.25E-1));
#716=LINE('',#715,#714);
#717=DIRECTION('',(0.E0,-1.E0,0.E0));
#718=VECTOR('',#717,2.5E-2);
#719=CARTESIAN_POINT('',(-3.625E-1,1.25E-2,1.15E-1));
#720=LINE('',#719,#718);
#721=DIRECTION('',(0.E0,0.E0,-1.E0));
#722=VECTOR('',#721,2.4E-1);
#723=CARTESIAN_POINT('',(-3.625E-1,-1.25E-2,1.15E-1));
#724=LINE('',#723,#722);
#725=DIRECTION('',(0.E0,0.E0,-1.E0));
#726=VECTOR('',#725,2.5E-2);
#727=CARTESIAN_POINT('',(-3.625E-1,-7.E-2,-2.7E-1));
#728=LINE('',#727,#726);
#729=DIRECTION('',(0.E0,0.E0,-1.E0));
#730=VECTOR('',#729,1.5E-2);
#731=CARTESIAN_POINT('',(-3.625E-1,-7.E-2,-2.95E-1));
#732=LINE('',#731,#730);
#733=DIRECTION('',(0.E0,0.E0,-1.E0));
#734=VECTOR('',#733,8.5E-2);
#735=CARTESIAN_POINT('',(4.15E-1,-7.E-2,-2.25E-1));
#736=LINE('',#735,#734);
#737=DIRECTION('',(0.E0,0.E0,-1.E0));
#738=VECTOR('',#737,2.5E-2);
#739=CARTESIAN_POINT('',(3.625E-1,-7.E-2,-2.7E-1));
#740=LINE('',#739,#738);
#741=DIRECTION('',(-5.551115123126E-14,0.E0,-1.E0));
#742=VECTOR('',#741,9.999999999999E-4);
#743=CARTESIAN_POINT('',(3.375E-1,-7.E-2,-2.69E-1));
#744=LINE('',#743,#742);
#745=DIRECTION('',(0.E0,0.E0,-1.E0));
#746=VECTOR('',#745,2.5E-2);
#747=CARTESIAN_POINT('',(3.375E-1,-7.E-2,-2.7E-1));
#748=LINE('',#747,#746);
#749=DIRECTION('',(0.E0,0.E0,-1.E0));
#750=VECTOR('',#749,1.5E-2);
#751=CARTESIAN_POINT('',(3.375E-1,-7.E-2,-2.95E-1));
#752=LINE('',#751,#750);
#753=DIRECTION('',(0.E0,0.E0,-1.E0));
#754=VECTOR('',#753,2.5E-2);
#755=CARTESIAN_POINT('',(2.625E-1,-7.E-2,-2.7E-1));
#756=LINE('',#755,#754);
#757=DIRECTION('',(0.E0,0.E0,-1.E0));
#758=VECTOR('',#757,9.999999999999E-4);
#759=CARTESIAN_POINT('',(2.375E-1,-7.E-2,-2.69E-1));
#760=LINE('',#759,#758);
#761=DIRECTION('',(0.E0,0.E0,-1.E0));
#762=VECTOR('',#761,2.5E-2);
#763=CARTESIAN_POINT('',(2.375E-1,-7.E-2,-2.7E-1));
#764=LINE('',#763,#762);
#765=DIRECTION('',(0.E0,0.E0,-1.E0));
#766=VECTOR('',#765,1.5E-2);
#767=CARTESIAN_POINT('',(2.375E-1,-7.E-2,-2.95E-1));
#768=LINE('',#767,#766);
#769=DIRECTION('',(0.E0,0.E0,-1.E0));
#770=VECTOR('',#769,2.5E-2);
#771=CARTESIAN_POINT('',(1.625E-1,-7.E-2,-2.7E-1));
#772=LINE('',#771,#770);
#773=DIRECTION('',(5.551115123126E-14,0.E0,-1.E0));
#774=VECTOR('',#773,9.999999999999E-4);
#775=CARTESIAN_POINT('',(1.375E-1,-7.E-2,-2.69E-1));
#776=LINE('',#775,#774);
#777=DIRECTION('',(0.E0,0.E0,-1.E0));
#778=VECTOR('',#777,2.5E-2);
#779=CARTESIAN_POINT('',(1.375E-1,-7.E-2,-2.7E-1));
#780=LINE('',#779,#778);
#781=DIRECTION('',(0.E0,0.E0,-1.E0));
#782=VECTOR('',#781,1.5E-2);
#783=CARTESIAN_POINT('',(1.375E-1,-7.E-2,-2.95E-1));
#784=LINE('',#783,#782);
#785=DIRECTION('',(0.E0,0.E0,-1.E0));
#786=VECTOR('',#785,2.5E-2);
#787=CARTESIAN_POINT('',(6.25E-2,-7.E-2,-2.7E-1));
#788=LINE('',#787,#786);
#789=DIRECTION('',(1.387778780782E-14,0.E0,-1.E0));
#790=VECTOR('',#789,9.999999999999E-4);
#791=CARTESIAN_POINT('',(3.75E-2,-7.E-2,-2.69E-1));
#792=LINE('',#791,#790);
#793=DIRECTION('',(0.E0,0.E0,-1.E0));
#794=VECTOR('',#793,2.5E-2);
#795=CARTESIAN_POINT('',(3.75E-2,-7.E-2,-2.7E-1));
#796=LINE('',#795,#794);
#797=DIRECTION('',(0.E0,0.E0,-1.E0));
#798=VECTOR('',#797,1.5E-2);
#799=CARTESIAN_POINT('',(3.75E-2,-7.E-2,-2.95E-1));
#800=LINE('',#799,#798);
#801=DIRECTION('',(0.E0,0.E0,-1.E0));
#802=VECTOR('',#801,2.5E-2);
#803=CARTESIAN_POINT('',(-3.75E-2,-7.E-2,-2.7E-1));
#804=LINE('',#803,#802);
#805=DIRECTION('',(1.387778780782E-14,0.E0,-1.E0));
#806=VECTOR('',#805,9.999999999999E-4);
#807=CARTESIAN_POINT('',(-6.25E-2,-7.E-2,-2.69E-1));
#808=LINE('',#807,#806);
#809=DIRECTION('',(0.E0,0.E0,-1.E0));
#810=VECTOR('',#809,2.5E-2);
#811=CARTESIAN_POINT('',(-6.25E-2,-7.E-2,-2.7E-1));
#812=LINE('',#811,#810);
#813=DIRECTION('',(0.E0,0.E0,-1.E0));
#814=VECTOR('',#813,1.5E-2);
#815=CARTESIAN_POINT('',(-6.25E-2,-7.E-2,-2.95E-1));
#816=LINE('',#815,#814);
#817=DIRECTION('',(0.E0,0.E0,-1.E0));
#818=VECTOR('',#817,2.5E-2);
#819=CARTESIAN_POINT('',(-1.375E-1,-7.E-2,-2.7E-1));
#820=LINE('',#819,#818);
#821=DIRECTION('',(5.551115123126E-14,0.E0,-1.E0));
#822=VECTOR('',#821,9.999999999999E-4);
#823=CARTESIAN_POINT('',(-1.625E-1,-7.E-2,-2.69E-1));
#824=LINE('',#823,#822);
#825=DIRECTION('',(0.E0,0.E0,-1.E0));
#826=VECTOR('',#825,2.5E-2);
#827=CARTESIAN_POINT('',(-1.625E-1,-7.E-2,-2.7E-1));
#828=LINE('',#827,#826);
#829=DIRECTION('',(0.E0,0.E0,-1.E0));
#830=VECTOR('',#829,1.5E-2);
#831=CARTESIAN_POINT('',(-1.625E-1,-7.E-2,-2.95E-1));
#832=LINE('',#831,#830);
#833=DIRECTION('',(0.E0,0.E0,-1.E0));
#834=VECTOR('',#833,2.5E-2);
#835=CARTESIAN_POINT('',(-2.375E-1,-7.E-2,-2.7E-1));
#836=LINE('',#835,#834);
#837=DIRECTION('',(5.551115123126E-14,0.E0,-1.E0));
#838=VECTOR('',#837,9.999999999999E-4);
#839=CARTESIAN_POINT('',(-2.625E-1,-7.E-2,-2.69E-1));
#840=LINE('',#839,#838);
#841=DIRECTION('',(0.E0,0.E0,-1.E0));
#842=VECTOR('',#841,2.5E-2);
#843=CARTESIAN_POINT('',(-2.625E-1,-7.E-2,-2.7E-1));
#844=LINE('',#843,#842);
#845=DIRECTION('',(0.E0,0.E0,-1.E0));
#846=VECTOR('',#845,1.5E-2);
#847=CARTESIAN_POINT('',(-2.625E-1,-7.E-2,-2.95E-1));
#848=LINE('',#847,#846);
#849=DIRECTION('',(0.E0,0.E0,-1.E0));
#850=VECTOR('',#849,2.5E-2);
#851=CARTESIAN_POINT('',(-3.375E-1,-7.E-2,-2.7E-1));
#852=LINE('',#851,#850);
#853=DIRECTION('',(1.110223024625E-13,0.E0,-1.E0));
#854=VECTOR('',#853,9.999999999999E-4);
#855=CARTESIAN_POINT('',(-3.625E-1,-7.E-2,-2.69E-1));
#856=LINE('',#855,#854);
#857=CARTESIAN_POINT('',(-3.625E-1,-3.75E-2,-2.45E-1));
#858=DIRECTION('',(1.E0,0.E0,0.E0));
#859=DIRECTION('',(0.E0,0.E0,-1.E0));
#860=AXIS2_PLACEMENT_3D('',#857,#858,#859);
#862=DIRECTION('',(0.E0,1.E0,0.E0));
#863=VECTOR('',#862,3.25E-2);
#864=CARTESIAN_POINT('',(-3.625E-1,-7.E-2,-2.7E-1));
#865=LINE('',#864,#863);
#866=DIRECTION('',(0.E0,1.E0,0.E0));
#867=VECTOR('',#866,3.25E-2);
#868=CARTESIAN_POINT('',(-3.625E-1,-7.E-2,-2.95E-1));
#869=LINE('',#868,#867);
#870=CARTESIAN_POINT('',(-3.625E-1,-3.75E-2,-2.45E-1));
#871=DIRECTION('',(1.E0,0.E0,0.E0));
#872=DIRECTION('',(0.E0,0.E0,-1.E0));
#873=AXIS2_PLACEMENT_3D('',#870,#871,#872);
#875=DIRECTION('',(0.E0,0.E0,-1.E0));
#876=VECTOR('',#875,4.1E-2);
#877=CARTESIAN_POINT('',(-3.625E-1,3.E-2,-2.69E-1));
#878=LINE('',#877,#876);
#879=DIRECTION('',(0.E0,1.E0,0.E0));
#880=VECTOR('',#879,3.95E-2);
#881=CARTESIAN_POINT('',(3.625E-1,-7.E-2,-2.69E-1));
#882=LINE('',#881,#880);
#883=DIRECTION('',(1.E0,0.E0,0.E0));
#884=VECTOR('',#883,2.5E-2);
#885=CARTESIAN_POINT('',(3.375E-1,-3.05E-2,-2.69E-1));
#886=LINE('',#885,#884);
#887=DIRECTION('',(0.E0,1.E0,0.E0));
#888=VECTOR('',#887,3.95E-2);
#889=CARTESIAN_POINT('',(3.375E-1,-7.E-2,-2.69E-1));
#890=LINE('',#889,#888);
#891=DIRECTION('',(1.E0,0.E0,0.E0));
#892=VECTOR('',#891,2.5E-2);
#893=CARTESIAN_POINT('',(3.375E-1,-7.E-2,-2.69E-1));
#894=LINE('',#893,#892);
#895=DIRECTION('',(1.E0,0.E0,0.E0));
#896=VECTOR('',#895,2.5E-2);
#897=CARTESIAN_POINT('',(2.375E-1,-3.05E-2,-2.69E-1));
#898=LINE('',#897,#896);
#899=DIRECTION('',(0.E0,1.E0,0.E0));
#900=VECTOR('',#899,3.95E-2);
#901=CARTESIAN_POINT('',(2.375E-1,-7.E-2,-2.69E-1));
#902=LINE('',#901,#900);
#903=DIRECTION('',(1.E0,0.E0,0.E0));
#904=VECTOR('',#903,2.5E-2);
#905=CARTESIAN_POINT('',(2.375E-1,-7.E-2,-2.69E-1));
#906=LINE('',#905,#904);
#907=DIRECTION('',(0.E0,1.E0,0.E0));
#908=VECTOR('',#907,3.95E-2);
#909=CARTESIAN_POINT('',(2.625E-1,-7.E-2,-2.69E-1));
#910=LINE('',#909,#908);
#911=DIRECTION('',(1.E0,0.E0,0.E0));
#912=VECTOR('',#911,2.5E-2);
#913=CARTESIAN_POINT('',(1.375E-1,-3.05E-2,-2.69E-1));
#914=LINE('',#913,#912);
#915=DIRECTION('',(0.E0,1.E0,0.E0));
#916=VECTOR('',#915,3.95E-2);
#917=CARTESIAN_POINT('',(1.375E-1,-7.E-2,-2.69E-1));
#918=LINE('',#917,#916);
#919=DIRECTION('',(1.E0,0.E0,0.E0));
#920=VECTOR('',#919,2.5E-2);
#921=CARTESIAN_POINT('',(1.375E-1,-7.E-2,-2.69E-1));
#922=LINE('',#921,#920);
#923=DIRECTION('',(0.E0,1.E0,0.E0));
#924=VECTOR('',#923,3.95E-2);
#925=CARTESIAN_POINT('',(1.625E-1,-7.E-2,-2.69E-1));
#926=LINE('',#925,#924);
#927=DIRECTION('',(1.E0,0.E0,0.E0));
#928=VECTOR('',#927,2.5E-2);
#929=CARTESIAN_POINT('',(3.75E-2,-3.05E-2,-2.69E-1));
#930=LINE('',#929,#928);
#931=DIRECTION('',(0.E0,1.E0,0.E0));
#932=VECTOR('',#931,3.95E-2);
#933=CARTESIAN_POINT('',(3.75E-2,-7.E-2,-2.69E-1));
#934=LINE('',#933,#932);
#935=DIRECTION('',(1.E0,0.E0,0.E0));
#936=VECTOR('',#935,2.5E-2);
#937=CARTESIAN_POINT('',(3.75E-2,-7.E-2,-2.69E-1));
#938=LINE('',#937,#936);
#939=DIRECTION('',(0.E0,1.E0,0.E0));
#940=VECTOR('',#939,3.95E-2);
#941=CARTESIAN_POINT('',(6.25E-2,-7.E-2,-2.69E-1));
#942=LINE('',#941,#940);
#943=DIRECTION('',(1.E0,0.E0,0.E0));
#944=VECTOR('',#943,2.5E-2);
#945=CARTESIAN_POINT('',(-6.25E-2,-3.05E-2,-2.69E-1));
#946=LINE('',#945,#944);
#947=DIRECTION('',(0.E0,1.E0,0.E0));
#948=VECTOR('',#947,3.95E-2);
#949=CARTESIAN_POINT('',(-6.25E-2,-7.E-2,-2.69E-1));
#950=LINE('',#949,#948);
#951=DIRECTION('',(1.E0,0.E0,0.E0));
#952=VECTOR('',#951,2.5E-2);
#953=CARTESIAN_POINT('',(-6.25E-2,-7.E-2,-2.69E-1));
#954=LINE('',#953,#952);
#955=DIRECTION('',(0.E0,1.E0,0.E0));
#956=VECTOR('',#955,3.95E-2);
#957=CARTESIAN_POINT('',(-3.75E-2,-7.E-2,-2.69E-1));
#958=LINE('',#957,#956);
#959=DIRECTION('',(1.E0,0.E0,0.E0));
#960=VECTOR('',#959,2.5E-2);
#961=CARTESIAN_POINT('',(-1.625E-1,-3.05E-2,-2.69E-1));
#962=LINE('',#961,#960);
#963=DIRECTION('',(0.E0,1.E0,0.E0));
#964=VECTOR('',#963,3.95E-2);
#965=CARTESIAN_POINT('',(-1.625E-1,-7.E-2,-2.69E-1));
#966=LINE('',#965,#964);
#967=DIRECTION('',(1.E0,0.E0,0.E0));
#968=VECTOR('',#967,2.5E-2);
#969=CARTESIAN_POINT('',(-1.625E-1,-7.E-2,-2.69E-1));
#970=LINE('',#969,#968);
#971=DIRECTION('',(0.E0,1.E0,0.E0));
#972=VECTOR('',#971,3.95E-2);
#973=CARTESIAN_POINT('',(-1.375E-1,-7.E-2,-2.69E-1));
#974=LINE('',#973,#972);
#975=DIRECTION('',(1.E0,0.E0,0.E0));
#976=VECTOR('',#975,2.5E-2);
#977=CARTESIAN_POINT('',(-2.625E-1,-3.05E-2,-2.69E-1));
#978=LINE('',#977,#976);
#979=DIRECTION('',(0.E0,1.E0,0.E0));
#980=VECTOR('',#979,3.95E-2);
#981=CARTESIAN_POINT('',(-2.625E-1,-7.E-2,-2.69E-1));
#982=LINE('',#981,#980);
#983=DIRECTION('',(1.E0,0.E0,0.E0));
#984=VECTOR('',#983,2.5E-2);
#985=CARTESIAN_POINT('',(-2.625E-1,-7.E-2,-2.69E-1));
#986=LINE('',#985,#984);
#987=DIRECTION('',(0.E0,1.E0,0.E0));
#988=VECTOR('',#987,3.95E-2);
#989=CARTESIAN_POINT('',(-2.375E-1,-7.E-2,-2.69E-1));
#990=LINE('',#989,#988);
#991=DIRECTION('',(1.E0,0.E0,0.E0));
#992=VECTOR('',#991,2.5E-2);
#993=CARTESIAN_POINT('',(-3.625E-1,-3.05E-2,-2.69E-1));
#994=LINE('',#993,#992);
#995=DIRECTION('',(0.E0,1.E0,0.E0));
#996=VECTOR('',#995,3.95E-2);
#997=CARTESIAN_POINT('',(-3.625E-1,-7.E-2,-2.69E-1));
#998=LINE('',#997,#996);
#999=DIRECTION('',(1.E0,0.E0,0.E0));
#1000=VECTOR('',#999,2.5E-2);
#1001=CARTESIAN_POINT('',(-3.625E-1,-7.E-2,-2.69E-1));
#1002=LINE('',#1001,#1000);
#1003=DIRECTION('',(0.E0,1.E0,0.E0));
#1004=VECTOR('',#1003,3.95E-2);
#1005=CARTESIAN_POINT('',(-3.375E-1,-7.E-2,-2.69E-1));
#1006=LINE('',#1005,#1004);
#1007=DIRECTION('',(1.E0,0.E0,0.E0));
#1008=VECTOR('',#1007,2.5E-2);
#1009=CARTESIAN_POINT('',(-3.625E-1,6.363424398923E-3,-2.69E-1));
#1010=LINE('',#1009,#1008);
#1011=DIRECTION('',(0.E0,1.E0,0.E0));
#1012=VECTOR('',#1011,2.363657560108E-2);
#1013=CARTESIAN_POINT('',(-3.375E-1,6.363424398923E-3,-2.69E-1));
#1014=LINE('',#1013,#1012);
#1015=DIRECTION('',(1.E0,0.E0,0.E0));
#1016=VECTOR('',#1015,7.5E-2);
#1017=CARTESIAN_POINT('',(-3.375E-1,3.E-2,-2.69E-1));
#1018=LINE('',#1017,#1016);
#1019=DIRECTION('',(0.E0,1.E0,0.E0));
#1020=VECTOR('',#1019,2.363657560108E-2);
#1021=CARTESIAN_POINT('',(-2.625E-1,6.363424398923E-3,-2.69E-1));
#1022=LINE('',#1021,#1020);
#1023=DIRECTION('',(1.E0,0.E0,0.E0));
#1024=VECTOR('',#1023,2.5E-2);
#1025=CARTESIAN_POINT('',(-2.625E-1,6.363424398923E-3,-2.69E-1));
#1026=LINE('',#1025,#1024);
#1027=DIRECTION('',(0.E0,1.E0,0.E0));
#1028=VECTOR('',#1027,2.363657560108E-2);
#1029=CARTESIAN_POINT('',(-2.375E-1,6.363424398923E-3,-2.69E-1));
#1030=LINE('',#1029,#1028);
#1031=DIRECTION('',(1.E0,0.E0,0.E0));
#1032=VECTOR('',#1031,7.5E-2);
#1033=CARTESIAN_POINT('',(-2.375E-1,3.E-2,-2.69E-1));
#1034=LINE('',#1033,#1032);
#1035=DIRECTION('',(0.E0,1.E0,0.E0));
#1036=VECTOR('',#1035,2.363657560108E-2);
#1037=CARTESIAN_POINT('',(-1.625E-1,6.363424398923E-3,-2.69E-1));
#1038=LINE('',#1037,#1036);
#1039=DIRECTION('',(1.E0,0.E0,0.E0));
#1040=VECTOR('',#1039,2.5E-2);
#1041=CARTESIAN_POINT('',(-1.625E-1,6.363424398923E-3,-2.69E-1));
#1042=LINE('',#1041,#1040);
#1043=DIRECTION('',(0.E0,1.E0,0.E0));
#1044=VECTOR('',#1043,2.363657560108E-2);
#1045=CARTESIAN_POINT('',(-1.375E-1,6.363424398923E-3,-2.69E-1));
#1046=LINE('',#1045,#1044);
#1047=DIRECTION('',(1.E0,0.E0,0.E0));
#1048=VECTOR('',#1047,7.5E-2);
#1049=CARTESIAN_POINT('',(-1.375E-1,3.E-2,-2.69E-1));
#1050=LINE('',#1049,#1048);
#1051=DIRECTION('',(0.E0,1.E0,0.E0));
#1052=VECTOR('',#1051,2.363657560108E-2);
#1053=CARTESIAN_POINT('',(-6.25E-2,6.363424398923E-3,-2.69E-1));
#1054=LINE('',#1053,#1052);
#1055=DIRECTION('',(1.E0,0.E0,0.E0));
#1056=VECTOR('',#1055,2.5E-2);
#1057=CARTESIAN_POINT('',(-6.25E-2,6.363424398923E-3,-2.69E-1));
#1058=LINE('',#1057,#1056);
#1059=DIRECTION('',(0.E0,1.E0,0.E0));
#1060=VECTOR('',#1059,2.363657560108E-2);
#1061=CARTESIAN_POINT('',(-3.75E-2,6.363424398923E-3,-2.69E-1));
#1062=LINE('',#1061,#1060);
#1063=DIRECTION('',(1.E0,0.E0,0.E0));
#1064=VECTOR('',#1063,7.5E-2);
#1065=CARTESIAN_POINT('',(-3.75E-2,3.E-2,-2.69E-1));
#1066=LINE('',#1065,#1064);
#1067=DIRECTION('',(0.E0,1.E0,0.E0));
#1068=VECTOR('',#1067,2.363657560108E-2);
#1069=CARTESIAN_POINT('',(3.75E-2,6.363424398923E-3,-2.69E-1));
#1070=LINE('',#1069,#1068);
#1071=DIRECTION('',(1.E0,0.E0,0.E0));
#1072=VECTOR('',#1071,2.5E-2);
#1073=CARTESIAN_POINT('',(3.75E-2,6.363424398923E-3,-2.69E-1));
#1074=LINE('',#1073,#1072);
#1075=DIRECTION('',(0.E0,1.E0,0.E0));
#1076=VECTOR('',#1075,2.363657560108E-2);
#1077=CARTESIAN_POINT('',(6.25E-2,6.363424398923E-3,-2.69E-1));
#1078=LINE('',#1077,#1076);
#1079=DIRECTION('',(1.E0,0.E0,0.E0));
#1080=VECTOR('',#1079,7.5E-2);
#1081=CARTESIAN_POINT('',(6.25E-2,3.E-2,-2.69E-1));
#1082=LINE('',#1081,#1080);
#1083=DIRECTION('',(0.E0,1.E0,0.E0));
#1084=VECTOR('',#1083,2.363657560108E-2);
#1085=CARTESIAN_POINT('',(1.375E-1,6.363424398923E-3,-2.69E-1));
#1086=LINE('',#1085,#1084);
#1087=DIRECTION('',(1.E0,0.E0,0.E0));
#1088=VECTOR('',#1087,2.5E-2);
#1089=CARTESIAN_POINT('',(1.375E-1,6.363424398923E-3,-2.69E-1));
#1090=LINE('',#1089,#1088);
#1091=DIRECTION('',(0.E0,1.E0,0.E0));
#1092=VECTOR('',#1091,2.363657560108E-2);
#1093=CARTESIAN_POINT('',(1.625E-1,6.363424398923E-3,-2.69E-1));
#1094=LINE('',#1093,#1092);
#1095=DIRECTION('',(1.E0,0.E0,0.E0));
#1096=VECTOR('',#1095,7.5E-2);
#1097=CARTESIAN_POINT('',(1.625E-1,3.E-2,-2.69E-1));
#1098=LINE('',#1097,#1096);
#1099=DIRECTION('',(0.E0,1.E0,0.E0));
#1100=VECTOR('',#1099,2.363657560108E-2);
#1101=CARTESIAN_POINT('',(2.375E-1,6.363424398923E-3,-2.69E-1));
#1102=LINE('',#1101,#1100);
#1103=DIRECTION('',(1.E0,0.E0,0.E0));
#1104=VECTOR('',#1103,2.5E-2);
#1105=CARTESIAN_POINT('',(2.375E-1,6.363424398923E-3,-2.69E-1));
#1106=LINE('',#1105,#1104);
#1107=DIRECTION('',(0.E0,1.E0,0.E0));
#1108=VECTOR('',#1107,2.363657560108E-2);
#1109=CARTESIAN_POINT('',(2.625E-1,6.363424398923E-3,-2.69E-1));
#1110=LINE('',#1109,#1108);
#1111=DIRECTION('',(1.E0,0.E0,0.E0));
#1112=VECTOR('',#1111,7.5E-2);
#1113=CARTESIAN_POINT('',(2.625E-1,3.E-2,-2.69E-1));
#1114=LINE('',#1113,#1112);
#1115=DIRECTION('',(0.E0,1.E0,0.E0));
#1116=VECTOR('',#1115,2.363657560108E-2);
#1117=CARTESIAN_POINT('',(3.375E-1,6.363424398923E-3,-2.69E-1));
#1118=LINE('',#1117,#1116);
#1119=DIRECTION('',(1.E0,0.E0,0.E0));
#1120=VECTOR('',#1119,2.5E-2);
#1121=CARTESIAN_POINT('',(3.375E-1,6.363424398923E-3,-2.69E-1));
#1122=LINE('',#1121,#1120);
#1123=DIRECTION('',(0.E0,1.E0,0.E0));
#1124=VECTOR('',#1123,2.363657560108E-2);
#1125=CARTESIAN_POINT('',(3.625E-1,6.363424398923E-3,-2.69E-1));
#1126=LINE('',#1125,#1124);
#1127=DIRECTION('',(-1.E0,0.E0,0.E0));
#1128=VECTOR('',#1127,5.25E-2);
#1129=CARTESIAN_POINT('',(4.15E-1,3.E-2,-2.69E-1));
#1130=LINE('',#1129,#1128);
#1131=DIRECTION('',(1.E0,0.E0,0.E0));
#1132=VECTOR('',#1131,5.25E-2);
#1133=CARTESIAN_POINT('',(-4.15E-1,3.E-2,-2.69E-1));
#1134=LINE('',#1133,#1132);
#1135=DIRECTION('',(0.E0,1.E0,0.E0));
#1136=VECTOR('',#1135,2.363657560108E-2);
#1137=CARTESIAN_POINT('',(-3.625E-1,6.363424398923E-3,-2.69E-1));
#1138=LINE('',#1137,#1136);
#1139=DIRECTION('',(0.E0,1.E0,0.E0));
#1140=VECTOR('',#1139,3.25E-2);
#1141=CARTESIAN_POINT('',(3.625E-1,-7.E-2,-2.95E-1));
#1142=LINE('',#1141,#1140);
#1143=DIRECTION('',(0.E0,0.E0,-1.E0));
#1144=VECTOR('',#1143,1.5E-2);
#1145=CARTESIAN_POINT('',(3.625E-1,-7.E-2,-2.95E-1));
#1146=LINE('',#1145,#1144);
#1147=CARTESIAN_POINT('',(3.625E-1,-3.75E-2,-2.45E-1));
#1148=DIRECTION('',(1.E0,0.E0,0.E0));
#1149=DIRECTION('',(0.E0,0.E0,-1.E0));
#1150=AXIS2_PLACEMENT_3D('',#1147,#1148,#1149);
#1152=DIRECTION('',(0.E0,0.E0,-1.E0));
#1153=VECTOR('',#1152,9.999999999999E-4);
#1154=CARTESIAN_POINT('',(3.625E-1,-7.E-2,-2.69E-1));
#1155=LINE('',#1154,#1153);
#1156=DIRECTION('',(0.E0,1.E0,0.E0));
#1157=VECTOR('',#1156,3.25E-2);
#1158=CARTESIAN_POINT('',(3.625E-1,-7.E-2,-2.7E-1));
#1159=LINE('',#1158,#1157);
#1160=CARTESIAN_POINT('',(3.625E-1,-3.75E-2,-2.45E-1));
#1161=DIRECTION('',(1.E0,0.E0,0.E0));
#1162=DIRECTION('',(0.E0,0.E0,-1.E0));
#1163=AXIS2_PLACEMENT_3D('',#1160,#1161,#1162);
#1165=DIRECTION('',(1.E0,0.E0,0.E0));
#1166=VECTOR('',#1165,2.5E-2);
#1167=CARTESIAN_POINT('',(3.375E-1,-2.45E-1,-2.95E-1));
#1168=LINE('',#1167,#1166);
#1169=DIRECTION('',(0.E0,0.E0,-1.E0));
#1170=VECTOR('',#1169,2.4E-1);
#1171=CARTESIAN_POINT('',(3.625E-1,-1.25E-2,1.15E-1));
#1172=LINE('',#1171,#1170);
#1173=DIRECTION('',(0.E0,-1.E0,0.E0));
#1174=VECTOR('',#1173,2.5E-2);
#1175=CARTESIAN_POINT('',(3.625E-1,1.25E-2,1.15E-1));
#1176=LINE('',#1175,#1174);
#1177=DIRECTION('',(0.E0,0.E0,1.E0));
#1178=VECTOR('',#1177,2.4E-1);
#1179=CARTESIAN_POINT('',(3.625E-1,1.25E-2,-1.25E-1));
#1180=LINE('',#1179,#1178);
#1181=DIRECTION('',(0.E0,-1.E0,0.E0));
#1182=VECTOR('',#1181,1.75E-1);
#1183=CARTESIAN_POINT('',(3.625E-1,-7.E-2,-2.7E-1));
#1184=LINE('',#1183,#1182);
#1185=DIRECTION('',(0.E0,1.E0,0.E0));
#1186=VECTOR('',#1185,1.75E-1);
#1187=CARTESIAN_POINT('',(3.625E-1,-2.45E-1,-2.95E-1));
#1188=LINE('',#1187,#1186);
#1189=DIRECTION('',(0.E0,0.E0,-1.E0));
#1190=VECTOR('',#1189,2.5E-2);
#1191=CARTESIAN_POINT('',(3.625E-1,-2.45E-1,-2.7E-1));
#1192=LINE('',#1191,#1190);
#1193=DIRECTION('',(1.E0,0.E0,0.E0));
#1194=VECTOR('',#1193,2.5E-2);
#1195=CARTESIAN_POINT('',(3.375E-1,-1.25E-2,1.15E-1));
#1196=LINE('',#1195,#1194);
#1197=DIRECTION('',(0.E0,0.E0,-1.E0));
#1198=VECTOR('',#1197,2.4E-1);
#1199=CARTESIAN_POINT('',(3.375E-1,-1.25E-2,1.15E-1));
#1200=LINE('',#1199,#1198);
#1201=DIRECTION('',(0.E0,0.E0,1.E0));
#1202=VECTOR('',#1201,2.4E-1);
#1203=CARTESIAN_POINT('',(3.375E-1,1.25E-2,-1.25E-1));
#1204=LINE('',#1203,#1202);
#1205=DIRECTION('',(0.E0,-1.E0,0.E0));
#1206=VECTOR('',#1205,2.5E-2);
#1207=CARTESIAN_POINT('',(3.375E-1,1.25E-2,1.15E-1));
#1208=LINE('',#1207,#1206);
#1209=DIRECTION('',(0.E0,-1.E0,0.E0));
#1210=VECTOR('',#1209,1.75E-1);
#1211=CARTESIAN_POINT('',(3.375E-1,-7.E-2,-2.7E-1));
#1212=LINE('',#1211,#1210);
#1213=DIRECTION('',(0.E0,0.E0,-1.E0));
#1214=VECTOR('',#1213,2.5E-2);
#1215=CARTESIAN_POINT('',(3.375E-1,-2.45E-1,-2.7E-1));
#1216=LINE('',#1215,#1214);
#1217=DIRECTION('',(0.E0,1.E0,0.E0));
#1218=VECTOR('',#1217,1.75E-1);
#1219=CARTESIAN_POINT('',(3.375E-1,-2.45E-1,-2.95E-1));
#1220=LINE('',#1219,#1218);
#1221=DIRECTION('',(1.E0,0.E0,0.E0));
#1222=VECTOR('',#1221,2.5E-2);
#1223=CARTESIAN_POINT('',(3.375E-1,1.25E-2,1.15E-1));
#1224=LINE('',#1223,#1222);
#1225=DIRECTION('',(1.E0,0.E0,0.E0));
#1226=VECTOR('',#1225,2.5E-2);
#1227=CARTESIAN_POINT('',(3.375E-1,-3.75E-2,-2.7E-1));
#1228=LINE('',#1227,#1226);
#1229=DIRECTION('',(0.E0,1.E0,0.E0));
#1230=VECTOR('',#1229,3.25E-2);
#1231=CARTESIAN_POINT('',(3.375E-1,-7.E-2,-2.95E-1));
#1232=LINE('',#1231,#1230);
#1233=CARTESIAN_POINT('',(3.375E-1,-3.75E-2,-2.45E-1));
#1234=DIRECTION('',(1.E0,0.E0,0.E0));
#1235=DIRECTION('',(0.E0,0.E0,-1.E0));
#1236=AXIS2_PLACEMENT_3D('',#1233,#1234,#1235);
#1238=DIRECTION('',(0.E0,0.E0,-1.E0));
#1239=VECTOR('',#1238,4.1E-2);
#1240=CARTESIAN_POINT('',(3.375E-1,3.E-2,-2.69E-1));
#1241=LINE('',#1240,#1239);
#1242=CARTESIAN_POINT('',(3.375E-1,-3.75E-2,-2.45E-1));
#1243=DIRECTION('',(1.E0,0.E0,0.E0));
#1244=DIRECTION('',(0.E0,0.E0,-1.E0));
#1245=AXIS2_PLACEMENT_3D('',#1242,#1243,#1244);
#1247=DIRECTION('',(0.E0,1.E0,0.E0));
#1248=VECTOR('',#1247,3.25E-2);
#1249=CARTESIAN_POINT('',(3.375E-1,-7.E-2,-2.7E-1));
#1250=LINE('',#1249,#1248);
#1251=DIRECTION('',(1.E0,0.E0,0.E0));
#1252=VECTOR('',#1251,2.5E-2);
#1253=CARTESIAN_POINT('',(3.375E-1,-3.75E-2,-2.95E-1));
#1254=LINE('',#1253,#1252);
#1255=DIRECTION('',(0.E0,0.E0,-1.E0));
#1256=VECTOR('',#1255,4.1E-2);
#1257=CARTESIAN_POINT('',(2.625E-1,3.E-2,-2.69E-1));
#1258=LINE('',#1257,#1256);
#1259=CARTESIAN_POINT('',(2.625E-1,-3.75E-2,-2.45E-1));
#1260=DIRECTION('',(1.E0,0.E0,0.E0));
#1261=DIRECTION('',(0.E0,0.E0,-1.E0));
#1262=AXIS2_PLACEMENT_3D('',#1259,#1260,#1261);
#1264=DIRECTION('',(1.110223024625E-13,0.E0,-1.E0));
#1265=VECTOR('',#1264,9.999999999999E-4);
#1266=CARTESIAN_POINT('',(2.625E-1,-7.E-2,-2.69E-1));
#1267=LINE('',#1266,#1265);
#1268=DIRECTION('',(0.E0,1.E0,0.E0));
#1269=VECTOR('',#1268,3.25E-2);
#1270=CARTESIAN_POINT('',(2.625E-1,-7.E-2,-2.7E-1));
#1271=LINE('',#1270,#1269);
#1272=DIRECTION('',(0.E0,1.E0,0.E0));
#1273=VECTOR('',#1272,3.25E-2);
#1274=CARTESIAN_POINT('',(2.625E-1,-7.E-2,-2.95E-1));
#1275=LINE('',#1274,#1273);
#1276=DIRECTION('',(0.E0,0.E0,-1.E0));
#1277=VECTOR('',#1276,1.5E-2);
#1278=CARTESIAN_POINT('',(2.625E-1,-7.E-2,-2.95E-1));
#1279=LINE('',#1278,#1277);
#1280=CARTESIAN_POINT('',(2.625E-1,-3.75E-2,-2.45E-1));
#1281=DIRECTION('',(1.E0,0.E0,0.E0));
#1282=DIRECTION('',(0.E0,0.E0,-1.E0));
#1283=AXIS2_PLACEMENT_3D('',#1280,#1281,#1282);
#1285=DIRECTION('',(1.E0,0.E0,0.E0));
#1286=VECTOR('',#1285,2.5E-2);
#1287=CARTESIAN_POINT('',(2.375E-1,-3.75E-2,-2.7E-1));
#1288=LINE('',#1287,#1286);
#1289=DIRECTION('',(0.E0,0.E0,-1.E0));
#1290=VECTOR('',#1289,2.4E-1);
#1291=CARTESIAN_POINT('',(2.375E-1,-1.25E-2,1.15E-1));
#1292=LINE('',#1291,#1290);
#1293=DIRECTION('',(0.E0,0.E0,1.E0));
#1294=VECTOR('',#1293,2.4E-1);
#1295=CARTESIAN_POINT('',(2.375E-1,1.25E-2,-1.25E-1));
#1296=LINE('',#1295,#1294);
#1297=DIRECTION('',(0.E0,-1.E0,0.E0));
#1298=VECTOR('',#1297,2.5E-2);
#1299=CARTESIAN_POINT('',(2.375E-1,1.25E-2,1.15E-1));
#1300=LINE('',#1299,#1298);
#1301=DIRECTION('',(0.E0,-1.E0,0.E0));
#1302=VECTOR('',#1301,1.75E-1);
#1303=CARTESIAN_POINT('',(2.375E-1,-7.E-2,-2.7E-1));
#1304=LINE('',#1303,#1302);
#1305=DIRECTION('',(0.E0,0.E0,-1.E0));
#1306=VECTOR('',#1305,2.5E-2);
#1307=CARTESIAN_POINT('',(2.375E-1,-2.45E-1,-2.7E-1));
#1308=LINE('',#1307,#1306);
#1309=DIRECTION('',(0.E0,1.E0,0.E0));
#1310=VECTOR('',#1309,1.75E-1);
#1311=CARTESIAN_POINT('',(2.375E-1,-2.45E-1,-2.95E-1));
#1312=LINE('',#1311,#1310);
#1313=DIRECTION('',(1.E0,0.E0,0.E0));
#1314=VECTOR('',#1313,2.5E-2);
#1315=CARTESIAN_POINT('',(2.375E-1,-1.25E-2,1.15E-1));
#1316=LINE('',#1315,#1314);
#1317=DIRECTION('',(1.E0,0.E0,0.E0));
#1318=VECTOR('',#1317,2.5E-2);
#1319=CARTESIAN_POINT('',(2.375E-1,1.25E-2,1.15E-1));
#1320=LINE('',#1319,#1318);
#1321=DIRECTION('',(0.E0,0.E0,-1.E0));
#1322=VECTOR('',#1321,2.4E-1);
#1323=CARTESIAN_POINT('',(2.625E-1,-1.25E-2,1.15E-1));
#1324=LINE('',#1323,#1322);
#1325=DIRECTION('',(0.E0,-1.E0,0.E0));
#1326=VECTOR('',#1325,2.5E-2);
#1327=CARTESIAN_POINT('',(2.625E-1,1.25E-2,1.15E-1));
#1328=LINE('',#1327,#1326);
#1329=DIRECTION('',(0.E0,0.E0,1.E0));
#1330=VECTOR('',#1329,2.4E-1);
#1331=CARTESIAN_POINT('',(2.625E-1,1.25E-2,-1.25E-1));
#1332=LINE('',#1331,#1330);
#1333=DIRECTION('',(0.E0,-1.E0,0.E0));
#1334=VECTOR('',#1333,1.75E-1);
#1335=CARTESIAN_POINT('',(2.625E-1,-7.E-2,-2.7E-1));
#1336=LINE('',#1335,#1334);
#1337=DIRECTION('',(0.E0,1.E0,0.E0));
#1338=VECTOR('',#1337,1.75E-1);
#1339=CARTESIAN_POINT('',(2.625E-1,-2.45E-1,-2.95E-1));
#1340=LINE('',#1339,#1338);
#1341=DIRECTION('',(0.E0,0.E0,-1.E0));
#1342=VECTOR('',#1341,2.5E-2);
#1343=CARTESIAN_POINT('',(2.625E-1,-2.45E-1,-2.7E-1));
#1344=LINE('',#1343,#1342);
#1345=DIRECTION('',(1.E0,0.E0,0.E0));
#1346=VECTOR('',#1345,2.5E-2);
#1347=CARTESIAN_POINT('',(2.375E-1,-2.45E-1,-2.95E-1));
#1348=LINE('',#1347,#1346);
#1349=DIRECTION('',(1.E0,0.E0,0.E0));
#1350=VECTOR('',#1349,2.5E-2);
#1351=CARTESIAN_POINT('',(2.375E-1,-2.45E-1,-2.7E-1));
#1352=LINE('',#1351,#1350);
#1353=DIRECTION('',(1.E0,0.E0,0.E0));
#1354=VECTOR('',#1353,2.5E-2);
#1355=CARTESIAN_POINT('',(2.375E-1,-3.75E-2,-2.95E-1));
#1356=LINE('',#1355,#1354);
#1357=CARTESIAN_POINT('',(2.375E-1,-3.75E-2,-2.45E-1));
#1358=DIRECTION('',(1.E0,0.E0,0.E0));
#1359=DIRECTION('',(0.E0,0.E0,-1.E0));
#1360=AXIS2_PLACEMENT_3D('',#1357,#1358,#1359);
#1362=DIRECTION('',(0.E0,1.E0,0.E0));
#1363=VECTOR('',#1362,3.25E-2);
#1364=CARTESIAN_POINT('',(2.375E-1,-7.E-2,-2.7E-1));
#1365=LINE('',#1364,#1363);
#1366=DIRECTION('',(0.E0,1.E0,0.E0));
#1367=VECTOR('',#1366,3.25E-2);
#1368=CARTESIAN_POINT('',(2.375E-1,-7.E-2,-2.95E-1));
#1369=LINE('',#1368,#1367);
#1370=CARTESIAN_POINT('',(2.375E-1,-3.75E-2,-2.45E-1));
#1371=DIRECTION('',(1.E0,0.E0,0.E0));
#1372=DIRECTION('',(0.E0,0.E0,-1.E0));
#1373=AXIS2_PLACEMENT_3D('',#1370,#1371,#1372);
#1375=DIRECTION('',(0.E0,0.E0,-1.E0));
#1376=VECTOR('',#1375,4.1E-2);
#1377=CARTESIAN_POINT('',(2.375E-1,3.E-2,-2.69E-1));
#1378=LINE('',#1377,#1376);
#1379=DIRECTION('',(0.E0,0.E0,-1.E0));
#1380=VECTOR('',#1379,4.1E-2);
#1381=CARTESIAN_POINT('',(1.625E-1,3.E-2,-2.69E-1));
#1382=LINE('',#1381,#1380);
#1383=CARTESIAN_POINT('',(1.625E-1,-3.75E-2,-2.45E-1));
#1384=DIRECTION('',(1.E0,0.E0,0.E0));
#1385=DIRECTION('',(0.E0,0.E0,-1.E0));
#1386=AXIS2_PLACEMENT_3D('',#1383,#1384,#1385);
#1388=DIRECTION('',(-5.551115123126E-14,0.E0,-1.E0));
#1389=VECTOR('',#1388,9.999999999999E-4);
#1390=CARTESIAN_POINT('',(1.625E-1,-7.E-2,-2.69E-1));
#1391=LINE('',#1390,#1389);
#1392=DIRECTION('',(0.E0,1.E0,0.E0));
#1393=VECTOR('',#1392,3.25E-2);
#1394=CARTESIAN_POINT('',(1.625E-1,-7.E-2,-2.7E-1));
#1395=LINE('',#1394,#1393);
#1396=DIRECTION('',(0.E0,1.E0,0.E0));
#1397=VECTOR('',#1396,3.25E-2);
#1398=CARTESIAN_POINT('',(1.625E-1,-7.E-2,-2.95E-1));
#1399=LINE('',#1398,#1397);
#1400=DIRECTION('',(0.E0,0.E0,-1.E0));
#1401=VECTOR('',#1400,1.5E-2);
#1402=CARTESIAN_POINT('',(1.625E-1,-7.E-2,-2.95E-1));
#1403=LINE('',#1402,#1401);
#1404=CARTESIAN_POINT('',(1.625E-1,-3.75E-2,-2.45E-1));
#1405=DIRECTION('',(1.E0,0.E0,0.E0));
#1406=DIRECTION('',(0.E0,0.E0,-1.E0));
#1407=AXIS2_PLACEMENT_3D('',#1404,#1405,#1406);
#1409=DIRECTION('',(1.E0,0.E0,0.E0));
#1410=VECTOR('',#1409,2.5E-2);
#1411=CARTESIAN_POINT('',(1.375E-1,-3.75E-2,-2.7E-1));
#1412=LINE('',#1411,#1410);
#1413=DIRECTION('',(0.E0,1.E0,0.E0));
#1414=VECTOR('',#1413,1.75E-1);
#1415=CARTESIAN_POINT('',(1.625E-1,-2.45E-1,-2.95E-1));
#1416=LINE('',#1415,#1414);
#1417=DIRECTION('',(0.E0,0.E0,-1.E0));
#1418=VECTOR('',#1417,2.5E-2);
#1419=CARTESIAN_POINT('',(1.625E-1,-2.45E-1,-2.7E-1));
#1420=LINE('',#1419,#1418);
#1421=DIRECTION('',(0.E0,-1.E0,0.E0));
#1422=VECTOR('',#1421,1.75E-1);
#1423=CARTESIAN_POINT('',(1.625E-1,-7.E-2,-2.7E-1));
#1424=LINE('',#1423,#1422);
#1425=DIRECTION('',(0.E0,0.E0,-1.E0));
#1426=VECTOR('',#1425,2.4E-1);
#1427=CARTESIAN_POINT('',(1.625E-1,-1.25E-2,1.15E-1));
#1428=LINE('',#1427,#1426);
#1429=DIRECTION('',(0.E0,-1.E0,0.E0));
#1430=VECTOR('',#1429,2.5E-2);
#1431=CARTESIAN_POINT('',(1.625E-1,1.25E-2,1.15E-1));
#1432=LINE('',#1431,#1430);
#1433=DIRECTION('',(0.E0,0.E0,1.E0));
#1434=VECTOR('',#1433,2.4E-1);
#1435=CARTESIAN_POINT('',(1.625E-1,1.25E-2,-1.25E-1));
#1436=LINE('',#1435,#1434);
#1437=DIRECTION('',(1.E0,0.E0,0.E0));
#1438=VECTOR('',#1437,2.5E-2);
#1439=CARTESIAN_POINT('',(1.375E-1,-2.45E-1,-2.95E-1));
#1440=LINE('',#1439,#1438);
#1441=DIRECTION('',(1.E0,0.E0,0.E0));
#1442=VECTOR('',#1441,2.5E-2);
#1443=CARTESIAN_POINT('',(1.375E-1,-3.75E-2,-2.95E-1));
#1444=LINE('',#1443,#1442);
#1445=CARTESIAN_POINT('',(1.375E-1,-3.75E-2,-2.45E-1));
#1446=DIRECTION('',(1.E0,0.E0,0.E0));
#1447=DIRECTION('',(0.E0,0.E0,-1.E0));
#1448=AXIS2_PLACEMENT_3D('',#1445,#1446,#1447);
#1450=DIRECTION('',(0.E0,1.E0,0.E0));
#1451=VECTOR('',#1450,3.25E-2);
#1452=CARTESIAN_POINT('',(1.375E-1,-7.E-2,-2.7E-1));
#1453=LINE('',#1452,#1451);
#1454=DIRECTION('',(0.E0,1.E0,0.E0));
#1455=VECTOR('',#1454,3.25E-2);
#1456=CARTESIAN_POINT('',(1.375E-1,-7.E-2,-2.95E-1));
#1457=LINE('',#1456,#1455);
#1458=CARTESIAN_POINT('',(1.375E-1,-3.75E-2,-2.45E-1));
#1459=DIRECTION('',(1.E0,0.E0,0.E0));
#1460=DIRECTION('',(0.E0,0.E0,-1.E0));
#1461=AXIS2_PLACEMENT_3D('',#1458,#1459,#1460);
#1463=DIRECTION('',(0.E0,0.E0,-1.E0));
#1464=VECTOR('',#1463,4.1E-2);
#1465=CARTESIAN_POINT('',(1.375E-1,3.E-2,-2.69E-1));
#1466=LINE('',#1465,#1464);
#1467=DIRECTION('',(0.E0,0.E0,-1.E0));
#1468=VECTOR('',#1467,4.1E-2);
#1469=CARTESIAN_POINT('',(6.25E-2,3.E-2,-2.69E-1));
#1470=LINE('',#1469,#1468);
#1471=CARTESIAN_POINT('',(6.25E-2,-3.75E-2,-2.45E-1));
#1472=DIRECTION('',(1.E0,0.E0,0.E0));
#1473=DIRECTION('',(0.E0,0.E0,-1.E0));
#1474=AXIS2_PLACEMENT_3D('',#1471,#1472,#1473);
#1476=DIRECTION('',(-1.387778780782E-14,0.E0,-1.E0));
#1477=VECTOR('',#1476,9.999999999999E-4);
#1478=CARTESIAN_POINT('',(6.25E-2,-7.E-2,-2.69E-1));
#1479=LINE('',#1478,#1477);
#1480=DIRECTION('',(0.E0,1.E0,0.E0));
#1481=VECTOR('',#1480,3.25E-2);
#1482=CARTESIAN_POINT('',(6.25E-2,-7.E-2,-2.7E-1));
#1483=LINE('',#1482,#1481);
#1484=DIRECTION('',(0.E0,1.E0,0.E0));
#1485=VECTOR('',#1484,3.25E-2);
#1486=CARTESIAN_POINT('',(6.25E-2,-7.E-2,-2.95E-1));
#1487=LINE('',#1486,#1485);
#1488=DIRECTION('',(0.E0,0.E0,-1.E0));
#1489=VECTOR('',#1488,1.5E-2);
#1490=CARTESIAN_POINT('',(6.25E-2,-7.E-2,-2.95E-1));
#1491=LINE('',#1490,#1489);
#1492=CARTESIAN_POINT('',(6.25E-2,-3.75E-2,-2.45E-1));
#1493=DIRECTION('',(1.E0,0.E0,0.E0));
#1494=DIRECTION('',(0.E0,0.E0,-1.E0));
#1495=AXIS2_PLACEMENT_3D('',#1492,#1493,#1494);
#1497=DIRECTION('',(1.E0,0.E0,0.E0));
#1498=VECTOR('',#1497,2.5E-2);
#1499=CARTESIAN_POINT('',(3.75E-2,-3.75E-2,-2.7E-1));
#1500=LINE('',#1499,#1498);
#1501=DIRECTION('',(0.E0,1.E0,0.E0));
#1502=VECTOR('',#1501,1.75E-1);
#1503=CARTESIAN_POINT('',(6.25E-2,-2.45E-1,-2.95E-1));
#1504=LINE('',#1503,#1502);
#1505=DIRECTION('',(0.E0,0.E0,-1.E0));
#1506=VECTOR('',#1505,2.5E-2);
#1507=CARTESIAN_POINT('',(6.25E-2,-2.45E-1,-2.7E-1));
#1508=LINE('',#1507,#1506);
#1509=DIRECTION('',(0.E0,-1.E0,0.E0));
#1510=VECTOR('',#1509,1.75E-1);
#1511=CARTESIAN_POINT('',(6.25E-2,-7.E-2,-2.7E-1));
#1512=LINE('',#1511,#1510);
#1513=DIRECTION('',(0.E0,0.E0,-1.E0));
#1514=VECTOR('',#1513,2.4E-1);
#1515=CARTESIAN_POINT('',(6.25E-2,-1.25E-2,1.15E-1));
#1516=LINE('',#1515,#1514);
#1517=DIRECTION('',(0.E0,-1.E0,0.E0));
#1518=VECTOR('',#1517,2.5E-2);
#1519=CARTESIAN_POINT('',(6.25E-2,1.25E-2,1.15E-1));
#1520=LINE('',#1519,#1518);
#1521=DIRECTION('',(0.E0,0.E0,1.E0));
#1522=VECTOR('',#1521,2.4E-1);
#1523=CARTESIAN_POINT('',(6.25E-2,1.25E-2,-1.25E-1));
#1524=LINE('',#1523,#1522);
#1525=DIRECTION('',(1.E0,0.E0,0.E0));
#1526=VECTOR('',#1525,2.5E-2);
#1527=CARTESIAN_POINT('',(3.75E-2,-2.45E-1,-2.95E-1));
#1528=LINE('',#1527,#1526);
#1529=DIRECTION('',(1.E0,0.E0,0.E0));
#1530=VECTOR('',#1529,2.5E-2);
#1531=CARTESIAN_POINT('',(3.75E-2,-3.75E-2,-2.95E-1));
#1532=LINE('',#1531,#1530);
#1533=CARTESIAN_POINT('',(3.75E-2,-3.75E-2,-2.45E-1));
#1534=DIRECTION('',(1.E0,0.E0,0.E0));
#1535=DIRECTION('',(0.E0,0.E0,-1.E0));
#1536=AXIS2_PLACEMENT_3D('',#1533,#1534,#1535);
#1538=DIRECTION('',(0.E0,1.E0,0.E0));
#1539=VECTOR('',#1538,3.25E-2);
#1540=CARTESIAN_POINT('',(3.75E-2,-7.E-2,-2.7E-1));
#1541=LINE('',#1540,#1539);
#1542=DIRECTION('',(0.E0,1.E0,0.E0));
#1543=VECTOR('',#1542,3.25E-2);
#1544=CARTESIAN_POINT('',(3.75E-2,-7.E-2,-2.95E-1));
#1545=LINE('',#1544,#1543);
#1546=CARTESIAN_POINT('',(3.75E-2,-3.75E-2,-2.45E-1));
#1547=DIRECTION('',(1.E0,0.E0,0.E0));
#1548=DIRECTION('',(0.E0,0.E0,-1.E0));
#1549=AXIS2_PLACEMENT_3D('',#1546,#1547,#1548);
#1551=DIRECTION('',(0.E0,0.E0,-1.E0));
#1552=VECTOR('',#1551,4.1E-2);
#1553=CARTESIAN_POINT('',(3.75E-2,3.E-2,-2.69E-1));
#1554=LINE('',#1553,#1552);
#1555=DIRECTION('',(0.E0,0.E0,-1.E0));
#1556=VECTOR('',#1555,4.1E-2);
#1557=CARTESIAN_POINT('',(-3.75E-2,3.E-2,-2.69E-1));
#1558=LINE('',#1557,#1556);
#1559=CARTESIAN_POINT('',(-3.75E-2,-3.75E-2,-2.45E-1));
#1560=DIRECTION('',(1.E0,0.E0,0.E0));
#1561=DIRECTION('',(0.E0,0.E0,-1.E0));
#1562=AXIS2_PLACEMENT_3D('',#1559,#1560,#1561);
#1564=DIRECTION('',(4.163336342345E-14,0.E0,-1.E0));
#1565=VECTOR('',#1564,9.999999999999E-4);
#1566=CARTESIAN_POINT('',(-3.75E-2,-7.E-2,-2.69E-1));
#1567=LINE('',#1566,#1565);
#1568=DIRECTION('',(0.E0,1.E0,0.E0));
#1569=VECTOR('',#1568,3.25E-2);
#1570=CARTESIAN_POINT('',(-3.75E-2,-7.E-2,-2.7E-1));
#1571=LINE('',#1570,#1569);
#1572=DIRECTION('',(0.E0,1.E0,0.E0));
#1573=VECTOR('',#1572,3.25E-2);
#1574=CARTESIAN_POINT('',(-3.75E-2,-7.E-2,-2.95E-1));
#1575=LINE('',#1574,#1573);
#1576=DIRECTION('',(0.E0,0.E0,-1.E0));
#1577=VECTOR('',#1576,1.5E-2);
#1578=CARTESIAN_POINT('',(-3.75E-2,-7.E-2,-2.95E-1));
#1579=LINE('',#1578,#1577);
#1580=CARTESIAN_POINT('',(-3.75E-2,-3.75E-2,-2.45E-1));
#1581=DIRECTION('',(1.E0,0.E0,0.E0));
#1582=DIRECTION('',(0.E0,0.E0,-1.E0));
#1583=AXIS2_PLACEMENT_3D('',#1580,#1581,#1582);
#1585=DIRECTION('',(1.E0,0.E0,0.E0));
#1586=VECTOR('',#1585,2.5E-2);
#1587=CARTESIAN_POINT('',(-6.25E-2,-3.75E-2,-2.7E-1));
#1588=LINE('',#1587,#1586);
#1589=DIRECTION('',(0.E0,1.E0,0.E0));
#1590=VECTOR('',#1589,1.75E-1);
#1591=CARTESIAN_POINT('',(-3.75E-2,-2.45E-1,-2.95E-1));
#1592=LINE('',#1591,#1590);
#1593=DIRECTION('',(0.E0,0.E0,-1.E0));
#1594=VECTOR('',#1593,2.5E-2);
#1595=CARTESIAN_POINT('',(-3.75E-2,-2.45E-1,-2.7E-1));
#1596=LINE('',#1595,#1594);
#1597=DIRECTION('',(0.E0,-1.E0,0.E0));
#1598=VECTOR('',#1597,1.75E-1);
#1599=CARTESIAN_POINT('',(-3.75E-2,-7.E-2,-2.7E-1));
#1600=LINE('',#1599,#1598);
#1601=DIRECTION('',(0.E0,0.E0,-1.E0));
#1602=VECTOR('',#1601,2.4E-1);
#1603=CARTESIAN_POINT('',(-3.75E-2,-1.25E-2,1.15E-1));
#1604=LINE('',#1603,#1602);
#1605=DIRECTION('',(0.E0,-1.E0,0.E0));
#1606=VECTOR('',#1605,2.5E-2);
#1607=CARTESIAN_POINT('',(-3.75E-2,1.25E-2,1.15E-1));
#1608=LINE('',#1607,#1606);
#1609=DIRECTION('',(0.E0,0.E0,1.E0));
#1610=VECTOR('',#1609,2.4E-1);
#1611=CARTESIAN_POINT('',(-3.75E-2,1.25E-2,-1.25E-1));
#1612=LINE('',#1611,#1610);
#1613=DIRECTION('',(1.E0,0.E0,0.E0));
#1614=VECTOR('',#1613,2.5E-2);
#1615=CARTESIAN_POINT('',(-6.25E-2,-2.45E-1,-2.95E-1));
#1616=LINE('',#1615,#1614);
#1617=DIRECTION('',(1.E0,0.E0,0.E0));
#1618=VECTOR('',#1617,2.5E-2);
#1619=CARTESIAN_POINT('',(-6.25E-2,-3.75E-2,-2.95E-1));
#1620=LINE('',#1619,#1618);
#1621=CARTESIAN_POINT('',(-6.25E-2,-3.75E-2,-2.45E-1));
#1622=DIRECTION('',(1.E0,0.E0,0.E0));
#1623=DIRECTION('',(0.E0,0.E0,-1.E0));
#1624=AXIS2_PLACEMENT_3D('',#1621,#1622,#1623);
#1626=DIRECTION('',(0.E0,1.E0,0.E0));
#1627=VECTOR('',#1626,3.25E-2);
#1628=CARTESIAN_POINT('',(-6.25E-2,-7.E-2,-2.7E-1));
#1629=LINE('',#1628,#1627);
#1630=DIRECTION('',(0.E0,1.E0,0.E0));
#1631=VECTOR('',#1630,3.25E-2);
#1632=CARTESIAN_POINT('',(-6.25E-2,-7.E-2,-2.95E-1));
#1633=LINE('',#1632,#1631);
#1634=CARTESIAN_POINT('',(-6.25E-2,-3.75E-2,-2.45E-1));
#1635=DIRECTION('',(1.E0,0.E0,0.E0));
#1636=DIRECTION('',(0.E0,0.E0,-1.E0));
#1637=AXIS2_PLACEMENT_3D('',#1634,#1635,#1636);
#1639=DIRECTION('',(0.E0,0.E0,-1.E0));
#1640=VECTOR('',#1639,4.1E-2);
#1641=CARTESIAN_POINT('',(-6.25E-2,3.E-2,-2.69E-1));
#1642=LINE('',#1641,#1640);
#1643=DIRECTION('',(0.E0,0.E0,-1.E0));
#1644=VECTOR('',#1643,4.1E-2);
#1645=CARTESIAN_POINT('',(-1.375E-1,3.E-2,-2.69E-1));
#1646=LINE('',#1645,#1644);
#1647=CARTESIAN_POINT('',(-1.375E-1,-3.75E-2,-2.45E-1));
#1648=DIRECTION('',(1.E0,0.E0,0.E0));
#1649=DIRECTION('',(0.E0,0.E0,-1.E0));
#1650=AXIS2_PLACEMENT_3D('',#1647,#1648,#1649);
#1652=DIRECTION('',(0.E0,0.E0,-1.E0));
#1653=VECTOR('',#1652,9.999999999999E-4);
#1654=CARTESIAN_POINT('',(-1.375E-1,-7.E-2,-2.69E-1));
#1655=LINE('',#1654,#1653);
#1656=DIRECTION('',(0.E0,1.E0,0.E0));
#1657=VECTOR('',#1656,3.25E-2);
#1658=CARTESIAN_POINT('',(-1.375E-1,-7.E-2,-2.7E-1));
#1659=LINE('',#1658,#1657);
#1660=DIRECTION('',(0.E0,1.E0,0.E0));
#1661=VECTOR('',#1660,3.25E-2);
#1662=CARTESIAN_POINT('',(-1.375E-1,-7.E-2,-2.95E-1));
#1663=LINE('',#1662,#1661);
#1664=DIRECTION('',(0.E0,0.E0,-1.E0));
#1665=VECTOR('',#1664,1.5E-2);
#1666=CARTESIAN_POINT('',(-1.375E-1,-7.E-2,-2.95E-1));
#1667=LINE('',#1666,#1665);
#1668=CARTESIAN_POINT('',(-1.375E-1,-3.75E-2,-2.45E-1));
#1669=DIRECTION('',(1.E0,0.E0,0.E0));
#1670=DIRECTION('',(0.E0,0.E0,-1.E0));
#1671=AXIS2_PLACEMENT_3D('',#1668,#1669,#1670);
#1673=DIRECTION('',(1.E0,0.E0,0.E0));
#1674=VECTOR('',#1673,2.5E-2);
#1675=CARTESIAN_POINT('',(-1.625E-1,-3.75E-2,-2.7E-1));
#1676=LINE('',#1675,#1674);
#1677=DIRECTION('',(0.E0,1.E0,0.E0));
#1678=VECTOR('',#1677,1.75E-1);
#1679=CARTESIAN_POINT('',(-1.375E-1,-2.45E-1,-2.95E-1));
#1680=LINE('',#1679,#1678);
#1681=DIRECTION('',(0.E0,0.E0,-1.E0));
#1682=VECTOR('',#1681,2.5E-2);
#1683=CARTESIAN_POINT('',(-1.375E-1,-2.45E-1,-2.7E-1));
#1684=LINE('',#1683,#1682);
#1685=DIRECTION('',(0.E0,-1.E0,0.E0));
#1686=VECTOR('',#1685,1.75E-1);
#1687=CARTESIAN_POINT('',(-1.375E-1,-7.E-2,-2.7E-1));
#1688=LINE('',#1687,#1686);
#1689=DIRECTION('',(0.E0,0.E0,-1.E0));
#1690=VECTOR('',#1689,2.4E-1);
#1691=CARTESIAN_POINT('',(-1.375E-1,-1.25E-2,1.15E-1));
#1692=LINE('',#1691,#1690);
#1693=DIRECTION('',(0.E0,-1.E0,0.E0));
#1694=VECTOR('',#1693,2.5E-2);
#1695=CARTESIAN_POINT('',(-1.375E-1,1.25E-2,1.15E-1));
#1696=LINE('',#1695,#1694);
#1697=DIRECTION('',(0.E0,0.E0,1.E0));
#1698=VECTOR('',#1697,2.4E-1);
#1699=CARTESIAN_POINT('',(-1.375E-1,1.25E-2,-1.25E-1));
#1700=LINE('',#1699,#1698);
#1701=DIRECTION('',(1.E0,0.E0,0.E0));
#1702=VECTOR('',#1701,2.5E-2);
#1703=CARTESIAN_POINT('',(-1.625E-1,-2.45E-1,-2.95E-1));
#1704=LINE('',#1703,#1702);
#1705=DIRECTION('',(1.E0,0.E0,0.E0));
#1706=VECTOR('',#1705,2.5E-2);
#1707=CARTESIAN_POINT('',(-1.625E-1,-3.75E-2,-2.95E-1));
#1708=LINE('',#1707,#1706);
#1709=CARTESIAN_POINT('',(-1.625E-1,-3.75E-2,-2.45E-1));
#1710=DIRECTION('',(1.E0,0.E0,0.E0));
#1711=DIRECTION('',(0.E0,0.E0,-1.E0));
#1712=AXIS2_PLACEMENT_3D('',#1709,#1710,#1711);
#1714=DIRECTION('',(0.E0,1.E0,0.E0));
#1715=VECTOR('',#1714,3.25E-2);
#1716=CARTESIAN_POINT('',(-1.625E-1,-7.E-2,-2.7E-1));
#1717=LINE('',#1716,#1715);
#1718=DIRECTION('',(0.E0,1.E0,0.E0));
#1719=VECTOR('',#1718,3.25E-2);
#1720=CARTESIAN_POINT('',(-1.625E-1,-7.E-2,-2.95E-1));
#1721=LINE('',#1720,#1719);
#1722=CARTESIAN_POINT('',(-1.625E-1,-3.75E-2,-2.45E-1));
#1723=DIRECTION('',(1.E0,0.E0,0.E0));
#1724=DIRECTION('',(0.E0,0.E0,-1.E0));
#1725=AXIS2_PLACEMENT_3D('',#1722,#1723,#1724);
#1727=DIRECTION('',(0.E0,0.E0,-1.E0));
#1728=VECTOR('',#1727,4.1E-2);
#1729=CARTESIAN_POINT('',(-1.625E-1,3.E-2,-2.69E-1));
#1730=LINE('',#1729,#1728);
#1731=DIRECTION('',(0.E0,0.E0,-1.E0));
#1732=VECTOR('',#1731,4.1E-2);
#1733=CARTESIAN_POINT('',(-2.375E-1,3.E-2,-2.69E-1));
#1734=LINE('',#1733,#1732);
#1735=CARTESIAN_POINT('',(-2.375E-1,-3.75E-2,-2.45E-1));
#1736=DIRECTION('',(1.E0,0.E0,0.E0));
#1737=DIRECTION('',(0.E0,0.E0,-1.E0));
#1738=AXIS2_PLACEMENT_3D('',#1735,#1736,#1737);
#1740=DIRECTION('',(2.775557561563E-14,0.E0,-1.E0));
#1741=VECTOR('',#1740,9.999999999999E-4);
#1742=CARTESIAN_POINT('',(-2.375E-1,-7.E-2,-2.69E-1));
#1743=LINE('',#1742,#1741);
#1744=DIRECTION('',(0.E0,1.E0,0.E0));
#1745=VECTOR('',#1744,3.25E-2);
#1746=CARTESIAN_POINT('',(-2.375E-1,-7.E-2,-2.7E-1));
#1747=LINE('',#1746,#1745);
#1748=DIRECTION('',(0.E0,1.E0,0.E0));
#1749=VECTOR('',#1748,3.25E-2);
#1750=CARTESIAN_POINT('',(-2.375E-1,-7.E-2,-2.95E-1));
#1751=LINE('',#1750,#1749);
#1752=DIRECTION('',(0.E0,0.E0,-1.E0));
#1753=VECTOR('',#1752,1.5E-2);
#1754=CARTESIAN_POINT('',(-2.375E-1,-7.E-2,-2.95E-1));
#1755=LINE('',#1754,#1753);
#1756=CARTESIAN_POINT('',(-2.375E-1,-3.75E-2,-2.45E-1));
#1757=DIRECTION('',(1.E0,0.E0,0.E0));
#1758=DIRECTION('',(0.E0,0.E0,-1.E0));
#1759=AXIS2_PLACEMENT_3D('',#1756,#1757,#1758);
#1761=DIRECTION('',(1.E0,0.E0,0.E0));
#1762=VECTOR('',#1761,2.5E-2);
#1763=CARTESIAN_POINT('',(-2.625E-1,-3.75E-2,-2.7E-1));
#1764=LINE('',#1763,#1762);
#1765=DIRECTION('',(0.E0,1.E0,0.E0));
#1766=VECTOR('',#1765,1.75E-1);
#1767=CARTESIAN_POINT('',(-2.375E-1,-2.45E-1,-2.95E-1));
#1768=LINE('',#1767,#1766);
#1769=DIRECTION('',(0.E0,0.E0,-1.E0));
#1770=VECTOR('',#1769,2.5E-2);
#1771=CARTESIAN_POINT('',(-2.375E-1,-2.45E-1,-2.7E-1));
#1772=LINE('',#1771,#1770);
#1773=DIRECTION('',(0.E0,-1.E0,0.E0));
#1774=VECTOR('',#1773,1.75E-1);
#1775=CARTESIAN_POINT('',(-2.375E-1,-7.E-2,-2.7E-1));
#1776=LINE('',#1775,#1774);
#1777=DIRECTION('',(0.E0,0.E0,-1.E0));
#1778=VECTOR('',#1777,2.4E-1);
#1779=CARTESIAN_POINT('',(-2.375E-1,-1.25E-2,1.15E-1));
#1780=LINE('',#1779,#1778);
#1781=DIRECTION('',(0.E0,-1.E0,0.E0));
#1782=VECTOR('',#1781,2.5E-2);
#1783=CARTESIAN_POINT('',(-2.375E-1,1.25E-2,1.15E-1));
#1784=LINE('',#1783,#1782);
#1785=DIRECTION('',(0.E0,0.E0,1.E0));
#1786=VECTOR('',#1785,2.4E-1);
#1787=CARTESIAN_POINT('',(-2.375E-1,1.25E-2,-1.25E-1));
#1788=LINE('',#1787,#1786);
#1789=DIRECTION('',(1.E0,0.E0,0.E0));
#1790=VECTOR('',#1789,2.5E-2);
#1791=CARTESIAN_POINT('',(-2.625E-1,-2.45E-1,-2.95E-1));
#1792=LINE('',#1791,#1790);
#1793=DIRECTION('',(1.E0,0.E0,0.E0));
#1794=VECTOR('',#1793,2.5E-2);
#1795=CARTESIAN_POINT('',(-2.625E-1,-3.75E-2,-2.95E-1));
#1796=LINE('',#1795,#1794);
#1797=CARTESIAN_POINT('',(-2.625E-1,-3.75E-2,-2.45E-1));
#1798=DIRECTION('',(1.E0,0.E0,0.E0));
#1799=DIRECTION('',(0.E0,0.E0,-1.E0));
#1800=AXIS2_PLACEMENT_3D('',#1797,#1798,#1799);
#1802=DIRECTION('',(0.E0,1.E0,0.E0));
#1803=VECTOR('',#1802,3.25E-2);
#1804=CARTESIAN_POINT('',(-2.625E-1,-7.E-2,-2.7E-1));
#1805=LINE('',#1804,#1803);
#1806=DIRECTION('',(0.E0,1.E0,0.E0));
#1807=VECTOR('',#1806,3.25E-2);
#1808=CARTESIAN_POINT('',(-2.625E-1,-7.E-2,-2.95E-1));
#1809=LINE('',#1808,#1807);
#1810=CARTESIAN_POINT('',(-2.625E-1,-3.75E-2,-2.45E-1));
#1811=DIRECTION('',(1.E0,0.E0,0.E0));
#1812=DIRECTION('',(0.E0,0.E0,-1.E0));
#1813=AXIS2_PLACEMENT_3D('',#1810,#1811,#1812);
#1815=DIRECTION('',(0.E0,0.E0,-1.E0));
#1816=VECTOR('',#1815,4.1E-2);
#1817=CARTESIAN_POINT('',(-2.625E-1,3.E-2,-2.69E-1));
#1818=LINE('',#1817,#1816);
#1819=DIRECTION('',(0.E0,0.E0,-1.E0));
#1820=VECTOR('',#1819,4.1E-2);
#1821=CARTESIAN_POINT('',(-3.375E-1,3.E-2,-2.69E-1));
#1822=LINE('',#1821,#1820);
#1823=CARTESIAN_POINT('',(-3.375E-1,-3.75E-2,-2.45E-1));
#1824=DIRECTION('',(1.E0,0.E0,0.E0));
#1825=DIRECTION('',(0.E0,0.E0,-1.E0));
#1826=AXIS2_PLACEMENT_3D('',#1823,#1824,#1825);
#1828=DIRECTION('',(1.665334536938E-13,0.E0,-1.E0));
#1829=VECTOR('',#1828,9.999999999999E-4);
#1830=CARTESIAN_POINT('',(-3.375E-1,-7.E-2,-2.69E-1));
#1831=LINE('',#1830,#1829);
#1832=DIRECTION('',(0.E0,1.E0,0.E0));
#1833=VECTOR('',#1832,3.25E-2);
#1834=CARTESIAN_POINT('',(-3.375E-1,-7.E-2,-2.7E-1));
#1835=LINE('',#1834,#1833);
#1836=DIRECTION('',(0.E0,1.E0,0.E0));
#1837=VECTOR('',#1836,3.25E-2);
#1838=CARTESIAN_POINT('',(-3.375E-1,-7.E-2,-2.95E-1));
#1839=LINE('',#1838,#1837);
#1840=DIRECTION('',(0.E0,0.E0,-1.E0));
#1841=VECTOR('',#1840,1.5E-2);
#1842=CARTESIAN_POINT('',(-3.375E-1,-7.E-2,-2.95E-1));
#1843=LINE('',#1842,#1841);
#1844=CARTESIAN_POINT('',(-3.375E-1,-3.75E-2,-2.45E-1));
#1845=DIRECTION('',(1.E0,0.E0,0.E0));
#1846=DIRECTION('',(0.E0,0.E0,-1.E0));
#1847=AXIS2_PLACEMENT_3D('',#1844,#1845,#1846);
#1849=DIRECTION('',(1.E0,0.E0,0.E0));
#1850=VECTOR('',#1849,2.5E-2);
#1851=CARTESIAN_POINT('',(-3.625E-1,-3.75E-2,-2.7E-1));
#1852=LINE('',#1851,#1850);
#1853=DIRECTION('',(0.E0,1.E0,0.E0));
#1854=VECTOR('',#1853,1.75E-1);
#1855=CARTESIAN_POINT('',(-3.375E-1,-2.45E-1,-2.95E-1));
#1856=LINE('',#1855,#1854);
#1857=DIRECTION('',(0.E0,0.E0,-1.E0));
#1858=VECTOR('',#1857,2.5E-2);
#1859=CARTESIAN_POINT('',(-3.375E-1,-2.45E-1,-2.7E-1));
#1860=LINE('',#1859,#1858);
#1861=DIRECTION('',(0.E0,-1.E0,0.E0));
#1862=VECTOR('',#1861,1.75E-1);
#1863=CARTESIAN_POINT('',(-3.375E-1,-7.E-2,-2.7E-1));
#1864=LINE('',#1863,#1862);
#1865=DIRECTION('',(0.E0,0.E0,-1.E0));
#1866=VECTOR('',#1865,2.4E-1);
#1867=CARTESIAN_POINT('',(-3.375E-1,-1.25E-2,1.15E-1));
#1868=LINE('',#1867,#1866);
#1869=DIRECTION('',(0.E0,-1.E0,0.E0));
#1870=VECTOR('',#1869,2.5E-2);
#1871=CARTESIAN_POINT('',(-3.375E-1,1.25E-2,1.15E-1));
#1872=LINE('',#1871,#1870);
#1873=DIRECTION('',(0.E0,0.E0,1.E0));
#1874=VECTOR('',#1873,2.4E-1);
#1875=CARTESIAN_POINT('',(-3.375E-1,1.25E-2,-1.25E-1));
#1876=LINE('',#1875,#1874);
#1877=DIRECTION('',(1.E0,0.E0,0.E0));
#1878=VECTOR('',#1877,2.5E-2);
#1879=CARTESIAN_POINT('',(-3.625E-1,-2.45E-1,-2.95E-1));
#1880=LINE('',#1879,#1878);
#1881=DIRECTION('',(1.E0,0.E0,0.E0));
#1882=VECTOR('',#1881,2.5E-2);
#1883=CARTESIAN_POINT('',(-3.625E-1,-3.75E-2,-2.95E-1));
#1884=LINE('',#1883,#1882);
#1885=DIRECTION('',(1.E0,0.E0,0.E0));
#1886=VECTOR('',#1885,2.5E-2);
#1887=CARTESIAN_POINT('',(-3.625E-1,-2.45E-1,-2.7E-1));
#1888=LINE('',#1887,#1886);
#1889=DIRECTION('',(1.E0,0.E0,0.E0));
#1890=VECTOR('',#1889,2.5E-2);
#1891=CARTESIAN_POINT('',(-3.625E-1,-1.25E-2,1.15E-1));
#1892=LINE('',#1891,#1890);
#1893=DIRECTION('',(1.E0,0.E0,0.E0));
#1894=VECTOR('',#1893,2.5E-2);
#1895=CARTESIAN_POINT('',(-3.625E-1,1.25E-2,1.15E-1));
#1896=LINE('',#1895,#1894);
#1897=DIRECTION('',(0.E0,-1.E0,0.E0));
#1898=VECTOR('',#1897,1.E-1);
#1899=CARTESIAN_POINT('',(-2.625E-1,3.E-2,-3.1E-1));
#1900=LINE('',#1899,#1898);
#1901=DIRECTION('',(1.E0,0.E0,0.E0));
#1902=VECTOR('',#1901,7.5E-2);
#1903=CARTESIAN_POINT('',(-3.375E-1,3.E-2,-3.1E-1));
#1904=LINE('',#1903,#1902);
#1905=DIRECTION('',(0.E0,1.E0,0.E0));
#1906=VECTOR('',#1905,1.E-1);
#1907=CARTESIAN_POINT('',(-3.375E-1,-7.E-2,-3.1E-1));
#1908=LINE('',#1907,#1906);
#1909=DIRECTION('',(-1.E0,0.E0,0.E0));
#1910=VECTOR('',#1909,7.5E-2);
#1911=CARTESIAN_POINT('',(-2.625E-1,-7.E-2,-3.1E-1));
#1912=LINE('',#1911,#1910);
#1913=DIRECTION('',(0.E0,-1.E0,0.E0));
#1914=VECTOR('',#1913,1.75E-1);
#1915=CARTESIAN_POINT('',(-2.625E-1,-7.E-2,-2.7E-1));
#1916=LINE('',#1915,#1914);
#1917=DIRECTION('',(0.E0,0.E0,-1.E0));
#1918=VECTOR('',#1917,2.5E-2);
#1919=CARTESIAN_POINT('',(-2.625E-1,-2.45E-1,-2.7E-1));
#1920=LINE('',#1919,#1918);
#1921=DIRECTION('',(0.E0,1.E0,0.E0));
#1922=VECTOR('',#1921,1.75E-1);
#1923=CARTESIAN_POINT('',(-2.625E-1,-2.45E-1,-2.95E-1));
#1924=LINE('',#1923,#1922);
#1925=DIRECTION('',(0.E0,0.E0,1.E0));
#1926=VECTOR('',#1925,2.4E-1);
#1927=CARTESIAN_POINT('',(-2.625E-1,1.25E-2,-1.25E-1));
#1928=LINE('',#1927,#1926);
#1929=DIRECTION('',(0.E0,-1.E0,0.E0));
#1930=VECTOR('',#1929,2.5E-2);
#1931=CARTESIAN_POINT('',(-2.625E-1,1.25E-2,1.15E-1));
#1932=LINE('',#1931,#1930);
#1933=DIRECTION('',(0.E0,0.E0,-1.E0));
#1934=VECTOR('',#1933,2.4E-1);
#1935=CARTESIAN_POINT('',(-2.625E-1,-1.25E-2,1.15E-1));
#1936=LINE('',#1935,#1934);
#1937=DIRECTION('',(1.E0,0.E0,0.E0));
#1938=VECTOR('',#1937,2.5E-2);
#1939=CARTESIAN_POINT('',(-2.625E-1,-2.45E-1,-2.7E-1));
#1940=LINE('',#1939,#1938);
#1941=DIRECTION('',(1.E0,0.E0,0.E0));
#1942=VECTOR('',#1941,2.5E-2);
#1943=CARTESIAN_POINT('',(-2.625E-1,1.25E-2,1.15E-1));
#1944=LINE('',#1943,#1942);
#1945=DIRECTION('',(1.E0,0.E0,0.E0));
#1946=VECTOR('',#1945,2.5E-2);
#1947=CARTESIAN_POINT('',(-2.625E-1,-1.25E-2,1.15E-1));
#1948=LINE('',#1947,#1946);
#1949=DIRECTION('',(0.E0,-1.E0,0.E0));
#1950=VECTOR('',#1949,1.E-1);
#1951=CARTESIAN_POINT('',(-1.625E-1,3.E-2,-3.1E-1));
#1952=LINE('',#1951,#1950);
#1953=DIRECTION('',(1.E0,0.E0,0.E0));
#1954=VECTOR('',#1953,7.5E-2);
#1955=CARTESIAN_POINT('',(-2.375E-1,3.E-2,-3.1E-1));
#1956=LINE('',#1955,#1954);
#1957=DIRECTION('',(0.E0,1.E0,0.E0));
#1958=VECTOR('',#1957,1.E-1);
#1959=CARTESIAN_POINT('',(-2.375E-1,-7.E-2,-3.1E-1));
#1960=LINE('',#1959,#1958);
#1961=DIRECTION('',(-1.E0,0.E0,0.E0));
#1962=VECTOR('',#1961,7.5E-2);
#1963=CARTESIAN_POINT('',(-1.625E-1,-7.E-2,-3.1E-1));
#1964=LINE('',#1963,#1962);
#1965=DIRECTION('',(0.E0,-1.E0,0.E0));
#1966=VECTOR('',#1965,1.75E-1);
#1967=CARTESIAN_POINT('',(-1.625E-1,-7.E-2,-2.7E-1));
#1968=LINE('',#1967,#1966);
#1969=DIRECTION('',(0.E0,0.E0,-1.E0));
#1970=VECTOR('',#1969,2.5E-2);
#1971=CARTESIAN_POINT('',(-1.625E-1,-2.45E-1,-2.7E-1));
#1972=LINE('',#1971,#1970);
#1973=DIRECTION('',(0.E0,1.E0,0.E0));
#1974=VECTOR('',#1973,1.75E-1);
#1975=CARTESIAN_POINT('',(-1.625E-1,-2.45E-1,-2.95E-1));
#1976=LINE('',#1975,#1974);
#1977=DIRECTION('',(0.E0,0.E0,1.E0));
#1978=VECTOR('',#1977,2.4E-1);
#1979=CARTESIAN_POINT('',(-1.625E-1,1.25E-2,-1.25E-1));
#1980=LINE('',#1979,#1978);
#1981=DIRECTION('',(0.E0,-1.E0,0.E0));
#1982=VECTOR('',#1981,2.5E-2);
#1983=CARTESIAN_POINT('',(-1.625E-1,1.25E-2,1.15E-1));
#1984=LINE('',#1983,#1982);
#1985=DIRECTION('',(0.E0,0.E0,-1.E0));
#1986=VECTOR('',#1985,2.4E-1);
#1987=CARTESIAN_POINT('',(-1.625E-1,-1.25E-2,1.15E-1));
#1988=LINE('',#1987,#1986);
#1989=DIRECTION('',(1.E0,0.E0,0.E0));
#1990=VECTOR('',#1989,2.5E-2);
#1991=CARTESIAN_POINT('',(-1.625E-1,-2.45E-1,-2.7E-1));
#1992=LINE('',#1991,#1990);
#1993=DIRECTION('',(1.E0,0.E0,0.E0));
#1994=VECTOR('',#1993,2.5E-2);
#1995=CARTESIAN_POINT('',(-1.625E-1,1.25E-2,1.15E-1));
#1996=LINE('',#1995,#1994);
#1997=DIRECTION('',(1.E0,0.E0,0.E0));
#1998=VECTOR('',#1997,2.5E-2);
#1999=CARTESIAN_POINT('',(-1.625E-1,-1.25E-2,1.15E-1));
#2000=LINE('',#1999,#1998);
#2001=DIRECTION('',(0.E0,-1.E0,0.E0));
#2002=VECTOR('',#2001,1.E-1);
#2003=CARTESIAN_POINT('',(-6.25E-2,3.E-2,-3.1E-1));
#2004=LINE('',#2003,#2002);
#2005=DIRECTION('',(1.E0,0.E0,0.E0));
#2006=VECTOR('',#2005,7.5E-2);
#2007=CARTESIAN_POINT('',(-1.375E-1,3.E-2,-3.1E-1));
#2008=LINE('',#2007,#2006);
#2009=DIRECTION('',(0.E0,1.E0,0.E0));
#2010=VECTOR('',#2009,1.E-1);
#2011=CARTESIAN_POINT('',(-1.375E-1,-7.E-2,-3.1E-1));
#2012=LINE('',#2011,#2010);
#2013=DIRECTION('',(-1.E0,0.E0,0.E0));
#2014=VECTOR('',#2013,7.5E-2);
#2015=CARTESIAN_POINT('',(-6.25E-2,-7.E-2,-3.1E-1));
#2016=LINE('',#2015,#2014);
#2017=DIRECTION('',(0.E0,-1.E0,0.E0));
#2018=VECTOR('',#2017,1.75E-1);
#2019=CARTESIAN_POINT('',(-6.25E-2,-7.E-2,-2.7E-1));
#2020=LINE('',#2019,#2018);
#2021=DIRECTION('',(0.E0,0.E0,-1.E0));
#2022=VECTOR('',#2021,2.5E-2);
#2023=CARTESIAN_POINT('',(-6.25E-2,-2.45E-1,-2.7E-1));
#2024=LINE('',#2023,#2022);
#2025=DIRECTION('',(0.E0,1.E0,0.E0));
#2026=VECTOR('',#2025,1.75E-1);
#2027=CARTESIAN_POINT('',(-6.25E-2,-2.45E-1,-2.95E-1));
#2028=LINE('',#2027,#2026);
#2029=DIRECTION('',(0.E0,0.E0,1.E0));
#2030=VECTOR('',#2029,2.4E-1);
#2031=CARTESIAN_POINT('',(-6.25E-2,1.25E-2,-1.25E-1));
#2032=LINE('',#2031,#2030);
#2033=DIRECTION('',(0.E0,-1.E0,0.E0));
#2034=VECTOR('',#2033,2.5E-2);
#2035=CARTESIAN_POINT('',(-6.25E-2,1.25E-2,1.15E-1));
#2036=LINE('',#2035,#2034);
#2037=DIRECTION('',(0.E0,0.E0,-1.E0));
#2038=VECTOR('',#2037,2.4E-1);
#2039=CARTESIAN_POINT('',(-6.25E-2,-1.25E-2,1.15E-1));
#2040=LINE('',#2039,#2038);
#2041=DIRECTION('',(1.E0,0.E0,0.E0));
#2042=VECTOR('',#2041,2.5E-2);
#2043=CARTESIAN_POINT('',(-6.25E-2,-2.45E-1,-2.7E-1));
#2044=LINE('',#2043,#2042);
#2045=DIRECTION('',(1.E0,0.E0,0.E0));
#2046=VECTOR('',#2045,2.5E-2);
#2047=CARTESIAN_POINT('',(-6.25E-2,1.25E-2,1.15E-1));
#2048=LINE('',#2047,#2046);
#2049=DIRECTION('',(1.E0,0.E0,0.E0));
#2050=VECTOR('',#2049,2.5E-2);
#2051=CARTESIAN_POINT('',(-6.25E-2,-1.25E-2,1.15E-1));
#2052=LINE('',#2051,#2050);
#2053=DIRECTION('',(0.E0,-1.E0,0.E0));
#2054=VECTOR('',#2053,1.E-1);
#2055=CARTESIAN_POINT('',(3.75E-2,3.E-2,-3.1E-1));
#2056=LINE('',#2055,#2054);
#2057=DIRECTION('',(1.E0,0.E0,0.E0));
#2058=VECTOR('',#2057,7.5E-2);
#2059=CARTESIAN_POINT('',(-3.75E-2,3.E-2,-3.1E-1));
#2060=LINE('',#2059,#2058);
#2061=DIRECTION('',(0.E0,1.E0,0.E0));
#2062=VECTOR('',#2061,1.E-1);
#2063=CARTESIAN_POINT('',(-3.75E-2,-7.E-2,-3.1E-1));
#2064=LINE('',#2063,#2062);
#2065=DIRECTION('',(-1.E0,0.E0,0.E0));
#2066=VECTOR('',#2065,7.5E-2);
#2067=CARTESIAN_POINT('',(3.75E-2,-7.E-2,-3.1E-1));
#2068=LINE('',#2067,#2066);
#2069=DIRECTION('',(0.E0,-1.E0,0.E0));
#2070=VECTOR('',#2069,1.75E-1);
#2071=CARTESIAN_POINT('',(3.75E-2,-7.E-2,-2.7E-1));
#2072=LINE('',#2071,#2070);
#2073=DIRECTION('',(0.E0,0.E0,-1.E0));
#2074=VECTOR('',#2073,2.5E-2);
#2075=CARTESIAN_POINT('',(3.75E-2,-2.45E-1,-2.7E-1));
#2076=LINE('',#2075,#2074);
#2077=DIRECTION('',(0.E0,1.E0,0.E0));
#2078=VECTOR('',#2077,1.75E-1);
#2079=CARTESIAN_POINT('',(3.75E-2,-2.45E-1,-2.95E-1));
#2080=LINE('',#2079,#2078);
#2081=DIRECTION('',(0.E0,0.E0,1.E0));
#2082=VECTOR('',#2081,2.4E-1);
#2083=CARTESIAN_POINT('',(3.75E-2,1.25E-2,-1.25E-1));
#2084=LINE('',#2083,#2082);
#2085=DIRECTION('',(0.E0,-1.E0,0.E0));
#2086=VECTOR('',#2085,2.5E-2);
#2087=CARTESIAN_POINT('',(3.75E-2,1.25E-2,1.15E-1));
#2088=LINE('',#2087,#2086);
#2089=DIRECTION('',(0.E0,0.E0,-1.E0));
#2090=VECTOR('',#2089,2.4E-1);
#2091=CARTESIAN_POINT('',(3.75E-2,-1.25E-2,1.15E-1));
#2092=LINE('',#2091,#2090);
#2093=DIRECTION('',(1.E0,0.E0,0.E0));
#2094=VECTOR('',#2093,2.5E-2);
#2095=CARTESIAN_POINT('',(3.75E-2,-2.45E-1,-2.7E-1));
#2096=LINE('',#2095,#2094);
#2097=DIRECTION('',(1.E0,0.E0,0.E0));
#2098=VECTOR('',#2097,2.5E-2);
#2099=CARTESIAN_POINT('',(3.75E-2,1.25E-2,1.15E-1));
#2100=LINE('',#2099,#2098);
#2101=DIRECTION('',(1.E0,0.E0,0.E0));
#2102=VECTOR('',#2101,2.5E-2);
#2103=CARTESIAN_POINT('',(3.75E-2,-1.25E-2,1.15E-1));
#2104=LINE('',#2103,#2102);
#2105=DIRECTION('',(0.E0,-1.E0,0.E0));
#2106=VECTOR('',#2105,1.E-1);
#2107=CARTESIAN_POINT('',(1.375E-1,3.E-2,-3.1E-1));
#2108=LINE('',#2107,#2106);
#2109=DIRECTION('',(1.E0,0.E0,0.E0));
#2110=VECTOR('',#2109,7.5E-2);
#2111=CARTESIAN_POINT('',(6.25E-2,3.E-2,-3.1E-1));
#2112=LINE('',#2111,#2110);
#2113=DIRECTION('',(0.E0,1.E0,0.E0));
#2114=VECTOR('',#2113,1.E-1);
#2115=CARTESIAN_POINT('',(6.25E-2,-7.E-2,-3.1E-1));
#2116=LINE('',#2115,#2114);
#2117=DIRECTION('',(-1.E0,0.E0,0.E0));
#2118=VECTOR('',#2117,7.5E-2);
#2119=CARTESIAN_POINT('',(1.375E-1,-7.E-2,-3.1E-1));
#2120=LINE('',#2119,#2118);
#2121=DIRECTION('',(0.E0,-1.E0,0.E0));
#2122=VECTOR('',#2121,1.75E-1);
#2123=CARTESIAN_POINT('',(1.375E-1,-7.E-2,-2.7E-1));
#2124=LINE('',#2123,#2122);
#2125=DIRECTION('',(0.E0,0.E0,-1.E0));
#2126=VECTOR('',#2125,2.5E-2);
#2127=CARTESIAN_POINT('',(1.375E-1,-2.45E-1,-2.7E-1));
#2128=LINE('',#2127,#2126);
#2129=DIRECTION('',(0.E0,1.E0,0.E0));
#2130=VECTOR('',#2129,1.75E-1);
#2131=CARTESIAN_POINT('',(1.375E-1,-2.45E-1,-2.95E-1));
#2132=LINE('',#2131,#2130);
#2133=DIRECTION('',(0.E0,0.E0,1.E0));
#2134=VECTOR('',#2133,2.4E-1);
#2135=CARTESIAN_POINT('',(1.375E-1,1.25E-2,-1.25E-1));
#2136=LINE('',#2135,#2134);
#2137=DIRECTION('',(0.E0,-1.E0,0.E0));
#2138=VECTOR('',#2137,2.5E-2);
#2139=CARTESIAN_POINT('',(1.375E-1,1.25E-2,1.15E-1));
#2140=LINE('',#2139,#2138);
#2141=DIRECTION('',(0.E0,0.E0,-1.E0));
#2142=VECTOR('',#2141,2.4E-1);
#2143=CARTESIAN_POINT('',(1.375E-1,-1.25E-2,1.15E-1));
#2144=LINE('',#2143,#2142);
#2145=DIRECTION('',(1.E0,0.E0,0.E0));
#2146=VECTOR('',#2145,2.5E-2);
#2147=CARTESIAN_POINT('',(1.375E-1,-2.45E-1,-2.7E-1));
#2148=LINE('',#2147,#2146);
#2149=DIRECTION('',(1.E0,0.E0,0.E0));
#2150=VECTOR('',#2149,2.5E-2);
#2151=CARTESIAN_POINT('',(1.375E-1,1.25E-2,1.15E-1));
#2152=LINE('',#2151,#2150);
#2153=DIRECTION('',(1.E0,0.E0,0.E0));
#2154=VECTOR('',#2153,2.5E-2);
#2155=CARTESIAN_POINT('',(1.375E-1,-1.25E-2,1.15E-1));
#2156=LINE('',#2155,#2154);
#2157=DIRECTION('',(0.E0,-1.E0,0.E0));
#2158=VECTOR('',#2157,1.E-1);
#2159=CARTESIAN_POINT('',(2.375E-1,3.E-2,-3.1E-1));
#2160=LINE('',#2159,#2158);
#2161=DIRECTION('',(1.E0,0.E0,0.E0));
#2162=VECTOR('',#2161,7.5E-2);
#2163=CARTESIAN_POINT('',(1.625E-1,3.E-2,-3.1E-1));
#2164=LINE('',#2163,#2162);
#2165=DIRECTION('',(0.E0,1.E0,0.E0));
#2166=VECTOR('',#2165,1.E-1);
#2167=CARTESIAN_POINT('',(1.625E-1,-7.E-2,-3.1E-1));
#2168=LINE('',#2167,#2166);
#2169=DIRECTION('',(-1.E0,0.E0,0.E0));
#2170=VECTOR('',#2169,7.5E-2);
#2171=CARTESIAN_POINT('',(2.375E-1,-7.E-2,-3.1E-1));
#2172=LINE('',#2171,#2170);
#2173=DIRECTION('',(0.E0,-1.E0,0.E0));
#2174=VECTOR('',#2173,1.E-1);
#2175=CARTESIAN_POINT('',(3.375E-1,3.E-2,-3.1E-1));
#2176=LINE('',#2175,#2174);
#2177=DIRECTION('',(1.E0,0.E0,0.E0));
#2178=VECTOR('',#2177,7.5E-2);
#2179=CARTESIAN_POINT('',(2.625E-1,3.E-2,-3.1E-1));
#2180=LINE('',#2179,#2178);
#2181=DIRECTION('',(0.E0,1.E0,0.E0));
#2182=VECTOR('',#2181,1.E-1);
#2183=CARTESIAN_POINT('',(2.625E-1,-7.E-2,-3.1E-1));
#2184=LINE('',#2183,#2182);
#2185=DIRECTION('',(-1.E0,0.E0,0.E0));
#2186=VECTOR('',#2185,7.5E-2);
#2187=CARTESIAN_POINT('',(3.375E-1,-7.E-2,-3.1E-1));
#2188=LINE('',#2187,#2186);
#2189=DIRECTION('',(1.E0,0.E0,0.E0));
#2190=VECTOR('',#2189,2.5E-2);
#2191=CARTESIAN_POINT('',(3.375E-1,-2.45E-1,-2.7E-1));
#2192=LINE('',#2191,#2190);
#2193=DIRECTION('',(0.E0,-1.E0,0.E0));
#2194=VECTOR('',#2193,1.E-1);
#2195=CARTESIAN_POINT('',(4.15E-1,3.E-2,-3.1E-1));
#2196=LINE('',#2195,#2194);
#2197=DIRECTION('',(1.E0,0.E0,0.E0));
#2198=VECTOR('',#2197,5.25E-2);
#2199=CARTESIAN_POINT('',(3.625E-1,3.E-2,-3.1E-1));
#2200=LINE('',#2199,#2198);
#2201=DIRECTION('',(0.E0,1.E0,0.E0));
#2202=VECTOR('',#2201,1.E-1);
#2203=CARTESIAN_POINT('',(3.625E-1,-7.E-2,-3.1E-1));
#2204=LINE('',#2203,#2202);
#2205=DIRECTION('',(-1.E0,0.E0,0.E0));
#2206=VECTOR('',#2205,5.25E-2);
#2207=CARTESIAN_POINT('',(4.15E-1,-7.E-2,-3.1E-1));
#2208=LINE('',#2207,#2206);
#2209=DIRECTION('',(-1.E0,0.E0,0.E0));
#2210=VECTOR('',#2209,5.25E-2);
#2211=CARTESIAN_POINT('',(-3.625E-1,-7.E-2,-3.1E-1));
#2212=LINE('',#2211,#2210);
#2213=DIRECTION('',(0.E0,-1.E0,0.E0));
#2214=VECTOR('',#2213,1.E-1);
#2215=CARTESIAN_POINT('',(-3.625E-1,3.E-2,-3.1E-1));
#2216=LINE('',#2215,#2214);
#2217=DIRECTION('',(1.E0,0.E0,0.E0));
#2218=VECTOR('',#2217,5.25E-2);
#2219=CARTESIAN_POINT('',(-4.15E-1,3.E-2,-3.1E-1));
#2220=LINE('',#2219,#2218);
#2221=DIRECTION('',(0.E0,1.E0,0.E0));
#2222=VECTOR('',#2221,1.E-1);
#2223=CARTESIAN_POINT('',(-4.15E-1,-7.E-2,-3.1E-1));
#2224=LINE('',#2223,#2222);
#2225=DIRECTION('',(0.E0,1.E0,0.E0));
#2226=VECTOR('',#2225,4.E-2);
#2227=CARTESIAN_POINT('',(4.15E-1,3.E-2,-2.69E-1));
#2228=LINE('',#2227,#2226);
#2229=DIRECTION('',(0.E0,0.E0,-1.E0));
#2230=VECTOR('',#2229,4.1E-2);
#2231=CARTESIAN_POINT('',(4.15E-1,3.E-2,-2.69E-1));
#2232=LINE('',#2231,#2230);
#2233=DIRECTION('',(0.E0,0.E0,1.E0));
#2234=VECTOR('',#2233,4.4E-2);
#2235=CARTESIAN_POINT('',(4.15E-1,7.E-2,-2.69E-1));
#2236=LINE('',#2235,#2234);
#2237=DIRECTION('',(0.E0,0.E0,-1.E0));
#2238=VECTOR('',#2237,4.1E-2);
#2239=CARTESIAN_POINT('',(3.625E-1,3.E-2,-2.69E-1));
#2240=LINE('',#2239,#2238);
#2241=DIRECTION('',(1.E0,0.E0,0.E0));
#2242=VECTOR('',#2241,8.3E-1);
#2243=CARTESIAN_POINT('',(-4.15E-1,7.E-2,-2.69E-1));
#2244=LINE('',#2243,#2242);
#2245=DIRECTION('',(0.E0,0.E0,-1.E0));
#2246=VECTOR('',#2245,8.5E-2);
#2247=CARTESIAN_POINT('',(-4.15E-1,-7.E-2,-2.25E-1));
#2248=LINE('',#2247,#2246);
#2249=DIRECTION('',(0.E0,1.E0,0.E0));
#2250=VECTOR('',#2249,4.E-2);
#2251=CARTESIAN_POINT('',(-4.15E-1,3.E-2,-2.69E-1));
#2252=LINE('',#2251,#2250);
#2253=DIRECTION('',(0.E0,0.E0,1.E0));
#2254=VECTOR('',#2253,4.4E-2);
#2255=CARTESIAN_POINT('',(-4.15E-1,7.E-2,-2.69E-1));
#2256=LINE('',#2255,#2254);
#2257=DIRECTION('',(0.E0,0.E0,-1.E0));
#2258=VECTOR('',#2257,4.1E-2);
#2259=CARTESIAN_POINT('',(-4.15E-1,3.E-2,-2.69E-1));
#2260=LINE('',#2259,#2258);
#2261=DIRECTION('',(0.E0,0.E0,1.E0));
#2262=VECTOR('',#2261,3.3E-1);
#2263=CARTESIAN_POINT('',(2.75E-1,-6.E-2,-1.25E-1));
#2264=LINE('',#2263,#2262);
#2265=DIRECTION('',(0.E0,0.E0,1.E0));
#2266=VECTOR('',#2265,3.3E-1);
#2267=CARTESIAN_POINT('',(-2.75E-1,-6.E-2,-1.25E-1));
#2268=LINE('',#2267,#2266);
#2269=DIRECTION('',(0.E0,0.E0,1.E0));
#2270=VECTOR('',#2269,3.3E-1);
#2271=CARTESIAN_POINT('',(3.25E-1,-6.E-2,-1.25E-1));
#2272=LINE('',#2271,#2270);
#2273=DIRECTION('',(0.E0,0.E0,1.E0));
#2274=VECTOR('',#2273,3.3E-1);
#2275=CARTESIAN_POINT('',(-3.25E-1,-6.E-2,-1.25E-1));
#2276=LINE('',#2275,#2274);
#2277=DIRECTION('',(0.E0,0.E0,-1.E0));
#2278=VECTOR('',#2277,3.3E-1);
#2279=CARTESIAN_POINT('',(-4.1E-1,-6.E-2,2.05E-1));
#2280=LINE('',#2279,#2278);
#2281=DIRECTION('',(0.E0,0.E0,-1.E0));
#2282=VECTOR('',#2281,3.3E-1);
#2283=CARTESIAN_POINT('',(4.1E-1,-6.E-2,2.05E-1));
#2284=LINE('',#2283,#2282);
#2285=DIRECTION('',(0.E0,0.E0,-1.E0));
#2286=VECTOR('',#2285,3.3E-1);
#2287=CARTESIAN_POINT('',(4.1E-1,6.E-2,2.05E-1));
#2288=LINE('',#2287,#2286);
#2289=DIRECTION('',(0.E0,0.E0,-1.E0));
#2290=VECTOR('',#2289,1.8E-1);
#2291=CARTESIAN_POINT('',(6.E-2,6.E-2,5.5E-2));
#2292=LINE('',#2291,#2290);
#2293=DIRECTION('',(1.E0,0.E0,0.E0));
#2294=VECTOR('',#2293,1.2E-1);
#2295=CARTESIAN_POINT('',(-6.E-2,1.E-1,-1.25E-1));
#2296=LINE('',#2295,#2294);
#2297=DIRECTION('',(0.E0,0.E0,-1.E0));
#2298=VECTOR('',#2297,2.E-1);
#2299=CARTESIAN_POINT('',(-6.E-2,1.E-1,7.5E-2));
#2300=LINE('',#2299,#2298);
#2301=DIRECTION('',(1.E0,0.E0,0.E0));
#2302=VECTOR('',#2301,5.E-2);
#2303=CARTESIAN_POINT('',(-1.1E-1,1.E-1,7.5E-2));
#2304=LINE('',#2303,#2302);
#2305=DIRECTION('',(-1.E0,0.E0,0.E0));
#2306=VECTOR('',#2305,3.E-2);
#2307=CARTESIAN_POINT('',(-1.1E-1,1.E-1,7.5E-2));
#2308=LINE('',#2307,#2306);
#2309=DIRECTION('',(0.E0,0.E0,1.E0));
#2310=VECTOR('',#2309,1.5E-1);
#2311=CARTESIAN_POINT('',(-1.4E-1,1.E-1,7.5E-2));
#2312=LINE('',#2311,#2310);
#2313=DIRECTION('',(1.E0,0.E0,0.E0));
#2314=VECTOR('',#2313,9.E-1);
#2315=CARTESIAN_POINT('',(-4.5E-1,1.E-1,-2.25E-1));
#2316=LINE('',#2315,#2314);
#2317=DIRECTION('',(0.E0,0.E0,1.E0));
#2318=VECTOR('',#2317,4.5E-1);
#2319=CARTESIAN_POINT('',(4.5E-1,1.E-1,-2.25E-1));
#2320=LINE('',#2319,#2318);
#2321=DIRECTION('',(-1.E0,0.E0,0.E0));
#2322=VECTOR('',#2321,3.E-2);
#2323=CARTESIAN_POINT('',(1.4E-1,1.E-1,7.5E-2));
#2324=LINE('',#2323,#2322);
#2325=DIRECTION('',(1.E0,0.E0,0.E0));
#2326=VECTOR('',#2325,5.E-2);
#2327=CARTESIAN_POINT('',(6.E-2,1.E-1,7.5E-2));
#2328=LINE('',#2327,#2326);
#2329=DIRECTION('',(0.E0,0.E0,-1.E0));
#2330=VECTOR('',#2329,2.E-1);
#2331=CARTESIAN_POINT('',(6.E-2,1.E-1,7.5E-2));
#2332=LINE('',#2331,#2330);
#2333=DIRECTION('',(0.E0,0.E0,-1.E0));
#2334=VECTOR('',#2333,1.5E-1);
#2335=CARTESIAN_POINT('',(-1.1E-1,6.E-2,2.05E-1));
#2336=LINE('',#2335,#2334);
#2337=DIRECTION('',(0.E0,0.E0,-1.E0));
#2338=VECTOR('',#2337,1.8E-1);
#2339=CARTESIAN_POINT('',(-6.E-2,6.E-2,5.5E-2));
#2340=LINE('',#2339,#2338);
#2341=DIRECTION('',(0.E0,0.E0,-1.E0));
#2342=VECTOR('',#2341,1.3E-1);
#2343=CARTESIAN_POINT('',(-1.1E-1,1.2E-1,2.05E-1));
#2344=LINE('',#2343,#2342);
#2345=DIRECTION('',(0.E0,-1.E0,0.E0));
#2346=VECTOR('',#2345,2.E-2);
#2347=CARTESIAN_POINT('',(-6.E-2,1.E-1,7.5E-2));
#2348=LINE('',#2347,#2346);
#2349=DIRECTION('',(0.E0,-1.E0,0.E0));
#2350=VECTOR('',#2349,2.E-2);
#2351=CARTESIAN_POINT('',(-1.1E-1,1.E-1,7.5E-2));
#2352=LINE('',#2351,#2350);
#2353=DIRECTION('',(0.E0,-1.E0,0.E0));
#2354=VECTOR('',#2353,2.E-2);
#2355=CARTESIAN_POINT('',(6.E-2,1.E-1,7.5E-2));
#2356=LINE('',#2355,#2354);
#2357=DIRECTION('',(0.E0,1.E0,0.E0));
#2358=VECTOR('',#2357,2.E-2);
#2359=CARTESIAN_POINT('',(1.1E-1,8.E-2,7.5E-2));
#2360=LINE('',#2359,#2358);
#2361=DIRECTION('',(1.E0,0.E0,0.E0));
#2362=VECTOR('',#2361,5.E-2);
#2363=CARTESIAN_POINT('',(-1.1E-1,8.E-2,7.5E-2));
#2364=LINE('',#2363,#2362);
#2365=DIRECTION('',(0.E0,-7.071067811865E-1,-7.071067811865E-1));
#2366=VECTOR('',#2365,2.828427124746E-2);
#2367=CARTESIAN_POINT('',(-6.E-2,8.E-2,7.5E-2));
#2368=LINE('',#2367,#2366);
#2369=DIRECTION('',(1.E0,0.E0,0.E0));
#2370=VECTOR('',#2369,5.E-2);
#2371=CARTESIAN_POINT('',(-1.1E-1,6.E-2,5.5E-2));
#2372=LINE('',#2371,#2370);
#2373=DIRECTION('',(0.E0,-7.071067811865E-1,-7.071067811865E-1));
#2374=VECTOR('',#2373,2.828427124746E-2);
#2375=CARTESIAN_POINT('',(-1.1E-1,8.E-2,7.5E-2));
#2376=LINE('',#2375,#2374);
#2377=DIRECTION('',(-1.E0,0.E0,0.E0));
#2378=VECTOR('',#2377,5.E-2);
#2379=CARTESIAN_POINT('',(1.1E-1,8.E-2,7.5E-2));
#2380=LINE('',#2379,#2378);
#2381=DIRECTION('',(0.E0,-7.071067811865E-1,-7.071067811865E-1));
#2382=VECTOR('',#2381,2.828427124746E-2);
#2383=CARTESIAN_POINT('',(1.1E-1,8.E-2,7.5E-2));
#2384=LINE('',#2383,#2382);
#2385=DIRECTION('',(-1.E0,0.E0,0.E0));
#2386=VECTOR('',#2385,5.E-2);
#2387=CARTESIAN_POINT('',(1.1E-1,6.E-2,5.5E-2));
#2388=LINE('',#2387,#2386);
#2389=DIRECTION('',(0.E0,-7.071067811865E-1,-7.071067811865E-1));
#2390=VECTOR('',#2389,2.828427124746E-2);
#2391=CARTESIAN_POINT('',(6.E-2,8.E-2,7.5E-2));
#2392=LINE('',#2391,#2390);
#2393=DIRECTION('',(0.E0,0.E0,-1.E0));
#2394=VECTOR('',#2393,1.5E-1);
#2395=CARTESIAN_POINT('',(1.1E-1,6.E-2,2.05E-1));
#2396=LINE('',#2395,#2394);
#2397=DIRECTION('',(0.E0,-1.E0,0.E0));
#2398=VECTOR('',#2397,4.E-2);
#2399=CARTESIAN_POINT('',(-1.E-1,1.6E-1,7.5E-2));
#2400=LINE('',#2399,#2398);
#2401=DIRECTION('',(0.E0,1.E0,0.E0));
#2402=VECTOR('',#2401,2.E-2);
#2403=CARTESIAN_POINT('',(-1.1E-1,1.E-1,7.5E-2));
#2404=LINE('',#2403,#2402);
#2405=DIRECTION('',(-1.E0,0.E0,0.E0));
#2406=VECTOR('',#2405,1.E-2);
#2407=CARTESIAN_POINT('',(-1.E-1,1.2E-1,7.5E-2));
#2408=LINE('',#2407,#2406);
#2409=DIRECTION('',(0.E0,-1.E0,0.E0));
#2410=VECTOR('',#2409,4.E-2);
#2411=CARTESIAN_POINT('',(1.E-1,1.6E-1,7.5E-2));
#2412=LINE('',#2411,#2410);
#2413=DIRECTION('',(-1.E0,0.E0,0.E0));
#2414=VECTOR('',#2413,1.E-2);
#2415=CARTESIAN_POINT('',(1.1E-1,1.2E-1,7.5E-2));
#2416=LINE('',#2415,#2414);
#2417=DIRECTION('',(0.E0,1.E0,0.E0));
#2418=VECTOR('',#2417,2.E-2);
#2419=CARTESIAN_POINT('',(1.1E-1,1.E-1,7.5E-2));
#2420=LINE('',#2419,#2418);
#2421=DIRECTION('',(0.E0,0.E0,1.E0));
#2422=VECTOR('',#2421,3.7E-2);
#2423=CARTESIAN_POINT('',(-1.E-1,1.6E-1,7.5E-2));
#2424=LINE('',#2423,#2422);
#2425=CARTESIAN_POINT('',(-4.7E-2,1.6E-1,1.12E-1));
#2426=DIRECTION('',(0.E0,1.E0,0.E0));
#2427=DIRECTION('',(-1.E0,0.E0,0.E0));
#2428=AXIS2_PLACEMENT_3D('',#2425,#2426,#2427);
#2430=DIRECTION('',(1.E0,0.E0,0.E0));
#2431=VECTOR('',#2430,9.4E-2);
#2432=CARTESIAN_POINT('',(-4.7E-2,1.6E-1,1.65E-1));
#2433=LINE('',#2432,#2431);
#2434=CARTESIAN_POINT('',(4.7E-2,1.6E-1,1.12E-1));
#2435=DIRECTION('',(0.E0,1.E0,0.E0));
#2436=DIRECTION('',(0.E0,0.E0,1.E0));
#2437=AXIS2_PLACEMENT_3D('',#2434,#2435,#2436);
#2439=DIRECTION('',(0.E0,0.E0,1.E0));
#2440=VECTOR('',#2439,3.7E-2);
#2441=CARTESIAN_POINT('',(1.E-1,1.6E-1,7.5E-2));
#2442=LINE('',#2441,#2440);
#2443=DIRECTION('',(-1.E0,0.E0,0.E0));
#2444=VECTOR('',#2443,4.E-2);
#2445=CARTESIAN_POINT('',(1.4E-1,1.6E-1,7.5E-2));
#2446=LINE('',#2445,#2444);
#2447=DIRECTION('',(0.E0,0.E0,1.E0));
#2448=VECTOR('',#2447,1.5E-1);
#2449=CARTESIAN_POINT('',(1.4E-1,1.6E-1,7.5E-2));
#2450=LINE('',#2449,#2448);
#2451=DIRECTION('',(-1.E0,0.E0,0.E0));
#2452=VECTOR('',#2451,4.E-2);
#2453=CARTESIAN_POINT('',(-1.E-1,1.6E-1,7.5E-2));
#2454=LINE('',#2453,#2452);
#2455=DIRECTION('',(0.E0,-1.E0,0.E0));
#2456=VECTOR('',#2455,4.E-2);
#2457=CARTESIAN_POINT('',(-1.E-1,1.6E-1,1.12E-1));
#2458=LINE('',#2457,#2456);
#2459=DIRECTION('',(1.E0,0.E0,0.E0));
#2460=VECTOR('',#2459,9.4E-2);
#2461=CARTESIAN_POINT('',(-4.7E-2,1.2E-1,1.65E-1));
#2462=LINE('',#2461,#2460);
#2463=CARTESIAN_POINT('',(-4.7E-2,1.2E-1,1.12E-1));
#2464=DIRECTION('',(0.E0,1.E0,0.E0));
#2465=DIRECTION('',(-1.E0,0.E0,0.E0));
#2466=AXIS2_PLACEMENT_3D('',#2463,#2464,#2465);
#2468=DIRECTION('',(0.E0,0.E0,1.E0));
#2469=VECTOR('',#2468,3.7E-2);
#2470=CARTESIAN_POINT('',(-1.E-1,1.2E-1,7.5E-2));
#2471=LINE('',#2470,#2469);
#2472=DIRECTION('',(0.E0,0.E0,-1.E0));
#2473=VECTOR('',#2472,1.3E-1);
#2474=CARTESIAN_POINT('',(1.1E-1,1.2E-1,2.05E-1));
#2475=LINE('',#2474,#2473);
#2476=DIRECTION('',(0.E0,0.E0,1.E0));
#2477=VECTOR('',#2476,3.7E-2);
#2478=CARTESIAN_POINT('',(1.E-1,1.2E-1,7.5E-2));
#2479=LINE('',#2478,#2477);
#2480=CARTESIAN_POINT('',(4.7E-2,1.2E-1,1.12E-1));
#2481=DIRECTION('',(0.E0,1.E0,0.E0));
#2482=DIRECTION('',(0.E0,0.E0,1.E0));
#2483=AXIS2_PLACEMENT_3D('',#2480,#2481,#2482);
#2485=DIRECTION('',(0.E0,-1.E0,0.E0));
#2486=VECTOR('',#2485,4.E-2);
#2487=CARTESIAN_POINT('',(-4.7E-2,1.6E-1,1.65E-1));
#2488=LINE('',#2487,#2486);
#2489=DIRECTION('',(0.E0,-1.E0,0.E0));
#2490=VECTOR('',#2489,4.E-2);
#2491=CARTESIAN_POINT('',(4.7E-2,1.6E-1,1.65E-1));
#2492=LINE('',#2491,#2490);
#2493=DIRECTION('',(0.E0,-1.E0,0.E0));
#2494=VECTOR('',#2493,4.E-2);
#2495=CARTESIAN_POINT('',(1.E-1,1.6E-1,1.12E-1));
#2496=LINE('',#2495,#2494);
#2497=DIRECTION('',(-1.E0,0.E0,0.E0));
#2498=VECTOR('',#2497,2.6E-1);
#2499=CARTESIAN_POINT('',(1.3E-1,1.4E-1,2.25E-1));
#2500=LINE('',#2499,#2498);
#2501=DIRECTION('',(-5.773502691896E-1,-5.773502691896E-1,-5.773502691896E-1));
#2502=VECTOR('',#2501,3.464101615138E-2);
#2503=CARTESIAN_POINT('',(1.3E-1,1.4E-1,2.25E-1));
#2504=LINE('',#2503,#2502);
#2505=DIRECTION('',(-1.E0,0.E0,0.E0));
#2506=VECTOR('',#2505,2.2E-1);
#2507=CARTESIAN_POINT('',(1.1E-1,1.2E-1,2.05E-1));
#2508=LINE('',#2507,#2506);
#2509=DIRECTION('',(0.E0,1.E0,0.E0));
#2510=VECTOR('',#2509,6.E-2);
#2511=CARTESIAN_POINT('',(1.3E-1,8.E-2,2.25E-1));
#2512=LINE('',#2511,#2510);
#2513=DIRECTION('',(-5.773502691896E-1,-5.773502691896E-1,-5.773502691896E-1));
#2514=VECTOR('',#2513,3.464101615138E-2);
#2515=CARTESIAN_POINT('',(1.3E-1,8.E-2,2.25E-1));
#2516=LINE('',#2515,#2514);
#2517=DIRECTION('',(0.E0,1.E0,0.E0));
#2518=VECTOR('',#2517,6.E-2);
#2519=CARTESIAN_POINT('',(1.1E-1,6.E-2,2.05E-1));
#2520=LINE('',#2519,#2518);
#2521=DIRECTION('',(-1.E0,0.E0,0.E0));
#2522=VECTOR('',#2521,3.E-1);
#2523=CARTESIAN_POINT('',(4.3E-1,8.E-2,2.25E-1));
#2524=LINE('',#2523,#2522);
#2525=DIRECTION('',(-5.773502691896E-1,-5.773502691896E-1,-5.773502691896E-1));
#2526=VECTOR('',#2525,3.464101615138E-2);
#2527=CARTESIAN_POINT('',(4.3E-1,8.E-2,2.25E-1));
#2528=LINE('',#2527,#2526);
#2529=DIRECTION('',(-1.E0,0.E0,0.E0));
#2530=VECTOR('',#2529,3.E-1);
#2531=CARTESIAN_POINT('',(4.1E-1,6.E-2,2.05E-1));
#2532=LINE('',#2531,#2530);
#2533=DIRECTION('',(0.E0,1.E0,0.E0));
#2534=VECTOR('',#2533,1.6E-1);
#2535=CARTESIAN_POINT('',(4.3E-1,-8.E-2,2.25E-1));
#2536=LINE('',#2535,#2534);
#2537=DIRECTION('',(-5.773502691896E-1,5.773502691896E-1,-5.773502691896E-1));
#2538=VECTOR('',#2537,3.464101615138E-2);
#2539=CARTESIAN_POINT('',(4.3E-1,-8.E-2,2.25E-1));
#2540=LINE('',#2539,#2538);
#2541=DIRECTION('',(0.E0,1.E0,0.E0));
#2542=VECTOR('',#2541,1.2E-1);
#2543=CARTESIAN_POINT('',(4.1E-1,-6.E-2,2.05E-1));
#2544=LINE('',#2543,#2542);
#2545=DIRECTION('',(0.E0,-1.E0,0.E0));
#2546=VECTOR('',#2545,6.E-2);
#2547=CARTESIAN_POINT('',(-1.3E-1,1.4E-1,2.25E-1));
#2548=LINE('',#2547,#2546);
#2549=DIRECTION('',(5.773502691896E-1,-5.773502691896E-1,-5.773502691896E-1));
#2550=VECTOR('',#2549,3.464101615138E-2);
#2551=CARTESIAN_POINT('',(-1.3E-1,1.4E-1,2.25E-1));
#2552=LINE('',#2551,#2550);
#2553=DIRECTION('',(0.E0,-1.E0,0.E0));
#2554=VECTOR('',#2553,6.E-2);
#2555=CARTESIAN_POINT('',(-1.1E-1,1.2E-1,2.05E-1));
#2556=LINE('',#2555,#2554);
#2557=DIRECTION('',(-1.E0,0.E0,0.E0));
#2558=VECTOR('',#2557,3.E-1);
#2559=CARTESIAN_POINT('',(-1.3E-1,8.E-2,2.25E-1));
#2560=LINE('',#2559,#2558);
#2561=DIRECTION('',(5.773502691896E-1,-5.773502691896E-1,-5.773502691896E-1));
#2562=VECTOR('',#2561,3.464101615138E-2);
#2563=CARTESIAN_POINT('',(-1.3E-1,8.E-2,2.25E-1));
#2564=LINE('',#2563,#2562);
#2565=DIRECTION('',(-1.E0,0.E0,0.E0));
#2566=VECTOR('',#2565,3.E-1);
#2567=CARTESIAN_POINT('',(-1.1E-1,6.E-2,2.05E-1));
#2568=LINE('',#2567,#2566);
#2569=DIRECTION('',(0.E0,-1.E0,0.E0));
#2570=VECTOR('',#2569,1.6E-1);
#2571=CARTESIAN_POINT('',(-4.3E-1,8.E-2,2.25E-1));
#2572=LINE('',#2571,#2570);
#2573=DIRECTION('',(5.773502691896E-1,-5.773502691896E-1,-5.773502691896E-1));
#2574=VECTOR('',#2573,3.464101615138E-2);
#2575=CARTESIAN_POINT('',(-4.3E-1,8.E-2,2.25E-1));
#2576=LINE('',#2575,#2574);
#2577=DIRECTION('',(0.E0,-1.E0,0.E0));
#2578=VECTOR('',#2577,1.2E-1);
#2579=CARTESIAN_POINT('',(-4.1E-1,6.E-2,2.05E-1));
#2580=LINE('',#2579,#2578);
#2581=DIRECTION('',(5.773502691896E-1,5.773502691896E-1,-5.773502691896E-1));
#2582=VECTOR('',#2581,3.464101615138E-2);
#2583=CARTESIAN_POINT('',(-4.3E-1,-8.E-2,2.25E-1));
#2584=LINE('',#2583,#2582);
#2585=DIRECTION('',(0.E0,0.E0,-1.E0));
#2586=VECTOR('',#2585,3.3E-1);
#2587=CARTESIAN_POINT('',(-4.1E-1,6.E-2,2.05E-1));
#2588=LINE('',#2587,#2586);
#2589=DIRECTION('',(0.E0,1.E0,0.E0));
#2590=VECTOR('',#2589,6.E-2);
#2591=CARTESIAN_POINT('',(1.4E-1,1.E-1,7.5E-2));
#2592=LINE('',#2591,#2590);
#2593=DIRECTION('',(0.E0,0.E0,1.E0));
#2594=VECTOR('',#2593,1.5E-1);
#2595=CARTESIAN_POINT('',(1.4E-1,1.E-1,7.5E-2));
#2596=LINE('',#2595,#2594);
#2597=DIRECTION('',(0.E0,-1.E0,0.E0));
#2598=VECTOR('',#2597,6.E-2);
#2599=CARTESIAN_POINT('',(-1.4E-1,1.6E-1,7.5E-2));
#2600=LINE('',#2599,#2598);
#2601=DIRECTION('',(0.E0,0.E0,1.E0));
#2602=VECTOR('',#2601,1.5E-1);
#2603=CARTESIAN_POINT('',(-1.4E-1,1.6E-1,7.5E-2));
#2604=LINE('',#2603,#2602);
#2605=DIRECTION('',(0.E0,0.E0,1.E0));
#2606=VECTOR('',#2605,4.5E-1);
#2607=CARTESIAN_POINT('',(-4.5E-1,1.E-1,-2.25E-1));
#2608=LINE('',#2607,#2606);
#2609=DIRECTION('',(0.E0,0.E0,1.E0));
#2610=VECTOR('',#2609,4.5E-1);
#2611=CARTESIAN_POINT('',(-4.5E-1,-5.E-2,-2.25E-1));
#2612=LINE('',#2611,#2610);
#2613=DIRECTION('',(0.E0,0.E0,1.E0));
#2614=VECTOR('',#2613,4.5E-1);
#2615=CARTESIAN_POINT('',(-4.75E-1,-5.E-2,-2.25E-1));
#2616=LINE('',#2615,#2614);
#2617=DIRECTION('',(0.E0,0.E0,1.E0));
#2618=VECTOR('',#2617,4.5E-1);
#2619=CARTESIAN_POINT('',(4.5E-1,-5.E-2,-2.25E-1));
#2620=LINE('',#2619,#2618);
#2621=DIRECTION('',(0.E0,0.E0,1.E0));
#2622=VECTOR('',#2621,4.5E-1);
#2623=CARTESIAN_POINT('',(4.75E-1,-5.E-2,-2.25E-1));
#2624=LINE('',#2623,#2622);
#2625=DIRECTION('',(0.E0,0.E0,1.E0));
#2626=VECTOR('',#2625,4.5E-1);
#2627=CARTESIAN_POINT('',(4.75E-1,-1.E-1,-2.25E-1));
#2628=LINE('',#2627,#2626);
#2629=DIRECTION('',(7.071067811865E-1,7.071067811865E-1,0.E0));
#2630=VECTOR('',#2629,2.121320343560E-2);
#2631=CARTESIAN_POINT('',(-3.95E-1,-1.15E-1,8.949824768654E-2));
#2632=LINE('',#2631,#2630);
#2633=DIRECTION('',(0.E0,0.E0,1.E0));
#2634=VECTOR('',#2633,1.355017523135E-1);
#2635=CARTESIAN_POINT('',(-3.95E-1,-1.15E-1,8.949824768654E-2));
#2636=LINE('',#2635,#2634);
#2637=DIRECTION('',(4.484661306566E-1,4.484661306566E-1,7.731469842842E-1));
#2638=VECTOR('',#2637,3.344734189411E-2);
#2639=CARTESIAN_POINT('',(-3.95E-1,-1.15E-1,2.215795920425E-2));
#2640=LINE('',#2639,#2638);
#2641=DIRECTION('',(0.E0,0.E0,1.E0));
#2642=VECTOR('',#2641,2.471579592043E-1);
#2643=CARTESIAN_POINT('',(-3.95E-1,-1.15E-1,-2.25E-1));
#2644=LINE('',#2643,#2642);
#2645=CARTESIAN_POINT('',(-3.561215981232E-1,-1.621530154936E-1,
8.949824768654E-2));
#2646=CARTESIAN_POINT('',(-3.594085896758E-1,-1.642161387215E-1,
8.949824768654E-2));
#2647=CARTESIAN_POINT('',(-3.657314522880E-1,-1.679992026757E-1,
8.949824768654E-2));
#2648=CARTESIAN_POINT('',(-3.744946664784E-1,-1.725837933466E-1,
8.949824768654E-2));
#2649=CARTESIAN_POINT('',(-3.825811713067E-1,-1.760352392637E-1,
8.949824768654E-2));
#2650=CARTESIAN_POINT('',(-3.901096130192E-1,-1.783697823529E-1,
8.949824768654E-2));
#2651=CARTESIAN_POINT('',(-3.973343762076E-1,-1.796421345983E-1,
8.949824768654E-2));
#2652=CARTESIAN_POINT('',(-4.044948505984E-1,-1.798479913168E-1,
8.949824768654E-2));
#2653=CARTESIAN_POINT('',(-4.116704093700E-1,-1.789760795252E-1,
8.949824768654E-2));
#2654=CARTESIAN_POINT('',(-4.190175585757E-1,-1.770616204612E-1,
8.949824768654E-2));
#2655=CARTESIAN_POINT('',(-4.269152322668E-1,-1.740275486876E-1,
8.949824768654E-2));
#2656=CARTESIAN_POINT('',(-4.355055426500E-1,-1.698205379972E-1,
8.949824768654E-2));
#2657=CARTESIAN_POINT('',(-4.448069162986E-1,-1.644874725084E-1,
8.949824768654E-2));
#2658=CARTESIAN_POINT('',(-4.548761957723E-1,-1.580763576084E-1,
8.949824768654E-2));
#2659=CARTESIAN_POINT('',(-4.621341691544E-1,-1.531141439988E-1,
8.949824768654E-2));
#2660=CARTESIAN_POINT('',(-4.659042018306E-1,-1.504691744361E-1,
8.949824768654E-2));
#2662=DIRECTION('',(0.E0,-1.E0,0.E0));
#2663=VECTOR('',#2662,5.046917443609E-2);
#2664=CARTESIAN_POINT('',(-4.659042018306E-1,-1.E-1,8.949824768654E-2));
#2665=LINE('',#2664,#2663);
#2666=DIRECTION('',(-7.713691830612E-1,-6.363879189799E-1,0.E0));
#2667=VECTOR('',#2666,1.227655109684E-2);
#2668=CARTESIAN_POINT('',(-3.787757994383E-1,-1.928147348565E-1,
5.012816894639E-2));
#2669=LINE('',#2668,#2667);
#2670=DIRECTION('',(7.713691830612E-1,-6.363879189799E-1,0.E0));
#2671=VECTOR('',#2670,3.490169331883E-2);
#2672=CARTESIAN_POINT('',(-4.432242005617E-1,-1.784163676812E-1,
5.012816894639E-2));
#2673=LINE('',#2672,#2671);
#2674=CARTESIAN_POINT('',(-4.432242005617E-1,-1.784163676812E-1,
5.012816894639E-2));
#2675=CARTESIAN_POINT('',(-4.419206105784E-1,-1.794918435168E-1,
4.788080488598E-2));
#2676=CARTESIAN_POINT('',(-4.393697705864E-1,-1.812846421812E-1,
4.348320579795E-2));
#2677=CARTESIAN_POINT('',(-4.357675144939E-1,-1.827950309853E-1,
3.727298557365E-2));
#2678=CARTESIAN_POINT('',(-4.321643977221E-1,-1.831524540964E-1,
3.106128155464E-2));
#2679=CARTESIAN_POINT('',(-4.285727204079E-1,-1.823011139900E-1,
2.486929894075E-2));
#2680=CARTESIAN_POINT('',(-4.249255939807E-1,-1.803261811426E-1,
1.858172312229E-2));
#2681=CARTESIAN_POINT('',(-4.210036507758E-1,-1.771700184013E-1,
1.182036846448E-2));
#2682=CARTESIAN_POINT('',(-4.167231130913E-1,-1.727921491257E-1,
4.440803820310E-3));
#2683=CARTESIAN_POINT('',(-4.136186770230E-1,-1.690996208607E-1,
-9.111842564930E-4));
#2684=CARTESIAN_POINT('',(-4.12E-1,-1.670715008393E-1,-3.701752313505E-3));
#2686=DIRECTION('',(0.E0,-1.E0,0.E0));
#2687=VECTOR('',#2686,6.707150083930E-2);
#2688=CARTESIAN_POINT('',(-4.12E-1,-1.E-1,-3.701752313505E-3));
#2689=LINE('',#2688,#2687);
#2690=CARTESIAN_POINT('',(-4.641322804033E-1,-1.531349365536E-1,
8.617329648593E-2));
#2691=CARTESIAN_POINT('',(-4.624645700686E-1,-1.555179308168E-1,
8.329819594254E-2));
#2692=CARTESIAN_POINT('',(-4.592474717796E-1,-1.600214982555E-1,
7.775198036408E-2));
#2693=CARTESIAN_POINT('',(-4.547705890598E-1,-1.659532051646E-1,
7.003392065524E-2));
#2694=CARTESIAN_POINT('',(-4.506154695735E-1,-1.710437676297E-1,
6.287057457267E-2));
#2695=CARTESIAN_POINT('',(-4.467622197119E-1,-1.752586664584E-1,
5.622764591760E-2));
#2696=CARTESIAN_POINT('',(-4.443734522707E-1,-1.774682225912E-1,
5.210945679007E-2));
#2697=CARTESIAN_POINT('',(-4.432242005617E-1,-1.784163676812E-1,
5.012816894639E-2));
#2699=CARTESIAN_POINT('',(-4.022738312638E-1,-2.006273836612E-1,
5.012816894639E-2));
#2700=DIRECTION('',(0.E0,-1.E0,0.E0));
#2701=DIRECTION('',(-1.E0,0.E0,0.E0));
#2702=AXIS2_PLACEMENT_3D('',#2699,#2700,#2701);
#2704=CARTESIAN_POINT('',(-4.035743515193E-1,-1.852E-1,5.012816894639E-2));
#2705=DIRECTION('',(0.E0,0.E0,1.E0));
#2706=DIRECTION('',(-6.363879189799E-1,-7.713691830612E-1,0.E0));
#2707=AXIS2_PLACEMENT_3D('',#2704,#2705,#2706);
#2709=CARTESIAN_POINT('',(-4.022738312638E-1,-2.006273836612E-1,
5.012816894639E-2));
#2710=DIRECTION('',(0.E0,1.E0,0.E0));
#2711=DIRECTION('',(-1.E0,0.E0,0.E0));
#2712=AXIS2_PLACEMENT_3D('',#2709,#2710,#2711);
#2714=CARTESIAN_POINT('',(-4.009733110083E-1,-1.852E-1,5.012816894639E-2));
#2715=DIRECTION('',(0.E0,0.E0,-1.E0));
#2716=DIRECTION('',(6.363879189799E-1,-7.713691830612E-1,0.E0));
#2717=AXIS2_PLACEMENT_3D('',#2714,#2715,#2716);
#2719=CARTESIAN_POINT('',(-4.1E-1,-1.673354897938E-1,-3.701752313505E-3));
#2720=CARTESIAN_POINT('',(-4.085632112418E-1,-1.695267178800E-1,
-1.224756126878E-3));
#2721=CARTESIAN_POINT('',(-4.058017041011E-1,-1.736863956515E-1,
3.536029073950E-3));
#2722=CARTESIAN_POINT('',(-4.019899724980E-1,-1.792289381057E-1,
1.010738104989E-2));
#2723=CARTESIAN_POINT('',(-3.984859134310E-1,-1.840566048346E-1,
1.614831149079E-2));
#2724=CARTESIAN_POINT('',(-3.952608679421E-1,-1.881363395488E-1,
2.170822788914E-2));
#2725=CARTESIAN_POINT('',(-3.922929319837E-1,-1.913983225109E-1,
2.682489240153E-2));
#2726=CARTESIAN_POINT('',(-3.895452553605E-1,-1.937708884372E-1,
3.156183405632E-2));
#2727=CARTESIAN_POINT('',(-3.868861271435E-1,-1.952319239110E-1,
3.614611996171E-2));
#2728=CARTESIAN_POINT('',(-3.841599659312E-1,-1.956113372193E-1,
4.084596946169E-2));
#2729=CARTESIAN_POINT('',(-3.814592052157E-1,-1.947781622037E-1,
4.550202899375E-2));
#2730=CARTESIAN_POINT('',(-3.796743827520E-1,-1.935560758092E-1,
4.857902859520E-2));
#2731=CARTESIAN_POINT('',(-3.787757994383E-1,-1.928147348565E-1,
5.012816894639E-2));
#2733=CARTESIAN_POINT('',(-3.787757994383E-1,-1.928147348565E-1,
5.012816894639E-2));
#2734=CARTESIAN_POINT('',(-3.778528500587E-1,-1.920532916359E-1,
5.171931592655E-2));
#2735=CARTESIAN_POINT('',(-3.759545321525E-1,-1.902182293474E-1,
5.499197948801E-2));
#2736=CARTESIAN_POINT('',(-3.729683494012E-1,-1.867247557819E-1,
6.014010112052E-2));
#2737=CARTESIAN_POINT('',(-3.696800600718E-1,-1.824165721166E-1,
6.580904868355E-2));
#2738=CARTESIAN_POINT('',(-3.660943468029E-1,-1.773672830230E-1,
7.199074939814E-2));
#2739=CARTESIAN_POINT('',(-3.621846282558E-1,-1.716027448570E-1,
7.873102898116E-2));
#2740=CARTESIAN_POINT('',(-3.593457661407E-1,-1.672868335433E-1,
8.362517267007E-2));
#2741=CARTESIAN_POINT('',(-3.578677195967E-1,-1.650151942359E-1,
8.617329648593E-2));
#2743=DIRECTION('',(0.E0,-1.E0,0.E0));
#2744=VECTOR('',#2743,6.501519423591E-2);
#2745=CARTESIAN_POINT('',(-3.578677195967E-1,-1.E-1,8.617329648593E-2));
#2746=LINE('',#2745,#2744);
#2747=CARTESIAN_POINT('',(-3.578677195967E-1,-1.650151942359E-1,
8.617329648593E-2));
#2748=CARTESIAN_POINT('',(-3.572712591064E-1,-1.644532433176E-1,
8.651927510787E-2));
#2749=CARTESIAN_POINT('',(-3.560723691272E-1,-1.633232201323E-1,
8.721469468656E-2));
#2750=CARTESIAN_POINT('',(-3.548615104850E-1,-1.621809977813E-1,
8.791705672255E-2));
#2751=CARTESIAN_POINT('',(-3.542530821577E-1,-1.616068464938E-1,
8.826997732276E-2));
#2753=DIRECTION('',(0.E0,-1.E0,0.E0));
#2754=VECTOR('',#2753,6.160684649376E-2);
#2755=CARTESIAN_POINT('',(-3.542530821577E-1,-1.E-1,8.826997732276E-2));
#2756=LINE('',#2755,#2754);
#2757=CARTESIAN_POINT('',(-3.542530821577E-1,-1.616068464938E-1,
8.826997732276E-2));
#2758=CARTESIAN_POINT('',(-3.544200793440E-1,-1.615670027324E-1,
8.855787726014E-2));
#2759=CARTESIAN_POINT('',(-3.547543268137E-1,-1.614828779262E-1,
8.913411346976E-2));
#2760=CARTESIAN_POINT('',(-3.550890817976E-1,-1.613899037710E-1,
8.971122462393E-2));
#2761=CARTESIAN_POINT('',(-3.552565867846E-1,-1.613412121810E-1,9.E-2));
#2763=DIRECTION('',(0.E0,-1.E0,0.E0));
#2764=VECTOR('',#2763,6.134121218100E-2);
#2765=CARTESIAN_POINT('',(-3.552565867846E-1,-1.E-1,9.E-2));
#2766=LINE('',#2765,#2764);
#2767=CARTESIAN_POINT('',(-3.552565867846E-1,-1.613412121810E-1,9.E-2));
#2768=CARTESIAN_POINT('',(-3.554011122494E-1,-1.614768831966E-1,
8.991616758870E-2));
#2769=CARTESIAN_POINT('',(-3.556898061039E-1,-1.617478550017E-1,
8.974870988855E-2));
#2770=CARTESIAN_POINT('',(-3.559777863068E-1,-1.620180856448E-1,
8.958166614406E-2));
#2771=CARTESIAN_POINT('',(-3.561215981232E-1,-1.621530154936E-1,
8.949824768654E-2));
#2773=DIRECTION('',(0.E0,-1.E0,0.E0));
#2774=VECTOR('',#2773,6.215301549359E-2);
#2775=CARTESIAN_POINT('',(-3.561215981232E-1,-1.E-1,8.949824768654E-2));
#2776=LINE('',#2775,#2774);
#2777=DIRECTION('',(7.071067811865E-1,-7.071067811865E-1,0.E0));
#2778=VECTOR('',#2777,2.121320343560E-2);
#2779=CARTESIAN_POINT('',(-4.1E-1,-1.E-1,8.949824768654E-2));
#2780=LINE('',#2779,#2778);
#2781=DIRECTION('',(-4.484661306566E-1,4.484661306566E-1,-7.731469842842E-1));
#2782=VECTOR('',#2781,3.344734189411E-2);
#2783=CARTESIAN_POINT('',(-3.95E-1,-1.15E-1,2.215795920425E-2));
#2784=LINE('',#2783,#2782);
#2785=DIRECTION('',(1.233581138506E-13,-1.310679959663E-13,-1.E0));
#2786=VECTOR('',#2785,1.799999999950E-3);
#2787=CARTESIAN_POINT('',(-4.1E-1,-1.E-1,-3.701752313505E-3));
#2788=LINE('',#2787,#2786);
#2789=CARTESIAN_POINT('',(-4.1E-1,-1.658650538237E-1,-5.501752313455E-3));
#2790=CARTESIAN_POINT('',(-4.1E-1,-1.661113403975E-1,-5.200361659696E-3));
#2791=CARTESIAN_POINT('',(-4.1E-1,-1.666027006969E-1,-4.598971875397E-3));
#2792=CARTESIAN_POINT('',(-4.1E-1,-1.670916321301E-1,-4.000362546694E-3));
#2793=CARTESIAN_POINT('',(-4.1E-1,-1.673354897938E-1,-3.701752313505E-3));
#2795=DIRECTION('',(0.E0,-1.E0,0.E0));
#2796=VECTOR('',#2795,6.733548979384E-2);
#2797=CARTESIAN_POINT('',(-4.1E-1,-1.E-1,-3.701752313505E-3));
#2798=LINE('',#2797,#2796);
#2799=CARTESIAN_POINT('',(-4.12E-1,-1.656093956678E-1,-5.501752313455E-3));
#2800=CARTESIAN_POINT('',(-4.116660009464E-1,-1.656568526274E-1,
-5.501752313455E-3));
#2801=CARTESIAN_POINT('',(-4.109986697592E-1,-1.657469274019E-1,
-5.501752313455E-3));
#2802=CARTESIAN_POINT('',(-4.103326685281E-1,-1.658272984810E-1,
-5.501752313455E-3));
#2803=CARTESIAN_POINT('',(-4.1E-1,-1.658650538237E-1,-5.501752313455E-3));
#2805=DIRECTION('',(0.E0,-1.E0,0.E0));
#2806=VECTOR('',#2805,6.586505382368E-2);
#2807=CARTESIAN_POINT('',(-4.1E-1,-1.E-1,-5.501752313455E-3));
#2808=LINE('',#2807,#2806);
#2809=CARTESIAN_POINT('',(-4.12E-1,-1.670715008393E-1,-3.701752313505E-3));
#2810=CARTESIAN_POINT('',(-4.12E-1,-1.668292264618E-1,-4.000169392368E-3));
#2811=CARTESIAN_POINT('',(-4.12E-1,-1.663432662816E-1,-4.598585166550E-3));
#2812=CARTESIAN_POINT('',(-4.12E-1,-1.658544881038E-1,-5.200168111406E-3));
#2813=CARTESIAN_POINT('',(-4.12E-1,-1.656093956678E-1,-5.501752313455E-3));
#2815=DIRECTION('',(0.E0,-1.E0,0.E0));
#2816=VECTOR('',#2815,6.560939566782E-2);
#2817=CARTESIAN_POINT('',(-4.12E-1,-1.E-1,-5.501752313455E-3));
#2818=LINE('',#2817,#2816);
#2819=CARTESIAN_POINT('',(-4.677738312638E-1,-1.496699506347E-1,
8.826592816166E-2));
#2820=CARTESIAN_POINT('',(-4.671659834693E-1,-1.502483267534E-1,
8.791662601061E-2));
#2821=CARTESIAN_POINT('',(-4.659512105439E-1,-1.514042005428E-1,
8.721855192075E-2));
#2822=CARTESIAN_POINT('',(-4.647382829086E-1,-1.525583173842E-1,
8.652153823425E-2));
#2823=CARTESIAN_POINT('',(-4.641322804033E-1,-1.531349365536E-1,
8.617329648593E-2));
#2825=DIRECTION('',(0.E0,-1.E0,0.E0));
#2826=VECTOR('',#2825,5.313493655361E-2);
#2827=CARTESIAN_POINT('',(-4.641322804033E-1,-1.E-1,8.617329648593E-2));
#2828=LINE('',#2827,#2826);
#2829=CARTESIAN_POINT('',(-4.667773399896E-1,-1.496387901823E-1,9.E-2));
#2830=CARTESIAN_POINT('',(-4.669434426375E-1,-1.496476098938E-1,
8.971095188551E-2));
#2831=CARTESIAN_POINT('',(-4.672756271447E-1,-1.496616243857E-1,
8.913289183218E-2));
#2832=CARTESIAN_POINT('',(-4.676077701449E-1,-1.496683844282E-1,
8.855490400840E-2));
#2833=CARTESIAN_POINT('',(-4.677738312638E-1,-1.496699506347E-1,
8.826592816166E-2));
#2835=DIRECTION('',(0.E0,-1.E0,0.E0));
#2836=VECTOR('',#2835,4.966995063465E-2);
#2837=CARTESIAN_POINT('',(-4.677738312638E-1,-1.E-1,8.826592816166E-2));
#2838=LINE('',#2837,#2836);
#2839=CARTESIAN_POINT('',(-4.659042018306E-1,-1.504691744361E-1,
8.949824768654E-2));
#2840=CARTESIAN_POINT('',(-4.660496056376E-1,-1.503308914126E-1,
8.958180456212E-2));
#2841=CARTESIAN_POINT('',(-4.663405324661E-1,-1.500542110067E-1,
8.974898682048E-2));
#2842=CARTESIAN_POINT('',(-4.666316977387E-1,-1.497773019033E-1,
8.991630610166E-2));
#2843=CARTESIAN_POINT('',(-4.667773399896E-1,-1.496387901823E-1,9.E-2));
#2845=DIRECTION('',(0.E0,-1.E0,0.E0));
#2846=VECTOR('',#2845,4.963879018225E-2);
#2847=CARTESIAN_POINT('',(-4.667773399896E-1,-1.E-1,9.E-2));
#2848=LINE('',#2847,#2846);
#2849=CARTESIAN_POINT('',(3.578677195967E-1,-1.650151942359E-1,
8.617329648593E-2));
#2850=CARTESIAN_POINT('',(3.572712587181E-1,-1.644532429518E-1,
8.651927533311E-2));
#2851=CARTESIAN_POINT('',(3.560723683508E-1,-1.633232194002E-1,
8.721469513688E-2));
#2852=CARTESIAN_POINT('',(3.548615100970E-1,-1.621809974151E-1,
8.791705694765E-2));
#2853=CARTESIAN_POINT('',(3.542530821577E-1,-1.616068464938E-1,
8.826997732276E-2));
#2855=DIRECTION('',(0.E0,-1.E0,0.E0));
#2856=VECTOR('',#2855,6.160684649376E-2);
#2857=CARTESIAN_POINT('',(3.542530821577E-1,-1.E-1,8.826997732276E-2));
#2858=LINE('',#2857,#2856);
#2859=CARTESIAN_POINT('',(3.542530821577E-1,-1.616068464938E-1,
8.826997732276E-2));
#2860=CARTESIAN_POINT('',(3.544200796102E-1,-1.615670026689E-1,
8.855787771917E-2));
#2861=CARTESIAN_POINT('',(3.547543273455E-1,-1.614828777854E-1,
8.913411438647E-2));
#2862=CARTESIAN_POINT('',(3.550890820630E-1,-1.613899036939E-1,
8.971122508140E-2));
#2863=CARTESIAN_POINT('',(3.552565867846E-1,-1.613412121810E-1,9.E-2));
#2865=DIRECTION('',(0.E0,-1.E0,0.E0));
#2866=VECTOR('',#2865,6.134121218100E-2);
#2867=CARTESIAN_POINT('',(3.552565867846E-1,-1.E-1,9.E-2));
#2868=LINE('',#2867,#2866);
#2869=CARTESIAN_POINT('',(3.552565867846E-1,-1.613412121810E-1,9.E-2));
#2870=CARTESIAN_POINT('',(3.554011122678E-1,-1.614768832139E-1,
8.991616757803E-2));
#2871=CARTESIAN_POINT('',(3.556898061407E-1,-1.617478550362E-1,
8.974870986721E-2));
#2872=CARTESIAN_POINT('',(3.559777863252E-1,-1.620180856620E-1,
8.958166613339E-2));
#2873=CARTESIAN_POINT('',(3.561215981232E-1,-1.621530154936E-1,
8.949824768654E-2));
#2875=DIRECTION('',(0.E0,-1.E0,0.E0));
#2876=VECTOR('',#2875,6.215301549359E-2);
#2877=CARTESIAN_POINT('',(3.561215981232E-1,-1.E-1,8.949824768654E-2));
#2878=LINE('',#2877,#2876);
#2879=CARTESIAN_POINT('',(4.659042018306E-1,-1.504691744361E-1,
8.949824768654E-2));
#2880=CARTESIAN_POINT('',(4.660496055502E-1,-1.503308914957E-1,
8.958180451191E-2));
#2881=CARTESIAN_POINT('',(4.663405322914E-1,-1.500542111729E-1,
8.974898672005E-2));
#2882=CARTESIAN_POINT('',(4.666316976514E-1,-1.497773019864E-1,
8.991630605144E-2));
#2883=CARTESIAN_POINT('',(4.667773399896E-1,-1.496387901823E-1,9.E-2));
#2885=DIRECTION('',(0.E0,-1.E0,0.E0));
#2886=VECTOR('',#2885,4.963879018225E-2);
#2887=CARTESIAN_POINT('',(4.667773399896E-1,-1.E-1,9.E-2));
#2888=LINE('',#2887,#2886);
#2889=CARTESIAN_POINT('',(4.667773399896E-1,-1.496387901823E-1,9.E-2));
#2890=CARTESIAN_POINT('',(4.669434426130E-1,-1.496476098925E-1,
8.971095192807E-2));
#2891=CARTESIAN_POINT('',(4.672756270958E-1,-1.496616243842E-1,
8.913289191733E-2));
#2892=CARTESIAN_POINT('',(4.676077701204E-1,-1.496683844280E-1,
8.855490405097E-2));
#2893=CARTESIAN_POINT('',(4.677738312638E-1,-1.496699506347E-1,
8.826592816166E-2));
#2895=DIRECTION('',(0.E0,-1.E0,0.E0));
#2896=VECTOR('',#2895,4.966995063465E-2);
#2897=CARTESIAN_POINT('',(4.677738312638E-1,-1.E-1,8.826592816166E-2));
#2898=LINE('',#2897,#2896);
#2899=CARTESIAN_POINT('',(4.677738312638E-1,-1.496699506347E-1,
8.826592816166E-2));
#2900=CARTESIAN_POINT('',(4.671659829401E-1,-1.502483272570E-1,
8.791662570651E-2));
#2901=CARTESIAN_POINT('',(4.659512094855E-1,-1.514042015498E-1,
8.721855131257E-2));
#2902=CARTESIAN_POINT('',(4.647382823795E-1,-1.525583178878E-1,
8.652153793016E-2));
#2903=CARTESIAN_POINT('',(4.641322804033E-1,-1.531349365536E-1,
8.617329648593E-2));
#2905=DIRECTION('',(0.E0,-1.E0,0.E0));
#2906=VECTOR('',#2905,5.313493655361E-2);
#2907=CARTESIAN_POINT('',(4.641322804033E-1,-1.E-1,8.617329648593E-2));
#2908=LINE('',#2907,#2906);
#2909=CARTESIAN_POINT('',(-4.5E-1,1.E-1,-2.25E-1));
#2910=CARTESIAN_POINT('',(-4.5E-1,-5.E-2,-2.25E-1));
#2911=VERTEX_POINT('',#2909);
#2912=VERTEX_POINT('',#2910);
#2913=CARTESIAN_POINT('',(4.5E-1,-5.E-2,-2.25E-1));
#2914=CARTESIAN_POINT('',(4.5E-1,1.E-1,-2.25E-1));
#2915=VERTEX_POINT('',#2913);
#2916=VERTEX_POINT('',#2914);
#2917=CARTESIAN_POINT('',(-4.5E-1,1.E-1,2.25E-1));
#2918=CARTESIAN_POINT('',(-4.5E-1,-5.E-2,2.25E-1));
#2919=VERTEX_POINT('',#2917);
#2920=VERTEX_POINT('',#2918);
#2921=CARTESIAN_POINT('',(4.5E-1,-5.E-2,2.25E-1));
#2922=CARTESIAN_POINT('',(4.5E-1,1.E-1,2.25E-1));
#2923=VERTEX_POINT('',#2921);
#2924=VERTEX_POINT('',#2922);
#2925=CARTESIAN_POINT('',(1.4E-1,1.E-1,2.25E-1));
#2926=VERTEX_POINT('',#2925);
#2927=CARTESIAN_POINT('',(1.4E-1,1.6E-1,2.25E-1));
#2928=VERTEX_POINT('',#2927);
#2929=CARTESIAN_POINT('',(-1.4E-1,1.6E-1,2.25E-1));
#2930=VERTEX_POINT('',#2929);
#2931=CARTESIAN_POINT('',(-1.4E-1,1.E-1,2.25E-1));
#2932=VERTEX_POINT('',#2931);
#2933=CARTESIAN_POINT('',(1.4E-1,1.E-1,7.5E-2));
#2934=CARTESIAN_POINT('',(1.4E-1,1.6E-1,7.5E-2));
#2935=VERTEX_POINT('',#2933);
#2936=VERTEX_POINT('',#2934);
#2937=CARTESIAN_POINT('',(-1.4E-1,1.6E-1,7.5E-2));
#2938=CARTESIAN_POINT('',(-1.4E-1,1.E-1,7.5E-2));
#2939=VERTEX_POINT('',#2937);
#2940=VERTEX_POINT('',#2938);
#2941=CARTESIAN_POINT('',(1.1E-1,1.E-1,7.5E-2));
#2942=CARTESIAN_POINT('',(1.1E-1,1.2E-1,7.5E-2));
#2943=VERTEX_POINT('',#2941);
#2944=VERTEX_POINT('',#2942);
#2945=CARTESIAN_POINT('',(-1.1E-1,1.E-1,7.5E-2));
#2946=CARTESIAN_POINT('',(-1.1E-1,1.2E-1,7.5E-2));
#2947=VERTEX_POINT('',#2945);
#2948=VERTEX_POINT('',#2946);
#2949=CARTESIAN_POINT('',(-1.E-1,1.6E-1,7.5E-2));
#2950=CARTESIAN_POINT('',(-1.E-1,1.6E-1,1.12E-1));
#2951=VERTEX_POINT('',#2949);
#2952=VERTEX_POINT('',#2950);
#2953=CARTESIAN_POINT('',(-4.7E-2,1.6E-1,1.65E-1));
#2954=CARTESIAN_POINT('',(4.7E-2,1.6E-1,1.65E-1));
#2955=VERTEX_POINT('',#2953);
#2956=VERTEX_POINT('',#2954);
#2957=CARTESIAN_POINT('',(1.E-1,1.6E-1,7.5E-2));
#2958=CARTESIAN_POINT('',(1.E-1,1.6E-1,1.12E-1));
#2959=VERTEX_POINT('',#2957);
#2960=VERTEX_POINT('',#2958);
#2961=CARTESIAN_POINT('',(-1.E-1,1.2E-1,7.5E-2));
#2962=VERTEX_POINT('',#2961);
#2963=CARTESIAN_POINT('',(1.E-1,1.2E-1,7.5E-2));
#2964=VERTEX_POINT('',#2963);
#2965=CARTESIAN_POINT('',(-4.7E-2,1.2E-1,1.65E-1));
#2966=CARTESIAN_POINT('',(4.7E-2,1.2E-1,1.65E-1));
#2967=VERTEX_POINT('',#2965);
#2968=VERTEX_POINT('',#2966);
#2969=CARTESIAN_POINT('',(4.3E-1,-8.E-2,2.25E-1));
#2970=CARTESIAN_POINT('',(4.3E-1,8.E-2,2.25E-1));
#2971=VERTEX_POINT('',#2969);
#2972=VERTEX_POINT('',#2970);
#2973=CARTESIAN_POINT('',(4.1E-1,-6.E-2,2.05E-1));
#2974=CARTESIAN_POINT('',(4.1E-1,6.E-2,2.05E-1));
#2975=VERTEX_POINT('',#2973);
#2976=VERTEX_POINT('',#2974);
#2977=CARTESIAN_POINT('',(-4.3E-1,8.E-2,2.25E-1));
#2978=CARTESIAN_POINT('',(-4.3E-1,-8.E-2,2.25E-1));
#2979=VERTEX_POINT('',#2977);
#2980=VERTEX_POINT('',#2978);
#2981=CARTESIAN_POINT('',(-4.1E-1,6.E-2,2.05E-1));
#2982=CARTESIAN_POINT('',(-4.1E-1,-6.E-2,2.05E-1));
#2983=VERTEX_POINT('',#2981);
#2984=VERTEX_POINT('',#2982);
#2985=CARTESIAN_POINT('',(-1.3E-1,8.E-2,2.25E-1));
#2986=VERTEX_POINT('',#2985);
#2987=CARTESIAN_POINT('',(-1.1E-1,6.E-2,2.05E-1));
#2988=VERTEX_POINT('',#2987);
#2989=CARTESIAN_POINT('',(-1.3E-1,1.4E-1,2.25E-1));
#2990=VERTEX_POINT('',#2989);
#2991=CARTESIAN_POINT('',(-1.1E-1,1.2E-1,2.05E-1));
#2992=VERTEX_POINT('',#2991);
#2993=CARTESIAN_POINT('',(1.3E-1,1.4E-1,2.25E-1));
#2994=VERTEX_POINT('',#2993);
#2995=CARTESIAN_POINT('',(1.1E-1,1.2E-1,2.05E-1));
#2996=VERTEX_POINT('',#2995);
#2997=CARTESIAN_POINT('',(1.3E-1,8.E-2,2.25E-1));
#2998=VERTEX_POINT('',#2997);
#2999=CARTESIAN_POINT('',(1.1E-1,6.E-2,2.05E-1));
#3000=VERTEX_POINT('',#2999);
#3001=CARTESIAN_POINT('',(-1.E-1,1.2E-1,1.12E-1));
#3002=VERTEX_POINT('',#3001);
#3003=CARTESIAN_POINT('',(1.E-1,1.2E-1,1.12E-1));
#3004=VERTEX_POINT('',#3003);
#3005=CARTESIAN_POINT('',(3.375E-1,1.25E-2,1.15E-1));
#3006=CARTESIAN_POINT('',(3.375E-1,-1.25E-2,1.15E-1));
#3007=VERTEX_POINT('',#3005);
#3008=VERTEX_POINT('',#3006);
#3009=CARTESIAN_POINT('',(3.375E-1,-2.45E-1,-2.7E-1));
#3010=CARTESIAN_POINT('',(3.375E-1,-2.45E-1,-2.95E-1));
#3011=VERTEX_POINT('',#3009);
#3012=VERTEX_POINT('',#3010);
#3013=CARTESIAN_POINT('',(3.625E-1,1.25E-2,1.15E-1));
#3014=CARTESIAN_POINT('',(3.625E-1,-1.25E-2,1.15E-1));
#3015=VERTEX_POINT('',#3013);
#3016=VERTEX_POINT('',#3014);
#3017=CARTESIAN_POINT('',(3.625E-1,-2.45E-1,-2.7E-1));
#3018=CARTESIAN_POINT('',(3.625E-1,-2.45E-1,-2.95E-1));
#3019=VERTEX_POINT('',#3017);
#3020=VERTEX_POINT('',#3018);
#3021=CARTESIAN_POINT('',(3.375E-1,-1.25E-2,-1.25E-1));
#3022=VERTEX_POINT('',#3021);
#3023=CARTESIAN_POINT('',(3.375E-1,1.25E-2,-1.25E-1));
#3024=VERTEX_POINT('',#3023);
#3025=CARTESIAN_POINT('',(3.625E-1,-1.25E-2,-1.25E-1));
#3026=VERTEX_POINT('',#3025);
#3027=CARTESIAN_POINT('',(3.625E-1,1.25E-2,-1.25E-1));
#3028=VERTEX_POINT('',#3027);
#3029=CARTESIAN_POINT('',(3.375E-1,-7.E-2,-2.7E-1));
#3030=VERTEX_POINT('',#3029);
#3031=CARTESIAN_POINT('',(3.625E-1,-7.E-2,-2.7E-1));
#3032=VERTEX_POINT('',#3031);
#3033=CARTESIAN_POINT('',(3.625E-1,-7.E-2,-2.95E-1));
#3034=VERTEX_POINT('',#3033);
#3035=CARTESIAN_POINT('',(3.375E-1,-3.75E-2,-2.95E-1));
#3036=CARTESIAN_POINT('',(3.625E-1,-3.75E-2,-2.95E-1));
#3037=VERTEX_POINT('',#3035);
#3038=VERTEX_POINT('',#3036);
#3039=CARTESIAN_POINT('',(3.375E-1,-7.E-2,-2.95E-1));
#3040=VERTEX_POINT('',#3039);
#3041=CARTESIAN_POINT('',(-4.75E-1,-1.E-1,-2.25E-1));
#3042=CARTESIAN_POINT('',(-4.1E-1,-1.E-1,-2.25E-1));
#3043=VERTEX_POINT('',#3041);
#3044=VERTEX_POINT('',#3042);
#3045=CARTESIAN_POINT('',(-3.8E-1,-1.E-1,-2.25E-1));
#3046=CARTESIAN_POINT('',(3.8E-1,-1.E-1,-2.25E-1));
#3047=VERTEX_POINT('',#3045);
#3048=VERTEX_POINT('',#3046);
#3049=CARTESIAN_POINT('',(4.1E-1,-1.E-1,-2.25E-1));
#3050=CARTESIAN_POINT('',(4.75E-1,-1.E-1,-2.25E-1));
#3051=VERTEX_POINT('',#3049);
#3052=VERTEX_POINT('',#3050);
#3053=CARTESIAN_POINT('',(-4.75E-1,-1.E-1,2.25E-1));
#3054=CARTESIAN_POINT('',(-4.1E-1,-1.E-1,2.25E-1));
#3055=VERTEX_POINT('',#3053);
#3056=VERTEX_POINT('',#3054);
#3057=CARTESIAN_POINT('',(4.1E-1,-1.E-1,2.25E-1));
#3058=CARTESIAN_POINT('',(4.75E-1,-1.E-1,2.25E-1));
#3059=VERTEX_POINT('',#3057);
#3060=VERTEX_POINT('',#3058);
#3061=CARTESIAN_POINT('',(3.95E-1,-1.15E-1,-2.25E-1));
#3062=VERTEX_POINT('',#3061);
#3063=CARTESIAN_POINT('',(-3.95E-1,-1.15E-1,-2.25E-1));
#3064=VERTEX_POINT('',#3063);
#3065=CARTESIAN_POINT('',(3.8E-1,-1.E-1,2.25E-1));
#3066=CARTESIAN_POINT('',(3.95E-1,-1.15E-1,2.25E-1));
#3067=VERTEX_POINT('',#3065);
#3068=VERTEX_POINT('',#3066);
#3069=CARTESIAN_POINT('',(-3.95E-1,-1.15E-1,2.25E-1));
#3070=VERTEX_POINT('',#3069);
#3071=CARTESIAN_POINT('',(-3.8E-1,-1.E-1,2.25E-1));
#3072=VERTEX_POINT('',#3071);
#3073=CARTESIAN_POINT('',(-4.15E-1,7.E-2,-2.69E-1));
#3074=CARTESIAN_POINT('',(4.15E-1,7.E-2,-2.69E-1));
#3075=VERTEX_POINT('',#3073);
#3076=VERTEX_POINT('',#3074);
#3077=CARTESIAN_POINT('',(-4.15E-1,-7.E-2,-2.25E-1));
#3078=CARTESIAN_POINT('',(4.15E-1,-7.E-2,-2.25E-1));
#3079=VERTEX_POINT('',#3077);
#3080=VERTEX_POINT('',#3078);
#3081=CARTESIAN_POINT('',(-4.15E-1,7.E-2,-2.25E-1));
#3082=CARTESIAN_POINT('',(4.15E-1,7.E-2,-2.25E-1));
#3083=VERTEX_POINT('',#3081);
#3084=VERTEX_POINT('',#3082);
#3085=CARTESIAN_POINT('',(4.15E-1,3.E-2,-3.1E-1));
#3086=CARTESIAN_POINT('',(4.15E-1,-7.E-2,-3.1E-1));
#3087=VERTEX_POINT('',#3085);
#3088=VERTEX_POINT('',#3086);
#3089=CARTESIAN_POINT('',(3.625E-1,-7.E-2,-3.1E-1));
#3090=VERTEX_POINT('',#3089);
#3091=CARTESIAN_POINT('',(3.625E-1,3.E-2,-3.1E-1));
#3092=VERTEX_POINT('',#3091);
#3093=CARTESIAN_POINT('',(-3.625E-1,-7.E-2,-3.1E-1));
#3094=CARTESIAN_POINT('',(-4.15E-1,-7.E-2,-3.1E-1));
#3095=VERTEX_POINT('',#3093);
#3096=VERTEX_POINT('',#3094);
#3097=CARTESIAN_POINT('',(-4.15E-1,3.E-2,-3.1E-1));
#3098=VERTEX_POINT('',#3097);
#3099=CARTESIAN_POINT('',(-3.625E-1,3.E-2,-3.1E-1));
#3100=VERTEX_POINT('',#3099);
#3101=CARTESIAN_POINT('',(4.15E-1,3.E-2,-2.69E-1));
#3102=CARTESIAN_POINT('',(3.625E-1,3.E-2,-2.69E-1));
#3103=VERTEX_POINT('',#3101);
#3104=VERTEX_POINT('',#3102);
#3105=CARTESIAN_POINT('',(-4.15E-1,3.E-2,-2.69E-1));
#3106=CARTESIAN_POINT('',(-3.625E-1,3.E-2,-2.69E-1));
#3107=VERTEX_POINT('',#3105);
#3108=VERTEX_POINT('',#3106);
#3109=CARTESIAN_POINT('',(3.375E-1,6.363424398923E-3,-2.69E-1));
#3110=CARTESIAN_POINT('',(3.625E-1,6.363424398923E-3,-2.69E-1));
#3111=VERTEX_POINT('',#3109);
#3112=VERTEX_POINT('',#3110);
#3113=CARTESIAN_POINT('',(3.625E-1,-7.E-2,-2.69E-1));
#3114=CARTESIAN_POINT('',(3.625E-1,-3.05E-2,-2.69E-1));
#3115=VERTEX_POINT('',#3113);
#3116=VERTEX_POINT('',#3114);
#3117=CARTESIAN_POINT('',(3.375E-1,3.E-2,-3.1E-1));
#3118=CARTESIAN_POINT('',(3.375E-1,-7.E-2,-3.1E-1));
#3119=VERTEX_POINT('',#3117);
#3120=VERTEX_POINT('',#3118);
#3121=CARTESIAN_POINT('',(2.625E-1,-7.E-2,-3.1E-1));
#3122=VERTEX_POINT('',#3121);
#3123=CARTESIAN_POINT('',(2.625E-1,3.E-2,-3.1E-1));
#3124=VERTEX_POINT('',#3123);
#3125=CARTESIAN_POINT('',(2.625E-1,3.E-2,-2.69E-1));
#3126=CARTESIAN_POINT('',(3.375E-1,3.E-2,-2.69E-1));
#3127=VERTEX_POINT('',#3125);
#3128=VERTEX_POINT('',#3126);
#3129=CARTESIAN_POINT('',(3.375E-1,-7.E-2,-2.69E-1));
#3130=VERTEX_POINT('',#3129);
#3131=CARTESIAN_POINT('',(3.375E-1,-3.05E-2,-2.69E-1));
#3132=VERTEX_POINT('',#3131);
#3133=CARTESIAN_POINT('',(2.75E-1,-1.E-1,2.25E-1));
#3134=CARTESIAN_POINT('',(2.75E-1,-8.E-2,2.25E-1));
#3135=VERTEX_POINT('',#3133);
#3136=VERTEX_POINT('',#3134);
#3137=CARTESIAN_POINT('',(3.25E-1,-1.E-1,2.25E-1));
#3138=CARTESIAN_POINT('',(3.25E-1,-8.E-2,2.25E-1));
#3139=VERTEX_POINT('',#3137);
#3140=VERTEX_POINT('',#3138);
#3141=CARTESIAN_POINT('',(-3.25E-1,-1.E-1,2.25E-1));
#3142=CARTESIAN_POINT('',(-3.25E-1,-8.E-2,2.25E-1));
#3143=VERTEX_POINT('',#3141);
#3144=VERTEX_POINT('',#3142);
#3145=CARTESIAN_POINT('',(-2.75E-1,-1.E-1,2.25E-1));
#3146=CARTESIAN_POINT('',(-2.75E-1,-8.E-2,2.25E-1));
#3147=VERTEX_POINT('',#3145);
#3148=VERTEX_POINT('',#3146);
#3149=CARTESIAN_POINT('',(-3.25E-1,-1.E-1,-1.25E-1));
#3150=CARTESIAN_POINT('',(-2.75E-1,-1.E-1,-1.25E-1));
#3151=VERTEX_POINT('',#3149);
#3152=VERTEX_POINT('',#3150);
#3153=CARTESIAN_POINT('',(2.75E-1,-1.E-1,-1.25E-1));
#3154=CARTESIAN_POINT('',(3.25E-1,-1.E-1,-1.25E-1));
#3155=VERTEX_POINT('',#3153);
#3156=VERTEX_POINT('',#3154);
#3157=CARTESIAN_POINT('',(2.75E-1,-6.E-2,-1.25E-1));
#3158=CARTESIAN_POINT('',(2.75E-1,-6.E-2,2.05E-1));
#3159=VERTEX_POINT('',#3157);
#3160=VERTEX_POINT('',#3158);
#3161=CARTESIAN_POINT('',(3.25E-1,-6.E-2,-1.25E-1));
#3162=CARTESIAN_POINT('',(3.25E-1,-6.E-2,2.05E-1));
#3163=VERTEX_POINT('',#3161);
#3164=VERTEX_POINT('',#3162);
#3165=CARTESIAN_POINT('',(-3.25E-1,-6.E-2,-1.25E-1));
#3166=CARTESIAN_POINT('',(-3.25E-1,-6.E-2,2.05E-1));
#3167=VERTEX_POINT('',#3165);
#3168=VERTEX_POINT('',#3166);
#3169=CARTESIAN_POINT('',(-2.75E-1,-6.E-2,-1.25E-1));
#3170=CARTESIAN_POINT('',(-2.75E-1,-6.E-2,2.05E-1));
#3171=VERTEX_POINT('',#3169);
#3172=VERTEX_POINT('',#3170);
#3173=CARTESIAN_POINT('',(3.625E-1,-3.75E-2,-2.7E-1));
#3174=VERTEX_POINT('',#3173);
#3175=CARTESIAN_POINT('',(3.375E-1,-3.75E-2,-2.7E-1));
#3176=VERTEX_POINT('',#3175);
#3177=CARTESIAN_POINT('',(-4.75E-1,-5.E-2,-2.25E-1));
#3178=VERTEX_POINT('',#3177);
#3179=CARTESIAN_POINT('',(4.75E-1,-5.E-2,-2.25E-1));
#3180=VERTEX_POINT('',#3179);
#3181=CARTESIAN_POINT('',(-4.75E-1,-5.E-2,2.25E-1));
#3182=VERTEX_POINT('',#3181);
#3183=CARTESIAN_POINT('',(4.75E-1,-5.E-2,2.25E-1));
#3184=VERTEX_POINT('',#3183);
#3185=CARTESIAN_POINT('',(4.12E-1,-1.E-1,-3.701752313505E-3));
#3186=CARTESIAN_POINT('',(4.641322804033E-1,-1.E-1,8.617329648593E-2));
#3187=VERTEX_POINT('',#3185);
#3188=VERTEX_POINT('',#3186);
#3189=CARTESIAN_POINT('',(4.677738312638E-1,-1.E-1,8.826592816166E-2));
#3190=VERTEX_POINT('',#3189);
#3191=CARTESIAN_POINT('',(4.667773399896E-1,-1.E-1,9.E-2));
#3192=VERTEX_POINT('',#3191);
#3193=CARTESIAN_POINT('',(4.659042018306E-1,-1.E-1,8.949824768654E-2));
#3194=VERTEX_POINT('',#3193);
#3195=CARTESIAN_POINT('',(4.1E-1,-1.E-1,8.949824768654E-2));
#3196=VERTEX_POINT('',#3195);
#3197=CARTESIAN_POINT('',(3.8E-1,-1.E-1,8.949824768654E-2));
#3198=CARTESIAN_POINT('',(3.561215981232E-1,-1.E-1,8.949824768654E-2));
#3199=VERTEX_POINT('',#3197);
#3200=VERTEX_POINT('',#3198);
#3201=CARTESIAN_POINT('',(3.578677195967E-1,-1.E-1,8.617329648593E-2));
#3202=CARTESIAN_POINT('',(3.8E-1,-1.E-1,4.801767072201E-2));
#3203=VERTEX_POINT('',#3201);
#3204=VERTEX_POINT('',#3202);
#3205=CARTESIAN_POINT('',(3.95E-1,-1.15E-1,8.949824768654E-2));
#3206=VERTEX_POINT('',#3205);
#3207=CARTESIAN_POINT('',(3.95E-1,-1.15E-1,2.215795920425E-2));
#3208=VERTEX_POINT('',#3207);
#3209=CARTESIAN_POINT('',(4.1E-1,-1.E-1,-5.501752313455E-3));
#3210=VERTEX_POINT('',#3209);
#3211=CARTESIAN_POINT('',(3.552565867846E-1,-1.E-1,9.E-2));
#3212=VERTEX_POINT('',#3211);
#3213=CARTESIAN_POINT('',(3.542530821577E-1,-1.E-1,8.826997732276E-2));
#3214=VERTEX_POINT('',#3213);
#3215=CARTESIAN_POINT('',(4.1E-1,-1.E-1,-3.701752313505E-3));
#3216=VERTEX_POINT('',#3215);
#3217=CARTESIAN_POINT('',(4.163021098989E-1,-2.006273836612E-1,
5.012816894639E-2));
#3218=CARTESIAN_POINT('',(4.022738312638E-1,-2.051576713838E-1,
5.012816894639E-2));
#3219=VERTEX_POINT('',#3217);
#3220=VERTEX_POINT('',#3218);
#3221=CARTESIAN_POINT('',(3.882455526287E-1,-2.006273836612E-1,
5.012816894639E-2));
#3222=VERTEX_POINT('',#3221);
#3223=VERTEX_POINT('',#225);
#3224=VERTEX_POINT('',#235);
#3225=VERTEX_POINT('',#237);
#3226=VERTEX_POINT('',#2899);
#3227=VERTEX_POINT('',#2889);
#3228=VERTEX_POINT('',#2879);
#3229=VERTEX_POINT('',#300);
#3230=VERTEX_POINT('',#349);
#3231=VERTEX_POINT('',#361);
#3232=VERTEX_POINT('',#375);
#3233=VERTEX_POINT('',#270);
#3234=VERTEX_POINT('',#260);
#3235=VERTEX_POINT('',#2869);
#3236=VERTEX_POINT('',#2859);
#3237=CARTESIAN_POINT('',(4.12E-1,-1.E-1,-5.501752313455E-3));
#3238=VERTEX_POINT('',#3237);
#3239=CARTESIAN_POINT('',(-6.E-2,6.E-2,-1.25E-1));
#3240=CARTESIAN_POINT('',(-4.1E-1,6.E-2,-1.25E-1));
#3241=VERTEX_POINT('',#3239);
#3242=VERTEX_POINT('',#3240);
#3243=CARTESIAN_POINT('',(-4.1E-1,-6.E-2,-1.25E-1));
#3244=VERTEX_POINT('',#3243);
#3245=CARTESIAN_POINT('',(4.1E-1,-6.E-2,-1.25E-1));
#3246=CARTESIAN_POINT('',(4.1E-1,6.E-2,-1.25E-1));
#3247=VERTEX_POINT('',#3245);
#3248=VERTEX_POINT('',#3246);
#3249=CARTESIAN_POINT('',(6.E-2,6.E-2,-1.25E-1));
#3250=VERTEX_POINT('',#3249);
#3251=CARTESIAN_POINT('',(-6.E-2,1.E-1,-1.25E-1));
#3252=CARTESIAN_POINT('',(6.E-2,1.E-1,-1.25E-1));
#3253=VERTEX_POINT('',#3251);
#3254=VERTEX_POINT('',#3252);
#3255=CARTESIAN_POINT('',(-6.E-2,1.E-1,7.5E-2));
#3256=VERTEX_POINT('',#3255);
#3257=CARTESIAN_POINT('',(6.E-2,1.E-1,7.5E-2));
#3258=VERTEX_POINT('',#3257);
#3259=CARTESIAN_POINT('',(1.1E-1,6.E-2,5.5E-2));
#3260=VERTEX_POINT('',#3259);
#3261=CARTESIAN_POINT('',(-1.1E-1,6.E-2,5.5E-2));
#3262=VERTEX_POINT('',#3261);
#3263=CARTESIAN_POINT('',(-1.1E-1,8.E-2,7.5E-2));
#3264=CARTESIAN_POINT('',(-6.E-2,8.E-2,7.5E-2));
#3265=VERTEX_POINT('',#3263);
#3266=VERTEX_POINT('',#3264);
#3267=CARTESIAN_POINT('',(-6.E-2,6.E-2,5.5E-2));
#3268=VERTEX_POINT('',#3267);
#3269=CARTESIAN_POINT('',(1.1E-1,8.E-2,7.5E-2));
#3270=CARTESIAN_POINT('',(6.E-2,8.E-2,7.5E-2));
#3271=VERTEX_POINT('',#3269);
#3272=VERTEX_POINT('',#3270);
#3273=CARTESIAN_POINT('',(6.E-2,6.E-2,5.5E-2));
#3274=VERTEX_POINT('',#3273);
#3275=CARTESIAN_POINT('',(-4.12E-1,-1.E-1,-3.701752313505E-3));
#3276=CARTESIAN_POINT('',(-4.641322804033E-1,-1.E-1,8.617329648593E-2));
#3277=VERTEX_POINT('',#3275);
#3278=VERTEX_POINT('',#3276);
#3279=CARTESIAN_POINT('',(-4.677738312638E-1,-1.E-1,8.826592816166E-2));
#3280=VERTEX_POINT('',#3279);
#3281=CARTESIAN_POINT('',(-4.667773399896E-1,-1.E-1,9.E-2));
#3282=VERTEX_POINT('',#3281);
#3283=CARTESIAN_POINT('',(-4.659042018306E-1,-1.E-1,8.949824768654E-2));
#3284=VERTEX_POINT('',#3283);
#3285=CARTESIAN_POINT('',(-4.1E-1,-1.E-1,8.949824768654E-2));
#3286=VERTEX_POINT('',#3285);
#3287=CARTESIAN_POINT('',(-3.8E-1,-1.E-1,8.949824768654E-2));
#3288=CARTESIAN_POINT('',(-3.561215981232E-1,-1.E-1,8.949824768654E-2));
#3289=VERTEX_POINT('',#3287);
#3290=VERTEX_POINT('',#3288);
#3291=CARTESIAN_POINT('',(-3.578677195967E-1,-1.E-1,8.617329648593E-2));
#3292=CARTESIAN_POINT('',(-3.8E-1,-1.E-1,4.801767072201E-2));
#3293=VERTEX_POINT('',#3291);
#3294=VERTEX_POINT('',#3292);
#3295=CARTESIAN_POINT('',(-3.95E-1,-1.15E-1,8.949824768654E-2));
#3296=VERTEX_POINT('',#3295);
#3297=CARTESIAN_POINT('',(-3.95E-1,-1.15E-1,2.215795920425E-2));
#3298=CARTESIAN_POINT('',(-4.1E-1,-1.E-1,-3.701752313505E-3));
#3299=VERTEX_POINT('',#3297);
#3300=VERTEX_POINT('',#3298);
#3301=CARTESIAN_POINT('',(-4.1E-1,-1.E-1,-5.501752313455E-3));
#3302=VERTEX_POINT('',#3301);
#3303=CARTESIAN_POINT('',(-4.163021098989E-1,-2.006273836612E-1,
5.012816894639E-2));
#3304=CARTESIAN_POINT('',(-4.022738312638E-1,-2.051576713838E-1,
5.012816894639E-2));
#3305=VERTEX_POINT('',#3303);
#3306=VERTEX_POINT('',#3304);
#3307=CARTESIAN_POINT('',(-3.882455526287E-1,-2.006273836612E-1,
5.012816894639E-2));
#3308=VERTEX_POINT('',#3307);
#3309=VERTEX_POINT('',#2674);
#3310=VERTEX_POINT('',#2684);
#3311=VERTEX_POINT('',#2690);
#3312=VERTEX_POINT('',#2819);
#3313=VERTEX_POINT('',#2829);
#3314=VERTEX_POINT('',#2839);
#3315=VERTEX_POINT('',#2645);
#3316=VERTEX_POINT('',#2767);
#3317=VERTEX_POINT('',#2757);
#3318=VERTEX_POINT('',#2747);
#3319=VERTEX_POINT('',#2719);
#3320=VERTEX_POINT('',#2731);
#3321=VERTEX_POINT('',#2789);
#3322=VERTEX_POINT('',#2799);
#3323=CARTESIAN_POINT('',(-3.552565867846E-1,-1.E-1,9.E-2));
#3324=VERTEX_POINT('',#3323);
#3325=CARTESIAN_POINT('',(-3.542530821577E-1,-1.E-1,8.826997732276E-2));
#3326=VERTEX_POINT('',#3325);
#3327=CARTESIAN_POINT('',(-4.12E-1,-1.E-1,-5.501752313455E-3));
#3328=VERTEX_POINT('',#3327);
#3329=CARTESIAN_POINT('',(2.375E-1,1.25E-2,1.15E-1));
#3330=CARTESIAN_POINT('',(2.375E-1,-1.25E-2,1.15E-1));
#3331=VERTEX_POINT('',#3329);
#3332=VERTEX_POINT('',#3330);
#3333=CARTESIAN_POINT('',(2.375E-1,-2.45E-1,-2.7E-1));
#3334=CARTESIAN_POINT('',(2.375E-1,-2.45E-1,-2.95E-1));
#3335=VERTEX_POINT('',#3333);
#3336=VERTEX_POINT('',#3334);
#3337=CARTESIAN_POINT('',(2.625E-1,1.25E-2,1.15E-1));
#3338=CARTESIAN_POINT('',(2.625E-1,-1.25E-2,1.15E-1));
#3339=VERTEX_POINT('',#3337);
#3340=VERTEX_POINT('',#3338);
#3341=CARTESIAN_POINT('',(2.625E-1,-2.45E-1,-2.7E-1));
#3342=CARTESIAN_POINT('',(2.625E-1,-2.45E-1,-2.95E-1));
#3343=VERTEX_POINT('',#3341);
#3344=VERTEX_POINT('',#3342);
#3345=CARTESIAN_POINT('',(2.375E-1,-1.25E-2,-1.25E-1));
#3346=VERTEX_POINT('',#3345);
#3347=CARTESIAN_POINT('',(2.375E-1,-7.E-2,-2.7E-1));
#3348=VERTEX_POINT('',#3347);
#3349=CARTESIAN_POINT('',(2.375E-1,-7.E-2,-2.95E-1));
#3350=VERTEX_POINT('',#3349);
#3351=CARTESIAN_POINT('',(2.375E-1,1.25E-2,-1.25E-1));
#3352=VERTEX_POINT('',#3351);
#3353=CARTESIAN_POINT('',(2.625E-1,-1.25E-2,-1.25E-1));
#3354=VERTEX_POINT('',#3353);
#3355=CARTESIAN_POINT('',(2.625E-1,-7.E-2,-2.7E-1));
#3356=VERTEX_POINT('',#3355);
#3357=CARTESIAN_POINT('',(2.625E-1,-7.E-2,-2.95E-1));
#3358=VERTEX_POINT('',#3357);
#3359=CARTESIAN_POINT('',(2.625E-1,1.25E-2,-1.25E-1));
#3360=VERTEX_POINT('',#3359);
#3361=CARTESIAN_POINT('',(2.375E-1,-3.75E-2,-2.7E-1));
#3362=CARTESIAN_POINT('',(2.625E-1,-3.75E-2,-2.7E-1));
#3363=VERTEX_POINT('',#3361);
#3364=VERTEX_POINT('',#3362);
#3365=CARTESIAN_POINT('',(2.375E-1,-3.75E-2,-2.95E-1));
#3366=CARTESIAN_POINT('',(2.625E-1,-3.75E-2,-2.95E-1));
#3367=VERTEX_POINT('',#3365);
#3368=VERTEX_POINT('',#3366);
#3369=CARTESIAN_POINT('',(2.375E-1,-3.05E-2,-2.69E-1));
#3370=CARTESIAN_POINT('',(2.625E-1,-3.05E-2,-2.69E-1));
#3371=VERTEX_POINT('',#3369);
#3372=VERTEX_POINT('',#3370);
#3373=CARTESIAN_POINT('',(2.375E-1,6.363424398923E-3,-2.69E-1));
#3374=CARTESIAN_POINT('',(2.625E-1,6.363424398923E-3,-2.69E-1));
#3375=VERTEX_POINT('',#3373);
#3376=VERTEX_POINT('',#3374);
#3377=CARTESIAN_POINT('',(2.625E-1,-7.E-2,-2.69E-1));
#3378=VERTEX_POINT('',#3377);
#3379=CARTESIAN_POINT('',(2.375E-1,3.E-2,-3.1E-1));
#3380=CARTESIAN_POINT('',(2.375E-1,-7.E-2,-3.1E-1));
#3381=VERTEX_POINT('',#3379);
#3382=VERTEX_POINT('',#3380);
#3383=CARTESIAN_POINT('',(1.625E-1,-7.E-2,-3.1E-1));
#3384=VERTEX_POINT('',#3383);
#3385=CARTESIAN_POINT('',(1.625E-1,3.E-2,-3.1E-1));
#3386=VERTEX_POINT('',#3385);
#3387=CARTESIAN_POINT('',(1.625E-1,3.E-2,-2.69E-1));
#3388=CARTESIAN_POINT('',(2.375E-1,3.E-2,-2.69E-1));
#3389=VERTEX_POINT('',#3387);
#3390=VERTEX_POINT('',#3388);
#3391=CARTESIAN_POINT('',(2.375E-1,-7.E-2,-2.69E-1));
#3392=VERTEX_POINT('',#3391);
#3393=CARTESIAN_POINT('',(1.375E-1,3.E-2,-3.1E-1));
#3394=CARTESIAN_POINT('',(1.375E-1,-7.E-2,-3.1E-1));
#3395=VERTEX_POINT('',#3393);
#3396=VERTEX_POINT('',#3394);
#3397=CARTESIAN_POINT('',(6.25E-2,-7.E-2,-3.1E-1));
#3398=VERTEX_POINT('',#3397);
#3399=CARTESIAN_POINT('',(6.25E-2,3.E-2,-3.1E-1));
#3400=VERTEX_POINT('',#3399);
#3401=CARTESIAN_POINT('',(6.25E-2,3.E-2,-2.69E-1));
#3402=CARTESIAN_POINT('',(1.375E-1,3.E-2,-2.69E-1));
#3403=VERTEX_POINT('',#3401);
#3404=VERTEX_POINT('',#3402);
#3405=CARTESIAN_POINT('',(1.375E-1,-7.E-2,-2.69E-1));
#3406=CARTESIAN_POINT('',(1.625E-1,-7.E-2,-2.69E-1));
#3407=VERTEX_POINT('',#3405);
#3408=VERTEX_POINT('',#3406);
#3409=CARTESIAN_POINT('',(3.75E-2,3.E-2,-3.1E-1));
#3410=CARTESIAN_POINT('',(3.75E-2,-7.E-2,-3.1E-1));
#3411=VERTEX_POINT('',#3409);
#3412=VERTEX_POINT('',#3410);
#3413=CARTESIAN_POINT('',(-3.75E-2,-7.E-2,-3.1E-1));
#3414=VERTEX_POINT('',#3413);
#3415=CARTESIAN_POINT('',(-3.75E-2,3.E-2,-3.1E-1));
#3416=VERTEX_POINT('',#3415);
#3417=CARTESIAN_POINT('',(-3.75E-2,3.E-2,-2.69E-1));
#3418=CARTESIAN_POINT('',(3.75E-2,3.E-2,-2.69E-1));
#3419=VERTEX_POINT('',#3417);
#3420=VERTEX_POINT('',#3418);
#3421=CARTESIAN_POINT('',(3.75E-2,-7.E-2,-2.69E-1));
#3422=CARTESIAN_POINT('',(6.25E-2,-7.E-2,-2.69E-1));
#3423=VERTEX_POINT('',#3421);
#3424=VERTEX_POINT('',#3422);
#3425=CARTESIAN_POINT('',(-6.25E-2,3.E-2,-3.1E-1));
#3426=CARTESIAN_POINT('',(-6.25E-2,-7.E-2,-3.1E-1));
#3427=VERTEX_POINT('',#3425);
#3428=VERTEX_POINT('',#3426);
#3429=CARTESIAN_POINT('',(-1.375E-1,-7.E-2,-3.1E-1));
#3430=VERTEX_POINT('',#3429);
#3431=CARTESIAN_POINT('',(-1.375E-1,3.E-2,-3.1E-1));
#3432=VERTEX_POINT('',#3431);
#3433=CARTESIAN_POINT('',(-1.375E-1,3.E-2,-2.69E-1));
#3434=CARTESIAN_POINT('',(-6.25E-2,3.E-2,-2.69E-1));
#3435=VERTEX_POINT('',#3433);
#3436=VERTEX_POINT('',#3434);
#3437=CARTESIAN_POINT('',(-6.25E-2,-7.E-2,-2.69E-1));
#3438=CARTESIAN_POINT('',(-3.75E-2,-7.E-2,-2.69E-1));
#3439=VERTEX_POINT('',#3437);
#3440=VERTEX_POINT('',#3438);
#3441=CARTESIAN_POINT('',(-1.625E-1,3.E-2,-3.1E-1));
#3442=CARTESIAN_POINT('',(-1.625E-1,-7.E-2,-3.1E-1));
#3443=VERTEX_POINT('',#3441);
#3444=VERTEX_POINT('',#3442);
#3445=CARTESIAN_POINT('',(-2.375E-1,-7.E-2,-3.1E-1));
#3446=VERTEX_POINT('',#3445);
#3447=CARTESIAN_POINT('',(-2.375E-1,3.E-2,-3.1E-1));
#3448=VERTEX_POINT('',#3447);
#3449=CARTESIAN_POINT('',(-2.375E-1,3.E-2,-2.69E-1));
#3450=CARTESIAN_POINT('',(-1.625E-1,3.E-2,-2.69E-1));
#3451=VERTEX_POINT('',#3449);
#3452=VERTEX_POINT('',#3450);
#3453=CARTESIAN_POINT('',(-1.625E-1,-7.E-2,-2.69E-1));
#3454=CARTESIAN_POINT('',(-1.375E-1,-7.E-2,-2.69E-1));
#3455=VERTEX_POINT('',#3453);
#3456=VERTEX_POINT('',#3454);
#3457=CARTESIAN_POINT('',(-2.625E-1,3.E-2,-3.1E-1));
#3458=CARTESIAN_POINT('',(-2.625E-1,-7.E-2,-3.1E-1));
#3459=VERTEX_POINT('',#3457);
#3460=VERTEX_POINT('',#3458);
#3461=CARTESIAN_POINT('',(-3.375E-1,-7.E-2,-3.1E-1));
#3462=VERTEX_POINT('',#3461);
#3463=CARTESIAN_POINT('',(-3.375E-1,3.E-2,-3.1E-1));
#3464=VERTEX_POINT('',#3463);
#3465=CARTESIAN_POINT('',(-3.375E-1,3.E-2,-2.69E-1));
#3466=CARTESIAN_POINT('',(-2.625E-1,3.E-2,-2.69E-1));
#3467=VERTEX_POINT('',#3465);
#3468=VERTEX_POINT('',#3466);
#3469=CARTESIAN_POINT('',(-3.625E-1,-7.E-2,-2.69E-1));
#3470=CARTESIAN_POINT('',(-3.375E-1,-7.E-2,-2.69E-1));
#3471=VERTEX_POINT('',#3469);
#3472=VERTEX_POINT('',#3470);
#3473=CARTESIAN_POINT('',(-2.625E-1,-7.E-2,-2.69E-1));
#3474=CARTESIAN_POINT('',(-2.375E-1,-7.E-2,-2.69E-1));
#3475=VERTEX_POINT('',#3473);
#3476=VERTEX_POINT('',#3474);
#3477=CARTESIAN_POINT('',(1.375E-1,1.25E-2,1.15E-1));
#3478=CARTESIAN_POINT('',(1.375E-1,-1.25E-2,1.15E-1));
#3479=VERTEX_POINT('',#3477);
#3480=VERTEX_POINT('',#3478);
#3481=CARTESIAN_POINT('',(1.375E-1,-2.45E-1,-2.7E-1));
#3482=CARTESIAN_POINT('',(1.375E-1,-2.45E-1,-2.95E-1));
#3483=VERTEX_POINT('',#3481);
#3484=VERTEX_POINT('',#3482);
#3485=CARTESIAN_POINT('',(1.625E-1,1.25E-2,1.15E-1));
#3486=CARTESIAN_POINT('',(1.625E-1,-1.25E-2,1.15E-1));
#3487=VERTEX_POINT('',#3485);
#3488=VERTEX_POINT('',#3486);
#3489=CARTESIAN_POINT('',(1.625E-1,-2.45E-1,-2.7E-1));
#3490=CARTESIAN_POINT('',(1.625E-1,-2.45E-1,-2.95E-1));
#3491=VERTEX_POINT('',#3489);
#3492=VERTEX_POINT('',#3490);
#3493=CARTESIAN_POINT('',(1.375E-1,-7.E-2,-2.7E-1));
#3494=CARTESIAN_POINT('',(1.375E-1,-7.E-2,-2.95E-1));
#3495=VERTEX_POINT('',#3493);
#3496=VERTEX_POINT('',#3494);
#3497=CARTESIAN_POINT('',(1.625E-1,-7.E-2,-2.7E-1));
#3498=CARTESIAN_POINT('',(1.625E-1,-7.E-2,-2.95E-1));
#3499=VERTEX_POINT('',#3497);
#3500=VERTEX_POINT('',#3498);
#3501=CARTESIAN_POINT('',(1.375E-1,-3.05E-2,-2.69E-1));
#3502=CARTESIAN_POINT('',(1.625E-1,-3.05E-2,-2.69E-1));
#3503=VERTEX_POINT('',#3501);
#3504=VERTEX_POINT('',#3502);
#3505=CARTESIAN_POINT('',(1.375E-1,6.363424398923E-3,-2.69E-1));
#3506=CARTESIAN_POINT('',(1.625E-1,6.363424398923E-3,-2.69E-1));
#3507=VERTEX_POINT('',#3505);
#3508=VERTEX_POINT('',#3506);
#3509=CARTESIAN_POINT('',(1.375E-1,-1.25E-2,-1.25E-1));
#3510=CARTESIAN_POINT('',(1.375E-1,1.25E-2,-1.25E-1));
#3511=VERTEX_POINT('',#3509);
#3512=VERTEX_POINT('',#3510);
#3513=CARTESIAN_POINT('',(1.625E-1,-1.25E-2,-1.25E-1));
#3514=CARTESIAN_POINT('',(1.625E-1,1.25E-2,-1.25E-1));
#3515=VERTEX_POINT('',#3513);
#3516=VERTEX_POINT('',#3514);
#3517=CARTESIAN_POINT('',(1.625E-1,-3.75E-2,-2.7E-1));
#3518=VERTEX_POINT('',#3517);
#3519=CARTESIAN_POINT('',(1.625E-1,-3.75E-2,-2.95E-1));
#3520=VERTEX_POINT('',#3519);
#3521=CARTESIAN_POINT('',(1.375E-1,-3.75E-2,-2.7E-1));
#3522=VERTEX_POINT('',#3521);
#3523=CARTESIAN_POINT('',(1.375E-1,-3.75E-2,-2.95E-1));
#3524=VERTEX_POINT('',#3523);
#3525=CARTESIAN_POINT('',(3.75E-2,1.25E-2,1.15E-1));
#3526=CARTESIAN_POINT('',(3.75E-2,-1.25E-2,1.15E-1));
#3527=VERTEX_POINT('',#3525);
#3528=VERTEX_POINT('',#3526);
#3529=CARTESIAN_POINT('',(3.75E-2,-2.45E-1,-2.7E-1));
#3530=CARTESIAN_POINT('',(3.75E-2,-2.45E-1,-2.95E-1));
#3531=VERTEX_POINT('',#3529);
#3532=VERTEX_POINT('',#3530);
#3533=CARTESIAN_POINT('',(6.25E-2,1.25E-2,1.15E-1));
#3534=CARTESIAN_POINT('',(6.25E-2,-1.25E-2,1.15E-1));
#3535=VERTEX_POINT('',#3533);
#3536=VERTEX_POINT('',#3534);
#3537=CARTESIAN_POINT('',(6.25E-2,-2.45E-1,-2.7E-1));
#3538=CARTESIAN_POINT('',(6.25E-2,-2.45E-1,-2.95E-1));
#3539=VERTEX_POINT('',#3537);
#3540=VERTEX_POINT('',#3538);
#3541=CARTESIAN_POINT('',(3.75E-2,-7.E-2,-2.7E-1));
#3542=CARTESIAN_POINT('',(3.75E-2,-7.E-2,-2.95E-1));
#3543=VERTEX_POINT('',#3541);
#3544=VERTEX_POINT('',#3542);
#3545=CARTESIAN_POINT('',(6.25E-2,-7.E-2,-2.7E-1));
#3546=CARTESIAN_POINT('',(6.25E-2,-7.E-2,-2.95E-1));
#3547=VERTEX_POINT('',#3545);
#3548=VERTEX_POINT('',#3546);
#3549=CARTESIAN_POINT('',(3.75E-2,-3.05E-2,-2.69E-1));
#3550=CARTESIAN_POINT('',(6.25E-2,-3.05E-2,-2.69E-1));
#3551=VERTEX_POINT('',#3549);
#3552=VERTEX_POINT('',#3550);
#3553=CARTESIAN_POINT('',(3.75E-2,6.363424398923E-3,-2.69E-1));
#3554=CARTESIAN_POINT('',(6.25E-2,6.363424398923E-3,-2.69E-1));
#3555=VERTEX_POINT('',#3553);
#3556=VERTEX_POINT('',#3554);
#3557=CARTESIAN_POINT('',(3.75E-2,-1.25E-2,-1.25E-1));
#3558=CARTESIAN_POINT('',(3.75E-2,1.25E-2,-1.25E-1));
#3559=VERTEX_POINT('',#3557);
#3560=VERTEX_POINT('',#3558);
#3561=CARTESIAN_POINT('',(6.25E-2,-1.25E-2,-1.25E-1));
#3562=CARTESIAN_POINT('',(6.25E-2,1.25E-2,-1.25E-1));
#3563=VERTEX_POINT('',#3561);
#3564=VERTEX_POINT('',#3562);
#3565=CARTESIAN_POINT('',(6.25E-2,-3.75E-2,-2.7E-1));
#3566=VERTEX_POINT('',#3565);
#3567=CARTESIAN_POINT('',(6.25E-2,-3.75E-2,-2.95E-1));
#3568=VERTEX_POINT('',#3567);
#3569=CARTESIAN_POINT('',(3.75E-2,-3.75E-2,-2.7E-1));
#3570=VERTEX_POINT('',#3569);
#3571=CARTESIAN_POINT('',(3.75E-2,-3.75E-2,-2.95E-1));
#3572=VERTEX_POINT('',#3571);
#3573=CARTESIAN_POINT('',(-6.25E-2,1.25E-2,1.15E-1));
#3574=CARTESIAN_POINT('',(-6.25E-2,-1.25E-2,1.15E-1));
#3575=VERTEX_POINT('',#3573);
#3576=VERTEX_POINT('',#3574);
#3577=CARTESIAN_POINT('',(-6.25E-2,-2.45E-1,-2.7E-1));
#3578=CARTESIAN_POINT('',(-6.25E-2,-2.45E-1,-2.95E-1));
#3579=VERTEX_POINT('',#3577);
#3580=VERTEX_POINT('',#3578);
#3581=CARTESIAN_POINT('',(-3.75E-2,1.25E-2,1.15E-1));
#3582=CARTESIAN_POINT('',(-3.75E-2,-1.25E-2,1.15E-1));
#3583=VERTEX_POINT('',#3581);
#3584=VERTEX_POINT('',#3582);
#3585=CARTESIAN_POINT('',(-3.75E-2,-2.45E-1,-2.7E-1));
#3586=CARTESIAN_POINT('',(-3.75E-2,-2.45E-1,-2.95E-1));
#3587=VERTEX_POINT('',#3585);
#3588=VERTEX_POINT('',#3586);
#3589=CARTESIAN_POINT('',(-6.25E-2,-7.E-2,-2.7E-1));
#3590=CARTESIAN_POINT('',(-6.25E-2,-7.E-2,-2.95E-1));
#3591=VERTEX_POINT('',#3589);
#3592=VERTEX_POINT('',#3590);
#3593=CARTESIAN_POINT('',(-3.75E-2,-7.E-2,-2.7E-1));
#3594=CARTESIAN_POINT('',(-3.75E-2,-7.E-2,-2.95E-1));
#3595=VERTEX_POINT('',#3593);
#3596=VERTEX_POINT('',#3594);
#3597=CARTESIAN_POINT('',(-6.25E-2,-3.05E-2,-2.69E-1));
#3598=CARTESIAN_POINT('',(-3.75E-2,-3.05E-2,-2.69E-1));
#3599=VERTEX_POINT('',#3597);
#3600=VERTEX_POINT('',#3598);
#3601=CARTESIAN_POINT('',(-6.25E-2,6.363424398923E-3,-2.69E-1));
#3602=CARTESIAN_POINT('',(-3.75E-2,6.363424398923E-3,-2.69E-1));
#3603=VERTEX_POINT('',#3601);
#3604=VERTEX_POINT('',#3602);
#3605=CARTESIAN_POINT('',(-6.25E-2,-1.25E-2,-1.25E-1));
#3606=CARTESIAN_POINT('',(-6.25E-2,1.25E-2,-1.25E-1));
#3607=VERTEX_POINT('',#3605);
#3608=VERTEX_POINT('',#3606);
#3609=CARTESIAN_POINT('',(-3.75E-2,-1.25E-2,-1.25E-1));
#3610=CARTESIAN_POINT('',(-3.75E-2,1.25E-2,-1.25E-1));
#3611=VERTEX_POINT('',#3609);
#3612=VERTEX_POINT('',#3610);
#3613=CARTESIAN_POINT('',(-3.75E-2,-3.75E-2,-2.7E-1));
#3614=VERTEX_POINT('',#3613);
#3615=CARTESIAN_POINT('',(-3.75E-2,-3.75E-2,-2.95E-1));
#3616=VERTEX_POINT('',#3615);
#3617=CARTESIAN_POINT('',(-6.25E-2,-3.75E-2,-2.7E-1));
#3618=VERTEX_POINT('',#3617);
#3619=CARTESIAN_POINT('',(-6.25E-2,-3.75E-2,-2.95E-1));
#3620=VERTEX_POINT('',#3619);
#3621=CARTESIAN_POINT('',(-1.625E-1,1.25E-2,1.15E-1));
#3622=CARTESIAN_POINT('',(-1.625E-1,-1.25E-2,1.15E-1));
#3623=VERTEX_POINT('',#3621);
#3624=VERTEX_POINT('',#3622);
#3625=CARTESIAN_POINT('',(-1.625E-1,-2.45E-1,-2.7E-1));
#3626=CARTESIAN_POINT('',(-1.625E-1,-2.45E-1,-2.95E-1));
#3627=VERTEX_POINT('',#3625);
#3628=VERTEX_POINT('',#3626);
#3629=CARTESIAN_POINT('',(-1.375E-1,1.25E-2,1.15E-1));
#3630=CARTESIAN_POINT('',(-1.375E-1,-1.25E-2,1.15E-1));
#3631=VERTEX_POINT('',#3629);
#3632=VERTEX_POINT('',#3630);
#3633=CARTESIAN_POINT('',(-1.375E-1,-2.45E-1,-2.7E-1));
#3634=CARTESIAN_POINT('',(-1.375E-1,-2.45E-1,-2.95E-1));
#3635=VERTEX_POINT('',#3633);
#3636=VERTEX_POINT('',#3634);
#3637=CARTESIAN_POINT('',(-1.625E-1,-7.E-2,-2.7E-1));
#3638=CARTESIAN_POINT('',(-1.625E-1,-7.E-2,-2.95E-1));
#3639=VERTEX_POINT('',#3637);
#3640=VERTEX_POINT('',#3638);
#3641=CARTESIAN_POINT('',(-1.375E-1,-7.E-2,-2.7E-1));
#3642=CARTESIAN_POINT('',(-1.375E-1,-7.E-2,-2.95E-1));
#3643=VERTEX_POINT('',#3641);
#3644=VERTEX_POINT('',#3642);
#3645=CARTESIAN_POINT('',(-1.625E-1,-3.05E-2,-2.69E-1));
#3646=CARTESIAN_POINT('',(-1.375E-1,-3.05E-2,-2.69E-1));
#3647=VERTEX_POINT('',#3645);
#3648=VERTEX_POINT('',#3646);
#3649=CARTESIAN_POINT('',(-1.625E-1,6.363424398923E-3,-2.69E-1));
#3650=CARTESIAN_POINT('',(-1.375E-1,6.363424398923E-3,-2.69E-1));
#3651=VERTEX_POINT('',#3649);
#3652=VERTEX_POINT('',#3650);
#3653=CARTESIAN_POINT('',(-1.625E-1,-1.25E-2,-1.25E-1));
#3654=CARTESIAN_POINT('',(-1.625E-1,1.25E-2,-1.25E-1));
#3655=VERTEX_POINT('',#3653);
#3656=VERTEX_POINT('',#3654);
#3657=CARTESIAN_POINT('',(-1.375E-1,-1.25E-2,-1.25E-1));
#3658=CARTESIAN_POINT('',(-1.375E-1,1.25E-2,-1.25E-1));
#3659=VERTEX_POINT('',#3657);
#3660=VERTEX_POINT('',#3658);
#3661=CARTESIAN_POINT('',(-1.375E-1,-3.75E-2,-2.7E-1));
#3662=VERTEX_POINT('',#3661);
#3663=CARTESIAN_POINT('',(-1.375E-1,-3.75E-2,-2.95E-1));
#3664=VERTEX_POINT('',#3663);
#3665=CARTESIAN_POINT('',(-1.625E-1,-3.75E-2,-2.7E-1));
#3666=VERTEX_POINT('',#3665);
#3667=CARTESIAN_POINT('',(-1.625E-1,-3.75E-2,-2.95E-1));
#3668=VERTEX_POINT('',#3667);
#3669=CARTESIAN_POINT('',(-2.625E-1,1.25E-2,1.15E-1));
#3670=CARTESIAN_POINT('',(-2.625E-1,-1.25E-2,1.15E-1));
#3671=VERTEX_POINT('',#3669);
#3672=VERTEX_POINT('',#3670);
#3673=CARTESIAN_POINT('',(-2.625E-1,-2.45E-1,-2.7E-1));
#3674=CARTESIAN_POINT('',(-2.625E-1,-2.45E-1,-2.95E-1));
#3675=VERTEX_POINT('',#3673);
#3676=VERTEX_POINT('',#3674);
#3677=CARTESIAN_POINT('',(-2.375E-1,1.25E-2,1.15E-1));
#3678=CARTESIAN_POINT('',(-2.375E-1,-1.25E-2,1.15E-1));
#3679=VERTEX_POINT('',#3677);
#3680=VERTEX_POINT('',#3678);
#3681=CARTESIAN_POINT('',(-2.375E-1,-2.45E-1,-2.7E-1));
#3682=CARTESIAN_POINT('',(-2.375E-1,-2.45E-1,-2.95E-1));
#3683=VERTEX_POINT('',#3681);
#3684=VERTEX_POINT('',#3682);
#3685=CARTESIAN_POINT('',(-2.625E-1,-7.E-2,-2.7E-1));
#3686=CARTESIAN_POINT('',(-2.625E-1,-7.E-2,-2.95E-1));
#3687=VERTEX_POINT('',#3685);
#3688=VERTEX_POINT('',#3686);
#3689=CARTESIAN_POINT('',(-2.375E-1,-7.E-2,-2.7E-1));
#3690=CARTESIAN_POINT('',(-2.375E-1,-7.E-2,-2.95E-1));
#3691=VERTEX_POINT('',#3689);
#3692=VERTEX_POINT('',#3690);
#3693=CARTESIAN_POINT('',(-2.625E-1,-3.05E-2,-2.69E-1));
#3694=CARTESIAN_POINT('',(-2.375E-1,-3.05E-2,-2.69E-1));
#3695=VERTEX_POINT('',#3693);
#3696=VERTEX_POINT('',#3694);
#3697=CARTESIAN_POINT('',(-2.625E-1,6.363424398923E-3,-2.69E-1));
#3698=CARTESIAN_POINT('',(-2.375E-1,6.363424398923E-3,-2.69E-1));
#3699=VERTEX_POINT('',#3697);
#3700=VERTEX_POINT('',#3698);
#3701=CARTESIAN_POINT('',(-2.625E-1,-1.25E-2,-1.25E-1));
#3702=CARTESIAN_POINT('',(-2.625E-1,1.25E-2,-1.25E-1));
#3703=VERTEX_POINT('',#3701);
#3704=VERTEX_POINT('',#3702);
#3705=CARTESIAN_POINT('',(-2.375E-1,-1.25E-2,-1.25E-1));
#3706=CARTESIAN_POINT('',(-2.375E-1,1.25E-2,-1.25E-1));
#3707=VERTEX_POINT('',#3705);
#3708=VERTEX_POINT('',#3706);
#3709=CARTESIAN_POINT('',(-2.375E-1,-3.75E-2,-2.7E-1));
#3710=VERTEX_POINT('',#3709);
#3711=CARTESIAN_POINT('',(-2.375E-1,-3.75E-2,-2.95E-1));
#3712=VERTEX_POINT('',#3711);
#3713=CARTESIAN_POINT('',(-2.625E-1,-3.75E-2,-2.7E-1));
#3714=VERTEX_POINT('',#3713);
#3715=CARTESIAN_POINT('',(-2.625E-1,-3.75E-2,-2.95E-1));
#3716=VERTEX_POINT('',#3715);
#3717=CARTESIAN_POINT('',(-3.625E-1,1.25E-2,1.15E-1));
#3718=CARTESIAN_POINT('',(-3.625E-1,-1.25E-2,1.15E-1));
#3719=VERTEX_POINT('',#3717);
#3720=VERTEX_POINT('',#3718);
#3721=CARTESIAN_POINT('',(-3.625E-1,-2.45E-1,-2.7E-1));
#3722=CARTESIAN_POINT('',(-3.625E-1,-2.45E-1,-2.95E-1));
#3723=VERTEX_POINT('',#3721);
#3724=VERTEX_POINT('',#3722);
#3725=CARTESIAN_POINT('',(-3.375E-1,1.25E-2,1.15E-1));
#3726=CARTESIAN_POINT('',(-3.375E-1,-1.25E-2,1.15E-1));
#3727=VERTEX_POINT('',#3725);
#3728=VERTEX_POINT('',#3726);
#3729=CARTESIAN_POINT('',(-3.375E-1,-2.45E-1,-2.7E-1));
#3730=CARTESIAN_POINT('',(-3.375E-1,-2.45E-1,-2.95E-1));
#3731=VERTEX_POINT('',#3729);
#3732=VERTEX_POINT('',#3730);
#3733=CARTESIAN_POINT('',(-3.625E-1,-7.E-2,-2.7E-1));
#3734=CARTESIAN_POINT('',(-3.625E-1,-7.E-2,-2.95E-1));
#3735=VERTEX_POINT('',#3733);
#3736=VERTEX_POINT('',#3734);
#3737=CARTESIAN_POINT('',(-3.375E-1,-7.E-2,-2.7E-1));
#3738=CARTESIAN_POINT('',(-3.375E-1,-7.E-2,-2.95E-1));
#3739=VERTEX_POINT('',#3737);
#3740=VERTEX_POINT('',#3738);
#3741=CARTESIAN_POINT('',(-3.625E-1,-3.05E-2,-2.69E-1));
#3742=CARTESIAN_POINT('',(-3.375E-1,-3.05E-2,-2.69E-1));
#3743=VERTEX_POINT('',#3741);
#3744=VERTEX_POINT('',#3742);
#3745=CARTESIAN_POINT('',(-3.625E-1,6.363424398923E-3,-2.69E-1));
#3746=CARTESIAN_POINT('',(-3.375E-1,6.363424398923E-3,-2.69E-1));
#3747=VERTEX_POINT('',#3745);
#3748=VERTEX_POINT('',#3746);
#3749=CARTESIAN_POINT('',(-3.625E-1,-1.25E-2,-1.25E-1));
#3750=CARTESIAN_POINT('',(-3.625E-1,1.25E-2,-1.25E-1));
#3751=VERTEX_POINT('',#3749);
#3752=VERTEX_POINT('',#3750);
#3753=CARTESIAN_POINT('',(-3.375E-1,-1.25E-2,-1.25E-1));
#3754=CARTESIAN_POINT('',(-3.375E-1,1.25E-2,-1.25E-1));
#3755=VERTEX_POINT('',#3753);
#3756=VERTEX_POINT('',#3754);
#3757=CARTESIAN_POINT('',(-3.375E-1,-3.75E-2,-2.7E-1));
#3758=VERTEX_POINT('',#3757);
#3759=CARTESIAN_POINT('',(-3.375E-1,-3.75E-2,-2.95E-1));
#3760=VERTEX_POINT('',#3759);
#3761=CARTESIAN_POINT('',(-3.625E-1,-3.75E-2,-2.7E-1));
#3762=VERTEX_POINT('',#3761);
#3763=CARTESIAN_POINT('',(-3.625E-1,-3.75E-2,-2.95E-1));
#3764=VERTEX_POINT('',#3763);
#3765=CARTESIAN_POINT('',(0.E0,0.E0,-2.25E-1));
#3766=DIRECTION('',(0.E0,0.E0,1.E0));
#3767=DIRECTION('',(1.E0,0.E0,0.E0));
#3768=AXIS2_PLACEMENT_3D('',#3765,#3766,#3767);
#3769=PLANE('',#3768);
#3771=ORIENTED_EDGE('',*,*,#3770,.T.);
#3773=ORIENTED_EDGE('',*,*,#3772,.T.);
#3775=ORIENTED_EDGE('',*,*,#3774,.T.);
#3777=ORIENTED_EDGE('',*,*,#3776,.T.);
#3779=ORIENTED_EDGE('',*,*,#3778,.T.);
#3781=ORIENTED_EDGE('',*,*,#3780,.T.);
#3783=ORIENTED_EDGE('',*,*,#3782,.T.);
#3785=ORIENTED_EDGE('',*,*,#3784,.T.);
#3787=ORIENTED_EDGE('',*,*,#3786,.T.);
#3789=ORIENTED_EDGE('',*,*,#3788,.T.);
#3791=ORIENTED_EDGE('',*,*,#3790,.F.);
#3793=ORIENTED_EDGE('',*,*,#3792,.T.);
#3795=ORIENTED_EDGE('',*,*,#3794,.T.);
#3797=ORIENTED_EDGE('',*,*,#3796,.T.);
#3798=EDGE_LOOP('',(#3771,#3773,#3775,#3777,#3779,#3781,#3783,#3785,#3787,#3789,
#3791,#3793,#3795,#3797));
#3799=FACE_OUTER_BOUND('',#3798,.F.);
#3801=ORIENTED_EDGE('',*,*,#3800,.F.);
#3803=ORIENTED_EDGE('',*,*,#3802,.T.);
#3805=ORIENTED_EDGE('',*,*,#3804,.T.);
#3807=ORIENTED_EDGE('',*,*,#3806,.F.);
#3808=EDGE_LOOP('',(#3801,#3803,#3805,#3807));
#3809=FACE_BOUND('',#3808,.F.);
#3810=ADVANCED_FACE('',(#3799,#3809),#3769,.F.);
#3811=CARTESIAN_POINT('',(-4.75E-1,-1.E-1,-2.25E-1));
#3812=DIRECTION('',(0.E0,-1.E0,0.E0));
#3813=DIRECTION('',(1.E0,0.E0,0.E0));
#3814=AXIS2_PLACEMENT_3D('',#3811,#3812,#3813);
#3815=PLANE('',#3814);
#3817=ORIENTED_EDGE('',*,*,#3816,.T.);
#3819=ORIENTED_EDGE('',*,*,#3818,.T.);
#3821=ORIENTED_EDGE('',*,*,#3820,.T.);
#3823=ORIENTED_EDGE('',*,*,#3822,.T.);
#3825=ORIENTED_EDGE('',*,*,#3824,.T.);
#3827=ORIENTED_EDGE('',*,*,#3826,.T.);
#3829=ORIENTED_EDGE('',*,*,#3828,.T.);
#3831=ORIENTED_EDGE('',*,*,#3830,.F.);
#3832=ORIENTED_EDGE('',*,*,#3782,.F.);
#3834=ORIENTED_EDGE('',*,*,#3833,.T.);
#3836=ORIENTED_EDGE('',*,*,#3835,.T.);
#3838=ORIENTED_EDGE('',*,*,#3837,.T.);
#3839=EDGE_LOOP('',(#3817,#3819,#3821,#3823,#3825,#3827,#3829,#3831,#3832,#3834,
#3836,#3838));
#3840=FACE_OUTER_BOUND('',#3839,.F.);
#3841=ADVANCED_FACE('',(#3840),#3815,.T.);
#3842=CARTESIAN_POINT('',(-4.75E-1,-1.E-1,-2.25E-1));
#3843=DIRECTION('',(0.E0,-1.E0,0.E0));
#3844=DIRECTION('',(1.E0,0.E0,0.E0));
#3845=AXIS2_PLACEMENT_3D('',#3842,#3843,#3844);
#3846=PLANE('',#3845);
#3848=ORIENTED_EDGE('',*,*,#3847,.F.);
#3850=ORIENTED_EDGE('',*,*,#3849,.F.);
#3852=ORIENTED_EDGE('',*,*,#3851,.F.);
#3854=ORIENTED_EDGE('',*,*,#3853,.F.);
#3855=ORIENTED_EDGE('',*,*,#3770,.F.);
#3857=ORIENTED_EDGE('',*,*,#3856,.T.);
#3859=ORIENTED_EDGE('',*,*,#3858,.T.);
#3861=ORIENTED_EDGE('',*,*,#3860,.F.);
#3863=ORIENTED_EDGE('',*,*,#3862,.F.);
#3865=ORIENTED_EDGE('',*,*,#3864,.F.);
#3867=ORIENTED_EDGE('',*,*,#3866,.F.);
#3869=ORIENTED_EDGE('',*,*,#3868,.F.);
#3870=EDGE_LOOP('',(#3848,#3850,#3852,#3854,#3855,#3857,#3859,#3861,#3863,#3865,
#3867,#3869));
#3871=FACE_OUTER_BOUND('',#3870,.F.);
#3872=ADVANCED_FACE('',(#3871),#3846,.T.);
#3873=CARTESIAN_POINT('',(-4.75E-1,-1.E-1,-2.25E-1));
#3874=DIRECTION('',(0.E0,-1.E0,0.E0));
#3875=DIRECTION('',(1.E0,0.E0,0.E0));
#3876=AXIS2_PLACEMENT_3D('',#3873,#3874,#3875);
#3877=PLANE('',#3876);
#3879=ORIENTED_EDGE('',*,*,#3878,.F.);
#3881=ORIENTED_EDGE('',*,*,#3880,.T.);
#3883=ORIENTED_EDGE('',*,*,#3882,.T.);
#3885=ORIENTED_EDGE('',*,*,#3884,.T.);
#3887=ORIENTED_EDGE('',*,*,#3886,.T.);
#3889=ORIENTED_EDGE('',*,*,#3888,.F.);
#3891=ORIENTED_EDGE('',*,*,#3890,.T.);
#3893=ORIENTED_EDGE('',*,*,#3892,.T.);
#3895=ORIENTED_EDGE('',*,*,#3894,.T.);
#3897=ORIENTED_EDGE('',*,*,#3896,.F.);
#3899=ORIENTED_EDGE('',*,*,#3898,.T.);
#3901=ORIENTED_EDGE('',*,*,#3900,.F.);
#3903=ORIENTED_EDGE('',*,*,#3902,.T.);
#3905=ORIENTED_EDGE('',*,*,#3904,.T.);
#3907=ORIENTED_EDGE('',*,*,#3906,.T.);
#3909=ORIENTED_EDGE('',*,*,#3908,.T.);
#3911=ORIENTED_EDGE('',*,*,#3910,.T.);
#3913=ORIENTED_EDGE('',*,*,#3912,.F.);
#3914=ORIENTED_EDGE('',*,*,#3776,.F.);
#3916=ORIENTED_EDGE('',*,*,#3915,.T.);
#3918=ORIENTED_EDGE('',*,*,#3917,.F.);
#3920=ORIENTED_EDGE('',*,*,#3919,.F.);
#3922=ORIENTED_EDGE('',*,*,#3921,.F.);
#3924=ORIENTED_EDGE('',*,*,#3923,.F.);
#3925=EDGE_LOOP('',(#3879,#3881,#3883,#3885,#3887,#3889,#3891,#3893,#3895,#3897,
#3899,#3901,#3903,#3905,#3907,#3909,#3911,#3913,#3914,#3916,#3918,#3920,#3922,
#3924));
#3926=FACE_OUTER_BOUND('',#3925,.F.);
#3927=ADVANCED_FACE('',(#3926),#3877,.T.);
#3928=CARTESIAN_POINT('',(4.12E-1,-1.E-1,-3.701752313505E-3));
#3929=DIRECTION('',(8.650113386208E-1,0.E0,-5.017523134550E-1));
#3930=DIRECTION('',(5.017523134550E-1,0.E0,8.650113386208E-1));
#3931=AXIS2_PLACEMENT_3D('',#3928,#3929,#3930);
#3932=PLANE('',#3931);
#3934=ORIENTED_EDGE('',*,*,#3933,.F.);
#3936=ORIENTED_EDGE('',*,*,#3935,.F.);
#3938=ORIENTED_EDGE('',*,*,#3937,.F.);
#3939=ORIENTED_EDGE('',*,*,#3816,.F.);
#3941=ORIENTED_EDGE('',*,*,#3940,.T.);
#3942=EDGE_LOOP('',(#3934,#3936,#3938,#3939,#3941));
#3943=FACE_OUTER_BOUND('',#3942,.F.);
#3944=ADVANCED_FACE('',(#3943),#3932,.T.);
#3945=CARTESIAN_POINT('',(4.022738312638E-1,-1.831183896645E-1,
5.012816894639E-2));
#3946=DIRECTION('',(0.E0,1.E0,0.E0));
#3947=DIRECTION('',(1.E0,0.E0,0.E0));
#3948=AXIS2_PLACEMENT_3D('',#3945,#3946,#3947);
#3949=CONICAL_SURFACE('',#3948,3.525102343064E-2,5.0477E1);
#3950=ORIENTED_EDGE('',*,*,#3933,.T.);
#3952=ORIENTED_EDGE('',*,*,#3951,.T.);
#3954=ORIENTED_EDGE('',*,*,#3953,.T.);
#3956=ORIENTED_EDGE('',*,*,#3955,.T.);
#3958=ORIENTED_EDGE('',*,*,#3957,.T.);
#3960=ORIENTED_EDGE('',*,*,#3959,.T.);
#3962=ORIENTED_EDGE('',*,*,#3961,.F.);
#3964=ORIENTED_EDGE('',*,*,#3963,.F.);
#3965=EDGE_LOOP('',(#3950,#3952,#3954,#3956,#3958,#3960,#3962,#3964));
#3966=FACE_OUTER_BOUND('',#3965,.F.);
#3967=ADVANCED_FACE('',(#3966),#3949,.T.);
#3968=CARTESIAN_POINT('',(4.12E-1,-1.E-1,-5.501752313455E-3));
#3969=DIRECTION('',(1.E0,0.E0,0.E0));
#3970=DIRECTION('',(0.E0,0.E0,1.E0));
#3971=AXIS2_PLACEMENT_3D('',#3968,#3969,#3970);
#3972=PLANE('',#3971);
#3973=ORIENTED_EDGE('',*,*,#3951,.F.);
#3974=ORIENTED_EDGE('',*,*,#3940,.F.);
#3975=ORIENTED_EDGE('',*,*,#3837,.F.);
#3977=ORIENTED_EDGE('',*,*,#3976,.T.);
#3978=EDGE_LOOP('',(#3973,#3974,#3975,#3977));
#3979=FACE_OUTER_BOUND('',#3978,.F.);
#3980=ADVANCED_FACE('',(#3979),#3972,.T.);
#3981=CARTESIAN_POINT('',(4.1E-1,-1.E-1,-5.501752313455E-3));
#3982=DIRECTION('',(0.E0,0.E0,-1.E0));
#3983=DIRECTION('',(1.E0,0.E0,0.E0));
#3984=AXIS2_PLACEMENT_3D('',#3981,#3982,#3983);
#3985=PLANE('',#3984);
#3986=ORIENTED_EDGE('',*,*,#3953,.F.);
#3987=ORIENTED_EDGE('',*,*,#3976,.F.);
#3988=ORIENTED_EDGE('',*,*,#3835,.F.);
#3990=ORIENTED_EDGE('',*,*,#3989,.T.);
#3991=EDGE_LOOP('',(#3986,#3987,#3988,#3990));
#3992=FACE_OUTER_BOUND('',#3991,.F.);
#3993=ADVANCED_FACE('',(#3992),#3985,.T.);
#3994=CARTESIAN_POINT('',(4.1E-1,-1.E-1,-3.701752313505E-3));
#3995=DIRECTION('',(-1.E0,0.E0,3.083952846267E-14));
#3996=DIRECTION('',(-3.083952846267E-14,0.E0,-1.E0));
#3997=AXIS2_PLACEMENT_3D('',#3994,#3995,#3996);
#3998=PLANE('',#3997);
#3999=ORIENTED_EDGE('',*,*,#3955,.F.);
#4000=ORIENTED_EDGE('',*,*,#3989,.F.);
#4002=ORIENTED_EDGE('',*,*,#4001,.F.);
#4004=ORIENTED_EDGE('',*,*,#4003,.T.);
#4005=EDGE_LOOP('',(#3999,#4000,#4002,#4004));
#4006=FACE_OUTER_BOUND('',#4005,.F.);
#4007=ADVANCED_FACE('',(#4006),#3998,.T.);
#4008=CARTESIAN_POINT('',(3.95E-1,-1.15E-1,-2.25E-1));
#4009=DIRECTION('',(7.071067811865E-1,-7.071067811865E-1,0.E0));
#4010=DIRECTION('',(7.071067811865E-1,7.071067811865E-1,0.E0));
#4011=AXIS2_PLACEMENT_3D('',#4008,#4009,#4010);
#4012=PLANE('',#4011);
#4014=ORIENTED_EDGE('',*,*,#4013,.F.);
#4016=ORIENTED_EDGE('',*,*,#4015,.T.);
#4018=ORIENTED_EDGE('',*,*,#4017,.T.);
#4019=ORIENTED_EDGE('',*,*,#3826,.F.);
#4020=EDGE_LOOP('',(#4014,#4016,#4018,#4019));
#4021=FACE_OUTER_BOUND('',#4020,.F.);
#4022=ADVANCED_FACE('',(#4021),#4012,.T.);
#4023=CARTESIAN_POINT('',(3.95E-1,-1.15E-1,-2.25E-1));
#4024=DIRECTION('',(7.071067811865E-1,-7.071067811865E-1,0.E0));
#4025=DIRECTION('',(7.071067811865E-1,7.071067811865E-1,0.E0));
#4026=AXIS2_PLACEMENT_3D('',#4023,#4024,#4025);
#4027=PLANE('',#4026);
#4028=ORIENTED_EDGE('',*,*,#3833,.F.);
#4029=ORIENTED_EDGE('',*,*,#3780,.F.);
#4031=ORIENTED_EDGE('',*,*,#4030,.T.);
#4033=ORIENTED_EDGE('',*,*,#4032,.T.);
#4034=ORIENTED_EDGE('',*,*,#4001,.T.);
#4035=EDGE_LOOP('',(#4028,#4029,#4031,#4033,#4034));
#4036=FACE_OUTER_BOUND('',#4035,.F.);
#4037=ADVANCED_FACE('',(#4036),#4027,.T.);
#4038=CARTESIAN_POINT('',(4.659042018306E-1,-1.E-1,8.949824768654E-2));
#4039=DIRECTION('',(0.E0,0.E0,1.E0));
#4040=DIRECTION('',(-1.E0,0.E0,0.E0));
#4041=AXIS2_PLACEMENT_3D('',#4038,#4039,#4040);
#4042=PLANE('',#4041);
#4044=ORIENTED_EDGE('',*,*,#4043,.F.);
#4046=ORIENTED_EDGE('',*,*,#4045,.F.);
#4047=ORIENTED_EDGE('',*,*,#3902,.F.);
#4049=ORIENTED_EDGE('',*,*,#4048,.T.);
#4050=ORIENTED_EDGE('',*,*,#4013,.T.);
#4051=ORIENTED_EDGE('',*,*,#3824,.F.);
#4053=ORIENTED_EDGE('',*,*,#4052,.T.);
#4054=EDGE_LOOP('',(#4044,#4046,#4047,#4049,#4050,#4051,#4053));
#4055=FACE_OUTER_BOUND('',#4054,.F.);
#4056=ADVANCED_FACE('',(#4055),#4042,.T.);
#4057=CARTESIAN_POINT('',(4.022738312638E-1,-1.751330869217E-1,
5.012816894639E-2));
#4058=DIRECTION('',(0.E0,1.E0,0.E0));
#4059=DIRECTION('',(1.E0,0.E0,0.E0));
#4060=AXIS2_PLACEMENT_3D('',#4057,#4058,#4059);
#4061=CONICAL_SURFACE('',#4060,4.493005137804E-2,5.0477E1);
#4062=ORIENTED_EDGE('',*,*,#3935,.T.);
#4063=ORIENTED_EDGE('',*,*,#3963,.T.);
#4065=ORIENTED_EDGE('',*,*,#4064,.T.);
#4066=ORIENTED_EDGE('',*,*,#3959,.F.);
#4068=ORIENTED_EDGE('',*,*,#4067,.T.);
#4070=ORIENTED_EDGE('',*,*,#4069,.T.);
#4072=ORIENTED_EDGE('',*,*,#4071,.T.);
#4074=ORIENTED_EDGE('',*,*,#4073,.T.);
#4075=ORIENTED_EDGE('',*,*,#4043,.T.);
#4077=ORIENTED_EDGE('',*,*,#4076,.T.);
#4079=ORIENTED_EDGE('',*,*,#4078,.T.);
#4081=ORIENTED_EDGE('',*,*,#4080,.T.);
#4082=EDGE_LOOP('',(#4062,#4063,#4065,#4066,#4068,#4070,#4072,#4074,#4075,#4077,
#4079,#4081));
#4083=FACE_OUTER_BOUND('',#4082,.F.);
#4084=ADVANCED_FACE('',(#4083),#4061,.T.);
#4085=CARTESIAN_POINT('',(4.022738312638E-1,-2.051576713838E-1,
5.012816894639E-2));
#4086=CARTESIAN_POINT('',(3.966522750620E-1,-2.055258306051E-1,
4.956455282977E-2));
#4087=CARTESIAN_POINT('',(3.913553569710E-1,-2.035982092666E-1,
4.903348486614E-2));
#4088=CARTESIAN_POINT('',(3.872716044131E-1,-1.996981547168E-1,
4.862404863971E-2));
#4089=CARTESIAN_POINT('',(4.022738312638E-1,-2.051576713838E-1,
5.012816894639E-2));
#4090=CARTESIAN_POINT('',(3.962953362283E-1,-2.055258306051E-1,
5.312469182304E-2));
#4091=CARTESIAN_POINT('',(3.906620920921E-1,-2.035982092666E-1,
5.594816910684E-2));
#4092=CARTESIAN_POINT('',(3.863190430294E-1,-1.996981547168E-1,
5.812497878781E-2));
#4093=CARTESIAN_POINT('',(4.022738312638E-1,-2.051576713838E-1,
5.012816894639E-2));
#4094=CARTESIAN_POINT('',(3.986958437034E-1,-2.055258306051E-1,
5.577790852066E-2));
#4095=CARTESIAN_POINT('',(3.953244806221E-1,-2.035982092666E-1,
6.110138242824E-2));
#4096=CARTESIAN_POINT('',(3.927252687087E-1,-1.996981547168E-1,
6.520560866195E-2));
#4097=CARTESIAN_POINT('',(4.022738312638E-1,-2.051576713838E-1,
5.012816894639E-2));
#4098=CARTESIAN_POINT('',(4.022738312638E-1,-2.055258306051E-1,
5.577790852066E-2));
#4099=CARTESIAN_POINT('',(4.022738312638E-1,-2.035982092666E-1,
6.110138242824E-2));
#4100=CARTESIAN_POINT('',(4.022738312638E-1,-1.996981547168E-1,
6.520560866195E-2));
#4101=CARTESIAN_POINT('',(4.022738312638E-1,-2.051576713838E-1,
5.012816894639E-2));
#4102=CARTESIAN_POINT('',(4.058518188242E-1,-2.055258306051E-1,
5.577790852066E-2));
#4103=CARTESIAN_POINT('',(4.092231819055E-1,-2.035982092666E-1,
6.110138242824E-2));
#4104=CARTESIAN_POINT('',(4.118223938189E-1,-1.996981547168E-1,
6.520560866195E-2));
#4105=CARTESIAN_POINT('',(4.022738312638E-1,-2.051576713838E-1,
5.012816894639E-2));
#4106=CARTESIAN_POINT('',(4.082523262993E-1,-2.055258306051E-1,
5.312469182304E-2));
#4107=CARTESIAN_POINT('',(4.138855704355E-1,-2.035982092666E-1,
5.594816910684E-2));
#4108=CARTESIAN_POINT('',(4.182286194982E-1,-1.996981547168E-1,
5.812497878781E-2));
#4109=CARTESIAN_POINT('',(4.022738312638E-1,-2.051576713838E-1,
5.012816894639E-2));
#4110=CARTESIAN_POINT('',(4.078953874656E-1,-2.055258306051E-1,
4.956455282977E-2));
#4111=CARTESIAN_POINT('',(4.131923055566E-1,-2.035982092666E-1,
4.903348486614E-2));
#4112=CARTESIAN_POINT('',(4.172760581145E-1,-1.996981547168E-1,
4.862404863971E-2));
#4113=(BOUNDED_SURFACE()B_SPLINE_SURFACE(3,3,((#4085,#4086,#4087,#4088),(#4089,
#4090,#4091,#4092),(#4093,#4094,#4095,#4096),(#4097,#4098,#4099,#4100),(#4101,
#4102,#4103,#4104),(#4105,#4106,#4107,#4108),(#4109,#4110,#4111,#4112)),
.UNSPECIFIED.,.F.,.F.,.F.)B_SPLINE_SURFACE_WITH_KNOTS((4,3,4),(4,4),(0.E0,1.E0,
2.E0),(0.E0,1.E0),.UNSPECIFIED.)GEOMETRIC_REPRESENTATION_ITEM()RATIONAL_B_SPLINE_SURFACE(((1.249345201409E0,1.179488387043E0,1.179488387043E0,1.249345201409E0),(
9.752471561570E-1,9.207164632212E-1,9.207164632212E-1,9.752471561570E-1),(
9.752471561570E-1,9.207164632212E-1,9.207164632212E-1,9.752471561570E-1),(
1.249345201409E0,1.179488387043E0,1.179488387043E0,1.249345201409E0),(
9.752471561570E-1,9.207164632212E-1,9.207164632212E-1,9.752471561570E-1),(
9.752471561570E-1,9.207164632212E-1,9.207164632212E-1,9.752471561570E-1),(
1.249345201409E0,1.179488387043E0,1.179488387043E0,1.249345201409E0)))REPRESENTATION_ITEM('')SURFACE());
#4115=ORIENTED_EDGE('',*,*,#4114,.T.);
#4117=ORIENTED_EDGE('',*,*,#4116,.F.);
#4118=ORIENTED_EDGE('',*,*,#4064,.F.);
#4119=EDGE_LOOP('',(#4115,#4117,#4118));
#4120=FACE_OUTER_BOUND('',#4119,.F.);
#4121=ADVANCED_FACE('',(#4120),#4113,.T.);
#4122=CARTESIAN_POINT('',(4.022738312638E-1,-2.051576713838E-1,
5.012816894639E-2));
#4123=CARTESIAN_POINT('',(4.078953874656E-1,-2.055258306051E-1,
5.069178506301E-2));
#4124=CARTESIAN_POINT('',(4.131923055566E-1,-2.035982092666E-1,
5.122285302664E-2));
#4125=CARTESIAN_POINT('',(4.172760581145E-1,-1.996981547168E-1,
5.163228925306E-2));
#4126=CARTESIAN_POINT('',(4.022738312638E-1,-2.051576713838E-1,
5.012816894639E-2));
#4127=CARTESIAN_POINT('',(4.082523262993E-1,-2.055258306051E-1,
4.713164606974E-2));
#4128=CARTESIAN_POINT('',(4.138855704355E-1,-2.035982092666E-1,
4.430816878594E-2));
#4129=CARTESIAN_POINT('',(4.182286194982E-1,-1.996981547168E-1,
4.213135910496E-2));
#4130=CARTESIAN_POINT('',(4.022738312638E-1,-2.051576713838E-1,
5.012816894639E-2));
#4131=CARTESIAN_POINT('',(4.058518188242E-1,-2.055258306051E-1,
4.447842937212E-2));
#4132=CARTESIAN_POINT('',(4.092231819055E-1,-2.035982092666E-1,
3.915495546453E-2));
#4133=CARTESIAN_POINT('',(4.118223938189E-1,-1.996981547168E-1,
3.505072923082E-2));
#4134=CARTESIAN_POINT('',(4.022738312638E-1,-2.051576713838E-1,
5.012816894639E-2));
#4135=CARTESIAN_POINT('',(4.022738312638E-1,-2.055258306051E-1,
4.447842937212E-2));
#4136=CARTESIAN_POINT('',(4.022738312638E-1,-2.035982092666E-1,
3.915495546453E-2));
#4137=CARTESIAN_POINT('',(4.022738312638E-1,-1.996981547168E-1,
3.505072923082E-2));
#4138=CARTESIAN_POINT('',(4.022738312638E-1,-2.051576713838E-1,
5.012816894639E-2));
#4139=CARTESIAN_POINT('',(3.986958437034E-1,-2.055258306051E-1,
4.447842937212E-2));
#4140=CARTESIAN_POINT('',(3.953244806221E-1,-2.035982092666E-1,
3.915495546453E-2));
#4141=CARTESIAN_POINT('',(3.927252687087E-1,-1.996981547168E-1,
3.505072923082E-2));
#4142=CARTESIAN_POINT('',(4.022738312638E-1,-2.051576713838E-1,
5.012816894639E-2));
#4143=CARTESIAN_POINT('',(3.962953362283E-1,-2.055258306051E-1,
4.713164606974E-2));
#4144=CARTESIAN_POINT('',(3.906620920921E-1,-2.035982092666E-1,
4.430816878594E-2));
#4145=CARTESIAN_POINT('',(3.863190430294E-1,-1.996981547168E-1,
4.213135910496E-2));
#4146=CARTESIAN_POINT('',(4.022738312638E-1,-2.051576713838E-1,
5.012816894639E-2));
#4147=CARTESIAN_POINT('',(3.966522750620E-1,-2.055258306051E-1,
5.069178506301E-2));
#4148=CARTESIAN_POINT('',(3.913553569710E-1,-2.035982092666E-1,
5.122285302664E-2));
#4149=CARTESIAN_POINT('',(3.872716044131E-1,-1.996981547168E-1,
5.163228925306E-2));
#4150=(BOUNDED_SURFACE()B_SPLINE_SURFACE(3,3,((#4122,#4123,#4124,#4125),(#4126,
#4127,#4128,#4129),(#4130,#4131,#4132,#4133),(#4134,#4135,#4136,#4137),(#4138,
#4139,#4140,#4141),(#4142,#4143,#4144,#4145),(#4146,#4147,#4148,#4149)),
.UNSPECIFIED.,.F.,.F.,.F.)B_SPLINE_SURFACE_WITH_KNOTS((4,3,4),(4,4),(0.E0,1.E0,
2.E0),(0.E0,1.E0),.UNSPECIFIED.)GEOMETRIC_REPRESENTATION_ITEM()RATIONAL_B_SPLINE_SURFACE(((1.249345201409E0,1.179488387043E0,1.179488387043E0,1.249345201409E0),(
9.752471561570E-1,9.207164632212E-1,9.207164632212E-1,9.752471561570E-1),(
9.752471561570E-1,9.207164632212E-1,9.207164632212E-1,9.752471561570E-1),(
1.249345201409E0,1.179488387043E0,1.179488387043E0,1.249345201409E0),(
9.752471561570E-1,9.207164632212E-1,9.207164632212E-1,9.752471561570E-1),(
9.752471561570E-1,9.207164632212E-1,9.207164632212E-1,9.752471561570E-1),(
1.249345201409E0,1.179488387043E0,1.179488387043E0,1.249345201409E0)))REPRESENTATION_ITEM('')SURFACE());
#4151=ORIENTED_EDGE('',*,*,#4114,.F.);
#4152=ORIENTED_EDGE('',*,*,#3961,.T.);
#4153=ORIENTED_EDGE('',*,*,#4116,.T.);
#4154=EDGE_LOOP('',(#4151,#4152,#4153));
#4155=FACE_OUTER_BOUND('',#4154,.F.);
#4156=ADVANCED_FACE('',(#4155),#4150,.T.);
#4157=CARTESIAN_POINT('',(3.578677195967E-1,-1.E-1,8.617329648593E-2));
#4158=DIRECTION('',(-8.650113386208E-1,0.E0,-5.017523134550E-1));
#4159=DIRECTION('',(5.017523134550E-1,0.E0,-8.650113386208E-1));
#4160=AXIS2_PLACEMENT_3D('',#4157,#4158,#4159);
#4161=PLANE('',#4160);
#4162=ORIENTED_EDGE('',*,*,#3957,.F.);
#4163=ORIENTED_EDGE('',*,*,#4003,.F.);
#4164=ORIENTED_EDGE('',*,*,#4032,.F.);
#4166=ORIENTED_EDGE('',*,*,#4165,.F.);
#4167=ORIENTED_EDGE('',*,*,#3910,.F.);
#4169=ORIENTED_EDGE('',*,*,#4168,.T.);
#4170=ORIENTED_EDGE('',*,*,#4067,.F.);
#4171=EDGE_LOOP('',(#4162,#4163,#4164,#4166,#4167,#4169,#4170));
#4172=FACE_OUTER_BOUND('',#4171,.F.);
#4173=ADVANCED_FACE('',(#4172),#4161,.T.);
#4174=CARTESIAN_POINT('',(3.8E-1,-1.E-1,-2.25E-1));
#4175=DIRECTION('',(-7.071067811865E-1,-7.071067811865E-1,0.E0));
#4176=DIRECTION('',(7.071067811865E-1,-7.071067811865E-1,0.E0));
#4177=AXIS2_PLACEMENT_3D('',#4174,#4175,#4176);
#4178=PLANE('',#4177);
#4179=ORIENTED_EDGE('',*,*,#4048,.F.);
#4180=ORIENTED_EDGE('',*,*,#3900,.T.);
#4182=ORIENTED_EDGE('',*,*,#4181,.T.);
#4183=ORIENTED_EDGE('',*,*,#4015,.F.);
#4184=EDGE_LOOP('',(#4179,#4180,#4182,#4183));
#4185=FACE_OUTER_BOUND('',#4184,.F.);
#4186=ADVANCED_FACE('',(#4185),#4178,.T.);
#4187=CARTESIAN_POINT('',(3.8E-1,-1.E-1,-2.25E-1));
#4188=DIRECTION('',(-7.071067811865E-1,-7.071067811865E-1,0.E0));
#4189=DIRECTION('',(7.071067811865E-1,-7.071067811865E-1,0.E0));
#4190=AXIS2_PLACEMENT_3D('',#4187,#4188,#4189);
#4191=PLANE('',#4190);
#4192=ORIENTED_EDGE('',*,*,#4165,.T.);
#4193=ORIENTED_EDGE('',*,*,#4030,.F.);
#4194=ORIENTED_EDGE('',*,*,#3778,.F.);
#4195=ORIENTED_EDGE('',*,*,#3912,.T.);
#4196=EDGE_LOOP('',(#4192,#4193,#4194,#4195));
#4197=FACE_OUTER_BOUND('',#4196,.F.);
#4198=ADVANCED_FACE('',(#4197),#4191,.T.);
#4199=CARTESIAN_POINT('',(0.E0,0.E0,2.25E-1));
#4200=DIRECTION('',(0.E0,0.E0,1.E0));
#4201=DIRECTION('',(1.E0,0.E0,0.E0));
#4202=AXIS2_PLACEMENT_3D('',#4199,#4200,#4201);
#4203=PLANE('',#4202);
#4205=ORIENTED_EDGE('',*,*,#4204,.F.);
#4206=ORIENTED_EDGE('',*,*,#3890,.F.);
#4208=ORIENTED_EDGE('',*,*,#4207,.T.);
#4210=ORIENTED_EDGE('',*,*,#4209,.T.);
#4211=EDGE_LOOP('',(#4205,#4206,#4208,#4210));
#4212=FACE_OUTER_BOUND('',#4211,.F.);
#4213=ADVANCED_FACE('',(#4212),#4203,.T.);
#4214=CARTESIAN_POINT('',(0.E0,0.E0,2.25E-1));
#4215=DIRECTION('',(0.E0,0.E0,1.E0));
#4216=DIRECTION('',(1.E0,0.E0,0.E0));
#4217=AXIS2_PLACEMENT_3D('',#4214,#4215,#4216);
#4218=PLANE('',#4217);
#4220=ORIENTED_EDGE('',*,*,#4219,.T.);
#4222=ORIENTED_EDGE('',*,*,#4221,.T.);
#4224=ORIENTED_EDGE('',*,*,#4223,.T.);
#4226=ORIENTED_EDGE('',*,*,#4225,.T.);
#4228=ORIENTED_EDGE('',*,*,#4227,.T.);
#4230=ORIENTED_EDGE('',*,*,#4229,.T.);
#4232=ORIENTED_EDGE('',*,*,#4231,.T.);
#4234=ORIENTED_EDGE('',*,*,#4233,.T.);
#4236=ORIENTED_EDGE('',*,*,#4235,.T.);
#4238=ORIENTED_EDGE('',*,*,#4237,.T.);
#4240=ORIENTED_EDGE('',*,*,#4239,.F.);
#4241=ORIENTED_EDGE('',*,*,#3882,.F.);
#4243=ORIENTED_EDGE('',*,*,#4242,.F.);
#4245=ORIENTED_EDGE('',*,*,#4244,.F.);
#4246=ORIENTED_EDGE('',*,*,#3858,.F.);
#4248=ORIENTED_EDGE('',*,*,#4247,.F.);
#4250=ORIENTED_EDGE('',*,*,#4249,.F.);
#4252=ORIENTED_EDGE('',*,*,#4251,.F.);
#4254=ORIENTED_EDGE('',*,*,#4253,.F.);
#4256=ORIENTED_EDGE('',*,*,#4255,.F.);
#4258=ORIENTED_EDGE('',*,*,#4257,.F.);
#4260=ORIENTED_EDGE('',*,*,#4259,.F.);
#4262=ORIENTED_EDGE('',*,*,#4261,.F.);
#4264=ORIENTED_EDGE('',*,*,#4263,.F.);
#4266=ORIENTED_EDGE('',*,*,#4265,.F.);
#4268=ORIENTED_EDGE('',*,*,#4267,.F.);
#4269=ORIENTED_EDGE('',*,*,#3828,.F.);
#4270=ORIENTED_EDGE('',*,*,#4017,.F.);
#4271=ORIENTED_EDGE('',*,*,#4181,.F.);
#4272=ORIENTED_EDGE('',*,*,#3898,.F.);
#4273=EDGE_LOOP('',(#4220,#4222,#4224,#4226,#4228,#4230,#4232,#4234,#4236,#4238,
#4240,#4241,#4243,#4245,#4246,#4248,#4250,#4252,#4254,#4256,#4258,#4260,#4262,
#4264,#4266,#4268,#4269,#4270,#4271,#4272));
#4274=FACE_OUTER_BOUND('',#4273,.F.);
#4275=ADVANCED_FACE('',(#4274),#4218,.T.);
#4276=CARTESIAN_POINT('',(2.75E-1,-6.E-2,2.25E-1));
#4277=DIRECTION('',(-1.E0,0.E0,0.E0));
#4278=DIRECTION('',(0.E0,-1.E0,0.E0));
#4279=AXIS2_PLACEMENT_3D('',#4276,#4277,#4278);
#4280=PLANE('',#4279);
#4281=ORIENTED_EDGE('',*,*,#4204,.T.);
#4283=ORIENTED_EDGE('',*,*,#4282,.T.);
#4285=ORIENTED_EDGE('',*,*,#4284,.F.);
#4287=ORIENTED_EDGE('',*,*,#4286,.T.);
#4288=ORIENTED_EDGE('',*,*,#3892,.F.);
#4289=EDGE_LOOP('',(#4281,#4283,#4285,#4287,#4288));
#4290=FACE_OUTER_BOUND('',#4289,.F.);
#4291=ADVANCED_FACE('',(#4290),#4280,.F.);
#4292=CARTESIAN_POINT('',(-4.1E-1,-8.E-2,2.25E-1));
#4293=DIRECTION('',(0.E0,7.071067811865E-1,7.071067811865E-1));
#4294=DIRECTION('',(1.E0,0.E0,0.E0));
#4295=AXIS2_PLACEMENT_3D('',#4292,#4293,#4294);
#4296=PLANE('',#4295);
#4297=ORIENTED_EDGE('',*,*,#4282,.F.);
#4298=ORIENTED_EDGE('',*,*,#4209,.F.);
#4300=ORIENTED_EDGE('',*,*,#4299,.T.);
#4302=ORIENTED_EDGE('',*,*,#4301,.T.);
#4303=EDGE_LOOP('',(#4297,#4298,#4300,#4302));
#4304=FACE_OUTER_BOUND('',#4303,.F.);
#4305=ADVANCED_FACE('',(#4304),#4296,.T.);
#4306=CARTESIAN_POINT('',(-4.1E-1,-8.E-2,2.25E-1));
#4307=DIRECTION('',(0.E0,7.071067811865E-1,7.071067811865E-1));
#4308=DIRECTION('',(1.E0,0.E0,0.E0));
#4309=AXIS2_PLACEMENT_3D('',#4306,#4307,#4308);
#4310=PLANE('',#4309);
#4312=ORIENTED_EDGE('',*,*,#4311,.T.);
#4314=ORIENTED_EDGE('',*,*,#4313,.T.);
#4316=ORIENTED_EDGE('',*,*,#4315,.F.);
#4317=ORIENTED_EDGE('',*,*,#4221,.F.);
#4318=EDGE_LOOP('',(#4312,#4314,#4316,#4317));
#4319=FACE_OUTER_BOUND('',#4318,.F.);
#4320=ADVANCED_FACE('',(#4319),#4310,.T.);
#4321=CARTESIAN_POINT('',(-4.1E-1,-8.E-2,2.25E-1));
#4322=DIRECTION('',(0.E0,7.071067811865E-1,7.071067811865E-1));
#4323=DIRECTION('',(1.E0,0.E0,0.E0));
#4324=AXIS2_PLACEMENT_3D('',#4321,#4322,#4323);
#4325=PLANE('',#4324);
#4327=ORIENTED_EDGE('',*,*,#4326,.F.);
#4328=ORIENTED_EDGE('',*,*,#4237,.F.);
#4330=ORIENTED_EDGE('',*,*,#4329,.T.);
#4332=ORIENTED_EDGE('',*,*,#4331,.T.);
#4333=EDGE_LOOP('',(#4327,#4328,#4330,#4332));
#4334=FACE_OUTER_BOUND('',#4333,.F.);
#4335=ADVANCED_FACE('',(#4334),#4325,.T.);
#4336=CARTESIAN_POINT('',(-2.75E-1,-1.E-1,2.25E-1));
#4337=DIRECTION('',(1.E0,0.E0,0.E0));
#4338=DIRECTION('',(0.E0,1.E0,0.E0));
#4339=AXIS2_PLACEMENT_3D('',#4336,#4337,#4338);
#4340=PLANE('',#4339);
#4341=ORIENTED_EDGE('',*,*,#4207,.F.);
#4342=ORIENTED_EDGE('',*,*,#3888,.T.);
#4344=ORIENTED_EDGE('',*,*,#4343,.T.);
#4346=ORIENTED_EDGE('',*,*,#4345,.T.);
#4347=ORIENTED_EDGE('',*,*,#4299,.F.);
#4348=EDGE_LOOP('',(#4341,#4342,#4344,#4346,#4347));
#4349=FACE_OUTER_BOUND('',#4348,.F.);
#4350=ADVANCED_FACE('',(#4349),#4340,.F.);
#4351=CARTESIAN_POINT('',(0.E0,0.E0,-1.25E-1));
#4352=DIRECTION('',(0.E0,0.E0,1.E0));
#4353=DIRECTION('',(1.E0,0.E0,0.E0));
#4354=AXIS2_PLACEMENT_3D('',#4351,#4352,#4353);
#4355=PLANE('',#4354);
#4356=ORIENTED_EDGE('',*,*,#4286,.F.);
#4358=ORIENTED_EDGE('',*,*,#4357,.F.);
#4359=ORIENTED_EDGE('',*,*,#4343,.F.);
#4360=ORIENTED_EDGE('',*,*,#3886,.F.);
#4362=ORIENTED_EDGE('',*,*,#4361,.F.);
#4364=ORIENTED_EDGE('',*,*,#4363,.F.);
#4366=ORIENTED_EDGE('',*,*,#4365,.F.);
#4368=ORIENTED_EDGE('',*,*,#4367,.F.);
#4370=ORIENTED_EDGE('',*,*,#4369,.F.);
#4372=ORIENTED_EDGE('',*,*,#4371,.T.);
#4374=ORIENTED_EDGE('',*,*,#4373,.F.);
#4376=ORIENTED_EDGE('',*,*,#4375,.F.);
#4378=ORIENTED_EDGE('',*,*,#4377,.F.);
#4380=ORIENTED_EDGE('',*,*,#4379,.F.);
#4382=ORIENTED_EDGE('',*,*,#4381,.F.);
#4383=ORIENTED_EDGE('',*,*,#3894,.F.);
#4384=EDGE_LOOP('',(#4356,#4358,#4359,#4360,#4362,#4364,#4366,#4368,#4370,#4372,
#4374,#4376,#4378,#4380,#4382,#4383));
#4385=FACE_OUTER_BOUND('',#4384,.F.);
#4387=ORIENTED_EDGE('',*,*,#4386,.F.);
#4389=ORIENTED_EDGE('',*,*,#4388,.T.);
#4391=ORIENTED_EDGE('',*,*,#4390,.T.);
#4393=ORIENTED_EDGE('',*,*,#4392,.F.);
#4394=EDGE_LOOP('',(#4387,#4389,#4391,#4393));
#4395=FACE_BOUND('',#4394,.F.);
#4397=ORIENTED_EDGE('',*,*,#4396,.F.);
#4399=ORIENTED_EDGE('',*,*,#4398,.T.);
#4401=ORIENTED_EDGE('',*,*,#4400,.T.);
#4403=ORIENTED_EDGE('',*,*,#4402,.F.);
#4404=EDGE_LOOP('',(#4397,#4399,#4401,#4403));
#4405=FACE_BOUND('',#4404,.F.);
#4407=ORIENTED_EDGE('',*,*,#4406,.F.);
#4409=ORIENTED_EDGE('',*,*,#4408,.T.);
#4411=ORIENTED_EDGE('',*,*,#4410,.T.);
#4413=ORIENTED_EDGE('',*,*,#4412,.F.);
#4414=EDGE_LOOP('',(#4407,#4409,#4411,#4413));
#4415=FACE_BOUND('',#4414,.F.);
#4417=ORIENTED_EDGE('',*,*,#4416,.F.);
#4419=ORIENTED_EDGE('',*,*,#4418,.T.);
#4421=ORIENTED_EDGE('',*,*,#4420,.T.);
#4423=ORIENTED_EDGE('',*,*,#4422,.F.);
#4424=EDGE_LOOP('',(#4417,#4419,#4421,#4423));
#4425=FACE_BOUND('',#4424,.F.);
#4427=ORIENTED_EDGE('',*,*,#4426,.F.);
#4429=ORIENTED_EDGE('',*,*,#4428,.T.);
#4431=ORIENTED_EDGE('',*,*,#4430,.T.);
#4433=ORIENTED_EDGE('',*,*,#4432,.F.);
#4434=EDGE_LOOP('',(#4427,#4429,#4431,#4433));
#4435=FACE_BOUND('',#4434,.F.);
#4437=ORIENTED_EDGE('',*,*,#4436,.F.);
#4439=ORIENTED_EDGE('',*,*,#4438,.T.);
#4441=ORIENTED_EDGE('',*,*,#4440,.T.);
#4443=ORIENTED_EDGE('',*,*,#4442,.F.);
#4444=EDGE_LOOP('',(#4437,#4439,#4441,#4443));
#4445=FACE_BOUND('',#4444,.F.);
#4447=ORIENTED_EDGE('',*,*,#4446,.F.);
#4449=ORIENTED_EDGE('',*,*,#4448,.T.);
#4451=ORIENTED_EDGE('',*,*,#4450,.T.);
#4453=ORIENTED_EDGE('',*,*,#4452,.F.);
#4454=EDGE_LOOP('',(#4447,#4449,#4451,#4453));
#4455=FACE_BOUND('',#4454,.F.);
#4457=ORIENTED_EDGE('',*,*,#4456,.F.);
#4459=ORIENTED_EDGE('',*,*,#4458,.T.);
#4461=ORIENTED_EDGE('',*,*,#4460,.T.);
#4463=ORIENTED_EDGE('',*,*,#4462,.F.);
#4464=EDGE_LOOP('',(#4457,#4459,#4461,#4463));
#4465=FACE_BOUND('',#4464,.F.);
#4466=ADVANCED_FACE('',(#4385,#4395,#4405,#4415,#4425,#4435,#4445,#4455,#4465),
#4355,.T.);
#4467=CARTESIAN_POINT('',(-3.625E-1,0.E0,0.E0));
#4468=DIRECTION('',(1.E0,0.E0,0.E0));
#4469=DIRECTION('',(0.E0,0.E0,-1.E0));
#4470=AXIS2_PLACEMENT_3D('',#4467,#4468,#4469);
#4471=PLANE('',#4470);
#4473=ORIENTED_EDGE('',*,*,#4472,.F.);
#4475=ORIENTED_EDGE('',*,*,#4474,.T.);
#4477=ORIENTED_EDGE('',*,*,#4476,.T.);
#4479=ORIENTED_EDGE('',*,*,#4478,.T.);
#4480=EDGE_LOOP('',(#4473,#4475,#4477,#4479));
#4481=FACE_OUTER_BOUND('',#4480,.F.);
#4482=ADVANCED_FACE('',(#4481),#4471,.F.);
#4483=CARTESIAN_POINT('',(-3.625E-1,0.E0,0.E0));
#4484=DIRECTION('',(1.E0,0.E0,0.E0));
#4485=DIRECTION('',(0.E0,0.E0,-1.E0));
#4486=AXIS2_PLACEMENT_3D('',#4483,#4484,#4485);
#4487=PLANE('',#4486);
#4488=ORIENTED_EDGE('',*,*,#4456,.T.);
#4490=ORIENTED_EDGE('',*,*,#4489,.T.);
#4492=ORIENTED_EDGE('',*,*,#4491,.T.);
#4494=ORIENTED_EDGE('',*,*,#4493,.T.);
#4495=EDGE_LOOP('',(#4488,#4490,#4492,#4494));
#4496=FACE_OUTER_BOUND('',#4495,.F.);
#4497=ADVANCED_FACE('',(#4496),#4487,.F.);
#4498=CARTESIAN_POINT('',(-4.15E-1,-7.E-2,-2.25E-1));
#4499=DIRECTION('',(0.E0,-1.E0,0.E0));
#4500=DIRECTION('',(0.E0,0.E0,-1.E0));
#4501=AXIS2_PLACEMENT_3D('',#4498,#4499,#4500);
#4502=PLANE('',#4501);
#4503=ORIENTED_EDGE('',*,*,#4472,.T.);
#4505=ORIENTED_EDGE('',*,*,#4504,.T.);
#4507=ORIENTED_EDGE('',*,*,#4506,.T.);
#4509=ORIENTED_EDGE('',*,*,#4508,.F.);
#4510=ORIENTED_EDGE('',*,*,#3800,.T.);
#4512=ORIENTED_EDGE('',*,*,#4511,.T.);
#4514=ORIENTED_EDGE('',*,*,#4513,.T.);
#4516=ORIENTED_EDGE('',*,*,#4515,.F.);
#4518=ORIENTED_EDGE('',*,*,#4517,.F.);
#4520=ORIENTED_EDGE('',*,*,#4519,.F.);
#4522=ORIENTED_EDGE('',*,*,#4521,.F.);
#4524=ORIENTED_EDGE('',*,*,#4523,.T.);
#4526=ORIENTED_EDGE('',*,*,#4525,.T.);
#4528=ORIENTED_EDGE('',*,*,#4527,.T.);
#4530=ORIENTED_EDGE('',*,*,#4529,.T.);
#4532=ORIENTED_EDGE('',*,*,#4531,.F.);
#4534=ORIENTED_EDGE('',*,*,#4533,.F.);
#4536=ORIENTED_EDGE('',*,*,#4535,.F.);
#4538=ORIENTED_EDGE('',*,*,#4537,.F.);
#4540=ORIENTED_EDGE('',*,*,#4539,.T.);
#4542=ORIENTED_EDGE('',*,*,#4541,.T.);
#4544=ORIENTED_EDGE('',*,*,#4543,.T.);
#4546=ORIENTED_EDGE('',*,*,#4545,.T.);
#4548=ORIENTED_EDGE('',*,*,#4547,.F.);
#4550=ORIENTED_EDGE('',*,*,#4549,.F.);
#4552=ORIENTED_EDGE('',*,*,#4551,.F.);
#4554=ORIENTED_EDGE('',*,*,#4553,.F.);
#4556=ORIENTED_EDGE('',*,*,#4555,.T.);
#4558=ORIENTED_EDGE('',*,*,#4557,.T.);
#4560=ORIENTED_EDGE('',*,*,#4559,.T.);
#4562=ORIENTED_EDGE('',*,*,#4561,.T.);
#4564=ORIENTED_EDGE('',*,*,#4563,.F.);
#4566=ORIENTED_EDGE('',*,*,#4565,.F.);
#4568=ORIENTED_EDGE('',*,*,#4567,.F.);
#4570=ORIENTED_EDGE('',*,*,#4569,.F.);
#4572=ORIENTED_EDGE('',*,*,#4571,.T.);
#4574=ORIENTED_EDGE('',*,*,#4573,.T.);
#4576=ORIENTED_EDGE('',*,*,#4575,.T.);
#4578=ORIENTED_EDGE('',*,*,#4577,.T.);
#4580=ORIENTED_EDGE('',*,*,#4579,.F.);
#4582=ORIENTED_EDGE('',*,*,#4581,.F.);
#4584=ORIENTED_EDGE('',*,*,#4583,.F.);
#4586=ORIENTED_EDGE('',*,*,#4585,.F.);
#4588=ORIENTED_EDGE('',*,*,#4587,.T.);
#4590=ORIENTED_EDGE('',*,*,#4589,.T.);
#4592=ORIENTED_EDGE('',*,*,#4591,.T.);
#4594=ORIENTED_EDGE('',*,*,#4593,.T.);
#4596=ORIENTED_EDGE('',*,*,#4595,.F.);
#4598=ORIENTED_EDGE('',*,*,#4597,.F.);
#4600=ORIENTED_EDGE('',*,*,#4599,.F.);
#4602=ORIENTED_EDGE('',*,*,#4601,.F.);
#4604=ORIENTED_EDGE('',*,*,#4603,.T.);
#4606=ORIENTED_EDGE('',*,*,#4605,.T.);
#4608=ORIENTED_EDGE('',*,*,#4607,.T.);
#4610=ORIENTED_EDGE('',*,*,#4609,.T.);
#4612=ORIENTED_EDGE('',*,*,#4611,.F.);
#4614=ORIENTED_EDGE('',*,*,#4613,.F.);
#4616=ORIENTED_EDGE('',*,*,#4615,.F.);
#4618=ORIENTED_EDGE('',*,*,#4617,.F.);
#4620=ORIENTED_EDGE('',*,*,#4619,.T.);
#4622=ORIENTED_EDGE('',*,*,#4621,.T.);
#4624=ORIENTED_EDGE('',*,*,#4623,.T.);
#4626=ORIENTED_EDGE('',*,*,#4625,.T.);
#4628=ORIENTED_EDGE('',*,*,#4627,.F.);
#4630=ORIENTED_EDGE('',*,*,#4629,.F.);
#4632=ORIENTED_EDGE('',*,*,#4631,.F.);
#4634=ORIENTED_EDGE('',*,*,#4633,.F.);
#4636=ORIENTED_EDGE('',*,*,#4635,.T.);
#4637=EDGE_LOOP('',(#4503,#4505,#4507,#4509,#4510,#4512,#4514,#4516,#4518,#4520,
#4522,#4524,#4526,#4528,#4530,#4532,#4534,#4536,#4538,#4540,#4542,#4544,#4546,
#4548,#4550,#4552,#4554,#4556,#4558,#4560,#4562,#4564,#4566,#4568,#4570,#4572,
#4574,#4576,#4578,#4580,#4582,#4584,#4586,#4588,#4590,#4592,#4594,#4596,#4598,
#4600,#4602,#4604,#4606,#4608,#4610,#4612,#4614,#4616,#4618,#4620,#4622,#4624,
#4626,#4628,#4630,#4632,#4634,#4636));
#4638=FACE_OUTER_BOUND('',#4637,.F.);
#4639=ADVANCED_FACE('',(#4638),#4502,.T.);
#4640=CARTESIAN_POINT('',(-3.625E-1,3.E-2,-2.69E-1));
#4641=DIRECTION('',(1.E0,0.E0,0.E0));
#4642=DIRECTION('',(0.E0,-1.E0,0.E0));
#4643=AXIS2_PLACEMENT_3D('',#4640,#4641,#4642);
#4644=PLANE('',#4643);
#4646=ORIENTED_EDGE('',*,*,#4645,.F.);
#4648=ORIENTED_EDGE('',*,*,#4647,.F.);
#4649=ORIENTED_EDGE('',*,*,#4635,.F.);
#4651=ORIENTED_EDGE('',*,*,#4650,.T.);
#4652=EDGE_LOOP('',(#4646,#4648,#4649,#4651));
#4653=FACE_OUTER_BOUND('',#4652,.F.);
#4654=ADVANCED_FACE('',(#4653),#4644,.T.);
#4655=CARTESIAN_POINT('',(-3.625E-1,3.E-2,-2.69E-1));
#4656=DIRECTION('',(1.E0,0.E0,0.E0));
#4657=DIRECTION('',(0.E0,-1.E0,0.E0));
#4658=AXIS2_PLACEMENT_3D('',#4655,#4656,#4657);
#4659=PLANE('',#4658);
#4661=ORIENTED_EDGE('',*,*,#4660,.T.);
#4663=ORIENTED_EDGE('',*,*,#4662,.T.);
#4665=ORIENTED_EDGE('',*,*,#4664,.T.);
#4667=ORIENTED_EDGE('',*,*,#4666,.T.);
#4669=ORIENTED_EDGE('',*,*,#4668,.T.);
#4670=ORIENTED_EDGE('',*,*,#4504,.F.);
#4671=EDGE_LOOP('',(#4661,#4663,#4665,#4667,#4669,#4670));
#4672=FACE_OUTER_BOUND('',#4671,.F.);
#4673=ADVANCED_FACE('',(#4672),#4659,.T.);
#4674=CARTESIAN_POINT('',(-3.625E-1,-3.75E-2,-2.45E-1));
#4675=DIRECTION('',(1.E0,0.E0,0.E0));
#4676=DIRECTION('',(0.E0,0.E0,-1.E0));
#4677=AXIS2_PLACEMENT_3D('',#4674,#4675,#4676);
#4678=CYLINDRICAL_SURFACE('',#4677,2.5E-2);
#4680=ORIENTED_EDGE('',*,*,#4679,.T.);
#4682=ORIENTED_EDGE('',*,*,#4681,.F.);
#4684=ORIENTED_EDGE('',*,*,#4683,.F.);
#4685=ORIENTED_EDGE('',*,*,#4645,.T.);
#4686=EDGE_LOOP('',(#4680,#4682,#4684,#4685));
#4687=FACE_OUTER_BOUND('',#4686,.F.);
#4688=ADVANCED_FACE('',(#4687),#4678,.F.);
#4689=CARTESIAN_POINT('',(-4.15E-1,-7.E-2,-2.69E-1));
#4690=DIRECTION('',(0.E0,0.E0,-1.E0));
#4691=DIRECTION('',(0.E0,1.E0,0.E0));
#4692=AXIS2_PLACEMENT_3D('',#4689,#4690,#4691);
#4693=PLANE('',#4692);
#4695=ORIENTED_EDGE('',*,*,#4694,.T.);
#4697=ORIENTED_EDGE('',*,*,#4696,.F.);
#4699=ORIENTED_EDGE('',*,*,#4698,.F.);
#4700=ORIENTED_EDGE('',*,*,#4521,.T.);
#4701=EDGE_LOOP('',(#4695,#4697,#4699,#4700));
#4702=FACE_OUTER_BOUND('',#4701,.F.);
#4703=ADVANCED_FACE('',(#4702),#4693,.T.);
#4704=CARTESIAN_POINT('',(-4.15E-1,-7.E-2,-2.69E-1));
#4705=DIRECTION('',(0.E0,0.E0,-1.E0));
#4706=DIRECTION('',(0.E0,1.E0,0.E0));
#4707=AXIS2_PLACEMENT_3D('',#4704,#4705,#4706);
#4708=PLANE('',#4707);
#4710=ORIENTED_EDGE('',*,*,#4709,.F.);
#4712=ORIENTED_EDGE('',*,*,#4711,.F.);
#4713=ORIENTED_EDGE('',*,*,#4537,.T.);
#4715=ORIENTED_EDGE('',*,*,#4714,.T.);
#4716=EDGE_LOOP('',(#4710,#4712,#4713,#4715));
#4717=FACE_OUTER_BOUND('',#4716,.F.);
#4718=ADVANCED_FACE('',(#4717),#4708,.T.);
#4719=CARTESIAN_POINT('',(-4.15E-1,-7.E-2,-2.69E-1));
#4720=DIRECTION('',(0.E0,0.E0,-1.E0));
#4721=DIRECTION('',(0.E0,1.E0,0.E0));
#4722=AXIS2_PLACEMENT_3D('',#4719,#4720,#4721);
#4723=PLANE('',#4722);
#4725=ORIENTED_EDGE('',*,*,#4724,.F.);
#4727=ORIENTED_EDGE('',*,*,#4726,.F.);
#4728=ORIENTED_EDGE('',*,*,#4553,.T.);
#4730=ORIENTED_EDGE('',*,*,#4729,.T.);
#4731=EDGE_LOOP('',(#4725,#4727,#4728,#4730));
#4732=FACE_OUTER_BOUND('',#4731,.F.);
#4733=ADVANCED_FACE('',(#4732),#4723,.T.);
#4734=CARTESIAN_POINT('',(-4.15E-1,-7.E-2,-2.69E-1));
#4735=DIRECTION('',(0.E0,0.E0,-1.E0));
#4736=DIRECTION('',(0.E0,1.E0,0.E0));
#4737=AXIS2_PLACEMENT_3D('',#4734,#4735,#4736);
#4738=PLANE('',#4737);
#4740=ORIENTED_EDGE('',*,*,#4739,.F.);
#4742=ORIENTED_EDGE('',*,*,#4741,.F.);
#4743=ORIENTED_EDGE('',*,*,#4569,.T.);
#4745=ORIENTED_EDGE('',*,*,#4744,.T.);
#4746=EDGE_LOOP('',(#4740,#4742,#4743,#4745));
#4747=FACE_OUTER_BOUND('',#4746,.F.);
#4748=ADVANCED_FACE('',(#4747),#4738,.T.);
#4749=CARTESIAN_POINT('',(-4.15E-1,-7.E-2,-2.69E-1));
#4750=DIRECTION('',(0.E0,0.E0,-1.E0));
#4751=DIRECTION('',(0.E0,1.E0,0.E0));
#4752=AXIS2_PLACEMENT_3D('',#4749,#4750,#4751);
#4753=PLANE('',#4752);
#4755=ORIENTED_EDGE('',*,*,#4754,.F.);
#4757=ORIENTED_EDGE('',*,*,#4756,.F.);
#4758=ORIENTED_EDGE('',*,*,#4585,.T.);
#4760=ORIENTED_EDGE('',*,*,#4759,.T.);
#4761=EDGE_LOOP('',(#4755,#4757,#4758,#4760));
#4762=FACE_OUTER_BOUND('',#4761,.F.);
#4763=ADVANCED_FACE('',(#4762),#4753,.T.);
#4764=CARTESIAN_POINT('',(-4.15E-1,-7.E-2,-2.69E-1));
#4765=DIRECTION('',(0.E0,0.E0,-1.E0));
#4766=DIRECTION('',(0.E0,1.E0,0.E0));
#4767=AXIS2_PLACEMENT_3D('',#4764,#4765,#4766);
#4768=PLANE('',#4767);
#4770=ORIENTED_EDGE('',*,*,#4769,.F.);
#4772=ORIENTED_EDGE('',*,*,#4771,.F.);
#4773=ORIENTED_EDGE('',*,*,#4601,.T.);
#4775=ORIENTED_EDGE('',*,*,#4774,.T.);
#4776=EDGE_LOOP('',(#4770,#4772,#4773,#4775));
#4777=FACE_OUTER_BOUND('',#4776,.F.);
#4778=ADVANCED_FACE('',(#4777),#4768,.T.);
#4779=CARTESIAN_POINT('',(-4.15E-1,-7.E-2,-2.69E-1));
#4780=DIRECTION('',(0.E0,0.E0,-1.E0));
#4781=DIRECTION('',(0.E0,1.E0,0.E0));
#4782=AXIS2_PLACEMENT_3D('',#4779,#4780,#4781);
#4783=PLANE('',#4782);
#4785=ORIENTED_EDGE('',*,*,#4784,.F.);
#4787=ORIENTED_EDGE('',*,*,#4786,.F.);
#4788=ORIENTED_EDGE('',*,*,#4617,.T.);
#4790=ORIENTED_EDGE('',*,*,#4789,.T.);
#4791=EDGE_LOOP('',(#4785,#4787,#4788,#4790));
#4792=FACE_OUTER_BOUND('',#4791,.F.);
#4793=ADVANCED_FACE('',(#4792),#4783,.T.);
#4794=CARTESIAN_POINT('',(-4.15E-1,-7.E-2,-2.69E-1));
#4795=DIRECTION('',(0.E0,0.E0,-1.E0));
#4796=DIRECTION('',(0.E0,1.E0,0.E0));
#4797=AXIS2_PLACEMENT_3D('',#4794,#4795,#4796);
#4798=PLANE('',#4797);
#4799=ORIENTED_EDGE('',*,*,#4679,.F.);
#4800=ORIENTED_EDGE('',*,*,#4650,.F.);
#4801=ORIENTED_EDGE('',*,*,#4633,.T.);
#4803=ORIENTED_EDGE('',*,*,#4802,.T.);
#4804=EDGE_LOOP('',(#4799,#4800,#4801,#4803));
#4805=FACE_OUTER_BOUND('',#4804,.F.);
#4806=ADVANCED_FACE('',(#4805),#4798,.T.);
#4807=CARTESIAN_POINT('',(-4.15E-1,-7.E-2,-2.69E-1));
#4808=DIRECTION('',(0.E0,0.E0,-1.E0));
#4809=DIRECTION('',(0.E0,1.E0,0.E0));
#4810=AXIS2_PLACEMENT_3D('',#4807,#4808,#4809);
#4811=PLANE('',#4810);
#4813=ORIENTED_EDGE('',*,*,#4812,.T.);
#4815=ORIENTED_EDGE('',*,*,#4814,.T.);
#4817=ORIENTED_EDGE('',*,*,#4816,.T.);
#4819=ORIENTED_EDGE('',*,*,#4818,.F.);
#4821=ORIENTED_EDGE('',*,*,#4820,.T.);
#4823=ORIENTED_EDGE('',*,*,#4822,.T.);
#4825=ORIENTED_EDGE('',*,*,#4824,.T.);
#4827=ORIENTED_EDGE('',*,*,#4826,.F.);
#4829=ORIENTED_EDGE('',*,*,#4828,.T.);
#4831=ORIENTED_EDGE('',*,*,#4830,.T.);
#4833=ORIENTED_EDGE('',*,*,#4832,.T.);
#4835=ORIENTED_EDGE('',*,*,#4834,.F.);
#4837=ORIENTED_EDGE('',*,*,#4836,.T.);
#4839=ORIENTED_EDGE('',*,*,#4838,.T.);
#4841=ORIENTED_EDGE('',*,*,#4840,.T.);
#4843=ORIENTED_EDGE('',*,*,#4842,.F.);
#4845=ORIENTED_EDGE('',*,*,#4844,.T.);
#4847=ORIENTED_EDGE('',*,*,#4846,.T.);
#4849=ORIENTED_EDGE('',*,*,#4848,.T.);
#4851=ORIENTED_EDGE('',*,*,#4850,.F.);
#4853=ORIENTED_EDGE('',*,*,#4852,.T.);
#4855=ORIENTED_EDGE('',*,*,#4854,.T.);
#4857=ORIENTED_EDGE('',*,*,#4856,.T.);
#4859=ORIENTED_EDGE('',*,*,#4858,.F.);
#4861=ORIENTED_EDGE('',*,*,#4860,.T.);
#4863=ORIENTED_EDGE('',*,*,#4862,.T.);
#4865=ORIENTED_EDGE('',*,*,#4864,.T.);
#4867=ORIENTED_EDGE('',*,*,#4866,.F.);
#4869=ORIENTED_EDGE('',*,*,#4868,.T.);
#4871=ORIENTED_EDGE('',*,*,#4870,.T.);
#4873=ORIENTED_EDGE('',*,*,#4872,.F.);
#4875=ORIENTED_EDGE('',*,*,#4874,.T.);
#4877=ORIENTED_EDGE('',*,*,#4876,.F.);
#4879=ORIENTED_EDGE('',*,*,#4878,.F.);
#4881=ORIENTED_EDGE('',*,*,#4880,.T.);
#4882=ORIENTED_EDGE('',*,*,#4664,.F.);
#4883=EDGE_LOOP('',(#4813,#4815,#4817,#4819,#4821,#4823,#4825,#4827,#4829,#4831,
#4833,#4835,#4837,#4839,#4841,#4843,#4845,#4847,#4849,#4851,#4853,#4855,#4857,
#4859,#4861,#4863,#4865,#4867,#4869,#4871,#4873,#4875,#4877,#4879,#4881,#4882));
#4884=FACE_OUTER_BOUND('',#4883,.F.);
#4885=ADVANCED_FACE('',(#4884),#4811,.T.);
#4886=CARTESIAN_POINT('',(3.625E-1,-7.E-2,-2.69E-1));
#4887=DIRECTION('',(-1.E0,0.E0,0.E0));
#4888=DIRECTION('',(0.E0,1.E0,0.E0));
#4889=AXIS2_PLACEMENT_3D('',#4886,#4887,#4888);
#4890=PLANE('',#4889);
#4892=ORIENTED_EDGE('',*,*,#4891,.F.);
#4893=ORIENTED_EDGE('',*,*,#4515,.T.);
#4895=ORIENTED_EDGE('',*,*,#4894,.T.);
#4897=ORIENTED_EDGE('',*,*,#4896,.F.);
#4898=ORIENTED_EDGE('',*,*,#4870,.F.);
#4900=ORIENTED_EDGE('',*,*,#4899,.F.);
#4901=EDGE_LOOP('',(#4892,#4893,#4895,#4897,#4898,#4900));
#4902=FACE_OUTER_BOUND('',#4901,.F.);
#4903=ADVANCED_FACE('',(#4902),#4890,.T.);
#4904=CARTESIAN_POINT('',(3.625E-1,-7.E-2,-2.69E-1));
#4905=DIRECTION('',(-1.E0,0.E0,0.E0));
#4906=DIRECTION('',(0.E0,1.E0,0.E0));
#4907=AXIS2_PLACEMENT_3D('',#4904,#4905,#4906);
#4908=PLANE('',#4907);
#4909=ORIENTED_EDGE('',*,*,#4694,.F.);
#4910=ORIENTED_EDGE('',*,*,#4519,.T.);
#4912=ORIENTED_EDGE('',*,*,#4911,.T.);
#4914=ORIENTED_EDGE('',*,*,#4913,.T.);
#4915=EDGE_LOOP('',(#4909,#4910,#4912,#4914));
#4916=FACE_OUTER_BOUND('',#4915,.F.);
#4917=ADVANCED_FACE('',(#4916),#4908,.T.);
#4918=CARTESIAN_POINT('',(3.375E-1,-2.45E-1,-2.95E-1));
#4919=DIRECTION('',(0.E0,0.E0,-1.E0));
#4920=DIRECTION('',(0.E0,1.E0,0.E0));
#4921=AXIS2_PLACEMENT_3D('',#4918,#4919,#4920);
#4922=PLANE('',#4921);
#4924=ORIENTED_EDGE('',*,*,#4923,.T.);
#4925=ORIENTED_EDGE('',*,*,#4891,.T.);
#4927=ORIENTED_EDGE('',*,*,#4926,.F.);
#4929=ORIENTED_EDGE('',*,*,#4928,.F.);
#4931=ORIENTED_EDGE('',*,*,#4930,.F.);
#4933=ORIENTED_EDGE('',*,*,#4932,.T.);
#4934=EDGE_LOOP('',(#4924,#4925,#4927,#4929,#4931,#4933));
#4935=FACE_OUTER_BOUND('',#4934,.F.);
#4936=ADVANCED_FACE('',(#4935),#4922,.T.);
#4937=CARTESIAN_POINT('',(3.625E-1,0.E0,0.E0));
#4938=DIRECTION('',(1.E0,0.E0,0.E0));
#4939=DIRECTION('',(0.E0,0.E0,-1.E0));
#4940=AXIS2_PLACEMENT_3D('',#4937,#4938,#4939);
#4941=PLANE('',#4940);
#4943=ORIENTED_EDGE('',*,*,#4942,.F.);
#4945=ORIENTED_EDGE('',*,*,#4944,.F.);
#4947=ORIENTED_EDGE('',*,*,#4946,.F.);
#4948=ORIENTED_EDGE('',*,*,#4450,.F.);
#4949=EDGE_LOOP('',(#4943,#4945,#4947,#4948));
#4950=FACE_OUTER_BOUND('',#4949,.F.);
#4951=ADVANCED_FACE('',(#4950),#4941,.T.);
#4952=CARTESIAN_POINT('',(3.625E-1,0.E0,0.E0));
#4953=DIRECTION('',(1.E0,0.E0,0.E0));
#4954=DIRECTION('',(0.E0,0.E0,-1.E0));
#4955=AXIS2_PLACEMENT_3D('',#4952,#4953,#4954);
#4956=PLANE('',#4955);
#4958=ORIENTED_EDGE('',*,*,#4957,.F.);
#4959=ORIENTED_EDGE('',*,*,#4517,.T.);
#4960=ORIENTED_EDGE('',*,*,#4923,.F.);
#4962=ORIENTED_EDGE('',*,*,#4961,.F.);
#4963=EDGE_LOOP('',(#4958,#4959,#4960,#4962));
#4964=FACE_OUTER_BOUND('',#4963,.F.);
#4965=ADVANCED_FACE('',(#4964),#4956,.T.);
#4966=CARTESIAN_POINT('',(3.375E-1,-1.25E-2,1.15E-1));
#4967=DIRECTION('',(0.E0,-1.E0,0.E0));
#4968=DIRECTION('',(0.E0,0.E0,-1.E0));
#4969=AXIS2_PLACEMENT_3D('',#4966,#4967,#4968);
#4970=PLANE('',#4969);
#4972=ORIENTED_EDGE('',*,*,#4971,.F.);
#4974=ORIENTED_EDGE('',*,*,#4973,.T.);
#4975=ORIENTED_EDGE('',*,*,#4942,.T.);
#4976=ORIENTED_EDGE('',*,*,#4448,.F.);
#4977=EDGE_LOOP('',(#4972,#4974,#4975,#4976));
#4978=FACE_OUTER_BOUND('',#4977,.F.);
#4979=ADVANCED_FACE('',(#4978),#4970,.T.);
#4980=CARTESIAN_POINT('',(3.375E-1,0.E0,0.E0));
#4981=DIRECTION('',(1.E0,0.E0,0.E0));
#4982=DIRECTION('',(0.E0,0.E0,-1.E0));
#4983=AXIS2_PLACEMENT_3D('',#4980,#4981,#4982);
#4984=PLANE('',#4983);
#4985=ORIENTED_EDGE('',*,*,#4971,.T.);
#4986=ORIENTED_EDGE('',*,*,#4446,.T.);
#4988=ORIENTED_EDGE('',*,*,#4987,.T.);
#4990=ORIENTED_EDGE('',*,*,#4989,.T.);
#4991=EDGE_LOOP('',(#4985,#4986,#4988,#4990));
#4992=FACE_OUTER_BOUND('',#4991,.F.);
#4993=ADVANCED_FACE('',(#4992),#4984,.F.);
#4994=CARTESIAN_POINT('',(3.375E-1,0.E0,0.E0));
#4995=DIRECTION('',(1.E0,0.E0,0.E0));
#4996=DIRECTION('',(0.E0,0.E0,-1.E0));
#4997=AXIS2_PLACEMENT_3D('',#4994,#4995,#4996);
#4998=PLANE('',#4997);
#5000=ORIENTED_EDGE('',*,*,#4999,.T.);
#5002=ORIENTED_EDGE('',*,*,#5001,.T.);
#5003=ORIENTED_EDGE('',*,*,#4930,.T.);
#5004=ORIENTED_EDGE('',*,*,#4525,.F.);
#5005=EDGE_LOOP('',(#5000,#5002,#5003,#5004));
#5006=FACE_OUTER_BOUND('',#5005,.F.);
#5007=ADVANCED_FACE('',(#5006),#4998,.F.);
#5008=CARTESIAN_POINT('',(3.375E-1,1.25E-2,-2.45E-1));
#5009=DIRECTION('',(0.E0,1.E0,0.E0));
#5010=DIRECTION('',(0.E0,0.E0,1.E0));
#5011=AXIS2_PLACEMENT_3D('',#5008,#5009,#5010);
#5012=PLANE('',#5011);
#5013=ORIENTED_EDGE('',*,*,#4987,.F.);
#5014=ORIENTED_EDGE('',*,*,#4452,.T.);
#5015=ORIENTED_EDGE('',*,*,#4946,.T.);
#5017=ORIENTED_EDGE('',*,*,#5016,.F.);
#5018=EDGE_LOOP('',(#5013,#5014,#5015,#5017));
#5019=FACE_OUTER_BOUND('',#5018,.F.);
#5020=ADVANCED_FACE('',(#5019),#5012,.T.);
#5021=CARTESIAN_POINT('',(3.375E-1,1.25E-2,1.15E-1));
#5022=DIRECTION('',(0.E0,0.E0,1.E0));
#5023=DIRECTION('',(0.E0,-1.E0,0.E0));
#5024=AXIS2_PLACEMENT_3D('',#5021,#5022,#5023);
#5025=PLANE('',#5024);
#5026=ORIENTED_EDGE('',*,*,#4989,.F.);
#5027=ORIENTED_EDGE('',*,*,#5016,.T.);
#5028=ORIENTED_EDGE('',*,*,#4944,.T.);
#5029=ORIENTED_EDGE('',*,*,#4973,.F.);
#5030=EDGE_LOOP('',(#5026,#5027,#5028,#5029));
#5031=FACE_OUTER_BOUND('',#5030,.F.);
#5032=ADVANCED_FACE('',(#5031),#5025,.T.);
#5033=CARTESIAN_POINT('',(3.375E-1,-3.75E-2,-2.7E-1));
#5034=DIRECTION('',(0.E0,0.E0,1.E0));
#5035=DIRECTION('',(0.E0,-1.E0,0.E0));
#5036=AXIS2_PLACEMENT_3D('',#5033,#5034,#5035);
#5037=PLANE('',#5036);
#5038=ORIENTED_EDGE('',*,*,#4999,.F.);
#5040=ORIENTED_EDGE('',*,*,#5039,.T.);
#5042=ORIENTED_EDGE('',*,*,#5041,.T.);
#5043=ORIENTED_EDGE('',*,*,#4911,.F.);
#5044=ORIENTED_EDGE('',*,*,#4957,.T.);
#5046=ORIENTED_EDGE('',*,*,#5045,.F.);
#5047=EDGE_LOOP('',(#5038,#5040,#5042,#5043,#5044,#5046));
#5048=FACE_OUTER_BOUND('',#5047,.F.);
#5049=ADVANCED_FACE('',(#5048),#5037,.T.);
#5050=CARTESIAN_POINT('',(3.375E-1,3.E-2,-2.69E-1));
#5051=DIRECTION('',(1.E0,0.E0,0.E0));
#5052=DIRECTION('',(0.E0,-1.E0,0.E0));
#5053=AXIS2_PLACEMENT_3D('',#5050,#5051,#5052);
#5054=PLANE('',#5053);
#5055=ORIENTED_EDGE('',*,*,#4928,.T.);
#5057=ORIENTED_EDGE('',*,*,#5056,.T.);
#5058=ORIENTED_EDGE('',*,*,#4866,.T.);
#5060=ORIENTED_EDGE('',*,*,#5059,.T.);
#5062=ORIENTED_EDGE('',*,*,#5061,.T.);
#5063=ORIENTED_EDGE('',*,*,#4527,.F.);
#5064=EDGE_LOOP('',(#5055,#5057,#5058,#5060,#5062,#5063));
#5065=FACE_OUTER_BOUND('',#5064,.F.);
#5066=ADVANCED_FACE('',(#5065),#5054,.T.);
#5067=CARTESIAN_POINT('',(3.375E-1,3.E-2,-2.69E-1));
#5068=DIRECTION('',(1.E0,0.E0,0.E0));
#5069=DIRECTION('',(0.E0,-1.E0,0.E0));
#5070=AXIS2_PLACEMENT_3D('',#5067,#5068,#5069);
#5071=PLANE('',#5070);
#5072=ORIENTED_EDGE('',*,*,#4698,.T.);
#5074=ORIENTED_EDGE('',*,*,#5073,.F.);
#5075=ORIENTED_EDGE('',*,*,#5039,.F.);
#5076=ORIENTED_EDGE('',*,*,#4523,.F.);
#5077=EDGE_LOOP('',(#5072,#5074,#5075,#5076));
#5078=FACE_OUTER_BOUND('',#5077,.F.);
#5079=ADVANCED_FACE('',(#5078),#5071,.T.);
#5080=CARTESIAN_POINT('',(3.375E-1,-3.75E-2,-2.45E-1));
#5081=DIRECTION('',(1.E0,0.E0,0.E0));
#5082=DIRECTION('',(0.E0,0.E0,-1.E0));
#5083=AXIS2_PLACEMENT_3D('',#5080,#5081,#5082);
#5084=CYLINDRICAL_SURFACE('',#5083,5.E-2);
#5085=ORIENTED_EDGE('',*,*,#4926,.T.);
#5086=ORIENTED_EDGE('',*,*,#4899,.T.);
#5087=ORIENTED_EDGE('',*,*,#4868,.F.);
#5088=ORIENTED_EDGE('',*,*,#5056,.F.);
#5089=EDGE_LOOP('',(#5085,#5086,#5087,#5088));
#5090=FACE_OUTER_BOUND('',#5089,.F.);
#5091=ADVANCED_FACE('',(#5090),#5084,.T.);
#5092=CARTESIAN_POINT('',(2.625E-1,3.E-2,-2.69E-1));
#5093=DIRECTION('',(0.E0,1.E0,0.E0));
#5094=DIRECTION('',(1.E0,0.E0,0.E0));
#5095=AXIS2_PLACEMENT_3D('',#5092,#5093,#5094);
#5096=PLANE('',#5095);
#5097=ORIENTED_EDGE('',*,*,#4864,.F.);
#5099=ORIENTED_EDGE('',*,*,#5098,.T.);
#5101=ORIENTED_EDGE('',*,*,#5100,.T.);
#5102=ORIENTED_EDGE('',*,*,#5059,.F.);
#5103=EDGE_LOOP('',(#5097,#5099,#5101,#5102));
#5104=FACE_OUTER_BOUND('',#5103,.F.);
#5105=ADVANCED_FACE('',(#5104),#5096,.T.);
#5106=CARTESIAN_POINT('',(2.625E-1,-7.E-2,-2.69E-1));
#5107=DIRECTION('',(-1.E0,0.E0,0.E0));
#5108=DIRECTION('',(0.E0,1.E0,0.E0));
#5109=AXIS2_PLACEMENT_3D('',#5106,#5107,#5108);
#5110=PLANE('',#5109);
#5112=ORIENTED_EDGE('',*,*,#5111,.T.);
#5113=ORIENTED_EDGE('',*,*,#4714,.F.);
#5114=ORIENTED_EDGE('',*,*,#4535,.T.);
#5116=ORIENTED_EDGE('',*,*,#5115,.T.);
#5117=EDGE_LOOP('',(#5112,#5113,#5114,#5116));
#5118=FACE_OUTER_BOUND('',#5117,.F.);
#5119=ADVANCED_FACE('',(#5118),#5110,.T.);
#5120=CARTESIAN_POINT('',(2.625E-1,-7.E-2,-2.69E-1));
#5121=DIRECTION('',(-1.E0,0.E0,0.E0));
#5122=DIRECTION('',(0.E0,1.E0,0.E0));
#5123=AXIS2_PLACEMENT_3D('',#5120,#5121,#5122);
#5124=PLANE('',#5123);
#5126=ORIENTED_EDGE('',*,*,#5125,.F.);
#5127=ORIENTED_EDGE('',*,*,#4531,.T.);
#5129=ORIENTED_EDGE('',*,*,#5128,.T.);
#5130=ORIENTED_EDGE('',*,*,#5098,.F.);
#5131=ORIENTED_EDGE('',*,*,#4862,.F.);
#5133=ORIENTED_EDGE('',*,*,#5132,.F.);
#5134=EDGE_LOOP('',(#5126,#5127,#5129,#5130,#5131,#5133));
#5135=FACE_OUTER_BOUND('',#5134,.F.);
#5136=ADVANCED_FACE('',(#5135),#5124,.T.);
#5137=CARTESIAN_POINT('',(2.375E-1,-3.75E-2,-2.45E-1));
#5138=DIRECTION('',(1.E0,0.E0,0.E0));
#5139=DIRECTION('',(0.E0,0.E0,-1.E0));
#5140=AXIS2_PLACEMENT_3D('',#5137,#5138,#5139);
#5141=CYLINDRICAL_SURFACE('',#5140,2.5E-2);
#5143=ORIENTED_EDGE('',*,*,#5142,.F.);
#5145=ORIENTED_EDGE('',*,*,#5144,.T.);
#5146=ORIENTED_EDGE('',*,*,#4709,.T.);
#5147=ORIENTED_EDGE('',*,*,#5111,.F.);
#5148=EDGE_LOOP('',(#5143,#5145,#5146,#5147));
#5149=FACE_OUTER_BOUND('',#5148,.F.);
#5150=ADVANCED_FACE('',(#5149),#5141,.F.);
#5151=CARTESIAN_POINT('',(2.375E-1,-3.75E-2,-2.7E-1));
#5152=DIRECTION('',(0.E0,0.E0,1.E0));
#5153=DIRECTION('',(0.E0,-1.E0,0.E0));
#5154=AXIS2_PLACEMENT_3D('',#5151,#5152,#5153);
#5155=PLANE('',#5154);
#5157=ORIENTED_EDGE('',*,*,#5156,.F.);
#5159=ORIENTED_EDGE('',*,*,#5158,.T.);
#5160=ORIENTED_EDGE('',*,*,#5142,.T.);
#5161=ORIENTED_EDGE('',*,*,#5115,.F.);
#5163=ORIENTED_EDGE('',*,*,#5162,.T.);
#5165=ORIENTED_EDGE('',*,*,#5164,.F.);
#5166=EDGE_LOOP('',(#5157,#5159,#5160,#5161,#5163,#5165));
#5167=FACE_OUTER_BOUND('',#5166,.F.);
#5168=ADVANCED_FACE('',(#5167),#5155,.T.);
#5169=CARTESIAN_POINT('',(2.375E-1,0.E0,0.E0));
#5170=DIRECTION('',(1.E0,0.E0,0.E0));
#5171=DIRECTION('',(0.E0,0.E0,-1.E0));
#5172=AXIS2_PLACEMENT_3D('',#5169,#5170,#5171);
#5173=PLANE('',#5172);
#5175=ORIENTED_EDGE('',*,*,#5174,.T.);
#5176=ORIENTED_EDGE('',*,*,#4436,.T.);
#5178=ORIENTED_EDGE('',*,*,#5177,.T.);
#5180=ORIENTED_EDGE('',*,*,#5179,.T.);
#5181=EDGE_LOOP('',(#5175,#5176,#5178,#5180));
#5182=FACE_OUTER_BOUND('',#5181,.F.);
#5183=ADVANCED_FACE('',(#5182),#5173,.F.);
#5184=CARTESIAN_POINT('',(2.375E-1,0.E0,0.E0));
#5185=DIRECTION('',(1.E0,0.E0,0.E0));
#5186=DIRECTION('',(0.E0,0.E0,-1.E0));
#5187=AXIS2_PLACEMENT_3D('',#5184,#5185,#5186);
#5188=PLANE('',#5187);
#5189=ORIENTED_EDGE('',*,*,#5156,.T.);
#5191=ORIENTED_EDGE('',*,*,#5190,.T.);
#5193=ORIENTED_EDGE('',*,*,#5192,.T.);
#5194=ORIENTED_EDGE('',*,*,#4541,.F.);
#5195=EDGE_LOOP('',(#5189,#5191,#5193,#5194));
#5196=FACE_OUTER_BOUND('',#5195,.F.);
#5197=ADVANCED_FACE('',(#5196),#5188,.F.);
#5198=CARTESIAN_POINT('',(2.375E-1,-1.25E-2,1.15E-1));
#5199=DIRECTION('',(0.E0,-1.E0,0.E0));
#5200=DIRECTION('',(0.E0,0.E0,-1.E0));
#5201=AXIS2_PLACEMENT_3D('',#5198,#5199,#5200);
#5202=PLANE('',#5201);
#5203=ORIENTED_EDGE('',*,*,#5174,.F.);
#5205=ORIENTED_EDGE('',*,*,#5204,.T.);
#5207=ORIENTED_EDGE('',*,*,#5206,.T.);
#5208=ORIENTED_EDGE('',*,*,#4438,.F.);
#5209=EDGE_LOOP('',(#5203,#5205,#5207,#5208));
#5210=FACE_OUTER_BOUND('',#5209,.F.);
#5211=ADVANCED_FACE('',(#5210),#5202,.T.);
#5212=CARTESIAN_POINT('',(2.375E-1,1.25E-2,1.15E-1));
#5213=DIRECTION('',(0.E0,0.E0,1.E0));
#5214=DIRECTION('',(0.E0,-1.E0,0.E0));
#5215=AXIS2_PLACEMENT_3D('',#5212,#5213,#5214);
#5216=PLANE('',#5215);
#5217=ORIENTED_EDGE('',*,*,#5179,.F.);
#5219=ORIENTED_EDGE('',*,*,#5218,.T.);
#5221=ORIENTED_EDGE('',*,*,#5220,.T.);
#5222=ORIENTED_EDGE('',*,*,#5204,.F.);
#5223=EDGE_LOOP('',(#5217,#5219,#5221,#5222));
#5224=FACE_OUTER_BOUND('',#5223,.F.);
#5225=ADVANCED_FACE('',(#5224),#5216,.T.);
#5226=CARTESIAN_POINT('',(2.375E-1,1.25E-2,-2.45E-1));
#5227=DIRECTION('',(0.E0,1.E0,0.E0));
#5228=DIRECTION('',(0.E0,0.E0,1.E0));
#5229=AXIS2_PLACEMENT_3D('',#5226,#5227,#5228);
#5230=PLANE('',#5229);
#5231=ORIENTED_EDGE('',*,*,#5177,.F.);
#5232=ORIENTED_EDGE('',*,*,#4442,.T.);
#5234=ORIENTED_EDGE('',*,*,#5233,.T.);
#5235=ORIENTED_EDGE('',*,*,#5218,.F.);
#5236=EDGE_LOOP('',(#5231,#5232,#5234,#5235));
#5237=FACE_OUTER_BOUND('',#5236,.F.);
#5238=ADVANCED_FACE('',(#5237),#5230,.T.);
#5239=CARTESIAN_POINT('',(2.625E-1,0.E0,0.E0));
#5240=DIRECTION('',(1.E0,0.E0,0.E0));
#5241=DIRECTION('',(0.E0,0.E0,-1.E0));
#5242=AXIS2_PLACEMENT_3D('',#5239,#5240,#5241);
#5243=PLANE('',#5242);
#5244=ORIENTED_EDGE('',*,*,#5206,.F.);
#5245=ORIENTED_EDGE('',*,*,#5220,.F.);
#5246=ORIENTED_EDGE('',*,*,#5233,.F.);
#5247=ORIENTED_EDGE('',*,*,#4440,.F.);
#5248=EDGE_LOOP('',(#5244,#5245,#5246,#5247));
#5249=FACE_OUTER_BOUND('',#5248,.F.);
#5250=ADVANCED_FACE('',(#5249),#5243,.T.);
#5251=CARTESIAN_POINT('',(2.625E-1,0.E0,0.E0));
#5252=DIRECTION('',(1.E0,0.E0,0.E0));
#5253=DIRECTION('',(0.E0,0.E0,-1.E0));
#5254=AXIS2_PLACEMENT_3D('',#5251,#5252,#5253);
#5255=PLANE('',#5254);
#5256=ORIENTED_EDGE('',*,*,#5162,.F.);
#5257=ORIENTED_EDGE('',*,*,#4533,.T.);
#5259=ORIENTED_EDGE('',*,*,#5258,.F.);
#5261=ORIENTED_EDGE('',*,*,#5260,.F.);
#5262=EDGE_LOOP('',(#5256,#5257,#5259,#5261));
#5263=FACE_OUTER_BOUND('',#5262,.F.);
#5264=ADVANCED_FACE('',(#5263),#5255,.T.);
#5265=CARTESIAN_POINT('',(2.375E-1,-2.45E-1,-2.95E-1));
#5266=DIRECTION('',(0.E0,0.E0,-1.E0));
#5267=DIRECTION('',(0.E0,1.E0,0.E0));
#5268=AXIS2_PLACEMENT_3D('',#5265,#5266,#5267);
#5269=PLANE('',#5268);
#5270=ORIENTED_EDGE('',*,*,#5192,.F.);
#5272=ORIENTED_EDGE('',*,*,#5271,.T.);
#5273=ORIENTED_EDGE('',*,*,#5258,.T.);
#5274=ORIENTED_EDGE('',*,*,#5125,.T.);
#5276=ORIENTED_EDGE('',*,*,#5275,.F.);
#5278=ORIENTED_EDGE('',*,*,#5277,.F.);
#5279=EDGE_LOOP('',(#5270,#5272,#5273,#5274,#5276,#5278));
#5280=FACE_OUTER_BOUND('',#5279,.F.);
#5281=ADVANCED_FACE('',(#5280),#5269,.T.);
#5282=CARTESIAN_POINT('',(2.375E-1,-2.45E-1,-2.7E-1));
#5283=DIRECTION('',(0.E0,-1.E0,0.E0));
#5284=DIRECTION('',(0.E0,0.E0,-1.E0));
#5285=AXIS2_PLACEMENT_3D('',#5282,#5283,#5284);
#5286=PLANE('',#5285);
#5287=ORIENTED_EDGE('',*,*,#5190,.F.);
#5288=ORIENTED_EDGE('',*,*,#5164,.T.);
#5289=ORIENTED_EDGE('',*,*,#5260,.T.);
#5290=ORIENTED_EDGE('',*,*,#5271,.F.);
#5291=EDGE_LOOP('',(#5287,#5288,#5289,#5290));
#5292=FACE_OUTER_BOUND('',#5291,.F.);
#5293=ADVANCED_FACE('',(#5292),#5286,.T.);
#5294=CARTESIAN_POINT('',(2.375E-1,-3.75E-2,-2.45E-1));
#5295=DIRECTION('',(1.E0,0.E0,0.E0));
#5296=DIRECTION('',(0.E0,0.E0,-1.E0));
#5297=AXIS2_PLACEMENT_3D('',#5294,#5295,#5296);
#5298=CYLINDRICAL_SURFACE('',#5297,5.E-2);
#5299=ORIENTED_EDGE('',*,*,#5275,.T.);
#5300=ORIENTED_EDGE('',*,*,#5132,.T.);
#5301=ORIENTED_EDGE('',*,*,#4860,.F.);
#5303=ORIENTED_EDGE('',*,*,#5302,.F.);
#5304=EDGE_LOOP('',(#5299,#5300,#5301,#5303));
#5305=FACE_OUTER_BOUND('',#5304,.F.);
#5306=ADVANCED_FACE('',(#5305),#5298,.T.);
#5307=CARTESIAN_POINT('',(2.375E-1,3.E-2,-2.69E-1));
#5308=DIRECTION('',(1.E0,0.E0,0.E0));
#5309=DIRECTION('',(0.E0,-1.E0,0.E0));
#5310=AXIS2_PLACEMENT_3D('',#5307,#5308,#5309);
#5311=PLANE('',#5310);
#5312=ORIENTED_EDGE('',*,*,#5144,.F.);
#5313=ORIENTED_EDGE('',*,*,#5158,.F.);
#5314=ORIENTED_EDGE('',*,*,#4539,.F.);
#5315=ORIENTED_EDGE('',*,*,#4711,.T.);
#5316=EDGE_LOOP('',(#5312,#5313,#5314,#5315));
#5317=FACE_OUTER_BOUND('',#5316,.F.);
#5318=ADVANCED_FACE('',(#5317),#5311,.T.);
#5319=CARTESIAN_POINT('',(2.375E-1,3.E-2,-2.69E-1));
#5320=DIRECTION('',(1.E0,0.E0,0.E0));
#5321=DIRECTION('',(0.E0,-1.E0,0.E0));
#5322=AXIS2_PLACEMENT_3D('',#5319,#5320,#5321);
#5323=PLANE('',#5322);
#5324=ORIENTED_EDGE('',*,*,#5277,.T.);
#5325=ORIENTED_EDGE('',*,*,#5302,.T.);
#5326=ORIENTED_EDGE('',*,*,#4858,.T.);
#5328=ORIENTED_EDGE('',*,*,#5327,.T.);
#5330=ORIENTED_EDGE('',*,*,#5329,.T.);
#5331=ORIENTED_EDGE('',*,*,#4543,.F.);
#5332=EDGE_LOOP('',(#5324,#5325,#5326,#5328,#5330,#5331));
#5333=FACE_OUTER_BOUND('',#5332,.F.);
#5334=ADVANCED_FACE('',(#5333),#5323,.T.);
#5335=CARTESIAN_POINT('',(1.625E-1,3.E-2,-2.69E-1));
#5336=DIRECTION('',(0.E0,1.E0,0.E0));
#5337=DIRECTION('',(1.E0,0.E0,0.E0));
#5338=AXIS2_PLACEMENT_3D('',#5335,#5336,#5337);
#5339=PLANE('',#5338);
#5340=ORIENTED_EDGE('',*,*,#4856,.F.);
#5342=ORIENTED_EDGE('',*,*,#5341,.T.);
#5344=ORIENTED_EDGE('',*,*,#5343,.T.);
#5345=ORIENTED_EDGE('',*,*,#5327,.F.);
#5346=EDGE_LOOP('',(#5340,#5342,#5344,#5345));
#5347=FACE_OUTER_BOUND('',#5346,.F.);
#5348=ADVANCED_FACE('',(#5347),#5339,.T.);
#5349=CARTESIAN_POINT('',(1.625E-1,-7.E-2,-2.69E-1));
#5350=DIRECTION('',(-1.E0,0.E0,0.E0));
#5351=DIRECTION('',(0.E0,1.E0,0.E0));
#5352=AXIS2_PLACEMENT_3D('',#5349,#5350,#5351);
#5353=PLANE('',#5352);
#5355=ORIENTED_EDGE('',*,*,#5354,.T.);
#5356=ORIENTED_EDGE('',*,*,#4729,.F.);
#5357=ORIENTED_EDGE('',*,*,#4551,.T.);
#5359=ORIENTED_EDGE('',*,*,#5358,.T.);
#5360=EDGE_LOOP('',(#5355,#5356,#5357,#5359));
#5361=FACE_OUTER_BOUND('',#5360,.F.);
#5362=ADVANCED_FACE('',(#5361),#5353,.T.);
#5363=CARTESIAN_POINT('',(1.625E-1,-7.E-2,-2.69E-1));
#5364=DIRECTION('',(-1.E0,0.E0,0.E0));
#5365=DIRECTION('',(0.E0,1.E0,0.E0));
#5366=AXIS2_PLACEMENT_3D('',#5363,#5364,#5365);
#5367=PLANE('',#5366);
#5369=ORIENTED_EDGE('',*,*,#5368,.F.);
#5370=ORIENTED_EDGE('',*,*,#4547,.T.);
#5372=ORIENTED_EDGE('',*,*,#5371,.T.);
#5373=ORIENTED_EDGE('',*,*,#5341,.F.);
#5374=ORIENTED_EDGE('',*,*,#4854,.F.);
#5376=ORIENTED_EDGE('',*,*,#5375,.F.);
#5377=EDGE_LOOP('',(#5369,#5370,#5372,#5373,#5374,#5376));
#5378=FACE_OUTER_BOUND('',#5377,.F.);
#5379=ADVANCED_FACE('',(#5378),#5367,.T.);
#5380=CARTESIAN_POINT('',(1.375E-1,-3.75E-2,-2.45E-1));
#5381=DIRECTION('',(1.E0,0.E0,0.E0));
#5382=DIRECTION('',(0.E0,0.E0,-1.E0));
#5383=AXIS2_PLACEMENT_3D('',#5380,#5381,#5382);
#5384=CYLINDRICAL_SURFACE('',#5383,2.5E-2);
#5385=ORIENTED_EDGE('',*,*,#4724,.T.);
#5386=ORIENTED_EDGE('',*,*,#5354,.F.);
#5388=ORIENTED_EDGE('',*,*,#5387,.F.);
#5390=ORIENTED_EDGE('',*,*,#5389,.T.);
#5391=EDGE_LOOP('',(#5385,#5386,#5388,#5390));
#5392=FACE_OUTER_BOUND('',#5391,.F.);
#5393=ADVANCED_FACE('',(#5392),#5384,.F.);
#5394=CARTESIAN_POINT('',(1.375E-1,-3.75E-2,-2.7E-1));
#5395=DIRECTION('',(0.E0,0.E0,1.E0));
#5396=DIRECTION('',(0.E0,-1.E0,0.E0));
#5397=AXIS2_PLACEMENT_3D('',#5394,#5395,#5396);
#5398=PLANE('',#5397);
#5399=ORIENTED_EDGE('',*,*,#5358,.F.);
#5401=ORIENTED_EDGE('',*,*,#5400,.T.);
#5403=ORIENTED_EDGE('',*,*,#5402,.F.);
#5405=ORIENTED_EDGE('',*,*,#5404,.F.);
#5407=ORIENTED_EDGE('',*,*,#5406,.T.);
#5408=ORIENTED_EDGE('',*,*,#5387,.T.);
#5409=EDGE_LOOP('',(#5399,#5401,#5403,#5405,#5407,#5408));
#5410=FACE_OUTER_BOUND('',#5409,.F.);
#5411=ADVANCED_FACE('',(#5410),#5398,.T.);
#5412=CARTESIAN_POINT('',(1.625E-1,0.E0,0.E0));
#5413=DIRECTION('',(1.E0,0.E0,0.E0));
#5414=DIRECTION('',(0.E0,0.E0,-1.E0));
#5415=AXIS2_PLACEMENT_3D('',#5412,#5413,#5414);
#5416=PLANE('',#5415);
#5417=ORIENTED_EDGE('',*,*,#4549,.T.);
#5419=ORIENTED_EDGE('',*,*,#5418,.F.);
#5421=ORIENTED_EDGE('',*,*,#5420,.F.);
#5422=ORIENTED_EDGE('',*,*,#5400,.F.);
#5423=EDGE_LOOP('',(#5417,#5419,#5421,#5422));
#5424=FACE_OUTER_BOUND('',#5423,.F.);
#5425=ADVANCED_FACE('',(#5424),#5416,.T.);
#5426=CARTESIAN_POINT('',(1.625E-1,0.E0,0.E0));
#5427=DIRECTION('',(1.E0,0.E0,0.E0));
#5428=DIRECTION('',(0.E0,0.E0,-1.E0));
#5429=AXIS2_PLACEMENT_3D('',#5426,#5427,#5428);
#5430=PLANE('',#5429);
#5431=ORIENTED_EDGE('',*,*,#4430,.F.);
#5433=ORIENTED_EDGE('',*,*,#5432,.F.);
#5435=ORIENTED_EDGE('',*,*,#5434,.F.);
#5437=ORIENTED_EDGE('',*,*,#5436,.F.);
#5438=EDGE_LOOP('',(#5431,#5433,#5435,#5437));
#5439=FACE_OUTER_BOUND('',#5438,.F.);
#5440=ADVANCED_FACE('',(#5439),#5430,.T.);
#5441=CARTESIAN_POINT('',(1.375E-1,-2.45E-1,-2.95E-1));
#5442=DIRECTION('',(0.E0,0.E0,-1.E0));
#5443=DIRECTION('',(0.E0,1.E0,0.E0));
#5444=AXIS2_PLACEMENT_3D('',#5441,#5442,#5443);
#5445=PLANE('',#5444);
#5446=ORIENTED_EDGE('',*,*,#5368,.T.);
#5448=ORIENTED_EDGE('',*,*,#5447,.F.);
#5450=ORIENTED_EDGE('',*,*,#5449,.F.);
#5452=ORIENTED_EDGE('',*,*,#5451,.F.);
#5454=ORIENTED_EDGE('',*,*,#5453,.T.);
#5455=ORIENTED_EDGE('',*,*,#5418,.T.);
#5456=EDGE_LOOP('',(#5446,#5448,#5450,#5452,#5454,#5455));
#5457=FACE_OUTER_BOUND('',#5456,.F.);
#5458=ADVANCED_FACE('',(#5457),#5445,.T.);
#5459=CARTESIAN_POINT('',(1.375E-1,-3.75E-2,-2.45E-1));
#5460=DIRECTION('',(1.E0,0.E0,0.E0));
#5461=DIRECTION('',(0.E0,0.E0,-1.E0));
#5462=AXIS2_PLACEMENT_3D('',#5459,#5460,#5461);
#5463=CYLINDRICAL_SURFACE('',#5462,5.E-2);
#5464=ORIENTED_EDGE('',*,*,#4852,.F.);
#5466=ORIENTED_EDGE('',*,*,#5465,.F.);
#5467=ORIENTED_EDGE('',*,*,#5447,.T.);
#5468=ORIENTED_EDGE('',*,*,#5375,.T.);
#5469=EDGE_LOOP('',(#5464,#5466,#5467,#5468));
#5470=FACE_OUTER_BOUND('',#5469,.F.);
#5471=ADVANCED_FACE('',(#5470),#5463,.T.);
#5472=CARTESIAN_POINT('',(1.375E-1,3.E-2,-2.69E-1));
#5473=DIRECTION('',(1.E0,0.E0,0.E0));
#5474=DIRECTION('',(0.E0,-1.E0,0.E0));
#5475=AXIS2_PLACEMENT_3D('',#5472,#5473,#5474);
#5476=PLANE('',#5475);
#5477=ORIENTED_EDGE('',*,*,#5389,.F.);
#5478=ORIENTED_EDGE('',*,*,#5406,.F.);
#5479=ORIENTED_EDGE('',*,*,#4555,.F.);
#5480=ORIENTED_EDGE('',*,*,#4726,.T.);
#5481=EDGE_LOOP('',(#5477,#5478,#5479,#5480));
#5482=FACE_OUTER_BOUND('',#5481,.F.);
#5483=ADVANCED_FACE('',(#5482),#5476,.T.);
#5484=CARTESIAN_POINT('',(1.375E-1,3.E-2,-2.69E-1));
#5485=DIRECTION('',(1.E0,0.E0,0.E0));
#5486=DIRECTION('',(0.E0,-1.E0,0.E0));
#5487=AXIS2_PLACEMENT_3D('',#5484,#5485,#5486);
#5488=PLANE('',#5487);
#5489=ORIENTED_EDGE('',*,*,#5449,.T.);
#5490=ORIENTED_EDGE('',*,*,#5465,.T.);
#5491=ORIENTED_EDGE('',*,*,#4850,.T.);
#5493=ORIENTED_EDGE('',*,*,#5492,.T.);
#5495=ORIENTED_EDGE('',*,*,#5494,.T.);
#5496=ORIENTED_EDGE('',*,*,#4559,.F.);
#5497=EDGE_LOOP('',(#5489,#5490,#5491,#5493,#5495,#5496));
#5498=FACE_OUTER_BOUND('',#5497,.F.);
#5499=ADVANCED_FACE('',(#5498),#5488,.T.);
#5500=CARTESIAN_POINT('',(6.25E-2,3.E-2,-2.69E-1));
#5501=DIRECTION('',(0.E0,1.E0,0.E0));
#5502=DIRECTION('',(1.E0,0.E0,0.E0));
#5503=AXIS2_PLACEMENT_3D('',#5500,#5501,#5502);
#5504=PLANE('',#5503);
#5505=ORIENTED_EDGE('',*,*,#4848,.F.);
#5507=ORIENTED_EDGE('',*,*,#5506,.T.);
#5509=ORIENTED_EDGE('',*,*,#5508,.T.);
#5510=ORIENTED_EDGE('',*,*,#5492,.F.);
#5511=EDGE_LOOP('',(#5505,#5507,#5509,#5510));
#5512=FACE_OUTER_BOUND('',#5511,.F.);
#5513=ADVANCED_FACE('',(#5512),#5504,.T.);
#5514=CARTESIAN_POINT('',(6.25E-2,-7.E-2,-2.69E-1));
#5515=DIRECTION('',(-1.E0,0.E0,0.E0));
#5516=DIRECTION('',(0.E0,1.E0,0.E0));
#5517=AXIS2_PLACEMENT_3D('',#5514,#5515,#5516);
#5518=PLANE('',#5517);
#5520=ORIENTED_EDGE('',*,*,#5519,.T.);
#5521=ORIENTED_EDGE('',*,*,#4744,.F.);
#5522=ORIENTED_EDGE('',*,*,#4567,.T.);
#5524=ORIENTED_EDGE('',*,*,#5523,.T.);
#5525=EDGE_LOOP('',(#5520,#5521,#5522,#5524));
#5526=FACE_OUTER_BOUND('',#5525,.F.);
#5527=ADVANCED_FACE('',(#5526),#5518,.T.);
#5528=CARTESIAN_POINT('',(6.25E-2,-7.E-2,-2.69E-1));
#5529=DIRECTION('',(-1.E0,0.E0,0.E0));
#5530=DIRECTION('',(0.E0,1.E0,0.E0));
#5531=AXIS2_PLACEMENT_3D('',#5528,#5529,#5530);
#5532=PLANE('',#5531);
#5534=ORIENTED_EDGE('',*,*,#5533,.F.);
#5535=ORIENTED_EDGE('',*,*,#4563,.T.);
#5537=ORIENTED_EDGE('',*,*,#5536,.T.);
#5538=ORIENTED_EDGE('',*,*,#5506,.F.);
#5539=ORIENTED_EDGE('',*,*,#4846,.F.);
#5541=ORIENTED_EDGE('',*,*,#5540,.F.);
#5542=EDGE_LOOP('',(#5534,#5535,#5537,#5538,#5539,#5541));
#5543=FACE_OUTER_BOUND('',#5542,.F.);
#5544=ADVANCED_FACE('',(#5543),#5532,.T.);
#5545=CARTESIAN_POINT('',(3.75E-2,-3.75E-2,-2.45E-1));
#5546=DIRECTION('',(1.E0,0.E0,0.E0));
#5547=DIRECTION('',(0.E0,0.E0,-1.E0));
#5548=AXIS2_PLACEMENT_3D('',#5545,#5546,#5547);
#5549=CYLINDRICAL_SURFACE('',#5548,2.5E-2);
#5550=ORIENTED_EDGE('',*,*,#4739,.T.);
#5551=ORIENTED_EDGE('',*,*,#5519,.F.);
#5553=ORIENTED_EDGE('',*,*,#5552,.F.);
#5555=ORIENTED_EDGE('',*,*,#5554,.T.);
#5556=EDGE_LOOP('',(#5550,#5551,#5553,#5555));
#5557=FACE_OUTER_BOUND('',#5556,.F.);
#5558=ADVANCED_FACE('',(#5557),#5549,.F.);
#5559=CARTESIAN_POINT('',(3.75E-2,-3.75E-2,-2.7E-1));
#5560=DIRECTION('',(0.E0,0.E0,1.E0));
#5561=DIRECTION('',(0.E0,-1.E0,0.E0));
#5562=AXIS2_PLACEMENT_3D('',#5559,#5560,#5561);
#5563=PLANE('',#5562);
#5564=ORIENTED_EDGE('',*,*,#5523,.F.);
#5566=ORIENTED_EDGE('',*,*,#5565,.T.);
#5568=ORIENTED_EDGE('',*,*,#5567,.F.);
#5570=ORIENTED_EDGE('',*,*,#5569,.F.);
#5572=ORIENTED_EDGE('',*,*,#5571,.T.);
#5573=ORIENTED_EDGE('',*,*,#5552,.T.);
#5574=EDGE_LOOP('',(#5564,#5566,#5568,#5570,#5572,#5573));
#5575=FACE_OUTER_BOUND('',#5574,.F.);
#5576=ADVANCED_FACE('',(#5575),#5563,.T.);
#5577=CARTESIAN_POINT('',(6.25E-2,0.E0,0.E0));
#5578=DIRECTION('',(1.E0,0.E0,0.E0));
#5579=DIRECTION('',(0.E0,0.E0,-1.E0));
#5580=AXIS2_PLACEMENT_3D('',#5577,#5578,#5579);
#5581=PLANE('',#5580);
#5582=ORIENTED_EDGE('',*,*,#4565,.T.);
#5584=ORIENTED_EDGE('',*,*,#5583,.F.);
#5586=ORIENTED_EDGE('',*,*,#5585,.F.);
#5587=ORIENTED_EDGE('',*,*,#5565,.F.);
#5588=EDGE_LOOP('',(#5582,#5584,#5586,#5587));
#5589=FACE_OUTER_BOUND('',#5588,.F.);
#5590=ADVANCED_FACE('',(#5589),#5581,.T.);
#5591=CARTESIAN_POINT('',(6.25E-2,0.E0,0.E0));
#5592=DIRECTION('',(1.E0,0.E0,0.E0));
#5593=DIRECTION('',(0.E0,0.E0,-1.E0));
#5594=AXIS2_PLACEMENT_3D('',#5591,#5592,#5593);
#5595=PLANE('',#5594);
#5596=ORIENTED_EDGE('',*,*,#4420,.F.);
#5598=ORIENTED_EDGE('',*,*,#5597,.F.);
#5600=ORIENTED_EDGE('',*,*,#5599,.F.);
#5602=ORIENTED_EDGE('',*,*,#5601,.F.);
#5603=EDGE_LOOP('',(#5596,#5598,#5600,#5602));
#5604=FACE_OUTER_BOUND('',#5603,.F.);
#5605=ADVANCED_FACE('',(#5604),#5595,.T.);
#5606=CARTESIAN_POINT('',(3.75E-2,-2.45E-1,-2.95E-1));
#5607=DIRECTION('',(0.E0,0.E0,-1.E0));
#5608=DIRECTION('',(0.E0,1.E0,0.E0));
#5609=AXIS2_PLACEMENT_3D('',#5606,#5607,#5608);
#5610=PLANE('',#5609);
#5611=ORIENTED_EDGE('',*,*,#5533,.T.);
#5613=ORIENTED_EDGE('',*,*,#5612,.F.);
#5615=ORIENTED_EDGE('',*,*,#5614,.F.);
#5617=ORIENTED_EDGE('',*,*,#5616,.F.);
#5619=ORIENTED_EDGE('',*,*,#5618,.T.);
#5620=ORIENTED_EDGE('',*,*,#5583,.T.);
#5621=EDGE_LOOP('',(#5611,#5613,#5615,#5617,#5619,#5620));
#5622=FACE_OUTER_BOUND('',#5621,.F.);
#5623=ADVANCED_FACE('',(#5622),#5610,.T.);
#5624=CARTESIAN_POINT('',(3.75E-2,-3.75E-2,-2.45E-1));
#5625=DIRECTION('',(1.E0,0.E0,0.E0));
#5626=DIRECTION('',(0.E0,0.E0,-1.E0));
#5627=AXIS2_PLACEMENT_3D('',#5624,#5625,#5626);
#5628=CYLINDRICAL_SURFACE('',#5627,5.E-2);
#5629=ORIENTED_EDGE('',*,*,#4844,.F.);
#5631=ORIENTED_EDGE('',*,*,#5630,.F.);
#5632=ORIENTED_EDGE('',*,*,#5612,.T.);
#5633=ORIENTED_EDGE('',*,*,#5540,.T.);
#5634=EDGE_LOOP('',(#5629,#5631,#5632,#5633));
#5635=FACE_OUTER_BOUND('',#5634,.F.);
#5636=ADVANCED_FACE('',(#5635),#5628,.T.);
#5637=CARTESIAN_POINT('',(3.75E-2,3.E-2,-2.69E-1));
#5638=DIRECTION('',(1.E0,0.E0,0.E0));
#5639=DIRECTION('',(0.E0,-1.E0,0.E0));
#5640=AXIS2_PLACEMENT_3D('',#5637,#5638,#5639);
#5641=PLANE('',#5640);
#5642=ORIENTED_EDGE('',*,*,#5554,.F.);
#5643=ORIENTED_EDGE('',*,*,#5571,.F.);
#5644=ORIENTED_EDGE('',*,*,#4571,.F.);
#5645=ORIENTED_EDGE('',*,*,#4741,.T.);
#5646=EDGE_LOOP('',(#5642,#5643,#5644,#5645));
#5647=FACE_OUTER_BOUND('',#5646,.F.);
#5648=ADVANCED_FACE('',(#5647),#5641,.T.);
#5649=CARTESIAN_POINT('',(3.75E-2,3.E-2,-2.69E-1));
#5650=DIRECTION('',(1.E0,0.E0,0.E0));
#5651=DIRECTION('',(0.E0,-1.E0,0.E0));
#5652=AXIS2_PLACEMENT_3D('',#5649,#5650,#5651);
#5653=PLANE('',#5652);
#5654=ORIENTED_EDGE('',*,*,#5614,.T.);
#5655=ORIENTED_EDGE('',*,*,#5630,.T.);
#5656=ORIENTED_EDGE('',*,*,#4842,.T.);
#5658=ORIENTED_EDGE('',*,*,#5657,.T.);
#5660=ORIENTED_EDGE('',*,*,#5659,.T.);
#5661=ORIENTED_EDGE('',*,*,#4575,.F.);
#5662=EDGE_LOOP('',(#5654,#5655,#5656,#5658,#5660,#5661));
#5663=FACE_OUTER_BOUND('',#5662,.F.);
#5664=ADVANCED_FACE('',(#5663),#5653,.T.);
#5665=CARTESIAN_POINT('',(-3.75E-2,3.E-2,-2.69E-1));
#5666=DIRECTION('',(0.E0,1.E0,0.E0));
#5667=DIRECTION('',(1.E0,0.E0,0.E0));
#5668=AXIS2_PLACEMENT_3D('',#5665,#5666,#5667);
#5669=PLANE('',#5668);
#5670=ORIENTED_EDGE('',*,*,#4840,.F.);
#5672=ORIENTED_EDGE('',*,*,#5671,.T.);
#5674=ORIENTED_EDGE('',*,*,#5673,.T.);
#5675=ORIENTED_EDGE('',*,*,#5657,.F.);
#5676=EDGE_LOOP('',(#5670,#5672,#5674,#5675));
#5677=FACE_OUTER_BOUND('',#5676,.F.);
#5678=ADVANCED_FACE('',(#5677),#5669,.T.);
#5679=CARTESIAN_POINT('',(-3.75E-2,-7.E-2,-2.69E-1));
#5680=DIRECTION('',(-1.E0,0.E0,0.E0));
#5681=DIRECTION('',(0.E0,1.E0,0.E0));
#5682=AXIS2_PLACEMENT_3D('',#5679,#5680,#5681);
#5683=PLANE('',#5682);
#5685=ORIENTED_EDGE('',*,*,#5684,.T.);
#5686=ORIENTED_EDGE('',*,*,#4759,.F.);
#5687=ORIENTED_EDGE('',*,*,#4583,.T.);
#5689=ORIENTED_EDGE('',*,*,#5688,.T.);
#5690=EDGE_LOOP('',(#5685,#5686,#5687,#5689));
#5691=FACE_OUTER_BOUND('',#5690,.F.);
#5692=ADVANCED_FACE('',(#5691),#5683,.T.);
#5693=CARTESIAN_POINT('',(-3.75E-2,-7.E-2,-2.69E-1));
#5694=DIRECTION('',(-1.E0,0.E0,0.E0));
#5695=DIRECTION('',(0.E0,1.E0,0.E0));
#5696=AXIS2_PLACEMENT_3D('',#5693,#5694,#5695);
#5697=PLANE('',#5696);
#5699=ORIENTED_EDGE('',*,*,#5698,.F.);
#5700=ORIENTED_EDGE('',*,*,#4579,.T.);
#5702=ORIENTED_EDGE('',*,*,#5701,.T.);
#5703=ORIENTED_EDGE('',*,*,#5671,.F.);
#5704=ORIENTED_EDGE('',*,*,#4838,.F.);
#5706=ORIENTED_EDGE('',*,*,#5705,.F.);
#5707=EDGE_LOOP('',(#5699,#5700,#5702,#5703,#5704,#5706));
#5708=FACE_OUTER_BOUND('',#5707,.F.);
#5709=ADVANCED_FACE('',(#5708),#5697,.T.);
#5710=CARTESIAN_POINT('',(-6.25E-2,-3.75E-2,-2.45E-1));
#5711=DIRECTION('',(1.E0,0.E0,0.E0));
#5712=DIRECTION('',(0.E0,0.E0,-1.E0));
#5713=AXIS2_PLACEMENT_3D('',#5710,#5711,#5712);
#5714=CYLINDRICAL_SURFACE('',#5713,2.5E-2);
#5715=ORIENTED_EDGE('',*,*,#4754,.T.);
#5716=ORIENTED_EDGE('',*,*,#5684,.F.);
#5718=ORIENTED_EDGE('',*,*,#5717,.F.);
#5720=ORIENTED_EDGE('',*,*,#5719,.T.);
#5721=EDGE_LOOP('',(#5715,#5716,#5718,#5720));
#5722=FACE_OUTER_BOUND('',#5721,.F.);
#5723=ADVANCED_FACE('',(#5722),#5714,.F.);
#5724=CARTESIAN_POINT('',(-6.25E-2,-3.75E-2,-2.7E-1));
#5725=DIRECTION('',(0.E0,0.E0,1.E0));
#5726=DIRECTION('',(0.E0,-1.E0,0.E0));
#5727=AXIS2_PLACEMENT_3D('',#5724,#5725,#5726);
#5728=PLANE('',#5727);
#5729=ORIENTED_EDGE('',*,*,#5688,.F.);
#5731=ORIENTED_EDGE('',*,*,#5730,.T.);
#5733=ORIENTED_EDGE('',*,*,#5732,.F.);
#5735=ORIENTED_EDGE('',*,*,#5734,.F.);
#5737=ORIENTED_EDGE('',*,*,#5736,.T.);
#5738=ORIENTED_EDGE('',*,*,#5717,.T.);
#5739=EDGE_LOOP('',(#5729,#5731,#5733,#5735,#5737,#5738));
#5740=FACE_OUTER_BOUND('',#5739,.F.);
#5741=ADVANCED_FACE('',(#5740),#5728,.T.);
#5742=CARTESIAN_POINT('',(-3.75E-2,0.E0,0.E0));
#5743=DIRECTION('',(1.E0,0.E0,0.E0));
#5744=DIRECTION('',(0.E0,0.E0,-1.E0));
#5745=AXIS2_PLACEMENT_3D('',#5742,#5743,#5744);
#5746=PLANE('',#5745);
#5747=ORIENTED_EDGE('',*,*,#4581,.T.);
#5749=ORIENTED_EDGE('',*,*,#5748,.F.);
#5751=ORIENTED_EDGE('',*,*,#5750,.F.);
#5752=ORIENTED_EDGE('',*,*,#5730,.F.);
#5753=EDGE_LOOP('',(#5747,#5749,#5751,#5752));
#5754=FACE_OUTER_BOUND('',#5753,.F.);
#5755=ADVANCED_FACE('',(#5754),#5746,.T.);
#5756=CARTESIAN_POINT('',(-3.75E-2,0.E0,0.E0));
#5757=DIRECTION('',(1.E0,0.E0,0.E0));
#5758=DIRECTION('',(0.E0,0.E0,-1.E0));
#5759=AXIS2_PLACEMENT_3D('',#5756,#5757,#5758);
#5760=PLANE('',#5759);
#5761=ORIENTED_EDGE('',*,*,#4410,.F.);
#5763=ORIENTED_EDGE('',*,*,#5762,.F.);
#5765=ORIENTED_EDGE('',*,*,#5764,.F.);
#5767=ORIENTED_EDGE('',*,*,#5766,.F.);
#5768=EDGE_LOOP('',(#5761,#5763,#5765,#5767));
#5769=FACE_OUTER_BOUND('',#5768,.F.);
#5770=ADVANCED_FACE('',(#5769),#5760,.T.);
#5771=CARTESIAN_POINT('',(-6.25E-2,-2.45E-1,-2.95E-1));
#5772=DIRECTION('',(0.E0,0.E0,-1.E0));
#5773=DIRECTION('',(0.E0,1.E0,0.E0));
#5774=AXIS2_PLACEMENT_3D('',#5771,#5772,#5773);
#5775=PLANE('',#5774);
#5776=ORIENTED_EDGE('',*,*,#5698,.T.);
#5778=ORIENTED_EDGE('',*,*,#5777,.F.);
#5780=ORIENTED_EDGE('',*,*,#5779,.F.);
#5782=ORIENTED_EDGE('',*,*,#5781,.F.);
#5784=ORIENTED_EDGE('',*,*,#5783,.T.);
#5785=ORIENTED_EDGE('',*,*,#5748,.T.);
#5786=EDGE_LOOP('',(#5776,#5778,#5780,#5782,#5784,#5785));
#5787=FACE_OUTER_BOUND('',#5786,.F.);
#5788=ADVANCED_FACE('',(#5787),#5775,.T.);
#5789=CARTESIAN_POINT('',(-6.25E-2,-3.75E-2,-2.45E-1));
#5790=DIRECTION('',(1.E0,0.E0,0.E0));
#5791=DIRECTION('',(0.E0,0.E0,-1.E0));
#5792=AXIS2_PLACEMENT_3D('',#5789,#5790,#5791);
#5793=CYLINDRICAL_SURFACE('',#5792,5.E-2);
#5794=ORIENTED_EDGE('',*,*,#4836,.F.);
#5796=ORIENTED_EDGE('',*,*,#5795,.F.);
#5797=ORIENTED_EDGE('',*,*,#5777,.T.);
#5798=ORIENTED_EDGE('',*,*,#5705,.T.);
#5799=EDGE_LOOP('',(#5794,#5796,#5797,#5798));
#5800=FACE_OUTER_BOUND('',#5799,.F.);
#5801=ADVANCED_FACE('',(#5800),#5793,.T.);
#5802=CARTESIAN_POINT('',(-6.25E-2,3.E-2,-2.69E-1));
#5803=DIRECTION('',(1.E0,0.E0,0.E0));
#5804=DIRECTION('',(0.E0,-1.E0,0.E0));
#5805=AXIS2_PLACEMENT_3D('',#5802,#5803,#5804);
#5806=PLANE('',#5805);
#5807=ORIENTED_EDGE('',*,*,#5719,.F.);
#5808=ORIENTED_EDGE('',*,*,#5736,.F.);
#5809=ORIENTED_EDGE('',*,*,#4587,.F.);
#5810=ORIENTED_EDGE('',*,*,#4756,.T.);
#5811=EDGE_LOOP('',(#5807,#5808,#5809,#5810));
#5812=FACE_OUTER_BOUND('',#5811,.F.);
#5813=ADVANCED_FACE('',(#5812),#5806,.T.);
#5814=CARTESIAN_POINT('',(-6.25E-2,3.E-2,-2.69E-1));
#5815=DIRECTION('',(1.E0,0.E0,0.E0));
#5816=DIRECTION('',(0.E0,-1.E0,0.E0));
#5817=AXIS2_PLACEMENT_3D('',#5814,#5815,#5816);
#5818=PLANE('',#5817);
#5819=ORIENTED_EDGE('',*,*,#5779,.T.);
#5820=ORIENTED_EDGE('',*,*,#5795,.T.);
#5821=ORIENTED_EDGE('',*,*,#4834,.T.);
#5823=ORIENTED_EDGE('',*,*,#5822,.T.);
#5825=ORIENTED_EDGE('',*,*,#5824,.T.);
#5826=ORIENTED_EDGE('',*,*,#4591,.F.);
#5827=EDGE_LOOP('',(#5819,#5820,#5821,#5823,#5825,#5826));
#5828=FACE_OUTER_BOUND('',#5827,.F.);
#5829=ADVANCED_FACE('',(#5828),#5818,.T.);
#5830=CARTESIAN_POINT('',(-1.375E-1,3.E-2,-2.69E-1));
#5831=DIRECTION('',(0.E0,1.E0,0.E0));
#5832=DIRECTION('',(1.E0,0.E0,0.E0));
#5833=AXIS2_PLACEMENT_3D('',#5830,#5831,#5832);
#5834=PLANE('',#5833);
#5835=ORIENTED_EDGE('',*,*,#4832,.F.);
#5837=ORIENTED_EDGE('',*,*,#5836,.T.);
#5839=ORIENTED_EDGE('',*,*,#5838,.T.);
#5840=ORIENTED_EDGE('',*,*,#5822,.F.);
#5841=EDGE_LOOP('',(#5835,#5837,#5839,#5840));
#5842=FACE_OUTER_BOUND('',#5841,.F.);
#5843=ADVANCED_FACE('',(#5842),#5834,.T.);
#5844=CARTESIAN_POINT('',(-1.375E-1,-7.E-2,-2.69E-1));
#5845=DIRECTION('',(-1.E0,0.E0,0.E0));
#5846=DIRECTION('',(0.E0,1.E0,0.E0));
#5847=AXIS2_PLACEMENT_3D('',#5844,#5845,#5846);
#5848=PLANE('',#5847);
#5850=ORIENTED_EDGE('',*,*,#5849,.T.);
#5851=ORIENTED_EDGE('',*,*,#4774,.F.);
#5852=ORIENTED_EDGE('',*,*,#4599,.T.);
#5854=ORIENTED_EDGE('',*,*,#5853,.T.);
#5855=EDGE_LOOP('',(#5850,#5851,#5852,#5854));
#5856=FACE_OUTER_BOUND('',#5855,.F.);
#5857=ADVANCED_FACE('',(#5856),#5848,.T.);
#5858=CARTESIAN_POINT('',(-1.375E-1,-7.E-2,-2.69E-1));
#5859=DIRECTION('',(-1.E0,0.E0,0.E0));
#5860=DIRECTION('',(0.E0,1.E0,0.E0));
#5861=AXIS2_PLACEMENT_3D('',#5858,#5859,#5860);
#5862=PLANE('',#5861);
#5864=ORIENTED_EDGE('',*,*,#5863,.F.);
#5865=ORIENTED_EDGE('',*,*,#4595,.T.);
#5867=ORIENTED_EDGE('',*,*,#5866,.T.);
#5868=ORIENTED_EDGE('',*,*,#5836,.F.);
#5869=ORIENTED_EDGE('',*,*,#4830,.F.);
#5871=ORIENTED_EDGE('',*,*,#5870,.F.);
#5872=EDGE_LOOP('',(#5864,#5865,#5867,#5868,#5869,#5871));
#5873=FACE_OUTER_BOUND('',#5872,.F.);
#5874=ADVANCED_FACE('',(#5873),#5862,.T.);
#5875=CARTESIAN_POINT('',(-1.625E-1,-3.75E-2,-2.45E-1));
#5876=DIRECTION('',(1.E0,0.E0,0.E0));
#5877=DIRECTION('',(0.E0,0.E0,-1.E0));
#5878=AXIS2_PLACEMENT_3D('',#5875,#5876,#5877);
#5879=CYLINDRICAL_SURFACE('',#5878,2.5E-2);
#5880=ORIENTED_EDGE('',*,*,#4769,.T.);
#5881=ORIENTED_EDGE('',*,*,#5849,.F.);
#5883=ORIENTED_EDGE('',*,*,#5882,.F.);
#5885=ORIENTED_EDGE('',*,*,#5884,.T.);
#5886=EDGE_LOOP('',(#5880,#5881,#5883,#5885));
#5887=FACE_OUTER_BOUND('',#5886,.F.);
#5888=ADVANCED_FACE('',(#5887),#5879,.F.);
#5889=CARTESIAN_POINT('',(-1.625E-1,-3.75E-2,-2.7E-1));
#5890=DIRECTION('',(0.E0,0.E0,1.E0));
#5891=DIRECTION('',(0.E0,-1.E0,0.E0));
#5892=AXIS2_PLACEMENT_3D('',#5889,#5890,#5891);
#5893=PLANE('',#5892);
#5894=ORIENTED_EDGE('',*,*,#5853,.F.);
#5896=ORIENTED_EDGE('',*,*,#5895,.T.);
#5898=ORIENTED_EDGE('',*,*,#5897,.F.);
#5900=ORIENTED_EDGE('',*,*,#5899,.F.);
#5902=ORIENTED_EDGE('',*,*,#5901,.T.);
#5903=ORIENTED_EDGE('',*,*,#5882,.T.);
#5904=EDGE_LOOP('',(#5894,#5896,#5898,#5900,#5902,#5903));
#5905=FACE_OUTER_BOUND('',#5904,.F.);
#5906=ADVANCED_FACE('',(#5905),#5893,.T.);
#5907=CARTESIAN_POINT('',(-1.375E-1,0.E0,0.E0));
#5908=DIRECTION('',(1.E0,0.E0,0.E0));
#5909=DIRECTION('',(0.E0,0.E0,-1.E0));
#5910=AXIS2_PLACEMENT_3D('',#5907,#5908,#5909);
#5911=PLANE('',#5910);
#5912=ORIENTED_EDGE('',*,*,#4597,.T.);
#5914=ORIENTED_EDGE('',*,*,#5913,.F.);
#5916=ORIENTED_EDGE('',*,*,#5915,.F.);
#5917=ORIENTED_EDGE('',*,*,#5895,.F.);
#5918=EDGE_LOOP('',(#5912,#5914,#5916,#5917));
#5919=FACE_OUTER_BOUND('',#5918,.F.);
#5920=ADVANCED_FACE('',(#5919),#5911,.T.);
#5921=CARTESIAN_POINT('',(-1.375E-1,0.E0,0.E0));
#5922=DIRECTION('',(1.E0,0.E0,0.E0));
#5923=DIRECTION('',(0.E0,0.E0,-1.E0));
#5924=AXIS2_PLACEMENT_3D('',#5921,#5922,#5923);
#5925=PLANE('',#5924);
#5926=ORIENTED_EDGE('',*,*,#4400,.F.);
#5928=ORIENTED_EDGE('',*,*,#5927,.F.);
#5930=ORIENTED_EDGE('',*,*,#5929,.F.);
#5932=ORIENTED_EDGE('',*,*,#5931,.F.);
#5933=EDGE_LOOP('',(#5926,#5928,#5930,#5932));
#5934=FACE_OUTER_BOUND('',#5933,.F.);
#5935=ADVANCED_FACE('',(#5934),#5925,.T.);
#5936=CARTESIAN_POINT('',(-1.625E-1,-2.45E-1,-2.95E-1));
#5937=DIRECTION('',(0.E0,0.E0,-1.E0));
#5938=DIRECTION('',(0.E0,1.E0,0.E0));
#5939=AXIS2_PLACEMENT_3D('',#5936,#5937,#5938);
#5940=PLANE('',#5939);
#5941=ORIENTED_EDGE('',*,*,#5863,.T.);
#5943=ORIENTED_EDGE('',*,*,#5942,.F.);
#5945=ORIENTED_EDGE('',*,*,#5944,.F.);
#5947=ORIENTED_EDGE('',*,*,#5946,.F.);
#5949=ORIENTED_EDGE('',*,*,#5948,.T.);
#5950=ORIENTED_EDGE('',*,*,#5913,.T.);
#5951=EDGE_LOOP('',(#5941,#5943,#5945,#5947,#5949,#5950));
#5952=FACE_OUTER_BOUND('',#5951,.F.);
#5953=ADVANCED_FACE('',(#5952),#5940,.T.);
#5954=CARTESIAN_POINT('',(-1.625E-1,-3.75E-2,-2.45E-1));
#5955=DIRECTION('',(1.E0,0.E0,0.E0));
#5956=DIRECTION('',(0.E0,0.E0,-1.E0));
#5957=AXIS2_PLACEMENT_3D('',#5954,#5955,#5956);
#5958=CYLINDRICAL_SURFACE('',#5957,5.E-2);
#5959=ORIENTED_EDGE('',*,*,#4828,.F.);
#5961=ORIENTED_EDGE('',*,*,#5960,.F.);
#5962=ORIENTED_EDGE('',*,*,#5942,.T.);
#5963=ORIENTED_EDGE('',*,*,#5870,.T.);
#5964=EDGE_LOOP('',(#5959,#5961,#5962,#5963));
#5965=FACE_OUTER_BOUND('',#5964,.F.);
#5966=ADVANCED_FACE('',(#5965),#5958,.T.);
#5967=CARTESIAN_POINT('',(-1.625E-1,3.E-2,-2.69E-1));
#5968=DIRECTION('',(1.E0,0.E0,0.E0));
#5969=DIRECTION('',(0.E0,-1.E0,0.E0));
#5970=AXIS2_PLACEMENT_3D('',#5967,#5968,#5969);
#5971=PLANE('',#5970);
#5972=ORIENTED_EDGE('',*,*,#5884,.F.);
#5973=ORIENTED_EDGE('',*,*,#5901,.F.);
#5974=ORIENTED_EDGE('',*,*,#4603,.F.);
#5975=ORIENTED_EDGE('',*,*,#4771,.T.);
#5976=EDGE_LOOP('',(#5972,#5973,#5974,#5975));
#5977=FACE_OUTER_BOUND('',#5976,.F.);
#5978=ADVANCED_FACE('',(#5977),#5971,.T.);
#5979=CARTESIAN_POINT('',(-1.625E-1,3.E-2,-2.69E-1));
#5980=DIRECTION('',(1.E0,0.E0,0.E0));
#5981=DIRECTION('',(0.E0,-1.E0,0.E0));
#5982=AXIS2_PLACEMENT_3D('',#5979,#5980,#5981);
#5983=PLANE('',#5982);
#5984=ORIENTED_EDGE('',*,*,#5944,.T.);
#5985=ORIENTED_EDGE('',*,*,#5960,.T.);
#5986=ORIENTED_EDGE('',*,*,#4826,.T.);
#5988=ORIENTED_EDGE('',*,*,#5987,.T.);
#5990=ORIENTED_EDGE('',*,*,#5989,.T.);
#5991=ORIENTED_EDGE('',*,*,#4607,.F.);
#5992=EDGE_LOOP('',(#5984,#5985,#5986,#5988,#5990,#5991));
#5993=FACE_OUTER_BOUND('',#5992,.F.);
#5994=ADVANCED_FACE('',(#5993),#5983,.T.);
#5995=CARTESIAN_POINT('',(-2.375E-1,3.E-2,-2.69E-1));
#5996=DIRECTION('',(0.E0,1.E0,0.E0));
#5997=DIRECTION('',(1.E0,0.E0,0.E0));
#5998=AXIS2_PLACEMENT_3D('',#5995,#5996,#5997);
#5999=PLANE('',#5998);
#6000=ORIENTED_EDGE('',*,*,#4824,.F.);
#6002=ORIENTED_EDGE('',*,*,#6001,.T.);
#6004=ORIENTED_EDGE('',*,*,#6003,.T.);
#6005=ORIENTED_EDGE('',*,*,#5987,.F.);
#6006=EDGE_LOOP('',(#6000,#6002,#6004,#6005));
#6007=FACE_OUTER_BOUND('',#6006,.F.);
#6008=ADVANCED_FACE('',(#6007),#5999,.T.);
#6009=CARTESIAN_POINT('',(-2.375E-1,-7.E-2,-2.69E-1));
#6010=DIRECTION('',(-1.E0,0.E0,0.E0));
#6011=DIRECTION('',(0.E0,1.E0,0.E0));
#6012=AXIS2_PLACEMENT_3D('',#6009,#6010,#6011);
#6013=PLANE('',#6012);
#6015=ORIENTED_EDGE('',*,*,#6014,.T.);
#6016=ORIENTED_EDGE('',*,*,#4789,.F.);
#6017=ORIENTED_EDGE('',*,*,#4615,.T.);
#6019=ORIENTED_EDGE('',*,*,#6018,.T.);
#6020=EDGE_LOOP('',(#6015,#6016,#6017,#6019));
#6021=FACE_OUTER_BOUND('',#6020,.F.);
#6022=ADVANCED_FACE('',(#6021),#6013,.T.);
#6023=CARTESIAN_POINT('',(-2.375E-1,-7.E-2,-2.69E-1));
#6024=DIRECTION('',(-1.E0,0.E0,0.E0));
#6025=DIRECTION('',(0.E0,1.E0,0.E0));
#6026=AXIS2_PLACEMENT_3D('',#6023,#6024,#6025);
#6027=PLANE('',#6026);
#6029=ORIENTED_EDGE('',*,*,#6028,.F.);
#6030=ORIENTED_EDGE('',*,*,#4611,.T.);
#6032=ORIENTED_EDGE('',*,*,#6031,.T.);
#6033=ORIENTED_EDGE('',*,*,#6001,.F.);
#6034=ORIENTED_EDGE('',*,*,#4822,.F.);
#6036=ORIENTED_EDGE('',*,*,#6035,.F.);
#6037=EDGE_LOOP('',(#6029,#6030,#6032,#6033,#6034,#6036));
#6038=FACE_OUTER_BOUND('',#6037,.F.);
#6039=ADVANCED_FACE('',(#6038),#6027,.T.);
#6040=CARTESIAN_POINT('',(-2.625E-1,-3.75E-2,-2.45E-1));
#6041=DIRECTION('',(1.E0,0.E0,0.E0));
#6042=DIRECTION('',(0.E0,0.E0,-1.E0));
#6043=AXIS2_PLACEMENT_3D('',#6040,#6041,#6042);
#6044=CYLINDRICAL_SURFACE('',#6043,2.5E-2);
#6045=ORIENTED_EDGE('',*,*,#4784,.T.);
#6046=ORIENTED_EDGE('',*,*,#6014,.F.);
#6048=ORIENTED_EDGE('',*,*,#6047,.F.);
#6050=ORIENTED_EDGE('',*,*,#6049,.T.);
#6051=EDGE_LOOP('',(#6045,#6046,#6048,#6050));
#6052=FACE_OUTER_BOUND('',#6051,.F.);
#6053=ADVANCED_FACE('',(#6052),#6044,.F.);
#6054=CARTESIAN_POINT('',(-2.625E-1,-3.75E-2,-2.7E-1));
#6055=DIRECTION('',(0.E0,0.E0,1.E0));
#6056=DIRECTION('',(0.E0,-1.E0,0.E0));
#6057=AXIS2_PLACEMENT_3D('',#6054,#6055,#6056);
#6058=PLANE('',#6057);
#6059=ORIENTED_EDGE('',*,*,#6018,.F.);
#6061=ORIENTED_EDGE('',*,*,#6060,.T.);
#6063=ORIENTED_EDGE('',*,*,#6062,.F.);
#6065=ORIENTED_EDGE('',*,*,#6064,.F.);
#6067=ORIENTED_EDGE('',*,*,#6066,.T.);
#6068=ORIENTED_EDGE('',*,*,#6047,.T.);
#6069=EDGE_LOOP('',(#6059,#6061,#6063,#6065,#6067,#6068));
#6070=FACE_OUTER_BOUND('',#6069,.F.);
#6071=ADVANCED_FACE('',(#6070),#6058,.T.);
#6072=CARTESIAN_POINT('',(-2.375E-1,0.E0,0.E0));
#6073=DIRECTION('',(1.E0,0.E0,0.E0));
#6074=DIRECTION('',(0.E0,0.E0,-1.E0));
#6075=AXIS2_PLACEMENT_3D('',#6072,#6073,#6074);
#6076=PLANE('',#6075);
#6077=ORIENTED_EDGE('',*,*,#4613,.T.);
#6079=ORIENTED_EDGE('',*,*,#6078,.F.);
#6081=ORIENTED_EDGE('',*,*,#6080,.F.);
#6082=ORIENTED_EDGE('',*,*,#6060,.F.);
#6083=EDGE_LOOP('',(#6077,#6079,#6081,#6082));
#6084=FACE_OUTER_BOUND('',#6083,.F.);
#6085=ADVANCED_FACE('',(#6084),#6076,.T.);
#6086=CARTESIAN_POINT('',(-2.375E-1,0.E0,0.E0));
#6087=DIRECTION('',(1.E0,0.E0,0.E0));
#6088=DIRECTION('',(0.E0,0.E0,-1.E0));
#6089=AXIS2_PLACEMENT_3D('',#6086,#6087,#6088);
#6090=PLANE('',#6089);
#6091=ORIENTED_EDGE('',*,*,#4390,.F.);
#6093=ORIENTED_EDGE('',*,*,#6092,.F.);
#6095=ORIENTED_EDGE('',*,*,#6094,.F.);
#6097=ORIENTED_EDGE('',*,*,#6096,.F.);
#6098=EDGE_LOOP('',(#6091,#6093,#6095,#6097));
#6099=FACE_OUTER_BOUND('',#6098,.F.);
#6100=ADVANCED_FACE('',(#6099),#6090,.T.);
#6101=CARTESIAN_POINT('',(-2.625E-1,-2.45E-1,-2.95E-1));
#6102=DIRECTION('',(0.E0,0.E0,-1.E0));
#6103=DIRECTION('',(0.E0,1.E0,0.E0));
#6104=AXIS2_PLACEMENT_3D('',#6101,#6102,#6103);
#6105=PLANE('',#6104);
#6106=ORIENTED_EDGE('',*,*,#6028,.T.);
#6108=ORIENTED_EDGE('',*,*,#6107,.F.);
#6110=ORIENTED_EDGE('',*,*,#6109,.F.);
#6112=ORIENTED_EDGE('',*,*,#6111,.F.);
#6114=ORIENTED_EDGE('',*,*,#6113,.T.);
#6115=ORIENTED_EDGE('',*,*,#6078,.T.);
#6116=EDGE_LOOP('',(#6106,#6108,#6110,#6112,#6114,#6115));
#6117=FACE_OUTER_BOUND('',#6116,.F.);
#6118=ADVANCED_FACE('',(#6117),#6105,.T.);
#6119=CARTESIAN_POINT('',(-2.625E-1,-3.75E-2,-2.45E-1));
#6120=DIRECTION('',(1.E0,0.E0,0.E0));
#6121=DIRECTION('',(0.E0,0.E0,-1.E0));
#6122=AXIS2_PLACEMENT_3D('',#6119,#6120,#6121);
#6123=CYLINDRICAL_SURFACE('',#6122,5.E-2);
#6124=ORIENTED_EDGE('',*,*,#4820,.F.);
#6126=ORIENTED_EDGE('',*,*,#6125,.F.);
#6127=ORIENTED_EDGE('',*,*,#6107,.T.);
#6128=ORIENTED_EDGE('',*,*,#6035,.T.);
#6129=EDGE_LOOP('',(#6124,#6126,#6127,#6128));
#6130=FACE_OUTER_BOUND('',#6129,.F.);
#6131=ADVANCED_FACE('',(#6130),#6123,.T.);
#6132=CARTESIAN_POINT('',(-2.625E-1,3.E-2,-2.69E-1));
#6133=DIRECTION('',(1.E0,0.E0,0.E0));
#6134=DIRECTION('',(0.E0,-1.E0,0.E0));
#6135=AXIS2_PLACEMENT_3D('',#6132,#6133,#6134);
#6136=PLANE('',#6135);
#6137=ORIENTED_EDGE('',*,*,#6049,.F.);
#6138=ORIENTED_EDGE('',*,*,#6066,.F.);
#6139=ORIENTED_EDGE('',*,*,#4619,.F.);
#6140=ORIENTED_EDGE('',*,*,#4786,.T.);
#6141=EDGE_LOOP('',(#6137,#6138,#6139,#6140));
#6142=FACE_OUTER_BOUND('',#6141,.F.);
#6143=ADVANCED_FACE('',(#6142),#6136,.T.);
#6144=CARTESIAN_POINT('',(-2.625E-1,3.E-2,-2.69E-1));
#6145=DIRECTION('',(1.E0,0.E0,0.E0));
#6146=DIRECTION('',(0.E0,-1.E0,0.E0));
#6147=AXIS2_PLACEMENT_3D('',#6144,#6145,#6146);
#6148=PLANE('',#6147);
#6149=ORIENTED_EDGE('',*,*,#6109,.T.);
#6150=ORIENTED_EDGE('',*,*,#6125,.T.);
#6151=ORIENTED_EDGE('',*,*,#4818,.T.);
#6153=ORIENTED_EDGE('',*,*,#6152,.T.);
#6155=ORIENTED_EDGE('',*,*,#6154,.T.);
#6156=ORIENTED_EDGE('',*,*,#4623,.F.);
#6157=EDGE_LOOP('',(#6149,#6150,#6151,#6153,#6155,#6156));
#6158=FACE_OUTER_BOUND('',#6157,.F.);
#6159=ADVANCED_FACE('',(#6158),#6148,.T.);
#6160=CARTESIAN_POINT('',(-3.375E-1,3.E-2,-2.69E-1));
#6161=DIRECTION('',(0.E0,1.E0,0.E0));
#6162=DIRECTION('',(1.E0,0.E0,0.E0));
#6163=AXIS2_PLACEMENT_3D('',#6160,#6161,#6162);
#6164=PLANE('',#6163);
#6165=ORIENTED_EDGE('',*,*,#4816,.F.);
#6167=ORIENTED_EDGE('',*,*,#6166,.T.);
#6169=ORIENTED_EDGE('',*,*,#6168,.T.);
#6170=ORIENTED_EDGE('',*,*,#6152,.F.);
#6171=EDGE_LOOP('',(#6165,#6167,#6169,#6170));
#6172=FACE_OUTER_BOUND('',#6171,.F.);
#6173=ADVANCED_FACE('',(#6172),#6164,.T.);
#6174=CARTESIAN_POINT('',(-3.375E-1,-7.E-2,-2.69E-1));
#6175=DIRECTION('',(-1.E0,0.E0,0.E0));
#6176=DIRECTION('',(0.E0,1.E0,0.E0));
#6177=AXIS2_PLACEMENT_3D('',#6174,#6175,#6176);
#6178=PLANE('',#6177);
#6179=ORIENTED_EDGE('',*,*,#4681,.T.);
#6180=ORIENTED_EDGE('',*,*,#4802,.F.);
#6181=ORIENTED_EDGE('',*,*,#4631,.T.);
#6183=ORIENTED_EDGE('',*,*,#6182,.T.);
#6184=EDGE_LOOP('',(#6179,#6180,#6181,#6183));
#6185=FACE_OUTER_BOUND('',#6184,.F.);
#6186=ADVANCED_FACE('',(#6185),#6178,.T.);
#6187=CARTESIAN_POINT('',(-3.375E-1,-7.E-2,-2.69E-1));
#6188=DIRECTION('',(-1.E0,0.E0,0.E0));
#6189=DIRECTION('',(0.E0,1.E0,0.E0));
#6190=AXIS2_PLACEMENT_3D('',#6187,#6188,#6189);
#6191=PLANE('',#6190);
#6193=ORIENTED_EDGE('',*,*,#6192,.F.);
#6194=ORIENTED_EDGE('',*,*,#4627,.T.);
#6196=ORIENTED_EDGE('',*,*,#6195,.T.);
#6197=ORIENTED_EDGE('',*,*,#6166,.F.);
#6198=ORIENTED_EDGE('',*,*,#4814,.F.);
#6200=ORIENTED_EDGE('',*,*,#6199,.F.);
#6201=EDGE_LOOP('',(#6193,#6194,#6196,#6197,#6198,#6200));
#6202=FACE_OUTER_BOUND('',#6201,.F.);
#6203=ADVANCED_FACE('',(#6202),#6191,.T.);
#6204=CARTESIAN_POINT('',(-3.625E-1,-3.75E-2,-2.7E-1));
#6205=DIRECTION('',(0.E0,0.E0,1.E0));
#6206=DIRECTION('',(0.E0,-1.E0,0.E0));
#6207=AXIS2_PLACEMENT_3D('',#6204,#6205,#6206);
#6208=PLANE('',#6207);
#6209=ORIENTED_EDGE('',*,*,#6182,.F.);
#6211=ORIENTED_EDGE('',*,*,#6210,.T.);
#6213=ORIENTED_EDGE('',*,*,#6212,.F.);
#6214=ORIENTED_EDGE('',*,*,#4474,.F.);
#6215=ORIENTED_EDGE('',*,*,#4647,.T.);
#6216=ORIENTED_EDGE('',*,*,#4683,.T.);
#6217=EDGE_LOOP('',(#6209,#6211,#6213,#6214,#6215,#6216));
#6218=FACE_OUTER_BOUND('',#6217,.F.);
#6219=ADVANCED_FACE('',(#6218),#6208,.T.);
#6220=CARTESIAN_POINT('',(-3.375E-1,0.E0,0.E0));
#6221=DIRECTION('',(1.E0,0.E0,0.E0));
#6222=DIRECTION('',(0.E0,0.E0,-1.E0));
#6223=AXIS2_PLACEMENT_3D('',#6220,#6221,#6222);
#6224=PLANE('',#6223);
#6225=ORIENTED_EDGE('',*,*,#4629,.T.);
#6227=ORIENTED_EDGE('',*,*,#6226,.F.);
#6229=ORIENTED_EDGE('',*,*,#6228,.F.);
#6230=ORIENTED_EDGE('',*,*,#6210,.F.);
#6231=EDGE_LOOP('',(#6225,#6227,#6229,#6230));
#6232=FACE_OUTER_BOUND('',#6231,.F.);
#6233=ADVANCED_FACE('',(#6232),#6224,.T.);
#6234=CARTESIAN_POINT('',(-3.375E-1,0.E0,0.E0));
#6235=DIRECTION('',(1.E0,0.E0,0.E0));
#6236=DIRECTION('',(0.E0,0.E0,-1.E0));
#6237=AXIS2_PLACEMENT_3D('',#6234,#6235,#6236);
#6238=PLANE('',#6237);
#6239=ORIENTED_EDGE('',*,*,#4460,.F.);
#6241=ORIENTED_EDGE('',*,*,#6240,.F.);
#6243=ORIENTED_EDGE('',*,*,#6242,.F.);
#6245=ORIENTED_EDGE('',*,*,#6244,.F.);
#6246=EDGE_LOOP('',(#6239,#6241,#6243,#6245));
#6247=FACE_OUTER_BOUND('',#6246,.F.);
#6248=ADVANCED_FACE('',(#6247),#6238,.T.);
#6249=CARTESIAN_POINT('',(-3.625E-1,-2.45E-1,-2.95E-1));
#6250=DIRECTION('',(0.E0,0.E0,-1.E0));
#6251=DIRECTION('',(0.E0,1.E0,0.E0));
#6252=AXIS2_PLACEMENT_3D('',#6249,#6250,#6251);
#6253=PLANE('',#6252);
#6254=ORIENTED_EDGE('',*,*,#6192,.T.);
#6256=ORIENTED_EDGE('',*,*,#6255,.F.);
#6257=ORIENTED_EDGE('',*,*,#4660,.F.);
#6258=ORIENTED_EDGE('',*,*,#4478,.F.);
#6260=ORIENTED_EDGE('',*,*,#6259,.T.);
#6261=ORIENTED_EDGE('',*,*,#6226,.T.);
#6262=EDGE_LOOP('',(#6254,#6256,#6257,#6258,#6260,#6261));
#6263=FACE_OUTER_BOUND('',#6262,.F.);
#6264=ADVANCED_FACE('',(#6263),#6253,.T.);
#6265=CARTESIAN_POINT('',(-3.625E-1,-3.75E-2,-2.45E-1));
#6266=DIRECTION('',(1.E0,0.E0,0.E0));
#6267=DIRECTION('',(0.E0,0.E0,-1.E0));
#6268=AXIS2_PLACEMENT_3D('',#6265,#6266,#6267);
#6269=CYLINDRICAL_SURFACE('',#6268,5.E-2);
#6270=ORIENTED_EDGE('',*,*,#4812,.F.);
#6271=ORIENTED_EDGE('',*,*,#4662,.F.);
#6272=ORIENTED_EDGE('',*,*,#6255,.T.);
#6273=ORIENTED_EDGE('',*,*,#6199,.T.);
#6274=EDGE_LOOP('',(#6270,#6271,#6272,#6273));
#6275=FACE_OUTER_BOUND('',#6274,.F.);
#6276=ADVANCED_FACE('',(#6275),#6269,.T.);
#6277=CARTESIAN_POINT('',(-3.625E-1,-2.45E-1,-2.7E-1));
#6278=DIRECTION('',(0.E0,-1.E0,0.E0));
#6279=DIRECTION('',(0.E0,0.E0,-1.E0));
#6280=AXIS2_PLACEMENT_3D('',#6277,#6278,#6279);
#6281=PLANE('',#6280);
#6282=ORIENTED_EDGE('',*,*,#4476,.F.);
#6283=ORIENTED_EDGE('',*,*,#6212,.T.);
#6284=ORIENTED_EDGE('',*,*,#6228,.T.);
#6285=ORIENTED_EDGE('',*,*,#6259,.F.);
#6286=EDGE_LOOP('',(#6282,#6283,#6284,#6285));
#6287=FACE_OUTER_BOUND('',#6286,.F.);
#6288=ADVANCED_FACE('',(#6287),#6281,.T.);
#6289=CARTESIAN_POINT('',(-3.625E-1,-1.25E-2,1.15E-1));
#6290=DIRECTION('',(0.E0,-1.E0,0.E0));
#6291=DIRECTION('',(0.E0,0.E0,-1.E0));
#6292=AXIS2_PLACEMENT_3D('',#6289,#6290,#6291);
#6293=PLANE('',#6292);
#6294=ORIENTED_EDGE('',*,*,#4458,.F.);
#6295=ORIENTED_EDGE('',*,*,#4493,.F.);
#6297=ORIENTED_EDGE('',*,*,#6296,.T.);
#6298=ORIENTED_EDGE('',*,*,#6240,.T.);
#6299=EDGE_LOOP('',(#6294,#6295,#6297,#6298));
#6300=FACE_OUTER_BOUND('',#6299,.F.);
#6301=ADVANCED_FACE('',(#6300),#6293,.T.);
#6302=CARTESIAN_POINT('',(-3.625E-1,1.25E-2,1.15E-1));
#6303=DIRECTION('',(0.E0,0.E0,1.E0));
#6304=DIRECTION('',(0.E0,-1.E0,0.E0));
#6305=AXIS2_PLACEMENT_3D('',#6302,#6303,#6304);
#6306=PLANE('',#6305);
#6307=ORIENTED_EDGE('',*,*,#4491,.F.);
#6309=ORIENTED_EDGE('',*,*,#6308,.T.);
#6310=ORIENTED_EDGE('',*,*,#6242,.T.);
#6311=ORIENTED_EDGE('',*,*,#6296,.F.);
#6312=EDGE_LOOP('',(#6307,#6309,#6310,#6311));
#6313=FACE_OUTER_BOUND('',#6312,.F.);
#6314=ADVANCED_FACE('',(#6313),#6306,.T.);
#6315=CARTESIAN_POINT('',(-3.625E-1,1.25E-2,-2.45E-1));
#6316=DIRECTION('',(0.E0,1.E0,0.E0));
#6317=DIRECTION('',(0.E0,0.E0,1.E0));
#6318=AXIS2_PLACEMENT_3D('',#6315,#6316,#6317);
#6319=PLANE('',#6318);
#6320=ORIENTED_EDGE('',*,*,#4462,.T.);
#6321=ORIENTED_EDGE('',*,*,#6244,.T.);
#6322=ORIENTED_EDGE('',*,*,#6308,.F.);
#6323=ORIENTED_EDGE('',*,*,#4489,.F.);
#6324=EDGE_LOOP('',(#6320,#6321,#6322,#6323));
#6325=FACE_OUTER_BOUND('',#6324,.F.);
#6326=ADVANCED_FACE('',(#6325),#6319,.T.);
#6327=CARTESIAN_POINT('',(0.E0,0.E0,-3.1E-1));
#6328=DIRECTION('',(0.E0,0.E0,1.E0));
#6329=DIRECTION('',(1.E0,0.E0,0.E0));
#6330=AXIS2_PLACEMENT_3D('',#6327,#6328,#6329);
#6331=PLANE('',#6330);
#6332=ORIENTED_EDGE('',*,*,#6154,.F.);
#6333=ORIENTED_EDGE('',*,*,#6168,.F.);
#6334=ORIENTED_EDGE('',*,*,#6195,.F.);
#6335=ORIENTED_EDGE('',*,*,#4625,.F.);
#6336=EDGE_LOOP('',(#6332,#6333,#6334,#6335));
#6337=FACE_OUTER_BOUND('',#6336,.F.);
#6338=ADVANCED_FACE('',(#6337),#6331,.F.);
#6339=CARTESIAN_POINT('',(-2.625E-1,0.E0,0.E0));
#6340=DIRECTION('',(1.E0,0.E0,0.E0));
#6341=DIRECTION('',(0.E0,0.E0,-1.E0));
#6342=AXIS2_PLACEMENT_3D('',#6339,#6340,#6341);
#6343=PLANE('',#6342);
#6344=ORIENTED_EDGE('',*,*,#4621,.F.);
#6345=ORIENTED_EDGE('',*,*,#6064,.T.);
#6347=ORIENTED_EDGE('',*,*,#6346,.T.);
#6348=ORIENTED_EDGE('',*,*,#6111,.T.);
#6349=EDGE_LOOP('',(#6344,#6345,#6347,#6348));
#6350=FACE_OUTER_BOUND('',#6349,.F.);
#6351=ADVANCED_FACE('',(#6350),#6343,.F.);
#6352=CARTESIAN_POINT('',(-2.625E-1,0.E0,0.E0));
#6353=DIRECTION('',(1.E0,0.E0,0.E0));
#6354=DIRECTION('',(0.E0,0.E0,-1.E0));
#6355=AXIS2_PLACEMENT_3D('',#6352,#6353,#6354);
#6356=PLANE('',#6355);
#6357=ORIENTED_EDGE('',*,*,#4386,.T.);
#6359=ORIENTED_EDGE('',*,*,#6358,.T.);
#6361=ORIENTED_EDGE('',*,*,#6360,.T.);
#6363=ORIENTED_EDGE('',*,*,#6362,.T.);
#6364=EDGE_LOOP('',(#6357,#6359,#6361,#6363));
#6365=FACE_OUTER_BOUND('',#6364,.F.);
#6366=ADVANCED_FACE('',(#6365),#6356,.F.);
#6367=CARTESIAN_POINT('',(-2.625E-1,-2.45E-1,-2.7E-1));
#6368=DIRECTION('',(0.E0,-1.E0,0.E0));
#6369=DIRECTION('',(0.E0,0.E0,-1.E0));
#6370=AXIS2_PLACEMENT_3D('',#6367,#6368,#6369);
#6371=PLANE('',#6370);
#6372=ORIENTED_EDGE('',*,*,#6346,.F.);
#6373=ORIENTED_EDGE('',*,*,#6062,.T.);
#6374=ORIENTED_EDGE('',*,*,#6080,.T.);
#6375=ORIENTED_EDGE('',*,*,#6113,.F.);
#6376=EDGE_LOOP('',(#6372,#6373,#6374,#6375));
#6377=FACE_OUTER_BOUND('',#6376,.F.);
#6378=ADVANCED_FACE('',(#6377),#6371,.T.);
#6379=CARTESIAN_POINT('',(-2.625E-1,1.25E-2,-2.45E-1));
#6380=DIRECTION('',(0.E0,1.E0,0.E0));
#6381=DIRECTION('',(0.E0,0.E0,1.E0));
#6382=AXIS2_PLACEMENT_3D('',#6379,#6380,#6381);
#6383=PLANE('',#6382);
#6384=ORIENTED_EDGE('',*,*,#4392,.T.);
#6385=ORIENTED_EDGE('',*,*,#6096,.T.);
#6387=ORIENTED_EDGE('',*,*,#6386,.F.);
#6388=ORIENTED_EDGE('',*,*,#6358,.F.);
#6389=EDGE_LOOP('',(#6384,#6385,#6387,#6388));
#6390=FACE_OUTER_BOUND('',#6389,.F.);
#6391=ADVANCED_FACE('',(#6390),#6383,.T.);
#6392=CARTESIAN_POINT('',(-2.625E-1,1.25E-2,1.15E-1));
#6393=DIRECTION('',(0.E0,0.E0,1.E0));
#6394=DIRECTION('',(0.E0,-1.E0,0.E0));
#6395=AXIS2_PLACEMENT_3D('',#6392,#6393,#6394);
#6396=PLANE('',#6395);
#6397=ORIENTED_EDGE('',*,*,#6360,.F.);
#6398=ORIENTED_EDGE('',*,*,#6386,.T.);
#6399=ORIENTED_EDGE('',*,*,#6094,.T.);
#6401=ORIENTED_EDGE('',*,*,#6400,.F.);
#6402=EDGE_LOOP('',(#6397,#6398,#6399,#6401));
#6403=FACE_OUTER_BOUND('',#6402,.F.);
#6404=ADVANCED_FACE('',(#6403),#6396,.T.);
#6405=CARTESIAN_POINT('',(-2.625E-1,-1.25E-2,1.15E-1));
#6406=DIRECTION('',(0.E0,-1.E0,0.E0));
#6407=DIRECTION('',(0.E0,0.E0,-1.E0));
#6408=AXIS2_PLACEMENT_3D('',#6405,#6406,#6407);
#6409=PLANE('',#6408);
#6410=ORIENTED_EDGE('',*,*,#4388,.F.);
#6411=ORIENTED_EDGE('',*,*,#6362,.F.);
#6412=ORIENTED_EDGE('',*,*,#6400,.T.);
#6413=ORIENTED_EDGE('',*,*,#6092,.T.);
#6414=EDGE_LOOP('',(#6410,#6411,#6412,#6413));
#6415=FACE_OUTER_BOUND('',#6414,.F.);
#6416=ADVANCED_FACE('',(#6415),#6409,.T.);
#6417=CARTESIAN_POINT('',(0.E0,0.E0,-3.1E-1));
#6418=DIRECTION('',(0.E0,0.E0,1.E0));
#6419=DIRECTION('',(1.E0,0.E0,0.E0));
#6420=AXIS2_PLACEMENT_3D('',#6417,#6418,#6419);
#6421=PLANE('',#6420);
#6422=ORIENTED_EDGE('',*,*,#5989,.F.);
#6423=ORIENTED_EDGE('',*,*,#6003,.F.);
#6424=ORIENTED_EDGE('',*,*,#6031,.F.);
#6425=ORIENTED_EDGE('',*,*,#4609,.F.);
#6426=EDGE_LOOP('',(#6422,#6423,#6424,#6425));
#6427=FACE_OUTER_BOUND('',#6426,.F.);
#6428=ADVANCED_FACE('',(#6427),#6421,.F.);
#6429=CARTESIAN_POINT('',(-1.625E-1,0.E0,0.E0));
#6430=DIRECTION('',(1.E0,0.E0,0.E0));
#6431=DIRECTION('',(0.E0,0.E0,-1.E0));
#6432=AXIS2_PLACEMENT_3D('',#6429,#6430,#6431);
#6433=PLANE('',#6432);
#6434=ORIENTED_EDGE('',*,*,#4605,.F.);
#6435=ORIENTED_EDGE('',*,*,#5899,.T.);
#6437=ORIENTED_EDGE('',*,*,#6436,.T.);
#6438=ORIENTED_EDGE('',*,*,#5946,.T.);
#6439=EDGE_LOOP('',(#6434,#6435,#6437,#6438));
#6440=FACE_OUTER_BOUND('',#6439,.F.);
#6441=ADVANCED_FACE('',(#6440),#6433,.F.);
#6442=CARTESIAN_POINT('',(-1.625E-1,0.E0,0.E0));
#6443=DIRECTION('',(1.E0,0.E0,0.E0));
#6444=DIRECTION('',(0.E0,0.E0,-1.E0));
#6445=AXIS2_PLACEMENT_3D('',#6442,#6443,#6444);
#6446=PLANE('',#6445);
#6447=ORIENTED_EDGE('',*,*,#4396,.T.);
#6449=ORIENTED_EDGE('',*,*,#6448,.T.);
#6451=ORIENTED_EDGE('',*,*,#6450,.T.);
#6453=ORIENTED_EDGE('',*,*,#6452,.T.);
#6454=EDGE_LOOP('',(#6447,#6449,#6451,#6453));
#6455=FACE_OUTER_BOUND('',#6454,.F.);
#6456=ADVANCED_FACE('',(#6455),#6446,.F.);
#6457=CARTESIAN_POINT('',(-1.625E-1,-2.45E-1,-2.7E-1));
#6458=DIRECTION('',(0.E0,-1.E0,0.E0));
#6459=DIRECTION('',(0.E0,0.E0,-1.E0));
#6460=AXIS2_PLACEMENT_3D('',#6457,#6458,#6459);
#6461=PLANE('',#6460);
#6462=ORIENTED_EDGE('',*,*,#6436,.F.);
#6463=ORIENTED_EDGE('',*,*,#5897,.T.);
#6464=ORIENTED_EDGE('',*,*,#5915,.T.);
#6465=ORIENTED_EDGE('',*,*,#5948,.F.);
#6466=EDGE_LOOP('',(#6462,#6463,#6464,#6465));
#6467=FACE_OUTER_BOUND('',#6466,.F.);
#6468=ADVANCED_FACE('',(#6467),#6461,.T.);
#6469=CARTESIAN_POINT('',(-1.625E-1,1.25E-2,-2.45E-1));
#6470=DIRECTION('',(0.E0,1.E0,0.E0));
#6471=DIRECTION('',(0.E0,0.E0,1.E0));
#6472=AXIS2_PLACEMENT_3D('',#6469,#6470,#6471);
#6473=PLANE('',#6472);
#6474=ORIENTED_EDGE('',*,*,#4402,.T.);
#6475=ORIENTED_EDGE('',*,*,#5931,.T.);
#6477=ORIENTED_EDGE('',*,*,#6476,.F.);
#6478=ORIENTED_EDGE('',*,*,#6448,.F.);
#6479=EDGE_LOOP('',(#6474,#6475,#6477,#6478));
#6480=FACE_OUTER_BOUND('',#6479,.F.);
#6481=ADVANCED_FACE('',(#6480),#6473,.T.);
#6482=CARTESIAN_POINT('',(-1.625E-1,1.25E-2,1.15E-1));
#6483=DIRECTION('',(0.E0,0.E0,1.E0));
#6484=DIRECTION('',(0.E0,-1.E0,0.E0));
#6485=AXIS2_PLACEMENT_3D('',#6482,#6483,#6484);
#6486=PLANE('',#6485);
#6487=ORIENTED_EDGE('',*,*,#6450,.F.);
#6488=ORIENTED_EDGE('',*,*,#6476,.T.);
#6489=ORIENTED_EDGE('',*,*,#5929,.T.);
#6491=ORIENTED_EDGE('',*,*,#6490,.F.);
#6492=EDGE_LOOP('',(#6487,#6488,#6489,#6491));
#6493=FACE_OUTER_BOUND('',#6492,.F.);
#6494=ADVANCED_FACE('',(#6493),#6486,.T.);
#6495=CARTESIAN_POINT('',(-1.625E-1,-1.25E-2,1.15E-1));
#6496=DIRECTION('',(0.E0,-1.E0,0.E0));
#6497=DIRECTION('',(0.E0,0.E0,-1.E0));
#6498=AXIS2_PLACEMENT_3D('',#6495,#6496,#6497);
#6499=PLANE('',#6498);
#6500=ORIENTED_EDGE('',*,*,#4398,.F.);
#6501=ORIENTED_EDGE('',*,*,#6452,.F.);
#6502=ORIENTED_EDGE('',*,*,#6490,.T.);
#6503=ORIENTED_EDGE('',*,*,#5927,.T.);
#6504=EDGE_LOOP('',(#6500,#6501,#6502,#6503));
#6505=FACE_OUTER_BOUND('',#6504,.F.);
#6506=ADVANCED_FACE('',(#6505),#6499,.T.);
#6507=CARTESIAN_POINT('',(0.E0,0.E0,-3.1E-1));
#6508=DIRECTION('',(0.E0,0.E0,1.E0));
#6509=DIRECTION('',(1.E0,0.E0,0.E0));
#6510=AXIS2_PLACEMENT_3D('',#6507,#6508,#6509);
#6511=PLANE('',#6510);
#6512=ORIENTED_EDGE('',*,*,#5824,.F.);
#6513=ORIENTED_EDGE('',*,*,#5838,.F.);
#6514=ORIENTED_EDGE('',*,*,#5866,.F.);
#6515=ORIENTED_EDGE('',*,*,#4593,.F.);
#6516=EDGE_LOOP('',(#6512,#6513,#6514,#6515));
#6517=FACE_OUTER_BOUND('',#6516,.F.);
#6518=ADVANCED_FACE('',(#6517),#6511,.F.);
#6519=CARTESIAN_POINT('',(-6.25E-2,0.E0,0.E0));
#6520=DIRECTION('',(1.E0,0.E0,0.E0));
#6521=DIRECTION('',(0.E0,0.E0,-1.E0));
#6522=AXIS2_PLACEMENT_3D('',#6519,#6520,#6521);
#6523=PLANE('',#6522);
#6524=ORIENTED_EDGE('',*,*,#4589,.F.);
#6525=ORIENTED_EDGE('',*,*,#5734,.T.);
#6527=ORIENTED_EDGE('',*,*,#6526,.T.);
#6528=ORIENTED_EDGE('',*,*,#5781,.T.);
#6529=EDGE_LOOP('',(#6524,#6525,#6527,#6528));
#6530=FACE_OUTER_BOUND('',#6529,.F.);
#6531=ADVANCED_FACE('',(#6530),#6523,.F.);
#6532=CARTESIAN_POINT('',(-6.25E-2,0.E0,0.E0));
#6533=DIRECTION('',(1.E0,0.E0,0.E0));
#6534=DIRECTION('',(0.E0,0.E0,-1.E0));
#6535=AXIS2_PLACEMENT_3D('',#6532,#6533,#6534);
#6536=PLANE('',#6535);
#6537=ORIENTED_EDGE('',*,*,#4406,.T.);
#6539=ORIENTED_EDGE('',*,*,#6538,.T.);
#6541=ORIENTED_EDGE('',*,*,#6540,.T.);
#6543=ORIENTED_EDGE('',*,*,#6542,.T.);
#6544=EDGE_LOOP('',(#6537,#6539,#6541,#6543));
#6545=FACE_OUTER_BOUND('',#6544,.F.);
#6546=ADVANCED_FACE('',(#6545),#6536,.F.);
#6547=CARTESIAN_POINT('',(-6.25E-2,-2.45E-1,-2.7E-1));
#6548=DIRECTION('',(0.E0,-1.E0,0.E0));
#6549=DIRECTION('',(0.E0,0.E0,-1.E0));
#6550=AXIS2_PLACEMENT_3D('',#6547,#6548,#6549);
#6551=PLANE('',#6550);
#6552=ORIENTED_EDGE('',*,*,#6526,.F.);
#6553=ORIENTED_EDGE('',*,*,#5732,.T.);
#6554=ORIENTED_EDGE('',*,*,#5750,.T.);
#6555=ORIENTED_EDGE('',*,*,#5783,.F.);
#6556=EDGE_LOOP('',(#6552,#6553,#6554,#6555));
#6557=FACE_OUTER_BOUND('',#6556,.F.);
#6558=ADVANCED_FACE('',(#6557),#6551,.T.);
#6559=CARTESIAN_POINT('',(-6.25E-2,1.25E-2,-2.45E-1));
#6560=DIRECTION('',(0.E0,1.E0,0.E0));
#6561=DIRECTION('',(0.E0,0.E0,1.E0));
#6562=AXIS2_PLACEMENT_3D('',#6559,#6560,#6561);
#6563=PLANE('',#6562);
#6564=ORIENTED_EDGE('',*,*,#4412,.T.);
#6565=ORIENTED_EDGE('',*,*,#5766,.T.);
#6567=ORIENTED_EDGE('',*,*,#6566,.F.);
#6568=ORIENTED_EDGE('',*,*,#6538,.F.);
#6569=EDGE_LOOP('',(#6564,#6565,#6567,#6568));
#6570=FACE_OUTER_BOUND('',#6569,.F.);
#6571=ADVANCED_FACE('',(#6570),#6563,.T.);
#6572=CARTESIAN_POINT('',(-6.25E-2,1.25E-2,1.15E-1));
#6573=DIRECTION('',(0.E0,0.E0,1.E0));
#6574=DIRECTION('',(0.E0,-1.E0,0.E0));
#6575=AXIS2_PLACEMENT_3D('',#6572,#6573,#6574);
#6576=PLANE('',#6575);
#6577=ORIENTED_EDGE('',*,*,#6540,.F.);
#6578=ORIENTED_EDGE('',*,*,#6566,.T.);
#6579=ORIENTED_EDGE('',*,*,#5764,.T.);
#6581=ORIENTED_EDGE('',*,*,#6580,.F.);
#6582=EDGE_LOOP('',(#6577,#6578,#6579,#6581));
#6583=FACE_OUTER_BOUND('',#6582,.F.);
#6584=ADVANCED_FACE('',(#6583),#6576,.T.);
#6585=CARTESIAN_POINT('',(-6.25E-2,-1.25E-2,1.15E-1));
#6586=DIRECTION('',(0.E0,-1.E0,0.E0));
#6587=DIRECTION('',(0.E0,0.E0,-1.E0));
#6588=AXIS2_PLACEMENT_3D('',#6585,#6586,#6587);
#6589=PLANE('',#6588);
#6590=ORIENTED_EDGE('',*,*,#4408,.F.);
#6591=ORIENTED_EDGE('',*,*,#6542,.F.);
#6592=ORIENTED_EDGE('',*,*,#6580,.T.);
#6593=ORIENTED_EDGE('',*,*,#5762,.T.);
#6594=EDGE_LOOP('',(#6590,#6591,#6592,#6593));
#6595=FACE_OUTER_BOUND('',#6594,.F.);
#6596=ADVANCED_FACE('',(#6595),#6589,.T.);
#6597=CARTESIAN_POINT('',(0.E0,0.E0,-3.1E-1));
#6598=DIRECTION('',(0.E0,0.E0,1.E0));
#6599=DIRECTION('',(1.E0,0.E0,0.E0));
#6600=AXIS2_PLACEMENT_3D('',#6597,#6598,#6599);
#6601=PLANE('',#6600);
#6602=ORIENTED_EDGE('',*,*,#5659,.F.);
#6603=ORIENTED_EDGE('',*,*,#5673,.F.);
#6604=ORIENTED_EDGE('',*,*,#5701,.F.);
#6605=ORIENTED_EDGE('',*,*,#4577,.F.);
#6606=EDGE_LOOP('',(#6602,#6603,#6604,#6605));
#6607=FACE_OUTER_BOUND('',#6606,.F.);
#6608=ADVANCED_FACE('',(#6607),#6601,.F.);
#6609=CARTESIAN_POINT('',(3.75E-2,0.E0,0.E0));
#6610=DIRECTION('',(1.E0,0.E0,0.E0));
#6611=DIRECTION('',(0.E0,0.E0,-1.E0));
#6612=AXIS2_PLACEMENT_3D('',#6609,#6610,#6611);
#6613=PLANE('',#6612);
#6614=ORIENTED_EDGE('',*,*,#4573,.F.);
#6615=ORIENTED_EDGE('',*,*,#5569,.T.);
#6617=ORIENTED_EDGE('',*,*,#6616,.T.);
#6618=ORIENTED_EDGE('',*,*,#5616,.T.);
#6619=EDGE_LOOP('',(#6614,#6615,#6617,#6618));
#6620=FACE_OUTER_BOUND('',#6619,.F.);
#6621=ADVANCED_FACE('',(#6620),#6613,.F.);
#6622=CARTESIAN_POINT('',(3.75E-2,0.E0,0.E0));
#6623=DIRECTION('',(1.E0,0.E0,0.E0));
#6624=DIRECTION('',(0.E0,0.E0,-1.E0));
#6625=AXIS2_PLACEMENT_3D('',#6622,#6623,#6624);
#6626=PLANE('',#6625);
#6627=ORIENTED_EDGE('',*,*,#4416,.T.);
#6629=ORIENTED_EDGE('',*,*,#6628,.T.);
#6631=ORIENTED_EDGE('',*,*,#6630,.T.);
#6633=ORIENTED_EDGE('',*,*,#6632,.T.);
#6634=EDGE_LOOP('',(#6627,#6629,#6631,#6633));
#6635=FACE_OUTER_BOUND('',#6634,.F.);
#6636=ADVANCED_FACE('',(#6635),#6626,.F.);
#6637=CARTESIAN_POINT('',(3.75E-2,-2.45E-1,-2.7E-1));
#6638=DIRECTION('',(0.E0,-1.E0,0.E0));
#6639=DIRECTION('',(0.E0,0.E0,-1.E0));
#6640=AXIS2_PLACEMENT_3D('',#6637,#6638,#6639);
#6641=PLANE('',#6640);
#6642=ORIENTED_EDGE('',*,*,#6616,.F.);
#6643=ORIENTED_EDGE('',*,*,#5567,.T.);
#6644=ORIENTED_EDGE('',*,*,#5585,.T.);
#6645=ORIENTED_EDGE('',*,*,#5618,.F.);
#6646=EDGE_LOOP('',(#6642,#6643,#6644,#6645));
#6647=FACE_OUTER_BOUND('',#6646,.F.);
#6648=ADVANCED_FACE('',(#6647),#6641,.T.);
#6649=CARTESIAN_POINT('',(3.75E-2,1.25E-2,-2.45E-1));
#6650=DIRECTION('',(0.E0,1.E0,0.E0));
#6651=DIRECTION('',(0.E0,0.E0,1.E0));
#6652=AXIS2_PLACEMENT_3D('',#6649,#6650,#6651);
#6653=PLANE('',#6652);
#6654=ORIENTED_EDGE('',*,*,#4422,.T.);
#6655=ORIENTED_EDGE('',*,*,#5601,.T.);
#6657=ORIENTED_EDGE('',*,*,#6656,.F.);
#6658=ORIENTED_EDGE('',*,*,#6628,.F.);
#6659=EDGE_LOOP('',(#6654,#6655,#6657,#6658));
#6660=FACE_OUTER_BOUND('',#6659,.F.);
#6661=ADVANCED_FACE('',(#6660),#6653,.T.);
#6662=CARTESIAN_POINT('',(3.75E-2,1.25E-2,1.15E-1));
#6663=DIRECTION('',(0.E0,0.E0,1.E0));
#6664=DIRECTION('',(0.E0,-1.E0,0.E0));
#6665=AXIS2_PLACEMENT_3D('',#6662,#6663,#6664);
#6666=PLANE('',#6665);
#6667=ORIENTED_EDGE('',*,*,#6630,.F.);
#6668=ORIENTED_EDGE('',*,*,#6656,.T.);
#6669=ORIENTED_EDGE('',*,*,#5599,.T.);
#6671=ORIENTED_EDGE('',*,*,#6670,.F.);
#6672=EDGE_LOOP('',(#6667,#6668,#6669,#6671));
#6673=FACE_OUTER_BOUND('',#6672,.F.);
#6674=ADVANCED_FACE('',(#6673),#6666,.T.);
#6675=CARTESIAN_POINT('',(3.75E-2,-1.25E-2,1.15E-1));
#6676=DIRECTION('',(0.E0,-1.E0,0.E0));
#6677=DIRECTION('',(0.E0,0.E0,-1.E0));
#6678=AXIS2_PLACEMENT_3D('',#6675,#6676,#6677);
#6679=PLANE('',#6678);
#6680=ORIENTED_EDGE('',*,*,#4418,.F.);
#6681=ORIENTED_EDGE('',*,*,#6632,.F.);
#6682=ORIENTED_EDGE('',*,*,#6670,.T.);
#6683=ORIENTED_EDGE('',*,*,#5597,.T.);
#6684=EDGE_LOOP('',(#6680,#6681,#6682,#6683));
#6685=FACE_OUTER_BOUND('',#6684,.F.);
#6686=ADVANCED_FACE('',(#6685),#6679,.T.);
#6687=CARTESIAN_POINT('',(0.E0,0.E0,-3.1E-1));
#6688=DIRECTION('',(0.E0,0.E0,1.E0));
#6689=DIRECTION('',(1.E0,0.E0,0.E0));
#6690=AXIS2_PLACEMENT_3D('',#6687,#6688,#6689);
#6691=PLANE('',#6690);
#6692=ORIENTED_EDGE('',*,*,#5494,.F.);
#6693=ORIENTED_EDGE('',*,*,#5508,.F.);
#6694=ORIENTED_EDGE('',*,*,#5536,.F.);
#6695=ORIENTED_EDGE('',*,*,#4561,.F.);
#6696=EDGE_LOOP('',(#6692,#6693,#6694,#6695));
#6697=FACE_OUTER_BOUND('',#6696,.F.);
#6698=ADVANCED_FACE('',(#6697),#6691,.F.);
#6699=CARTESIAN_POINT('',(1.375E-1,0.E0,0.E0));
#6700=DIRECTION('',(1.E0,0.E0,0.E0));
#6701=DIRECTION('',(0.E0,0.E0,-1.E0));
#6702=AXIS2_PLACEMENT_3D('',#6699,#6700,#6701);
#6703=PLANE('',#6702);
#6704=ORIENTED_EDGE('',*,*,#4557,.F.);
#6705=ORIENTED_EDGE('',*,*,#5404,.T.);
#6707=ORIENTED_EDGE('',*,*,#6706,.T.);
#6708=ORIENTED_EDGE('',*,*,#5451,.T.);
#6709=EDGE_LOOP('',(#6704,#6705,#6707,#6708));
#6710=FACE_OUTER_BOUND('',#6709,.F.);
#6711=ADVANCED_FACE('',(#6710),#6703,.F.);
#6712=CARTESIAN_POINT('',(1.375E-1,0.E0,0.E0));
#6713=DIRECTION('',(1.E0,0.E0,0.E0));
#6714=DIRECTION('',(0.E0,0.E0,-1.E0));
#6715=AXIS2_PLACEMENT_3D('',#6712,#6713,#6714);
#6716=PLANE('',#6715);
#6717=ORIENTED_EDGE('',*,*,#4426,.T.);
#6719=ORIENTED_EDGE('',*,*,#6718,.T.);
#6721=ORIENTED_EDGE('',*,*,#6720,.T.);
#6723=ORIENTED_EDGE('',*,*,#6722,.T.);
#6724=EDGE_LOOP('',(#6717,#6719,#6721,#6723));
#6725=FACE_OUTER_BOUND('',#6724,.F.);
#6726=ADVANCED_FACE('',(#6725),#6716,.F.);
#6727=CARTESIAN_POINT('',(1.375E-1,-2.45E-1,-2.7E-1));
#6728=DIRECTION('',(0.E0,-1.E0,0.E0));
#6729=DIRECTION('',(0.E0,0.E0,-1.E0));
#6730=AXIS2_PLACEMENT_3D('',#6727,#6728,#6729);
#6731=PLANE('',#6730);
#6732=ORIENTED_EDGE('',*,*,#6706,.F.);
#6733=ORIENTED_EDGE('',*,*,#5402,.T.);
#6734=ORIENTED_EDGE('',*,*,#5420,.T.);
#6735=ORIENTED_EDGE('',*,*,#5453,.F.);
#6736=EDGE_LOOP('',(#6732,#6733,#6734,#6735));
#6737=FACE_OUTER_BOUND('',#6736,.F.);
#6738=ADVANCED_FACE('',(#6737),#6731,.T.);
#6739=CARTESIAN_POINT('',(1.375E-1,1.25E-2,-2.45E-1));
#6740=DIRECTION('',(0.E0,1.E0,0.E0));
#6741=DIRECTION('',(0.E0,0.E0,1.E0));
#6742=AXIS2_PLACEMENT_3D('',#6739,#6740,#6741);
#6743=PLANE('',#6742);
#6744=ORIENTED_EDGE('',*,*,#4432,.T.);
#6745=ORIENTED_EDGE('',*,*,#5436,.T.);
#6747=ORIENTED_EDGE('',*,*,#6746,.F.);
#6748=ORIENTED_EDGE('',*,*,#6718,.F.);
#6749=EDGE_LOOP('',(#6744,#6745,#6747,#6748));
#6750=FACE_OUTER_BOUND('',#6749,.F.);
#6751=ADVANCED_FACE('',(#6750),#6743,.T.);
#6752=CARTESIAN_POINT('',(1.375E-1,1.25E-2,1.15E-1));
#6753=DIRECTION('',(0.E0,0.E0,1.E0));
#6754=DIRECTION('',(0.E0,-1.E0,0.E0));
#6755=AXIS2_PLACEMENT_3D('',#6752,#6753,#6754);
#6756=PLANE('',#6755);
#6757=ORIENTED_EDGE('',*,*,#6720,.F.);
#6758=ORIENTED_EDGE('',*,*,#6746,.T.);
#6759=ORIENTED_EDGE('',*,*,#5434,.T.);
#6761=ORIENTED_EDGE('',*,*,#6760,.F.);
#6762=EDGE_LOOP('',(#6757,#6758,#6759,#6761));
#6763=FACE_OUTER_BOUND('',#6762,.F.);
#6764=ADVANCED_FACE('',(#6763),#6756,.T.);
#6765=CARTESIAN_POINT('',(1.375E-1,-1.25E-2,1.15E-1));
#6766=DIRECTION('',(0.E0,-1.E0,0.E0));
#6767=DIRECTION('',(0.E0,0.E0,-1.E0));
#6768=AXIS2_PLACEMENT_3D('',#6765,#6766,#6767);
#6769=PLANE('',#6768);
#6770=ORIENTED_EDGE('',*,*,#4428,.F.);
#6771=ORIENTED_EDGE('',*,*,#6722,.F.);
#6772=ORIENTED_EDGE('',*,*,#6760,.T.);
#6773=ORIENTED_EDGE('',*,*,#5432,.T.);
#6774=EDGE_LOOP('',(#6770,#6771,#6772,#6773));
#6775=FACE_OUTER_BOUND('',#6774,.F.);
#6776=ADVANCED_FACE('',(#6775),#6769,.T.);
#6777=CARTESIAN_POINT('',(0.E0,0.E0,-3.1E-1));
#6778=DIRECTION('',(0.E0,0.E0,1.E0));
#6779=DIRECTION('',(1.E0,0.E0,0.E0));
#6780=AXIS2_PLACEMENT_3D('',#6777,#6778,#6779);
#6781=PLANE('',#6780);
#6782=ORIENTED_EDGE('',*,*,#5329,.F.);
#6783=ORIENTED_EDGE('',*,*,#5343,.F.);
#6784=ORIENTED_EDGE('',*,*,#5371,.F.);
#6785=ORIENTED_EDGE('',*,*,#4545,.F.);
#6786=EDGE_LOOP('',(#6782,#6783,#6784,#6785));
#6787=FACE_OUTER_BOUND('',#6786,.F.);
#6788=ADVANCED_FACE('',(#6787),#6781,.F.);
#6789=CARTESIAN_POINT('',(0.E0,0.E0,-3.1E-1));
#6790=DIRECTION('',(0.E0,0.E0,1.E0));
#6791=DIRECTION('',(1.E0,0.E0,0.E0));
#6792=AXIS2_PLACEMENT_3D('',#6789,#6790,#6791);
#6793=PLANE('',#6792);
#6794=ORIENTED_EDGE('',*,*,#5061,.F.);
#6795=ORIENTED_EDGE('',*,*,#5100,.F.);
#6796=ORIENTED_EDGE('',*,*,#5128,.F.);
#6797=ORIENTED_EDGE('',*,*,#4529,.F.);
#6798=EDGE_LOOP('',(#6794,#6795,#6796,#6797));
#6799=FACE_OUTER_BOUND('',#6798,.F.);
#6800=ADVANCED_FACE('',(#6799),#6793,.F.);
#6801=CARTESIAN_POINT('',(3.375E-1,-3.75E-2,-2.45E-1));
#6802=DIRECTION('',(1.E0,0.E0,0.E0));
#6803=DIRECTION('',(0.E0,0.E0,-1.E0));
#6804=AXIS2_PLACEMENT_3D('',#6801,#6802,#6803);
#6805=CYLINDRICAL_SURFACE('',#6804,2.5E-2);
#6806=ORIENTED_EDGE('',*,*,#4696,.T.);
#6807=ORIENTED_EDGE('',*,*,#4913,.F.);
#6808=ORIENTED_EDGE('',*,*,#5041,.F.);
#6809=ORIENTED_EDGE('',*,*,#5073,.T.);
#6810=EDGE_LOOP('',(#6806,#6807,#6808,#6809));
#6811=FACE_OUTER_BOUND('',#6810,.F.);
#6812=ADVANCED_FACE('',(#6811),#6805,.F.);
#6813=CARTESIAN_POINT('',(3.375E-1,-2.45E-1,-2.7E-1));
#6814=DIRECTION('',(0.E0,-1.E0,0.E0));
#6815=DIRECTION('',(0.E0,0.E0,-1.E0));
#6816=AXIS2_PLACEMENT_3D('',#6813,#6814,#6815);
#6817=PLANE('',#6816);
#6818=ORIENTED_EDGE('',*,*,#5001,.F.);
#6819=ORIENTED_EDGE('',*,*,#5045,.T.);
#6820=ORIENTED_EDGE('',*,*,#4961,.T.);
#6821=ORIENTED_EDGE('',*,*,#4932,.F.);
#6822=EDGE_LOOP('',(#6818,#6819,#6820,#6821));
#6823=FACE_OUTER_BOUND('',#6822,.F.);
#6824=ADVANCED_FACE('',(#6823),#6817,.T.);
#6825=CARTESIAN_POINT('',(0.E0,0.E0,-3.1E-1));
#6826=DIRECTION('',(0.E0,0.E0,1.E0));
#6827=DIRECTION('',(1.E0,0.E0,0.E0));
#6828=AXIS2_PLACEMENT_3D('',#6825,#6826,#6827);
#6829=PLANE('',#6828);
#6831=ORIENTED_EDGE('',*,*,#6830,.F.);
#6833=ORIENTED_EDGE('',*,*,#6832,.F.);
#6834=ORIENTED_EDGE('',*,*,#4894,.F.);
#6835=ORIENTED_EDGE('',*,*,#4513,.F.);
#6836=EDGE_LOOP('',(#6831,#6833,#6834,#6835));
#6837=FACE_OUTER_BOUND('',#6836,.F.);
#6838=ADVANCED_FACE('',(#6837),#6829,.F.);
#6839=CARTESIAN_POINT('',(0.E0,0.E0,-3.1E-1));
#6840=DIRECTION('',(0.E0,0.E0,1.E0));
#6841=DIRECTION('',(1.E0,0.E0,0.E0));
#6842=AXIS2_PLACEMENT_3D('',#6839,#6840,#6841);
#6843=PLANE('',#6842);
#6844=ORIENTED_EDGE('',*,*,#4506,.F.);
#6845=ORIENTED_EDGE('',*,*,#4668,.F.);
#6847=ORIENTED_EDGE('',*,*,#6846,.F.);
#6849=ORIENTED_EDGE('',*,*,#6848,.F.);
#6850=EDGE_LOOP('',(#6844,#6845,#6847,#6849));
#6851=FACE_OUTER_BOUND('',#6850,.F.);
#6852=ADVANCED_FACE('',(#6851),#6843,.F.);
#6853=CARTESIAN_POINT('',(4.15E-1,0.E0,0.E0));
#6854=DIRECTION('',(1.E0,0.E0,0.E0));
#6855=DIRECTION('',(0.E0,0.E0,-1.E0));
#6856=AXIS2_PLACEMENT_3D('',#6853,#6854,#6855);
#6857=PLANE('',#6856);
#6858=ORIENTED_EDGE('',*,*,#4874,.F.);
#6860=ORIENTED_EDGE('',*,*,#6859,.T.);
#6861=ORIENTED_EDGE('',*,*,#6830,.T.);
#6862=ORIENTED_EDGE('',*,*,#4511,.F.);
#6863=ORIENTED_EDGE('',*,*,#3806,.T.);
#6865=ORIENTED_EDGE('',*,*,#6864,.F.);
#6866=EDGE_LOOP('',(#6858,#6860,#6861,#6862,#6863,#6865));
#6867=FACE_OUTER_BOUND('',#6866,.F.);
#6868=ADVANCED_FACE('',(#6867),#6857,.T.);
#6869=CARTESIAN_POINT('',(3.625E-1,3.E-2,-2.69E-1));
#6870=DIRECTION('',(0.E0,1.E0,0.E0));
#6871=DIRECTION('',(1.E0,0.E0,0.E0));
#6872=AXIS2_PLACEMENT_3D('',#6869,#6870,#6871);
#6873=PLANE('',#6872);
#6874=ORIENTED_EDGE('',*,*,#4872,.T.);
#6875=ORIENTED_EDGE('',*,*,#4896,.T.);
#6876=ORIENTED_EDGE('',*,*,#6832,.T.);
#6877=ORIENTED_EDGE('',*,*,#6859,.F.);
#6878=EDGE_LOOP('',(#6874,#6875,#6876,#6877));
#6879=FACE_OUTER_BOUND('',#6878,.F.);
#6880=ADVANCED_FACE('',(#6879),#6873,.T.);
#6881=CARTESIAN_POINT('',(-4.15E-1,7.E-2,-2.69E-1));
#6882=DIRECTION('',(0.E0,1.E0,0.E0));
#6883=DIRECTION('',(0.E0,0.E0,1.E0));
#6884=AXIS2_PLACEMENT_3D('',#6881,#6882,#6883);
#6885=PLANE('',#6884);
#6886=ORIENTED_EDGE('',*,*,#3804,.F.);
#6888=ORIENTED_EDGE('',*,*,#6887,.F.);
#6889=ORIENTED_EDGE('',*,*,#4876,.T.);
#6890=ORIENTED_EDGE('',*,*,#6864,.T.);
#6891=EDGE_LOOP('',(#6886,#6888,#6889,#6890));
#6892=FACE_OUTER_BOUND('',#6891,.F.);
#6893=ADVANCED_FACE('',(#6892),#6885,.T.);
#6894=CARTESIAN_POINT('',(-4.15E-1,0.E0,0.E0));
#6895=DIRECTION('',(1.E0,0.E0,0.E0));
#6896=DIRECTION('',(0.E0,0.E0,-1.E0));
#6897=AXIS2_PLACEMENT_3D('',#6894,#6895,#6896);
#6898=PLANE('',#6897);
#6899=ORIENTED_EDGE('',*,*,#4508,.T.);
#6900=ORIENTED_EDGE('',*,*,#6848,.T.);
#6902=ORIENTED_EDGE('',*,*,#6901,.F.);
#6903=ORIENTED_EDGE('',*,*,#4878,.T.);
#6904=ORIENTED_EDGE('',*,*,#6887,.T.);
#6905=ORIENTED_EDGE('',*,*,#3802,.F.);
#6906=EDGE_LOOP('',(#6899,#6900,#6902,#6903,#6904,#6905));
#6907=FACE_OUTER_BOUND('',#6906,.F.);
#6908=ADVANCED_FACE('',(#6907),#6898,.F.);
#6909=CARTESIAN_POINT('',(-4.15E-1,3.E-2,-2.69E-1));
#6910=DIRECTION('',(0.E0,1.E0,0.E0));
#6911=DIRECTION('',(1.E0,0.E0,0.E0));
#6912=AXIS2_PLACEMENT_3D('',#6909,#6910,#6911);
#6913=PLANE('',#6912);
#6914=ORIENTED_EDGE('',*,*,#4880,.F.);
#6915=ORIENTED_EDGE('',*,*,#6901,.T.);
#6916=ORIENTED_EDGE('',*,*,#6846,.T.);
#6917=ORIENTED_EDGE('',*,*,#4666,.F.);
#6918=EDGE_LOOP('',(#6914,#6915,#6916,#6917));
#6919=FACE_OUTER_BOUND('',#6918,.F.);
#6920=ADVANCED_FACE('',(#6919),#6913,.T.);
#6921=CARTESIAN_POINT('',(-4.1E-1,-6.E-2,2.25E-1));
#6922=DIRECTION('',(0.E0,-1.E0,0.E0));
#6923=DIRECTION('',(1.E0,0.E0,0.E0));
#6924=AXIS2_PLACEMENT_3D('',#6921,#6922,#6923);
#6925=PLANE('',#6924);
#6926=ORIENTED_EDGE('',*,*,#4284,.T.);
#6927=ORIENTED_EDGE('',*,*,#4301,.F.);
#6928=ORIENTED_EDGE('',*,*,#4345,.F.);
#6929=ORIENTED_EDGE('',*,*,#4357,.T.);
#6930=EDGE_LOOP('',(#6926,#6927,#6928,#6929));
#6931=FACE_OUTER_BOUND('',#6930,.F.);
#6932=ADVANCED_FACE('',(#6931),#6925,.F.);
#6933=CARTESIAN_POINT('',(-4.1E-1,-6.E-2,2.25E-1));
#6934=DIRECTION('',(0.E0,-1.E0,0.E0));
#6935=DIRECTION('',(1.E0,0.E0,0.E0));
#6936=AXIS2_PLACEMENT_3D('',#6933,#6934,#6935);
#6937=PLANE('',#6936);
#6939=ORIENTED_EDGE('',*,*,#6938,.F.);
#6940=ORIENTED_EDGE('',*,*,#4379,.T.);
#6942=ORIENTED_EDGE('',*,*,#6941,.F.);
#6943=ORIENTED_EDGE('',*,*,#4313,.F.);
#6944=EDGE_LOOP('',(#6939,#6940,#6942,#6943));
#6945=FACE_OUTER_BOUND('',#6944,.F.);
#6946=ADVANCED_FACE('',(#6945),#6937,.F.);
#6947=CARTESIAN_POINT('',(-4.1E-1,-6.E-2,2.25E-1));
#6948=DIRECTION('',(0.E0,-1.E0,0.E0));
#6949=DIRECTION('',(1.E0,0.E0,0.E0));
#6950=AXIS2_PLACEMENT_3D('',#6947,#6948,#6949);
#6951=PLANE('',#6950);
#6953=ORIENTED_EDGE('',*,*,#6952,.T.);
#6954=ORIENTED_EDGE('',*,*,#4331,.F.);
#6956=ORIENTED_EDGE('',*,*,#6955,.T.);
#6957=ORIENTED_EDGE('',*,*,#4363,.T.);
#6958=EDGE_LOOP('',(#6953,#6954,#6956,#6957));
#6959=FACE_OUTER_BOUND('',#6958,.F.);
#6960=ADVANCED_FACE('',(#6959),#6951,.F.);
#6961=CARTESIAN_POINT('',(3.25E-1,-1.E-1,2.25E-1));
#6962=DIRECTION('',(1.E0,0.E0,0.E0));
#6963=DIRECTION('',(0.E0,1.E0,0.E0));
#6964=AXIS2_PLACEMENT_3D('',#6961,#6962,#6963);
#6965=PLANE('',#6964);
#6966=ORIENTED_EDGE('',*,*,#4219,.F.);
#6967=ORIENTED_EDGE('',*,*,#3896,.T.);
#6968=ORIENTED_EDGE('',*,*,#4381,.T.);
#6969=ORIENTED_EDGE('',*,*,#6938,.T.);
#6970=ORIENTED_EDGE('',*,*,#4311,.F.);
#6971=EDGE_LOOP('',(#6966,#6967,#6968,#6969,#6970));
#6972=FACE_OUTER_BOUND('',#6971,.F.);
#6973=ADVANCED_FACE('',(#6972),#6965,.F.);
#6974=CARTESIAN_POINT('',(4.1E-1,-6.E-2,2.25E-1));
#6975=DIRECTION('',(1.E0,0.E0,0.E0));
#6976=DIRECTION('',(0.E0,1.E0,0.E0));
#6977=AXIS2_PLACEMENT_3D('',#6974,#6975,#6976);
#6978=PLANE('',#6977);
#6979=ORIENTED_EDGE('',*,*,#6941,.T.);
#6980=ORIENTED_EDGE('',*,*,#4377,.T.);
#6982=ORIENTED_EDGE('',*,*,#6981,.F.);
#6984=ORIENTED_EDGE('',*,*,#6983,.F.);
#6985=EDGE_LOOP('',(#6979,#6980,#6982,#6984));
#6986=FACE_OUTER_BOUND('',#6985,.F.);
#6987=ADVANCED_FACE('',(#6986),#6978,.F.);
#6988=CARTESIAN_POINT('',(4.1E-1,6.E-2,2.25E-1));
#6989=DIRECTION('',(0.E0,1.E0,0.E0));
#6990=DIRECTION('',(-1.E0,0.E0,0.E0));
#6991=AXIS2_PLACEMENT_3D('',#6988,#6989,#6990);
#6992=PLANE('',#6991);
#6993=ORIENTED_EDGE('',*,*,#6981,.T.);
#6994=ORIENTED_EDGE('',*,*,#4375,.T.);
#6996=ORIENTED_EDGE('',*,*,#6995,.F.);
#6998=ORIENTED_EDGE('',*,*,#6997,.F.);
#7000=ORIENTED_EDGE('',*,*,#6999,.F.);
#7002=ORIENTED_EDGE('',*,*,#7001,.F.);
#7003=EDGE_LOOP('',(#6993,#6994,#6996,#6998,#7000,#7002));
#7004=FACE_OUTER_BOUND('',#7003,.F.);
#7005=ADVANCED_FACE('',(#7004),#6992,.F.);
#7006=CARTESIAN_POINT('',(6.E-2,6.E-2,2.25E-1));
#7007=DIRECTION('',(1.E0,0.E0,0.E0));
#7008=DIRECTION('',(0.E0,1.E0,0.E0));
#7009=AXIS2_PLACEMENT_3D('',#7006,#7007,#7008);
#7010=PLANE('',#7009);
#7012=ORIENTED_EDGE('',*,*,#7011,.F.);
#7014=ORIENTED_EDGE('',*,*,#7013,.T.);
#7016=ORIENTED_EDGE('',*,*,#7015,.T.);
#7017=ORIENTED_EDGE('',*,*,#6995,.T.);
#7018=ORIENTED_EDGE('',*,*,#4373,.T.);
#7019=EDGE_LOOP('',(#7012,#7014,#7016,#7017,#7018));
#7020=FACE_OUTER_BOUND('',#7019,.F.);
#7021=ADVANCED_FACE('',(#7020),#7010,.F.);
#7022=CARTESIAN_POINT('',(4.5E-1,1.E-1,-2.25E-1));
#7023=DIRECTION('',(0.E0,1.E0,0.E0));
#7024=DIRECTION('',(-1.E0,0.E0,0.E0));
#7025=AXIS2_PLACEMENT_3D('',#7022,#7023,#7024);
#7026=PLANE('',#7025);
#7027=ORIENTED_EDGE('',*,*,#4371,.F.);
#7029=ORIENTED_EDGE('',*,*,#7028,.F.);
#7031=ORIENTED_EDGE('',*,*,#7030,.F.);
#7033=ORIENTED_EDGE('',*,*,#7032,.T.);
#7035=ORIENTED_EDGE('',*,*,#7034,.T.);
#7036=ORIENTED_EDGE('',*,*,#4253,.T.);
#7038=ORIENTED_EDGE('',*,*,#7037,.F.);
#7039=ORIENTED_EDGE('',*,*,#3790,.T.);
#7041=ORIENTED_EDGE('',*,*,#7040,.T.);
#7042=ORIENTED_EDGE('',*,*,#4261,.T.);
#7044=ORIENTED_EDGE('',*,*,#7043,.F.);
#7046=ORIENTED_EDGE('',*,*,#7045,.T.);
#7048=ORIENTED_EDGE('',*,*,#7047,.F.);
#7049=ORIENTED_EDGE('',*,*,#7011,.T.);
#7050=EDGE_LOOP('',(#7027,#7029,#7031,#7033,#7035,#7036,#7038,#7039,#7041,#7042,
#7044,#7046,#7048,#7049));
#7051=FACE_OUTER_BOUND('',#7050,.F.);
#7052=ADVANCED_FACE('',(#7051),#7026,.T.);
#7053=CARTESIAN_POINT('',(-6.E-2,1.E-1,2.25E-1));
#7054=DIRECTION('',(-1.E0,0.E0,0.E0));
#7055=DIRECTION('',(0.E0,-1.E0,0.E0));
#7056=AXIS2_PLACEMENT_3D('',#7053,#7054,#7055);
#7057=PLANE('',#7056);
#7058=ORIENTED_EDGE('',*,*,#7028,.T.);
#7059=ORIENTED_EDGE('',*,*,#4369,.T.);
#7061=ORIENTED_EDGE('',*,*,#7060,.F.);
#7063=ORIENTED_EDGE('',*,*,#7062,.F.);
#7065=ORIENTED_EDGE('',*,*,#7064,.F.);
#7066=EDGE_LOOP('',(#7058,#7059,#7061,#7063,#7065));
#7067=FACE_OUTER_BOUND('',#7066,.F.);
#7068=ADVANCED_FACE('',(#7067),#7057,.F.);
#7069=CARTESIAN_POINT('',(-1.1E-1,6.E-2,2.25E-1));
#7070=DIRECTION('',(0.E0,1.E0,0.E0));
#7071=DIRECTION('',(-1.E0,0.E0,0.E0));
#7072=AXIS2_PLACEMENT_3D('',#7069,#7070,#7071);
#7073=PLANE('',#7072);
#7075=ORIENTED_EDGE('',*,*,#7074,.T.);
#7077=ORIENTED_EDGE('',*,*,#7076,.T.);
#7078=ORIENTED_EDGE('',*,*,#7060,.T.);
#7079=ORIENTED_EDGE('',*,*,#4367,.T.);
#7081=ORIENTED_EDGE('',*,*,#7080,.F.);
#7083=ORIENTED_EDGE('',*,*,#7082,.F.);
#7084=EDGE_LOOP('',(#7075,#7077,#7078,#7079,#7081,#7083));
#7085=FACE_OUTER_BOUND('',#7084,.F.);
#7086=ADVANCED_FACE('',(#7085),#7073,.F.);
#7087=CARTESIAN_POINT('',(-1.1E-1,1.2E-1,2.25E-1));
#7088=DIRECTION('',(-1.E0,0.E0,0.E0));
#7089=DIRECTION('',(0.E0,-1.E0,0.E0));
#7090=AXIS2_PLACEMENT_3D('',#7087,#7088,#7089);
#7091=PLANE('',#7090);
#7093=ORIENTED_EDGE('',*,*,#7092,.T.);
#7095=ORIENTED_EDGE('',*,*,#7094,.T.);
#7096=ORIENTED_EDGE('',*,*,#7074,.F.);
#7098=ORIENTED_EDGE('',*,*,#7097,.F.);
#7100=ORIENTED_EDGE('',*,*,#7099,.T.);
#7102=ORIENTED_EDGE('',*,*,#7101,.F.);
#7103=EDGE_LOOP('',(#7093,#7095,#7096,#7098,#7100,#7102));
#7104=FACE_OUTER_BOUND('',#7103,.F.);
#7105=ADVANCED_FACE('',(#7104),#7091,.F.);
#7106=CARTESIAN_POINT('',(5.7E-1,1.6E-1,7.5E-2));
#7107=DIRECTION('',(0.E0,0.E0,1.E0));
#7108=DIRECTION('',(0.E0,-1.E0,0.E0));
#7109=AXIS2_PLACEMENT_3D('',#7106,#7107,#7108);
#7110=PLANE('',#7109);
#7111=ORIENTED_EDGE('',*,*,#7064,.T.);
#7113=ORIENTED_EDGE('',*,*,#7112,.F.);
#7114=ORIENTED_EDGE('',*,*,#7092,.F.);
#7115=ORIENTED_EDGE('',*,*,#7030,.T.);
#7116=EDGE_LOOP('',(#7111,#7113,#7114,#7115));
#7117=FACE_OUTER_BOUND('',#7116,.F.);
#7118=ADVANCED_FACE('',(#7117),#7110,.T.);
#7119=CARTESIAN_POINT('',(5.7E-1,1.6E-1,7.5E-2));
#7120=DIRECTION('',(0.E0,0.E0,1.E0));
#7121=DIRECTION('',(0.E0,-1.E0,0.E0));
#7122=AXIS2_PLACEMENT_3D('',#7119,#7120,#7121);
#7123=PLANE('',#7122);
#7125=ORIENTED_EDGE('',*,*,#7124,.T.);
#7126=ORIENTED_EDGE('',*,*,#7013,.F.);
#7127=ORIENTED_EDGE('',*,*,#7047,.T.);
#7129=ORIENTED_EDGE('',*,*,#7128,.F.);
#7130=EDGE_LOOP('',(#7125,#7126,#7127,#7129));
#7131=FACE_OUTER_BOUND('',#7130,.F.);
#7132=ADVANCED_FACE('',(#7131),#7123,.T.);
#7133=CARTESIAN_POINT('',(-1.1E-1,8.E-2,7.5E-2));
#7134=DIRECTION('',(0.E0,7.071067811865E-1,-7.071067811865E-1));
#7135=DIRECTION('',(1.E0,0.E0,0.E0));
#7136=AXIS2_PLACEMENT_3D('',#7133,#7134,#7135);
#7137=PLANE('',#7136);
#7138=ORIENTED_EDGE('',*,*,#7112,.T.);
#7139=ORIENTED_EDGE('',*,*,#7062,.T.);
#7140=ORIENTED_EDGE('',*,*,#7076,.F.);
#7141=ORIENTED_EDGE('',*,*,#7094,.F.);
#7142=EDGE_LOOP('',(#7138,#7139,#7140,#7141));
#7143=FACE_OUTER_BOUND('',#7142,.F.);
#7144=ADVANCED_FACE('',(#7143),#7137,.F.);
#7145=CARTESIAN_POINT('',(1.1E-1,8.E-2,7.5E-2));
#7146=DIRECTION('',(0.E0,-7.071067811865E-1,7.071067811865E-1));
#7147=DIRECTION('',(-1.E0,0.E0,0.E0));
#7148=AXIS2_PLACEMENT_3D('',#7145,#7146,#7147);
#7149=PLANE('',#7148);
#7150=ORIENTED_EDGE('',*,*,#7124,.F.);
#7152=ORIENTED_EDGE('',*,*,#7151,.T.);
#7153=ORIENTED_EDGE('',*,*,#6997,.T.);
#7154=ORIENTED_EDGE('',*,*,#7015,.F.);
#7155=EDGE_LOOP('',(#7150,#7152,#7153,#7154));
#7156=FACE_OUTER_BOUND('',#7155,.F.);
#7157=ADVANCED_FACE('',(#7156),#7149,.T.);
#7158=CARTESIAN_POINT('',(1.1E-1,6.E-2,2.25E-1));
#7159=DIRECTION('',(1.E0,0.E0,0.E0));
#7160=DIRECTION('',(0.E0,1.E0,0.E0));
#7161=AXIS2_PLACEMENT_3D('',#7158,#7159,#7160);
#7162=PLANE('',#7161);
#7163=ORIENTED_EDGE('',*,*,#7128,.T.);
#7165=ORIENTED_EDGE('',*,*,#7164,.T.);
#7167=ORIENTED_EDGE('',*,*,#7166,.F.);
#7169=ORIENTED_EDGE('',*,*,#7168,.F.);
#7170=ORIENTED_EDGE('',*,*,#6999,.T.);
#7171=ORIENTED_EDGE('',*,*,#7151,.F.);
#7172=EDGE_LOOP('',(#7163,#7165,#7167,#7169,#7170,#7171));
#7173=FACE_OUTER_BOUND('',#7172,.F.);
#7174=ADVANCED_FACE('',(#7173),#7162,.F.);
#7175=CARTESIAN_POINT('',(5.7E-1,1.6E-1,7.5E-2));
#7176=DIRECTION('',(0.E0,0.E0,1.E0));
#7177=DIRECTION('',(0.E0,-1.E0,0.E0));
#7178=AXIS2_PLACEMENT_3D('',#7175,#7176,#7177);
#7179=PLANE('',#7178);
#7181=ORIENTED_EDGE('',*,*,#7180,.F.);
#7183=ORIENTED_EDGE('',*,*,#7182,.T.);
#7185=ORIENTED_EDGE('',*,*,#7184,.T.);
#7186=ORIENTED_EDGE('',*,*,#7032,.F.);
#7187=ORIENTED_EDGE('',*,*,#7101,.T.);
#7189=ORIENTED_EDGE('',*,*,#7188,.F.);
#7190=EDGE_LOOP('',(#7181,#7183,#7185,#7186,#7187,#7189));
#7191=FACE_OUTER_BOUND('',#7190,.F.);
#7192=ADVANCED_FACE('',(#7191),#7179,.F.);
#7193=CARTESIAN_POINT('',(5.7E-1,1.6E-1,7.5E-2));
#7194=DIRECTION('',(0.E0,0.E0,1.E0));
#7195=DIRECTION('',(0.E0,-1.E0,0.E0));
#7196=AXIS2_PLACEMENT_3D('',#7193,#7194,#7195);
#7197=PLANE('',#7196);
#7199=ORIENTED_EDGE('',*,*,#7198,.T.);
#7201=ORIENTED_EDGE('',*,*,#7200,.F.);
#7202=ORIENTED_EDGE('',*,*,#7164,.F.);
#7203=ORIENTED_EDGE('',*,*,#7045,.F.);
#7205=ORIENTED_EDGE('',*,*,#7204,.T.);
#7207=ORIENTED_EDGE('',*,*,#7206,.T.);
#7208=EDGE_LOOP('',(#7199,#7201,#7202,#7203,#7205,#7207));
#7209=FACE_OUTER_BOUND('',#7208,.F.);
#7210=ADVANCED_FACE('',(#7209),#7197,.F.);
#7211=CARTESIAN_POINT('',(-1.E-1,1.6E-1,7.5E-2));
#7212=DIRECTION('',(-1.E0,0.E0,0.E0));
#7213=DIRECTION('',(0.E0,0.E0,1.E0));
#7214=AXIS2_PLACEMENT_3D('',#7211,#7212,#7213);
#7215=PLANE('',#7214);
#7217=ORIENTED_EDGE('',*,*,#7216,.F.);
#7218=ORIENTED_EDGE('',*,*,#7180,.T.);
#7220=ORIENTED_EDGE('',*,*,#7219,.T.);
#7222=ORIENTED_EDGE('',*,*,#7221,.F.);
#7223=EDGE_LOOP('',(#7217,#7218,#7220,#7222));
#7224=FACE_OUTER_BOUND('',#7223,.F.);
#7225=ADVANCED_FACE('',(#7224),#7215,.F.);
#7226=CARTESIAN_POINT('',(1.4E-1,1.6E-1,-2.25E-1));
#7227=DIRECTION('',(0.E0,1.E0,0.E0));
#7228=DIRECTION('',(-1.E0,0.E0,0.E0));
#7229=AXIS2_PLACEMENT_3D('',#7226,#7227,#7228);
#7230=PLANE('',#7229);
#7231=ORIENTED_EDGE('',*,*,#7216,.T.);
#7233=ORIENTED_EDGE('',*,*,#7232,.T.);
#7235=ORIENTED_EDGE('',*,*,#7234,.T.);
#7237=ORIENTED_EDGE('',*,*,#7236,.T.);
#7239=ORIENTED_EDGE('',*,*,#7238,.F.);
#7240=ORIENTED_EDGE('',*,*,#7206,.F.);
#7242=ORIENTED_EDGE('',*,*,#7241,.T.);
#7243=ORIENTED_EDGE('',*,*,#4257,.T.);
#7245=ORIENTED_EDGE('',*,*,#7244,.F.);
#7246=ORIENTED_EDGE('',*,*,#7182,.F.);
#7247=EDGE_LOOP('',(#7231,#7233,#7235,#7237,#7239,#7240,#7242,#7243,#7245,
#7246));
#7248=FACE_OUTER_BOUND('',#7247,.F.);
#7249=ADVANCED_FACE('',(#7248),#7230,.T.);
#7250=CARTESIAN_POINT('',(-4.7E-2,1.6E-1,1.12E-1));
#7251=DIRECTION('',(0.E0,1.E0,0.E0));
#7252=DIRECTION('',(1.E0,0.E0,0.E0));
#7253=AXIS2_PLACEMENT_3D('',#7250,#7251,#7252);
#7254=CYLINDRICAL_SURFACE('',#7253,5.3E-2);
#7255=ORIENTED_EDGE('',*,*,#7232,.F.);
#7256=ORIENTED_EDGE('',*,*,#7221,.T.);
#7258=ORIENTED_EDGE('',*,*,#7257,.T.);
#7260=ORIENTED_EDGE('',*,*,#7259,.F.);
#7261=EDGE_LOOP('',(#7255,#7256,#7258,#7260));
#7262=FACE_OUTER_BOUND('',#7261,.F.);
#7263=ADVANCED_FACE('',(#7262),#7254,.F.);
#7264=CARTESIAN_POINT('',(1.1E-1,1.2E-1,2.25E-1));
#7265=DIRECTION('',(0.E0,1.E0,0.E0));
#7266=DIRECTION('',(-1.E0,0.E0,0.E0));
#7267=AXIS2_PLACEMENT_3D('',#7264,#7265,#7266);
#7268=PLANE('',#7267);
#7270=ORIENTED_EDGE('',*,*,#7269,.F.);
#7271=ORIENTED_EDGE('',*,*,#7257,.F.);
#7272=ORIENTED_EDGE('',*,*,#7219,.F.);
#7273=ORIENTED_EDGE('',*,*,#7188,.T.);
#7274=ORIENTED_EDGE('',*,*,#7099,.F.);
#7276=ORIENTED_EDGE('',*,*,#7275,.F.);
#7277=ORIENTED_EDGE('',*,*,#7166,.T.);
#7278=ORIENTED_EDGE('',*,*,#7200,.T.);
#7280=ORIENTED_EDGE('',*,*,#7279,.T.);
#7282=ORIENTED_EDGE('',*,*,#7281,.F.);
#7283=EDGE_LOOP('',(#7270,#7271,#7272,#7273,#7274,#7276,#7277,#7278,#7280,
#7282));
#7284=FACE_OUTER_BOUND('',#7283,.F.);
#7285=ADVANCED_FACE('',(#7284),#7268,.F.);
#7286=CARTESIAN_POINT('',(-4.7E-2,1.6E-1,1.65E-1));
#7287=DIRECTION('',(0.E0,0.E0,1.E0));
#7288=DIRECTION('',(1.E0,0.E0,0.E0));
#7289=AXIS2_PLACEMENT_3D('',#7286,#7287,#7288);
#7290=PLANE('',#7289);
#7291=ORIENTED_EDGE('',*,*,#7234,.F.);
#7292=ORIENTED_EDGE('',*,*,#7259,.T.);
#7293=ORIENTED_EDGE('',*,*,#7269,.T.);
#7295=ORIENTED_EDGE('',*,*,#7294,.F.);
#7296=EDGE_LOOP('',(#7291,#7292,#7293,#7295));
#7297=FACE_OUTER_BOUND('',#7296,.F.);
#7298=ADVANCED_FACE('',(#7297),#7290,.F.);
#7299=CARTESIAN_POINT('',(4.7E-2,1.6E-1,1.12E-1));
#7300=DIRECTION('',(0.E0,1.E0,0.E0));
#7301=DIRECTION('',(1.E0,0.E0,0.E0));
#7302=AXIS2_PLACEMENT_3D('',#7299,#7300,#7301);
#7303=CYLINDRICAL_SURFACE('',#7302,5.3E-2);
#7304=ORIENTED_EDGE('',*,*,#7236,.F.);
#7305=ORIENTED_EDGE('',*,*,#7294,.T.);
#7306=ORIENTED_EDGE('',*,*,#7281,.T.);
#7308=ORIENTED_EDGE('',*,*,#7307,.F.);
#7309=EDGE_LOOP('',(#7304,#7305,#7306,#7308));
#7310=FACE_OUTER_BOUND('',#7309,.F.);
#7311=ADVANCED_FACE('',(#7310),#7303,.F.);
#7312=CARTESIAN_POINT('',(1.E-1,1.6E-1,1.12E-1));
#7313=DIRECTION('',(1.E0,0.E0,0.E0));
#7314=DIRECTION('',(0.E0,0.E0,-1.E0));
#7315=AXIS2_PLACEMENT_3D('',#7312,#7313,#7314);
#7316=PLANE('',#7315);
#7317=ORIENTED_EDGE('',*,*,#7238,.T.);
#7318=ORIENTED_EDGE('',*,*,#7307,.T.);
#7319=ORIENTED_EDGE('',*,*,#7279,.F.);
#7320=ORIENTED_EDGE('',*,*,#7198,.F.);
#7321=EDGE_LOOP('',(#7317,#7318,#7319,#7320));
#7322=FACE_OUTER_BOUND('',#7321,.F.);
#7323=ADVANCED_FACE('',(#7322),#7316,.F.);
#7324=CARTESIAN_POINT('',(1.1E-1,1.4E-1,2.25E-1));
#7325=DIRECTION('',(0.E0,-7.071067811865E-1,7.071067811865E-1));
#7326=DIRECTION('',(-1.E0,0.E0,0.E0));
#7327=AXIS2_PLACEMENT_3D('',#7324,#7325,#7326);
#7328=PLANE('',#7327);
#7329=ORIENTED_EDGE('',*,*,#4229,.F.);
#7331=ORIENTED_EDGE('',*,*,#7330,.T.);
#7332=ORIENTED_EDGE('',*,*,#7275,.T.);
#7334=ORIENTED_EDGE('',*,*,#7333,.F.);
#7335=EDGE_LOOP('',(#7329,#7331,#7332,#7334));
#7336=FACE_OUTER_BOUND('',#7335,.F.);
#7337=ADVANCED_FACE('',(#7336),#7328,.T.);
#7338=CARTESIAN_POINT('',(1.3E-1,6.E-2,2.25E-1));
#7339=DIRECTION('',(-7.071067811865E-1,0.E0,7.071067811865E-1));
#7340=DIRECTION('',(0.E0,1.E0,0.E0));
#7341=AXIS2_PLACEMENT_3D('',#7338,#7339,#7340);
#7342=PLANE('',#7341);
#7343=ORIENTED_EDGE('',*,*,#4227,.F.);
#7345=ORIENTED_EDGE('',*,*,#7344,.T.);
#7346=ORIENTED_EDGE('',*,*,#7168,.T.);
#7347=ORIENTED_EDGE('',*,*,#7330,.F.);
#7348=EDGE_LOOP('',(#7343,#7345,#7346,#7347));
#7349=FACE_OUTER_BOUND('',#7348,.F.);
#7350=ADVANCED_FACE('',(#7349),#7342,.T.);
#7351=CARTESIAN_POINT('',(4.1E-1,8.E-2,2.25E-1));
#7352=DIRECTION('',(0.E0,-7.071067811865E-1,7.071067811865E-1));
#7353=DIRECTION('',(-1.E0,0.E0,0.E0));
#7354=AXIS2_PLACEMENT_3D('',#7351,#7352,#7353);
#7355=PLANE('',#7354);
#7356=ORIENTED_EDGE('',*,*,#4225,.F.);
#7358=ORIENTED_EDGE('',*,*,#7357,.T.);
#7359=ORIENTED_EDGE('',*,*,#7001,.T.);
#7360=ORIENTED_EDGE('',*,*,#7344,.F.);
#7361=EDGE_LOOP('',(#7356,#7358,#7359,#7360));
#7362=FACE_OUTER_BOUND('',#7361,.F.);
#7363=ADVANCED_FACE('',(#7362),#7355,.T.);
#7364=CARTESIAN_POINT('',(4.3E-1,-6.E-2,2.25E-1));
#7365=DIRECTION('',(-7.071067811865E-1,0.E0,7.071067811865E-1));
#7366=DIRECTION('',(0.E0,1.E0,0.E0));
#7367=AXIS2_PLACEMENT_3D('',#7364,#7365,#7366);
#7368=PLANE('',#7367);
#7369=ORIENTED_EDGE('',*,*,#4223,.F.);
#7370=ORIENTED_EDGE('',*,*,#4315,.T.);
#7371=ORIENTED_EDGE('',*,*,#6983,.T.);
#7372=ORIENTED_EDGE('',*,*,#7357,.F.);
#7373=EDGE_LOOP('',(#7369,#7370,#7371,#7372));
#7374=FACE_OUTER_BOUND('',#7373,.F.);
#7375=ADVANCED_FACE('',(#7374),#7368,.T.);
#7376=CARTESIAN_POINT('',(-1.3E-1,1.2E-1,2.25E-1));
#7377=DIRECTION('',(7.071067811865E-1,0.E0,7.071067811865E-1));
#7378=DIRECTION('',(0.E0,-1.E0,0.E0));
#7379=AXIS2_PLACEMENT_3D('',#7376,#7377,#7378);
#7380=PLANE('',#7379);
#7381=ORIENTED_EDGE('',*,*,#4231,.F.);
#7382=ORIENTED_EDGE('',*,*,#7333,.T.);
#7383=ORIENTED_EDGE('',*,*,#7097,.T.);
#7385=ORIENTED_EDGE('',*,*,#7384,.F.);
#7386=EDGE_LOOP('',(#7381,#7382,#7383,#7385));
#7387=FACE_OUTER_BOUND('',#7386,.F.);
#7388=ADVANCED_FACE('',(#7387),#7380,.T.);
#7389=CARTESIAN_POINT('',(-1.1E-1,8.E-2,2.25E-1));
#7390=DIRECTION('',(0.E0,-7.071067811865E-1,7.071067811865E-1));
#7391=DIRECTION('',(-1.E0,0.E0,0.E0));
#7392=AXIS2_PLACEMENT_3D('',#7389,#7390,#7391);
#7393=PLANE('',#7392);
#7394=ORIENTED_EDGE('',*,*,#4233,.F.);
#7395=ORIENTED_EDGE('',*,*,#7384,.T.);
#7396=ORIENTED_EDGE('',*,*,#7082,.T.);
#7398=ORIENTED_EDGE('',*,*,#7397,.F.);
#7399=EDGE_LOOP('',(#7394,#7395,#7396,#7398));
#7400=FACE_OUTER_BOUND('',#7399,.F.);
#7401=ADVANCED_FACE('',(#7400),#7393,.T.);
#7402=CARTESIAN_POINT('',(-4.3E-1,6.E-2,2.25E-1));
#7403=DIRECTION('',(7.071067811865E-1,0.E0,7.071067811865E-1));
#7404=DIRECTION('',(0.E0,-1.E0,0.E0));
#7405=AXIS2_PLACEMENT_3D('',#7402,#7403,#7404);
#7406=PLANE('',#7405);
#7407=ORIENTED_EDGE('',*,*,#4235,.F.);
#7408=ORIENTED_EDGE('',*,*,#7397,.T.);
#7410=ORIENTED_EDGE('',*,*,#7409,.T.);
#7411=ORIENTED_EDGE('',*,*,#4329,.F.);
#7412=EDGE_LOOP('',(#7407,#7408,#7410,#7411));
#7413=FACE_OUTER_BOUND('',#7412,.F.);
#7414=ADVANCED_FACE('',(#7413),#7406,.T.);
#7415=CARTESIAN_POINT('',(-4.1E-1,6.E-2,2.25E-1));
#7416=DIRECTION('',(-1.E0,0.E0,0.E0));
#7417=DIRECTION('',(0.E0,-1.E0,0.E0));
#7418=AXIS2_PLACEMENT_3D('',#7415,#7416,#7417);
#7419=PLANE('',#7418);
#7420=ORIENTED_EDGE('',*,*,#7080,.T.);
#7421=ORIENTED_EDGE('',*,*,#4365,.T.);
#7422=ORIENTED_EDGE('',*,*,#6955,.F.);
#7423=ORIENTED_EDGE('',*,*,#7409,.F.);
#7424=EDGE_LOOP('',(#7420,#7421,#7422,#7423));
#7425=FACE_OUTER_BOUND('',#7424,.F.);
#7426=ADVANCED_FACE('',(#7425),#7419,.F.);
#7427=CARTESIAN_POINT('',(1.4E-1,1.E-1,-2.25E-1));
#7428=DIRECTION('',(1.E0,0.E0,0.E0));
#7429=DIRECTION('',(0.E0,1.E0,0.E0));
#7430=AXIS2_PLACEMENT_3D('',#7427,#7428,#7429);
#7431=PLANE('',#7430);
#7432=ORIENTED_EDGE('',*,*,#7204,.F.);
#7433=ORIENTED_EDGE('',*,*,#7043,.T.);
#7434=ORIENTED_EDGE('',*,*,#4259,.T.);
#7435=ORIENTED_EDGE('',*,*,#7241,.F.);
#7436=EDGE_LOOP('',(#7432,#7433,#7434,#7435));
#7437=FACE_OUTER_BOUND('',#7436,.F.);
#7438=ADVANCED_FACE('',(#7437),#7431,.T.);
#7439=CARTESIAN_POINT('',(-1.4E-1,1.6E-1,-2.25E-1));
#7440=DIRECTION('',(-1.E0,0.E0,0.E0));
#7441=DIRECTION('',(0.E0,-1.E0,0.E0));
#7442=AXIS2_PLACEMENT_3D('',#7439,#7440,#7441);
#7443=PLANE('',#7442);
#7444=ORIENTED_EDGE('',*,*,#7184,.F.);
#7445=ORIENTED_EDGE('',*,*,#7244,.T.);
#7446=ORIENTED_EDGE('',*,*,#4255,.T.);
#7447=ORIENTED_EDGE('',*,*,#7034,.F.);
#7448=EDGE_LOOP('',(#7444,#7445,#7446,#7447));
#7449=FACE_OUTER_BOUND('',#7448,.F.);
#7450=ADVANCED_FACE('',(#7449),#7443,.T.);
#7451=CARTESIAN_POINT('',(-4.5E-1,1.E-1,-2.25E-1));
#7452=DIRECTION('',(-1.E0,0.E0,0.E0));
#7453=DIRECTION('',(0.E0,-1.E0,0.E0));
#7454=AXIS2_PLACEMENT_3D('',#7451,#7452,#7453);
#7455=PLANE('',#7454);
#7456=ORIENTED_EDGE('',*,*,#3792,.F.);
#7457=ORIENTED_EDGE('',*,*,#7037,.T.);
#7458=ORIENTED_EDGE('',*,*,#4251,.T.);
#7460=ORIENTED_EDGE('',*,*,#7459,.F.);
#7461=EDGE_LOOP('',(#7456,#7457,#7458,#7460));
#7462=FACE_OUTER_BOUND('',#7461,.F.);
#7463=ADVANCED_FACE('',(#7462),#7455,.T.);
#7464=CARTESIAN_POINT('',(-4.5E-1,-5.E-2,-2.25E-1));
#7465=DIRECTION('',(0.E0,1.E0,0.E0));
#7466=DIRECTION('',(-1.E0,0.E0,0.E0));
#7467=AXIS2_PLACEMENT_3D('',#7464,#7465,#7466);
#7468=PLANE('',#7467);
#7469=ORIENTED_EDGE('',*,*,#3794,.F.);
#7470=ORIENTED_EDGE('',*,*,#7459,.T.);
#7471=ORIENTED_EDGE('',*,*,#4249,.T.);
#7473=ORIENTED_EDGE('',*,*,#7472,.F.);
#7474=EDGE_LOOP('',(#7469,#7470,#7471,#7473));
#7475=FACE_OUTER_BOUND('',#7474,.F.);
#7476=ADVANCED_FACE('',(#7475),#7468,.T.);
#7477=CARTESIAN_POINT('',(-4.75E-1,-5.E-2,-2.25E-1));
#7478=DIRECTION('',(-1.E0,0.E0,0.E0));
#7479=DIRECTION('',(0.E0,-1.E0,0.E0));
#7480=AXIS2_PLACEMENT_3D('',#7477,#7478,#7479);
#7481=PLANE('',#7480);
#7482=ORIENTED_EDGE('',*,*,#3796,.F.);
#7483=ORIENTED_EDGE('',*,*,#7472,.T.);
#7484=ORIENTED_EDGE('',*,*,#4247,.T.);
#7485=ORIENTED_EDGE('',*,*,#3856,.F.);
#7486=EDGE_LOOP('',(#7482,#7483,#7484,#7485));
#7487=FACE_OUTER_BOUND('',#7486,.F.);
#7488=ADVANCED_FACE('',(#7487),#7481,.T.);
#7489=CARTESIAN_POINT('',(4.5E-1,-5.E-2,-2.25E-1));
#7490=DIRECTION('',(1.E0,0.E0,0.E0));
#7491=DIRECTION('',(0.E0,1.E0,0.E0));
#7492=AXIS2_PLACEMENT_3D('',#7489,#7490,#7491);
#7493=PLANE('',#7492);
#7494=ORIENTED_EDGE('',*,*,#3788,.F.);
#7496=ORIENTED_EDGE('',*,*,#7495,.T.);
#7497=ORIENTED_EDGE('',*,*,#4263,.T.);
#7498=ORIENTED_EDGE('',*,*,#7040,.F.);
#7499=EDGE_LOOP('',(#7494,#7496,#7497,#7498));
#7500=FACE_OUTER_BOUND('',#7499,.F.);
#7501=ADVANCED_FACE('',(#7500),#7493,.T.);
#7502=CARTESIAN_POINT('',(4.75E-1,-5.E-2,-2.25E-1));
#7503=DIRECTION('',(0.E0,1.E0,0.E0));
#7504=DIRECTION('',(-1.E0,0.E0,0.E0));
#7505=AXIS2_PLACEMENT_3D('',#7502,#7503,#7504);
#7506=PLANE('',#7505);
#7507=ORIENTED_EDGE('',*,*,#3786,.F.);
#7509=ORIENTED_EDGE('',*,*,#7508,.T.);
#7510=ORIENTED_EDGE('',*,*,#4265,.T.);
#7511=ORIENTED_EDGE('',*,*,#7495,.F.);
#7512=EDGE_LOOP('',(#7507,#7509,#7510,#7511));
#7513=FACE_OUTER_BOUND('',#7512,.F.);
#7514=ADVANCED_FACE('',(#7513),#7506,.T.);
#7515=CARTESIAN_POINT('',(4.75E-1,-1.E-1,-2.25E-1));
#7516=DIRECTION('',(1.E0,0.E0,0.E0));
#7517=DIRECTION('',(0.E0,1.E0,0.E0));
#7518=AXIS2_PLACEMENT_3D('',#7515,#7516,#7517);
#7519=PLANE('',#7518);
#7520=ORIENTED_EDGE('',*,*,#3784,.F.);
#7521=ORIENTED_EDGE('',*,*,#3830,.T.);
#7522=ORIENTED_EDGE('',*,*,#4267,.T.);
#7523=ORIENTED_EDGE('',*,*,#7508,.F.);
#7524=EDGE_LOOP('',(#7520,#7521,#7522,#7523));
#7525=FACE_OUTER_BOUND('',#7524,.F.);
#7526=ADVANCED_FACE('',(#7525),#7519,.T.);
#7527=CARTESIAN_POINT('',(-3.25E-1,-6.E-2,2.25E-1));
#7528=DIRECTION('',(-1.E0,0.E0,0.E0));
#7529=DIRECTION('',(0.E0,-1.E0,0.E0));
#7530=AXIS2_PLACEMENT_3D('',#7527,#7528,#7529);
#7531=PLANE('',#7530);
#7532=ORIENTED_EDGE('',*,*,#4239,.T.);
#7533=ORIENTED_EDGE('',*,*,#4326,.T.);
#7534=ORIENTED_EDGE('',*,*,#6952,.F.);
#7535=ORIENTED_EDGE('',*,*,#4361,.T.);
#7536=ORIENTED_EDGE('',*,*,#3884,.F.);
#7537=EDGE_LOOP('',(#7532,#7533,#7534,#7535,#7536));
#7538=FACE_OUTER_BOUND('',#7537,.F.);
#7539=ADVANCED_FACE('',(#7538),#7531,.F.);
#7540=CARTESIAN_POINT('',(-3.95E-1,-1.15E-1,-2.25E-1));
#7541=DIRECTION('',(7.071067811865E-1,-7.071067811865E-1,0.E0));
#7542=DIRECTION('',(7.071067811865E-1,7.071067811865E-1,0.E0));
#7543=AXIS2_PLACEMENT_3D('',#7540,#7541,#7542);
#7544=PLANE('',#7543);
#7546=ORIENTED_EDGE('',*,*,#7545,.F.);
#7548=ORIENTED_EDGE('',*,*,#7547,.T.);
#7549=ORIENTED_EDGE('',*,*,#4242,.T.);
#7550=ORIENTED_EDGE('',*,*,#3880,.F.);
#7551=EDGE_LOOP('',(#7546,#7548,#7549,#7550));
#7552=FACE_OUTER_BOUND('',#7551,.F.);
#7553=ADVANCED_FACE('',(#7552),#7544,.T.);
#7554=CARTESIAN_POINT('',(-3.95E-1,-1.15E-1,-2.25E-1));
#7555=DIRECTION('',(7.071067811865E-1,-7.071067811865E-1,0.E0));
#7556=DIRECTION('',(7.071067811865E-1,7.071067811865E-1,0.E0));
#7557=AXIS2_PLACEMENT_3D('',#7554,#7555,#7556);
#7558=PLANE('',#7557);
#7560=ORIENTED_EDGE('',*,*,#7559,.T.);
#7561=ORIENTED_EDGE('',*,*,#3915,.F.);
#7562=ORIENTED_EDGE('',*,*,#3774,.F.);
#7564=ORIENTED_EDGE('',*,*,#7563,.T.);
#7565=EDGE_LOOP('',(#7560,#7561,#7562,#7564));
#7566=FACE_OUTER_BOUND('',#7565,.F.);
#7567=ADVANCED_FACE('',(#7566),#7558,.T.);
#7568=CARTESIAN_POINT('',(-4.659042018306E-1,-1.E-1,8.949824768654E-2));
#7569=DIRECTION('',(0.E0,0.E0,-1.E0));
#7570=DIRECTION('',(1.E0,0.E0,0.E0));
#7571=AXIS2_PLACEMENT_3D('',#7568,#7569,#7570);
#7572=PLANE('',#7571);
#7574=ORIENTED_EDGE('',*,*,#7573,.T.);
#7576=ORIENTED_EDGE('',*,*,#7575,.F.);
#7577=ORIENTED_EDGE('',*,*,#3862,.T.);
#7579=ORIENTED_EDGE('',*,*,#7578,.T.);
#7580=ORIENTED_EDGE('',*,*,#7545,.T.);
#7581=ORIENTED_EDGE('',*,*,#3878,.T.);
#7583=ORIENTED_EDGE('',*,*,#7582,.T.);
#7584=EDGE_LOOP('',(#7574,#7576,#7577,#7579,#7580,#7581,#7583));
#7585=FACE_OUTER_BOUND('',#7584,.F.);
#7586=ADVANCED_FACE('',(#7585),#7572,.F.);
#7587=CARTESIAN_POINT('',(-4.022738312638E-1,-1.751330869217E-1,
5.012816894639E-2));
#7588=DIRECTION('',(0.E0,1.E0,0.E0));
#7589=DIRECTION('',(1.E0,0.E0,0.E0));
#7590=AXIS2_PLACEMENT_3D('',#7587,#7588,#7589);
#7591=CONICAL_SURFACE('',#7590,4.493005137804E-2,5.0477E1);
#7593=ORIENTED_EDGE('',*,*,#7592,.F.);
#7595=ORIENTED_EDGE('',*,*,#7594,.F.);
#7597=ORIENTED_EDGE('',*,*,#7596,.F.);
#7599=ORIENTED_EDGE('',*,*,#7598,.F.);
#7600=ORIENTED_EDGE('',*,*,#7573,.F.);
#7602=ORIENTED_EDGE('',*,*,#7601,.F.);
#7604=ORIENTED_EDGE('',*,*,#7603,.F.);
#7606=ORIENTED_EDGE('',*,*,#7605,.F.);
#7608=ORIENTED_EDGE('',*,*,#7607,.F.);
#7610=ORIENTED_EDGE('',*,*,#7609,.T.);
#7612=ORIENTED_EDGE('',*,*,#7611,.F.);
#7614=ORIENTED_EDGE('',*,*,#7613,.F.);
#7615=EDGE_LOOP('',(#7593,#7595,#7597,#7599,#7600,#7602,#7604,#7606,#7608,#7610,
#7612,#7614));
#7616=FACE_OUTER_BOUND('',#7615,.F.);
#7617=ADVANCED_FACE('',(#7616),#7591,.T.);
#7618=CARTESIAN_POINT('',(-4.12E-1,-1.E-1,-3.701752313505E-3));
#7619=DIRECTION('',(8.650113386208E-1,0.E0,5.017523134550E-1));
#7620=DIRECTION('',(-5.017523134550E-1,0.E0,8.650113386208E-1));
#7621=AXIS2_PLACEMENT_3D('',#7618,#7619,#7620);
#7622=PLANE('',#7621);
#7624=ORIENTED_EDGE('',*,*,#7623,.T.);
#7626=ORIENTED_EDGE('',*,*,#7625,.F.);
#7627=ORIENTED_EDGE('',*,*,#3847,.T.);
#7629=ORIENTED_EDGE('',*,*,#7628,.T.);
#7630=ORIENTED_EDGE('',*,*,#7592,.T.);
#7631=EDGE_LOOP('',(#7624,#7626,#7627,#7629,#7630));
#7632=FACE_OUTER_BOUND('',#7631,.F.);
#7633=ADVANCED_FACE('',(#7632),#7622,.F.);
#7634=CARTESIAN_POINT('',(-4.022738312638E-1,-1.831183896645E-1,
5.012816894639E-2));
#7635=DIRECTION('',(0.E0,1.E0,0.E0));
#7636=DIRECTION('',(1.E0,0.E0,0.E0));
#7637=AXIS2_PLACEMENT_3D('',#7634,#7635,#7636);
#7638=CONICAL_SURFACE('',#7637,3.525102343064E-2,5.0477E1);
#7639=ORIENTED_EDGE('',*,*,#7623,.F.);
#7640=ORIENTED_EDGE('',*,*,#7613,.T.);
#7642=ORIENTED_EDGE('',*,*,#7641,.T.);
#7643=ORIENTED_EDGE('',*,*,#7609,.F.);
#7645=ORIENTED_EDGE('',*,*,#7644,.F.);
#7647=ORIENTED_EDGE('',*,*,#7646,.F.);
#7649=ORIENTED_EDGE('',*,*,#7648,.F.);
#7651=ORIENTED_EDGE('',*,*,#7650,.F.);
#7652=EDGE_LOOP('',(#7639,#7640,#7642,#7643,#7645,#7647,#7649,#7651));
#7653=FACE_OUTER_BOUND('',#7652,.F.);
#7654=ADVANCED_FACE('',(#7653),#7638,.T.);
#7655=CARTESIAN_POINT('',(-4.172760581145E-1,-1.996981547168E-1,
5.163228925306E-2));
#7656=CARTESIAN_POINT('',(-4.131923055566E-1,-2.035982092666E-1,
5.122285302664E-2));
#7657=CARTESIAN_POINT('',(-4.078953874656E-1,-2.055258306051E-1,
5.069178506301E-2));
#7658=CARTESIAN_POINT('',(-4.022738312638E-1,-2.051576713838E-1,
5.012816894639E-2));
#7659=CARTESIAN_POINT('',(-4.182286194982E-1,-1.996981547168E-1,
4.213135910496E-2));
#7660=CARTESIAN_POINT('',(-4.138855704355E-1,-2.035982092666E-1,
4.430816878594E-2));
#7661=CARTESIAN_POINT('',(-4.082523262993E-1,-2.055258306051E-1,
4.713164606974E-2));
#7662=CARTESIAN_POINT('',(-4.022738312638E-1,-2.051576713838E-1,
5.012816894639E-2));
#7663=CARTESIAN_POINT('',(-4.118223938189E-1,-1.996981547168E-1,
3.505072923082E-2));
#7664=CARTESIAN_POINT('',(-4.092231819055E-1,-2.035982092666E-1,
3.915495546453E-2));
#7665=CARTESIAN_POINT('',(-4.058518188242E-1,-2.055258306051E-1,
4.447842937212E-2));
#7666=CARTESIAN_POINT('',(-4.022738312638E-1,-2.051576713838E-1,
5.012816894639E-2));
#7667=CARTESIAN_POINT('',(-4.022738312638E-1,-1.996981547168E-1,
3.505072923082E-2));
#7668=CARTESIAN_POINT('',(-4.022738312638E-1,-2.035982092666E-1,
3.915495546453E-2));
#7669=CARTESIAN_POINT('',(-4.022738312638E-1,-2.055258306051E-1,
4.447842937212E-2));
#7670=CARTESIAN_POINT('',(-4.022738312638E-1,-2.051576713838E-1,
5.012816894639E-2));
#7671=CARTESIAN_POINT('',(-3.927252687087E-1,-1.996981547168E-1,
3.505072923082E-2));
#7672=CARTESIAN_POINT('',(-3.953244806221E-1,-2.035982092666E-1,
3.915495546453E-2));
#7673=CARTESIAN_POINT('',(-3.986958437034E-1,-2.055258306051E-1,
4.447842937212E-2));
#7674=CARTESIAN_POINT('',(-4.022738312638E-1,-2.051576713838E-1,
5.012816894639E-2));
#7675=CARTESIAN_POINT('',(-3.863190430294E-1,-1.996981547168E-1,
4.213135910496E-2));
#7676=CARTESIAN_POINT('',(-3.906620920921E-1,-2.035982092666E-1,
4.430816878594E-2));
#7677=CARTESIAN_POINT('',(-3.962953362283E-1,-2.055258306051E-1,
4.713164606974E-2));
#7678=CARTESIAN_POINT('',(-4.022738312638E-1,-2.051576713838E-1,
5.012816894639E-2));
#7679=CARTESIAN_POINT('',(-3.872716044131E-1,-1.996981547168E-1,
5.163228925306E-2));
#7680=CARTESIAN_POINT('',(-3.913553569710E-1,-2.035982092666E-1,
5.122285302664E-2));
#7681=CARTESIAN_POINT('',(-3.966522750620E-1,-2.055258306051E-1,
5.069178506301E-2));
#7682=CARTESIAN_POINT('',(-4.022738312638E-1,-2.051576713838E-1,
5.012816894639E-2));
#7683=(BOUNDED_SURFACE()B_SPLINE_SURFACE(3,3,((#7655,#7656,#7657,#7658),(#7659,
#7660,#7661,#7662),(#7663,#7664,#7665,#7666),(#7667,#7668,#7669,#7670),(#7671,
#7672,#7673,#7674),(#7675,#7676,#7677,#7678),(#7679,#7680,#7681,#7682)),
.UNSPECIFIED.,.F.,.F.,.F.)B_SPLINE_SURFACE_WITH_KNOTS((4,3,4),(4,4),(0.E0,1.E0,
2.E0),(0.E0,1.E0),.UNSPECIFIED.)GEOMETRIC_REPRESENTATION_ITEM()RATIONAL_B_SPLINE_SURFACE(((1.249345201409E0,1.179488387043E0,1.179488387043E0,1.249345201409E0),(
9.752471561570E-1,9.207164632212E-1,9.207164632212E-1,9.752471561570E-1),(
9.752471561570E-1,9.207164632212E-1,9.207164632212E-1,9.752471561570E-1),(
1.249345201409E0,1.179488387043E0,1.179488387043E0,1.249345201409E0),(
9.752471561570E-1,9.207164632212E-1,9.207164632212E-1,9.752471561570E-1),(
9.752471561570E-1,9.207164632212E-1,9.207164632212E-1,9.752471561570E-1),(
1.249345201409E0,1.179488387043E0,1.179488387043E0,1.249345201409E0)))REPRESENTATION_ITEM('')SURFACE());
#7685=ORIENTED_EDGE('',*,*,#7684,.T.);
#7687=ORIENTED_EDGE('',*,*,#7686,.F.);
#7688=ORIENTED_EDGE('',*,*,#7641,.F.);
#7689=EDGE_LOOP('',(#7685,#7687,#7688));
#7690=FACE_OUTER_BOUND('',#7689,.F.);
#7691=ADVANCED_FACE('',(#7690),#7683,.T.);
#7692=CARTESIAN_POINT('',(-3.872716044131E-1,-1.996981547168E-1,
4.862404863971E-2));
#7693=CARTESIAN_POINT('',(-3.913553569710E-1,-2.035982092666E-1,
4.903348486614E-2));
#7694=CARTESIAN_POINT('',(-3.966522750620E-1,-2.055258306051E-1,
4.956455282977E-2));
#7695=CARTESIAN_POINT('',(-4.022738312638E-1,-2.051576713838E-1,
5.012816894639E-2));
#7696=CARTESIAN_POINT('',(-3.863190430294E-1,-1.996981547168E-1,
5.812497878781E-2));
#7697=CARTESIAN_POINT('',(-3.906620920921E-1,-2.035982092666E-1,
5.594816910684E-2));
#7698=CARTESIAN_POINT('',(-3.962953362283E-1,-2.055258306051E-1,
5.312469182304E-2));
#7699=CARTESIAN_POINT('',(-4.022738312638E-1,-2.051576713838E-1,
5.012816894639E-2));
#7700=CARTESIAN_POINT('',(-3.927252687087E-1,-1.996981547168E-1,
6.520560866195E-2));
#7701=CARTESIAN_POINT('',(-3.953244806221E-1,-2.035982092666E-1,
6.110138242824E-2));
#7702=CARTESIAN_POINT('',(-3.986958437034E-1,-2.055258306051E-1,
5.577790852066E-2));
#7703=CARTESIAN_POINT('',(-4.022738312638E-1,-2.051576713838E-1,
5.012816894639E-2));
#7704=CARTESIAN_POINT('',(-4.022738312638E-1,-1.996981547168E-1,
6.520560866195E-2));
#7705=CARTESIAN_POINT('',(-4.022738312638E-1,-2.035982092666E-1,
6.110138242824E-2));
#7706=CARTESIAN_POINT('',(-4.022738312638E-1,-2.055258306051E-1,
5.577790852066E-2));
#7707=CARTESIAN_POINT('',(-4.022738312638E-1,-2.051576713838E-1,
5.012816894639E-2));
#7708=CARTESIAN_POINT('',(-4.118223938189E-1,-1.996981547168E-1,
6.520560866195E-2));
#7709=CARTESIAN_POINT('',(-4.092231819055E-1,-2.035982092666E-1,
6.110138242824E-2));
#7710=CARTESIAN_POINT('',(-4.058518188242E-1,-2.055258306051E-1,
5.577790852066E-2));
#7711=CARTESIAN_POINT('',(-4.022738312638E-1,-2.051576713838E-1,
5.012816894639E-2));
#7712=CARTESIAN_POINT('',(-4.182286194982E-1,-1.996981547168E-1,
5.812497878781E-2));
#7713=CARTESIAN_POINT('',(-4.138855704355E-1,-2.035982092666E-1,
5.594816910684E-2));
#7714=CARTESIAN_POINT('',(-4.082523262993E-1,-2.055258306051E-1,
5.312469182304E-2));
#7715=CARTESIAN_POINT('',(-4.022738312638E-1,-2.051576713838E-1,
5.012816894639E-2));
#7716=CARTESIAN_POINT('',(-4.172760581145E-1,-1.996981547168E-1,
4.862404863971E-2));
#7717=CARTESIAN_POINT('',(-4.131923055566E-1,-2.035982092666E-1,
4.903348486614E-2));
#7718=CARTESIAN_POINT('',(-4.078953874656E-1,-2.055258306051E-1,
4.956455282977E-2));
#7719=CARTESIAN_POINT('',(-4.022738312638E-1,-2.051576713838E-1,
5.012816894639E-2));
#7720=(BOUNDED_SURFACE()B_SPLINE_SURFACE(3,3,((#7692,#7693,#7694,#7695),(#7696,
#7697,#7698,#7699),(#7700,#7701,#7702,#7703),(#7704,#7705,#7706,#7707),(#7708,
#7709,#7710,#7711),(#7712,#7713,#7714,#7715),(#7716,#7717,#7718,#7719)),
.UNSPECIFIED.,.F.,.F.,.F.)B_SPLINE_SURFACE_WITH_KNOTS((4,3,4),(4,4),(0.E0,1.E0,
2.E0),(0.E0,1.E0),.UNSPECIFIED.)GEOMETRIC_REPRESENTATION_ITEM()RATIONAL_B_SPLINE_SURFACE(((1.249345201409E0,1.179488387043E0,1.179488387043E0,1.249345201409E0),(
9.752471561570E-1,9.207164632212E-1,9.207164632212E-1,9.752471561570E-1),(
9.752471561570E-1,9.207164632212E-1,9.207164632212E-1,9.752471561570E-1),(
1.249345201409E0,1.179488387043E0,1.179488387043E0,1.249345201409E0),(
9.752471561570E-1,9.207164632212E-1,9.207164632212E-1,9.752471561570E-1),(
9.752471561570E-1,9.207164632212E-1,9.207164632212E-1,9.752471561570E-1),(
1.249345201409E0,1.179488387043E0,1.179488387043E0,1.249345201409E0)))REPRESENTATION_ITEM('')SURFACE());
#7721=ORIENTED_EDGE('',*,*,#7684,.F.);
#7722=ORIENTED_EDGE('',*,*,#7611,.T.);
#7723=ORIENTED_EDGE('',*,*,#7686,.T.);
#7724=EDGE_LOOP('',(#7721,#7722,#7723));
#7725=FACE_OUTER_BOUND('',#7724,.F.);
#7726=ADVANCED_FACE('',(#7725),#7720,.T.);
#7727=CARTESIAN_POINT('',(-3.578677195967E-1,-1.E-1,8.617329648593E-2));
#7728=DIRECTION('',(-8.650113386208E-1,0.E0,5.017523134550E-1));
#7729=DIRECTION('',(-5.017523134550E-1,0.E0,-8.650113386208E-1));
#7730=AXIS2_PLACEMENT_3D('',#7727,#7728,#7729);
#7731=PLANE('',#7730);
#7732=ORIENTED_EDGE('',*,*,#7644,.T.);
#7733=ORIENTED_EDGE('',*,*,#7607,.T.);
#7735=ORIENTED_EDGE('',*,*,#7734,.F.);
#7736=ORIENTED_EDGE('',*,*,#3917,.T.);
#7737=ORIENTED_EDGE('',*,*,#7559,.F.);
#7739=ORIENTED_EDGE('',*,*,#7738,.T.);
#7741=ORIENTED_EDGE('',*,*,#7740,.T.);
#7742=EDGE_LOOP('',(#7732,#7733,#7735,#7736,#7737,#7739,#7741));
#7743=FACE_OUTER_BOUND('',#7742,.F.);
#7744=ADVANCED_FACE('',(#7743),#7731,.F.);
#7745=CARTESIAN_POINT('',(-3.542530821577E-1,-1.E-1,8.826997732276E-2));
#7746=DIRECTION('',(-5.017523134550E-1,0.E0,8.650113386208E-1));
#7747=DIRECTION('',(-8.650113386208E-1,0.E0,-5.017523134550E-1));
#7748=AXIS2_PLACEMENT_3D('',#7745,#7746,#7747);
#7749=PLANE('',#7748);
#7750=ORIENTED_EDGE('',*,*,#7605,.T.);
#7752=ORIENTED_EDGE('',*,*,#7751,.F.);
#7753=ORIENTED_EDGE('',*,*,#3919,.T.);
#7754=ORIENTED_EDGE('',*,*,#7734,.T.);
#7755=EDGE_LOOP('',(#7750,#7752,#7753,#7754));
#7756=FACE_OUTER_BOUND('',#7755,.F.);
#7757=ADVANCED_FACE('',(#7756),#7749,.F.);
#7758=CARTESIAN_POINT('',(-3.552565867846E-1,-1.E-1,9.E-2));
#7759=DIRECTION('',(-8.650113386208E-1,0.E0,-5.017523134549E-1));
#7760=DIRECTION('',(5.017523134549E-1,0.E0,-8.650113386208E-1));
#7761=AXIS2_PLACEMENT_3D('',#7758,#7759,#7760);
#7762=PLANE('',#7761);
#7763=ORIENTED_EDGE('',*,*,#7603,.T.);
#7765=ORIENTED_EDGE('',*,*,#7764,.F.);
#7766=ORIENTED_EDGE('',*,*,#3921,.T.);
#7767=ORIENTED_EDGE('',*,*,#7751,.T.);
#7768=EDGE_LOOP('',(#7763,#7765,#7766,#7767));
#7769=FACE_OUTER_BOUND('',#7768,.F.);
#7770=ADVANCED_FACE('',(#7769),#7762,.F.);
#7771=CARTESIAN_POINT('',(-3.561215981232E-1,-1.E-1,8.949824768654E-2));
#7772=DIRECTION('',(5.017523134549E-1,0.E0,-8.650113386208E-1));
#7773=DIRECTION('',(8.650113386208E-1,0.E0,5.017523134549E-1));
#7774=AXIS2_PLACEMENT_3D('',#7771,#7772,#7773);
#7775=PLANE('',#7774);
#7776=ORIENTED_EDGE('',*,*,#7601,.T.);
#7777=ORIENTED_EDGE('',*,*,#7582,.F.);
#7778=ORIENTED_EDGE('',*,*,#3923,.T.);
#7779=ORIENTED_EDGE('',*,*,#7764,.T.);
#7780=EDGE_LOOP('',(#7776,#7777,#7778,#7779));
#7781=FACE_OUTER_BOUND('',#7780,.F.);
#7782=ADVANCED_FACE('',(#7781),#7775,.F.);
#7783=CARTESIAN_POINT('',(-4.1E-1,-1.E-1,-2.25E-1));
#7784=DIRECTION('',(-7.071067811865E-1,-7.071067811865E-1,0.E0));
#7785=DIRECTION('',(7.071067811865E-1,-7.071067811865E-1,0.E0));
#7786=AXIS2_PLACEMENT_3D('',#7783,#7784,#7785);
#7787=PLANE('',#7786);
#7788=ORIENTED_EDGE('',*,*,#7578,.F.);
#7789=ORIENTED_EDGE('',*,*,#3860,.T.);
#7790=ORIENTED_EDGE('',*,*,#4244,.T.);
#7791=ORIENTED_EDGE('',*,*,#7547,.F.);
#7792=EDGE_LOOP('',(#7788,#7789,#7790,#7791));
#7793=FACE_OUTER_BOUND('',#7792,.F.);
#7794=ADVANCED_FACE('',(#7793),#7787,.T.);
#7795=CARTESIAN_POINT('',(-4.1E-1,-1.E-1,-2.25E-1));
#7796=DIRECTION('',(-7.071067811865E-1,-7.071067811865E-1,0.E0));
#7797=DIRECTION('',(7.071067811865E-1,-7.071067811865E-1,0.E0));
#7798=AXIS2_PLACEMENT_3D('',#7795,#7796,#7797);
#7799=PLANE('',#7798);
#7800=ORIENTED_EDGE('',*,*,#7738,.F.);
#7801=ORIENTED_EDGE('',*,*,#7563,.F.);
#7802=ORIENTED_EDGE('',*,*,#3772,.F.);
#7803=ORIENTED_EDGE('',*,*,#3853,.T.);
#7805=ORIENTED_EDGE('',*,*,#7804,.F.);
#7806=EDGE_LOOP('',(#7800,#7801,#7802,#7803,#7805));
#7807=FACE_OUTER_BOUND('',#7806,.F.);
#7808=ADVANCED_FACE('',(#7807),#7799,.T.);
#7809=CARTESIAN_POINT('',(-4.1E-1,-1.E-1,-3.701752313505E-3));
#7810=DIRECTION('',(-1.E0,0.E0,0.E0));
#7811=DIRECTION('',(0.E0,0.E0,-1.E0));
#7812=AXIS2_PLACEMENT_3D('',#7809,#7810,#7811);
#7813=PLANE('',#7812);
#7814=ORIENTED_EDGE('',*,*,#7646,.T.);
#7815=ORIENTED_EDGE('',*,*,#7740,.F.);
#7816=ORIENTED_EDGE('',*,*,#7804,.T.);
#7818=ORIENTED_EDGE('',*,*,#7817,.T.);
#7819=EDGE_LOOP('',(#7814,#7815,#7816,#7818));
#7820=FACE_OUTER_BOUND('',#7819,.F.);
#7821=ADVANCED_FACE('',(#7820),#7813,.F.);
#7822=CARTESIAN_POINT('',(-4.1E-1,-1.E-1,-5.501752313455E-3));
#7823=DIRECTION('',(0.E0,0.E0,1.E0));
#7824=DIRECTION('',(-1.E0,0.E0,0.E0));
#7825=AXIS2_PLACEMENT_3D('',#7822,#7823,#7824);
#7826=PLANE('',#7825);
#7827=ORIENTED_EDGE('',*,*,#7648,.T.);
#7828=ORIENTED_EDGE('',*,*,#7817,.F.);
#7829=ORIENTED_EDGE('',*,*,#3851,.T.);
#7831=ORIENTED_EDGE('',*,*,#7830,.T.);
#7832=EDGE_LOOP('',(#7827,#7828,#7829,#7831));
#7833=FACE_OUTER_BOUND('',#7832,.F.);
#7834=ADVANCED_FACE('',(#7833),#7826,.F.);
#7835=CARTESIAN_POINT('',(-4.12E-1,-1.E-1,-5.501752313455E-3));
#7836=DIRECTION('',(1.E0,0.E0,0.E0));
#7837=DIRECTION('',(0.E0,0.E0,1.E0));
#7838=AXIS2_PLACEMENT_3D('',#7835,#7836,#7837);
#7839=PLANE('',#7838);
#7840=ORIENTED_EDGE('',*,*,#7650,.T.);
#7841=ORIENTED_EDGE('',*,*,#7830,.F.);
#7842=ORIENTED_EDGE('',*,*,#3849,.T.);
#7843=ORIENTED_EDGE('',*,*,#7625,.T.);
#7844=EDGE_LOOP('',(#7840,#7841,#7842,#7843));
#7845=FACE_OUTER_BOUND('',#7844,.F.);
#7846=ADVANCED_FACE('',(#7845),#7839,.F.);
#7847=CARTESIAN_POINT('',(-4.641322804033E-1,-1.E-1,8.617329648593E-2));
#7848=DIRECTION('',(4.982456370797E-1,0.E0,8.670359191700E-1));
#7849=DIRECTION('',(-8.670359191700E-1,0.E0,4.982456370797E-1));
#7850=AXIS2_PLACEMENT_3D('',#7847,#7848,#7849);
#7851=PLANE('',#7850);
#7852=ORIENTED_EDGE('',*,*,#7594,.T.);
#7853=ORIENTED_EDGE('',*,*,#7628,.F.);
#7854=ORIENTED_EDGE('',*,*,#3868,.T.);
#7856=ORIENTED_EDGE('',*,*,#7855,.T.);
#7857=EDGE_LOOP('',(#7852,#7853,#7854,#7856));
#7858=FACE_OUTER_BOUND('',#7857,.F.);
#7859=ADVANCED_FACE('',(#7858),#7851,.F.);
#7860=CARTESIAN_POINT('',(-4.677738312638E-1,-1.E-1,8.826592816166E-2));
#7861=DIRECTION('',(8.670359191700E-1,0.E0,-4.982456370797E-1));
#7862=DIRECTION('',(4.982456370797E-1,0.E0,8.670359191700E-1));
#7863=AXIS2_PLACEMENT_3D('',#7860,#7861,#7862);
#7864=PLANE('',#7863);
#7865=ORIENTED_EDGE('',*,*,#7596,.T.);
#7866=ORIENTED_EDGE('',*,*,#7855,.F.);
#7867=ORIENTED_EDGE('',*,*,#3866,.T.);
#7869=ORIENTED_EDGE('',*,*,#7868,.T.);
#7870=EDGE_LOOP('',(#7865,#7866,#7867,#7869));
#7871=FACE_OUTER_BOUND('',#7870,.F.);
#7872=ADVANCED_FACE('',(#7871),#7864,.F.);
#7873=CARTESIAN_POINT('',(-4.667773399896E-1,-1.E-1,9.E-2));
#7874=DIRECTION('',(-4.982456370797E-1,0.E0,-8.670359191700E-1));
#7875=DIRECTION('',(8.670359191700E-1,0.E0,-4.982456370797E-1));
#7876=AXIS2_PLACEMENT_3D('',#7873,#7874,#7875);
#7877=PLANE('',#7876);
#7878=ORIENTED_EDGE('',*,*,#7598,.T.);
#7879=ORIENTED_EDGE('',*,*,#7868,.F.);
#7880=ORIENTED_EDGE('',*,*,#3864,.T.);
#7881=ORIENTED_EDGE('',*,*,#7575,.T.);
#7882=EDGE_LOOP('',(#7878,#7879,#7880,#7881));
#7883=FACE_OUTER_BOUND('',#7882,.F.);
#7884=ADVANCED_FACE('',(#7883),#7877,.F.);
#7885=CARTESIAN_POINT('',(3.542530821577E-1,-1.E-1,8.826997732276E-2));
#7886=DIRECTION('',(-5.017523134550E-1,0.E0,-8.650113386208E-1));
#7887=DIRECTION('',(8.650113386208E-1,0.E0,-5.017523134550E-1));
#7888=AXIS2_PLACEMENT_3D('',#7885,#7886,#7887);
#7889=PLANE('',#7888);
#7890=ORIENTED_EDGE('',*,*,#4069,.F.);
#7891=ORIENTED_EDGE('',*,*,#4168,.F.);
#7892=ORIENTED_EDGE('',*,*,#3908,.F.);
#7894=ORIENTED_EDGE('',*,*,#7893,.T.);
#7895=EDGE_LOOP('',(#7890,#7891,#7892,#7894));
#7896=FACE_OUTER_BOUND('',#7895,.F.);
#7897=ADVANCED_FACE('',(#7896),#7889,.T.);
#7898=CARTESIAN_POINT('',(3.552565867846E-1,-1.E-1,9.E-2));
#7899=DIRECTION('',(-8.650113386208E-1,0.E0,5.017523134550E-1));
#7900=DIRECTION('',(-5.017523134550E-1,0.E0,-8.650113386208E-1));
#7901=AXIS2_PLACEMENT_3D('',#7898,#7899,#7900);
#7902=PLANE('',#7901);
#7903=ORIENTED_EDGE('',*,*,#4071,.F.);
#7904=ORIENTED_EDGE('',*,*,#7893,.F.);
#7905=ORIENTED_EDGE('',*,*,#3906,.F.);
#7907=ORIENTED_EDGE('',*,*,#7906,.T.);
#7908=EDGE_LOOP('',(#7903,#7904,#7905,#7907));
#7909=FACE_OUTER_BOUND('',#7908,.F.);
#7910=ADVANCED_FACE('',(#7909),#7902,.T.);
#7911=CARTESIAN_POINT('',(3.561215981232E-1,-1.E-1,8.949824768654E-2));
#7912=DIRECTION('',(5.017523134550E-1,0.E0,8.650113386208E-1));
#7913=DIRECTION('',(-8.650113386208E-1,0.E0,5.017523134550E-1));
#7914=AXIS2_PLACEMENT_3D('',#7911,#7912,#7913);
#7915=PLANE('',#7914);
#7916=ORIENTED_EDGE('',*,*,#4073,.F.);
#7917=ORIENTED_EDGE('',*,*,#7906,.F.);
#7918=ORIENTED_EDGE('',*,*,#3904,.F.);
#7919=ORIENTED_EDGE('',*,*,#4045,.T.);
#7920=EDGE_LOOP('',(#7916,#7917,#7918,#7919));
#7921=FACE_OUTER_BOUND('',#7920,.F.);
#7922=ADVANCED_FACE('',(#7921),#7915,.T.);
#7923=CARTESIAN_POINT('',(4.667773399896E-1,-1.E-1,9.E-2));
#7924=DIRECTION('',(-4.982456370797E-1,0.E0,8.670359191700E-1));
#7925=DIRECTION('',(-8.670359191700E-1,0.E0,-4.982456370797E-1));
#7926=AXIS2_PLACEMENT_3D('',#7923,#7924,#7925);
#7927=PLANE('',#7926);
#7928=ORIENTED_EDGE('',*,*,#4076,.F.);
#7929=ORIENTED_EDGE('',*,*,#4052,.F.);
#7930=ORIENTED_EDGE('',*,*,#3822,.F.);
#7932=ORIENTED_EDGE('',*,*,#7931,.T.);
#7933=EDGE_LOOP('',(#7928,#7929,#7930,#7932));
#7934=FACE_OUTER_BOUND('',#7933,.F.);
#7935=ADVANCED_FACE('',(#7934),#7927,.T.);
#7936=CARTESIAN_POINT('',(4.677738312638E-1,-1.E-1,8.826592816166E-2));
#7937=DIRECTION('',(8.670359191700E-1,0.E0,4.982456370797E-1));
#7938=DIRECTION('',(-4.982456370797E-1,0.E0,8.670359191700E-1));
#7939=AXIS2_PLACEMENT_3D('',#7936,#7937,#7938);
#7940=PLANE('',#7939);
#7941=ORIENTED_EDGE('',*,*,#4078,.F.);
#7942=ORIENTED_EDGE('',*,*,#7931,.F.);
#7943=ORIENTED_EDGE('',*,*,#3820,.F.);
#7945=ORIENTED_EDGE('',*,*,#7944,.T.);
#7946=EDGE_LOOP('',(#7941,#7942,#7943,#7945));
#7947=FACE_OUTER_BOUND('',#7946,.F.);
#7948=ADVANCED_FACE('',(#7947),#7940,.T.);
#7949=CARTESIAN_POINT('',(4.641322804033E-1,-1.E-1,8.617329648593E-2));
#7950=DIRECTION('',(4.982456370797E-1,0.E0,-8.670359191700E-1));
#7951=DIRECTION('',(8.670359191700E-1,0.E0,4.982456370797E-1));
#7952=AXIS2_PLACEMENT_3D('',#7949,#7950,#7951);
#7953=PLANE('',#7952);
#7954=ORIENTED_EDGE('',*,*,#4080,.F.);
#7955=ORIENTED_EDGE('',*,*,#7944,.F.);
#7956=ORIENTED_EDGE('',*,*,#3818,.F.);
#7957=ORIENTED_EDGE('',*,*,#3937,.T.);
#7958=EDGE_LOOP('',(#7954,#7955,#7956,#7957));
#7959=FACE_OUTER_BOUND('',#7958,.F.);
#7960=ADVANCED_FACE('',(#7959),#7953,.T.);
#7961=CLOSED_SHELL('',(#3810,#3841,#3872,#3927,#3944,#3967,#3980,#3993,#4007,
#4022,#4037,#4056,#4084,#4121,#4156,#4173,#4186,#4198,#4213,#4275,#4291,#4305,
#4320,#4335,#4350,#4466,#4482,#4497,#4639,#4654,#4673,#4688,#4703,#4718,#4733,
#4748,#4763,#4778,#4793,#4806,#4885,#4903,#4917,#4936,#4951,#4965,#4979,#4993,
#5007,#5020,#5032,#5049,#5066,#5079,#5091,#5105,#5119,#5136,#5150,#5168,#5183,
#5197,#5211,#5225,#5238,#5250,#5264,#5281,#5293,#5306,#5318,#5334,#5348,#5362,
#5379,#5393,#5411,#5425,#5440,#5458,#5471,#5483,#5499,#5513,#5527,#5544,#5558,
#5576,#5590,#5605,#5623,#5636,#5648,#5664,#5678,#5692,#5709,#5723,#5741,#5755,
#5770,#5788,#5801,#5813,#5829,#5843,#5857,#5874,#5888,#5906,#5920,#5935,#5953,
#5966,#5978,#5994,#6008,#6022,#6039,#6053,#6071,#6085,#6100,#6118,#6131,#6143,
#6159,#6173,#6186,#6203,#6219,#6233,#6248,#6264,#6276,#6288,#6301,#6314,#6326,
#6338,#6351,#6366,#6378,#6391,#6404,#6416,#6428,#6441,#6456,#6468,#6481,#6494,
#6506,#6518,#6531,#6546,#6558,#6571,#6584,#6596,#6608,#6621,#6636,#6648,#6661,
#6674,#6686,#6698,#6711,#6726,#6738,#6751,#6764,#6776,#6788,#6800,#6812,#6824,
#6838,#6852,#6868,#6880,#6893,#6908,#6920,#6932,#6946,#6960,#6973,#6987,#7005,
#7021,#7052,#7068,#7086,#7105,#7118,#7132,#7144,#7157,#7174,#7192,#7210,#7225,
#7249,#7263,#7285,#7298,#7311,#7323,#7337,#7350,#7363,#7375,#7388,#7401,#7414,
#7426,#7438,#7450,#7463,#7476,#7488,#7501,#7514,#7526,#7539,#7553,#7567,#7586,
#7617,#7633,#7654,#7691,#7726,#7744,#7757,#7770,#7782,#7794,#7808,#7821,#7834,
#7846,#7859,#7872,#7884,#7897,#7910,#7922,#7935,#7948,#7960));
#7962=MANIFOLD_SOLID_BREP('',#7961);
#7963=CARTESIAN_POINT('',(0.E0,0.E0,0.E0));
#7964=DIRECTION('',(0.E0,0.E0,1.E0));
#7965=DIRECTION('',(1.E0,0.E0,0.E0));
#7966=AXIS2_PLACEMENT_3D('CSYS',#7963,#7964,#7965);
#7967=DIRECTION('',(1.E0,0.E0,0.E0));
#7968=VECTOR('',#7967,3.E-2);
#7969=CARTESIAN_POINT('',(4.1E-1,1.E-1,2.25E-1));
#7970=LINE('',#7969,#7968);
#7973=DIRECTION('',(-2.425356250363E-1,0.E0,-9.701425001453E-1));
#7974=VECTOR('',#7973,6.184658438426E-2);
#7975=CARTESIAN_POINT('',(4.4E-1,1.E-1,2.25E-1));
#7976=LINE('',#7975,#7974);
#7978=DIRECTION('',(-2.425356250363E-1,0.E0,9.701425001453E-1));
#7979=VECTOR('',#7978,6.184658438426E-2);
#7980=CARTESIAN_POINT('',(4.25E-1,1.E-1,1.65E-1));
#7981=LINE('',#7980,#7979);
#7983=DIRECTION('',(0.E0,1.E0,0.E0));
#7984=VECTOR('',#7983,6.6E-2);
#7985=CARTESIAN_POINT('',(4.022738312638E-1,-2.122E-1,5.012816894639E-2));
#7986=LINE('',#7985,#7984);
#7988=DIRECTION('',(0.E0,1.E0,0.E0));
#7989=VECTOR('',#7988,6.6E-2);
#7990=CARTESIAN_POINT('',(-4.022738312638E-1,-2.122E-1,5.012816894639E-2));
#7991=LINE('',#7990,#7989);
#7993=CARTESIAN_POINT('',(3.5E-1,-1.E-1,-2.825E-1));
#7994=DIRECTION('',(0.E0,-1.E0,0.E0));
#7995=DIRECTION('',(-1.E0,0.E0,0.E0));
#7996=AXIS2_PLACEMENT_3D('',#7993,#7994,#7995);
#8000=CARTESIAN_POINT('',(3.5E-1,-1.E-1,-2.825E-1));
#8001=DIRECTION('',(0.E0,-1.E0,0.E0));
#8002=DIRECTION('',(1.E0,0.E0,0.E0));
#8003=AXIS2_PLACEMENT_3D('',#8000,#8001,#8002);
#8008=CARTESIAN_POINT('',(2.5E-1,-1.E-1,-2.825E-1));
#8009=DIRECTION('',(0.E0,-1.E0,0.E0));
#8010=DIRECTION('',(-1.E0,0.E0,0.E0));
#8011=AXIS2_PLACEMENT_3D('',#8008,#8009,#8010);
#8015=CARTESIAN_POINT('',(2.5E-1,-1.E-1,-2.825E-1));
#8016=DIRECTION('',(0.E0,-1.E0,0.E0));
#8017=DIRECTION('',(1.E0,0.E0,0.E0));
#8018=AXIS2_PLACEMENT_3D('',#8015,#8016,#8017);
#8023=CARTESIAN_POINT('',(1.5E-1,-1.E-1,-2.825E-1));
#8024=DIRECTION('',(0.E0,-1.E0,0.E0));
#8025=DIRECTION('',(-1.E0,0.E0,0.E0));
#8026=AXIS2_PLACEMENT_3D('',#8023,#8024,#8025);
#8030=CARTESIAN_POINT('',(1.5E-1,-1.E-1,-2.825E-1));
#8031=DIRECTION('',(0.E0,-1.E0,0.E0));
#8032=DIRECTION('',(1.E0,0.E0,0.E0));
#8033=AXIS2_PLACEMENT_3D('',#8030,#8031,#8032);
#8038=CARTESIAN_POINT('',(5.E-2,-1.E-1,-2.825E-1));
#8039=DIRECTION('',(0.E0,-1.E0,0.E0));
#8040=DIRECTION('',(-1.E0,0.E0,0.E0));
#8041=AXIS2_PLACEMENT_3D('',#8038,#8039,#8040);
#8045=CARTESIAN_POINT('',(5.E-2,-1.E-1,-2.825E-1));
#8046=DIRECTION('',(0.E0,-1.E0,0.E0));
#8047=DIRECTION('',(1.E0,0.E0,0.E0));
#8048=AXIS2_PLACEMENT_3D('',#8045,#8046,#8047);
#8053=CARTESIAN_POINT('',(-5.E-2,-1.E-1,-2.825E-1));
#8054=DIRECTION('',(0.E0,-1.E0,0.E0));
#8055=DIRECTION('',(-1.E0,0.E0,0.E0));
#8056=AXIS2_PLACEMENT_3D('',#8053,#8054,#8055);
#8060=CARTESIAN_POINT('',(-5.E-2,-1.E-1,-2.825E-1));
#8061=DIRECTION('',(0.E0,-1.E0,0.E0));
#8062=DIRECTION('',(1.E0,0.E0,0.E0));
#8063=AXIS2_PLACEMENT_3D('',#8060,#8061,#8062);
#8068=CARTESIAN_POINT('',(-1.5E-1,-1.E-1,-2.825E-1));
#8069=DIRECTION('',(0.E0,-1.E0,0.E0));
#8070=DIRECTION('',(-1.E0,0.E0,0.E0));
#8071=AXIS2_PLACEMENT_3D('',#8068,#8069,#8070);
#8075=CARTESIAN_POINT('',(-1.5E-1,-1.E-1,-2.825E-1));
#8076=DIRECTION('',(0.E0,-1.E0,0.E0));
#8077=DIRECTION('',(1.E0,0.E0,0.E0));
#8078=AXIS2_PLACEMENT_3D('',#8075,#8076,#8077);
#8083=CARTESIAN_POINT('',(-2.5E-1,-1.E-1,-2.825E-1));
#8084=DIRECTION('',(0.E0,-1.E0,0.E0));
#8085=DIRECTION('',(-1.E0,0.E0,0.E0));
#8086=AXIS2_PLACEMENT_3D('',#8083,#8084,#8085);
#8090=CARTESIAN_POINT('',(-2.5E-1,-1.E-1,-2.825E-1));
#8091=DIRECTION('',(0.E0,-1.E0,0.E0));
#8092=DIRECTION('',(1.E0,0.E0,0.E0));
#8093=AXIS2_PLACEMENT_3D('',#8090,#8091,#8092);
#8098=CARTESIAN_POINT('',(-3.5E-1,-1.E-1,-2.825E-1));
#8099=DIRECTION('',(0.E0,-1.E0,0.E0));
#8100=DIRECTION('',(-1.E0,0.E0,0.E0));
#8101=AXIS2_PLACEMENT_3D('',#8098,#8099,#8100);
#8105=CARTESIAN_POINT('',(-3.5E-1,-1.E-1,-2.825E-1));
#8106=DIRECTION('',(0.E0,-1.E0,0.E0));
#8107=DIRECTION('',(1.E0,0.E0,0.E0));
#8108=AXIS2_PLACEMENT_3D('',#8105,#8106,#8107);
#8113=CARTESIAN_POINT('',(3.5E-1,-2.45E-1,-2.825E-1));
#8114=DIRECTION('',(0.E0,0.E0,1.E0));
#8115=DIRECTION('',(1.E0,0.E0,0.E0));
#8116=AXIS2_PLACEMENT_3D('CS0',#8113,#8114,#8115);
#8117=CARTESIAN_POINT('',(4.05E-1,-1.E-1,5.75E-2));
#8118=DIRECTION('',(0.E0,-1.E0,0.E0));
#8119=DIRECTION('',(-1.E0,0.E0,0.E0));
#8120=AXIS2_PLACEMENT_3D('',#8117,#8118,#8119);
#8124=CARTESIAN_POINT('',(4.05E-1,-1.E-1,5.75E-2));
#8125=DIRECTION('',(0.E0,-1.E0,0.E0));
#8126=DIRECTION('',(1.E0,0.E0,0.E0));
#8127=AXIS2_PLACEMENT_3D('',#8124,#8125,#8126);
#8132=CARTESIAN_POINT('',(-4.05E-1,-1.E-1,5.75E-2));
#8133=DIRECTION('',(0.E0,-1.E0,0.E0));
#8134=DIRECTION('',(-1.E0,0.E0,0.E0));
#8135=AXIS2_PLACEMENT_3D('',#8132,#8133,#8134);
#8139=CARTESIAN_POINT('',(-4.05E-1,-1.E-1,5.75E-2));
#8140=DIRECTION('',(0.E0,-1.E0,0.E0));
#8141=DIRECTION('',(1.E0,0.E0,0.E0));
#8142=AXIS2_PLACEMENT_3D('',#8139,#8140,#8141);
#8147=DIMENSIONAL_EXPONENTS(1.E0,0.E0,0.E0,0.E0,0.E0,0.E0,0.E0);
#8149=LENGTH_MEASURE_WITH_UNIT(LENGTH_MEASURE(2.54E1),#8148);
#8150=(CONVERSION_BASED_UNIT('INCH',#8149)LENGTH_UNIT()NAMED_UNIT(#8147));
#8151=DIMENSIONAL_EXPONENTS(0.E0,0.E0,0.E0,0.E0,0.E0,0.E0,0.E0);
#8153=PLANE_ANGLE_MEASURE_WITH_UNIT(PLANE_ANGLE_MEASURE(1.745329251994E-2),
#8152);
#8154=(CONVERSION_BASED_UNIT('DEGREE',#8153)NAMED_UNIT(*)PLANE_ANGLE_UNIT());
#8156=UNCERTAINTY_MEASURE_WITH_UNIT(LENGTH_MEASURE(1.168109971630E-4),#8150,
'closure',
'Maximum model space distance between geometric entities at asserted connectivities');
#8157=(GEOMETRIC_REPRESENTATION_CONTEXT(3)GLOBAL_UNCERTAINTY_ASSIGNED_CONTEXT((
#8156))GLOBAL_UNIT_ASSIGNED_CONTEXT((#8150,#8154,#8155))REPRESENTATION_CONTEXT(
'ID1','3'));
#7972=GEOMETRIC_SET('',(#7971,#7977,#7982,#7987,#7992,#8007,#8022,#8037,#8052,
#8067,#8082,#8097,#8112,#8131,#8146));
#8161=SHAPE_REPRESENTATION_RELATIONSHIP('','',#8160,#8158);
#8162=SHAPE_REPRESENTATION_RELATIONSHIP('','',#8160,#8159);
#8163=APPLICATION_CONTEXT(
'CONFIGURATION CONTROLLED 3D DESIGNS OF MECHANICAL PARTS AND ASSEMBLIES');
#8164=APPLICATION_PROTOCOL_DEFINITION('international standard',
'config_control_design',1994,#8163);
#8165=DESIGN_CONTEXT('',#8163,'design');
#8166=MECHANICAL_CONTEXT('',#8163,'mechanical');
#8167=PRODUCT('705550007','705550007','NOT SPECIFIED',(#8166));
#8168=PRODUCT_DEFINITION_FORMATION_WITH_SPECIFIED_SOURCE('1','LAST_VERSION',
#8167,.MADE.);
#8172=PRODUCT_CATEGORY('part','');
#8173=PRODUCT_RELATED_PRODUCT_CATEGORY('detail','',(#8167));
#8174=PRODUCT_CATEGORY_RELATIONSHIP('','',#8172,#8173);
#8175=SECURITY_CLASSIFICATION_LEVEL('unclassified');
#8176=SECURITY_CLASSIFICATION('','',#8175);
#8177=CC_DESIGN_SECURITY_CLASSIFICATION(#8176,(#8168));
#8178=APPROVAL_STATUS('approved');
#8179=APPROVAL(#8178,'');
#8180=CC_DESIGN_APPROVAL(#8179,(#8176,#8168,#8169));
#8181=CALENDAR_DATE(116,6,12);
#8182=COORDINATED_UNIVERSAL_TIME_OFFSET(5,30,.AHEAD.);
#8183=LOCAL_TIME(12,32,1.9E1,#8182);
#8184=DATE_AND_TIME(#8181,#8183);
#8185=APPROVAL_DATE_TIME(#8184,#8179);
#8186=DATE_TIME_ROLE('creation_date');
#8187=CC_DESIGN_DATE_AND_TIME_ASSIGNMENT(#8184,#8186,(#8169));
#8188=DATE_TIME_ROLE('classification_date');
#8189=CC_DESIGN_DATE_AND_TIME_ASSIGNMENT(#8184,#8188,(#8176));
#8190=PERSON('UNSPECIFIED','UNSPECIFIED',$,$,$,$);
#8191=ORGANIZATION('UNSPECIFIED','UNSPECIFIED','UNSPECIFIED');
#8192=PERSON_AND_ORGANIZATION(#8190,#8191);
#8193=APPROVAL_ROLE('approver');
#8194=APPROVAL_PERSON_ORGANIZATION(#8192,#8179,#8193);
#8195=PERSON_AND_ORGANIZATION_ROLE('creator');
#8196=CC_DESIGN_PERSON_AND_ORGANIZATION_ASSIGNMENT(#8192,#8195,(#8168,#8169));
#8197=PERSON_AND_ORGANIZATION_ROLE('design_supplier');
#8198=CC_DESIGN_PERSON_AND_ORGANIZATION_ASSIGNMENT(#8192,#8197,(#8168));
#8199=PERSON_AND_ORGANIZATION_ROLE('classification_officer');
#8200=CC_DESIGN_PERSON_AND_ORGANIZATION_ASSIGNMENT(#8192,#8199,(#8176));
#8201=PERSON_AND_ORGANIZATION_ROLE('design_owner');
#8202=CC_DESIGN_PERSON_AND_ORGANIZATION_ASSIGNMENT(#8192,#8201,(#8167));
#236=B_SPLINE_CURVE_WITH_KNOTS('',3,(#225,#226,#227,#228,#229,#230,#231,#232,
#233,#234,#235),.UNSPECIFIED.,.F.,.F.,(4,1,1,1,1,1,1,1,4),(0.E0,1.25E-1,2.5E-1,
3.75E-1,5.E-1,6.25E-1,7.5E-1,8.75E-1,1.E0),.UNSPECIFIED.);
#245=B_SPLINE_CURVE_WITH_KNOTS('',3,(#237,#238,#239,#240,#241,#242,#243,#244),
.UNSPECIFIED.,.F.,.F.,(4,1,1,1,1,4),(0.E0,2.E-1,4.E-1,6.E-1,8.E-1,1.E0),
.UNSPECIFIED.);
#255=B_SPLINE_CURVE_WITH_KNOTS('',3,(#250,#251,#252,#253,#254),.UNSPECIFIED.,
.F.,.F.,(4,1,4),(0.E0,5.E-1,1.E0),.UNSPECIFIED.);
#265=B_SPLINE_CURVE_WITH_KNOTS('',3,(#260,#261,#262,#263,#264),.UNSPECIFIED.,
.F.,.F.,(4,1,4),(0.E0,5.E-1,1.E0),.UNSPECIFIED.);
#275=B_SPLINE_CURVE_WITH_KNOTS('',3,(#270,#271,#272,#273,#274),.UNSPECIFIED.,
.F.,.F.,(4,1,4),(0.E0,5.E-1,1.E0),.UNSPECIFIED.);
#316=B_SPLINE_CURVE_WITH_KNOTS('',3,(#300,#301,#302,#303,#304,#305,#306,#307,
#308,#309,#310,#311,#312,#313,#314,#315),.UNSPECIFIED.,.F.,.F.,(4,1,1,1,1,1,1,1,
1,1,1,1,1,4),(0.E0,7.692307692308E-2,1.538461538462E-1,2.307692307692E-1,
3.076923076923E-1,3.846153846154E-1,4.615384615385E-1,5.384615384615E-1,
6.153846153846E-1,6.923076923077E-1,7.692307692308E-1,8.461538461538E-1,
9.230769230769E-1,1.E0),.UNSPECIFIED.);
#333=CIRCLE('',#332,2.E-2);
#338=CIRCLE('',#337,2.E-2);
#343=CIRCLE('',#342,1.402827863512E-2);
#348=CIRCLE('',#347,1.402827863512E-2);
#362=B_SPLINE_CURVE_WITH_KNOTS('',3,(#349,#350,#351,#352,#353,#354,#355,#356,
#357,#358,#359,#360,#361),.UNSPECIFIED.,.F.,.F.,(4,1,1,1,1,1,1,1,1,1,4),(0.E0,
1.E-1,2.E-1,3.E-1,4.E-1,5.E-1,6.E-1,7.E-1,8.E-1,9.E-1,1.E0),.UNSPECIFIED.);
#376=B_SPLINE_CURVE_WITH_KNOTS('',3,(#367,#368,#369,#370,#371,#372,#373,#374,
#375),.UNSPECIFIED.,.F.,.F.,(4,1,1,1,1,1,4),(0.E0,1.666666666667E-1,
3.333333333333E-1,5.E-1,6.666666666667E-1,8.333333333333E-1,1.E0),
.UNSPECIFIED.);
#861=CIRCLE('',#860,2.5E-2);
#874=CIRCLE('',#873,5.E-2);
#1151=CIRCLE('',#1150,5.E-2);
#1164=CIRCLE('',#1163,2.5E-2);
#1237=CIRCLE('',#1236,5.E-2);
#1246=CIRCLE('',#1245,2.5E-2);
#1263=CIRCLE('',#1262,2.5E-2);
#1284=CIRCLE('',#1283,5.E-2);
#1361=CIRCLE('',#1360,2.5E-2);
#1374=CIRCLE('',#1373,5.E-2);
#1387=CIRCLE('',#1386,2.5E-2);
#1408=CIRCLE('',#1407,5.E-2);
#1449=CIRCLE('',#1448,2.5E-2);
#1462=CIRCLE('',#1461,5.E-2);
#1475=CIRCLE('',#1474,2.5E-2);
#1496=CIRCLE('',#1495,5.E-2);
#1537=CIRCLE('',#1536,2.5E-2);
#1550=CIRCLE('',#1549,5.E-2);
#1563=CIRCLE('',#1562,2.5E-2);
#1584=CIRCLE('',#1583,5.E-2);
#1625=CIRCLE('',#1624,2.5E-2);
#1638=CIRCLE('',#1637,5.E-2);
#1651=CIRCLE('',#1650,2.5E-2);
#1672=CIRCLE('',#1671,5.E-2);
#1713=CIRCLE('',#1712,2.5E-2);
#1726=CIRCLE('',#1725,5.E-2);
#1739=CIRCLE('',#1738,2.5E-2);
#1760=CIRCLE('',#1759,5.E-2);
#1801=CIRCLE('',#1800,2.5E-2);
#1814=CIRCLE('',#1813,5.E-2);
#1827=CIRCLE('',#1826,2.5E-2);
#1848=CIRCLE('',#1847,5.E-2);
#2429=CIRCLE('',#2428,5.3E-2);
#2438=CIRCLE('',#2437,5.3E-2);
#2467=CIRCLE('',#2466,5.3E-2);
#2484=CIRCLE('',#2483,5.3E-2);
#2661=B_SPLINE_CURVE_WITH_KNOTS('',3,(#2645,#2646,#2647,#2648,#2649,#2650,#2651,
#2652,#2653,#2654,#2655,#2656,#2657,#2658,#2659,#2660),.UNSPECIFIED.,.F.,.F.,(4,
1,1,1,1,1,1,1,1,1,1,1,1,4),(0.E0,7.692307692308E-2,1.538461538462E-1,
2.307692307692E-1,3.076923076923E-1,3.846153846154E-1,4.615384615385E-1,
5.384615384615E-1,6.153846153846E-1,6.923076923077E-1,7.692307692308E-1,
8.461538461538E-1,9.230769230769E-1,1.E0),.UNSPECIFIED.);
#2685=B_SPLINE_CURVE_WITH_KNOTS('',3,(#2674,#2675,#2676,#2677,#2678,#2679,#2680,
#2681,#2682,#2683,#2684),.UNSPECIFIED.,.F.,.F.,(4,1,1,1,1,1,1,1,4),(0.E0,
1.25E-1,2.5E-1,3.75E-1,5.E-1,6.25E-1,7.5E-1,8.75E-1,1.E0),.UNSPECIFIED.);
#2698=B_SPLINE_CURVE_WITH_KNOTS('',3,(#2690,#2691,#2692,#2693,#2694,#2695,#2696,
#2697),.UNSPECIFIED.,.F.,.F.,(4,1,1,1,1,4),(0.E0,2.E-1,4.E-1,6.E-1,8.E-1,1.E0),
.UNSPECIFIED.);
#2703=CIRCLE('',#2702,1.402827863512E-2);
#2708=CIRCLE('',#2707,2.E-2);
#2713=CIRCLE('',#2712,1.402827863512E-2);
#2718=CIRCLE('',#2717,2.E-2);
#2732=B_SPLINE_CURVE_WITH_KNOTS('',3,(#2719,#2720,#2721,#2722,#2723,#2724,#2725,
#2726,#2727,#2728,#2729,#2730,#2731),.UNSPECIFIED.,.F.,.F.,(4,1,1,1,1,1,1,1,1,1,
4),(0.E0,1.E-1,2.E-1,3.E-1,4.E-1,5.E-1,6.E-1,7.E-1,8.E-1,9.E-1,1.E0),
.UNSPECIFIED.);
#2742=B_SPLINE_CURVE_WITH_KNOTS('',3,(#2733,#2734,#2735,#2736,#2737,#2738,#2739,
#2740,#2741),.UNSPECIFIED.,.F.,.F.,(4,1,1,1,1,1,4),(0.E0,1.666666666667E-1,
3.333333333333E-1,5.E-1,6.666666666667E-1,8.333333333333E-1,1.E0),
.UNSPECIFIED.);
#2752=B_SPLINE_CURVE_WITH_KNOTS('',3,(#2747,#2748,#2749,#2750,#2751),
.UNSPECIFIED.,.F.,.F.,(4,1,4),(0.E0,5.E-1,1.E0),.UNSPECIFIED.);
#2762=B_SPLINE_CURVE_WITH_KNOTS('',3,(#2757,#2758,#2759,#2760,#2761),
.UNSPECIFIED.,.F.,.F.,(4,1,4),(0.E0,5.E-1,1.E0),.UNSPECIFIED.);
#2772=B_SPLINE_CURVE_WITH_KNOTS('',3,(#2767,#2768,#2769,#2770,#2771),
.UNSPECIFIED.,.F.,.F.,(4,1,4),(0.E0,5.E-1,1.E0),.UNSPECIFIED.);
#2794=B_SPLINE_CURVE_WITH_KNOTS('',3,(#2789,#2790,#2791,#2792,#2793),
.UNSPECIFIED.,.F.,.F.,(4,1,4),(0.E0,5.E-1,1.E0),.UNSPECIFIED.);
#2804=B_SPLINE_CURVE_WITH_KNOTS('',3,(#2799,#2800,#2801,#2802,#2803),
.UNSPECIFIED.,.F.,.F.,(4,1,4),(0.E0,5.E-1,1.E0),.UNSPECIFIED.);
#2814=B_SPLINE_CURVE_WITH_KNOTS('',3,(#2809,#2810,#2811,#2812,#2813),
.UNSPECIFIED.,.F.,.F.,(4,1,4),(0.E0,5.E-1,1.E0),.UNSPECIFIED.);
#2824=B_SPLINE_CURVE_WITH_KNOTS('',3,(#2819,#2820,#2821,#2822,#2823),
.UNSPECIFIED.,.F.,.F.,(4,1,4),(0.E0,5.E-1,1.E0),.UNSPECIFIED.);
#2834=B_SPLINE_CURVE_WITH_KNOTS('',3,(#2829,#2830,#2831,#2832,#2833),
.UNSPECIFIED.,.F.,.F.,(4,1,4),(0.E0,5.E-1,1.E0),.UNSPECIFIED.);
#2844=B_SPLINE_CURVE_WITH_KNOTS('',3,(#2839,#2840,#2841,#2842,#2843),
.UNSPECIFIED.,.F.,.F.,(4,1,4),(0.E0,5.E-1,1.E0),.UNSPECIFIED.);
#2854=B_SPLINE_CURVE_WITH_KNOTS('',3,(#2849,#2850,#2851,#2852,#2853),
.UNSPECIFIED.,.F.,.F.,(4,1,4),(0.E0,5.E-1,1.E0),.UNSPECIFIED.);
#2864=B_SPLINE_CURVE_WITH_KNOTS('',3,(#2859,#2860,#2861,#2862,#2863),
.UNSPECIFIED.,.F.,.F.,(4,1,4),(0.E0,5.E-1,1.E0),.UNSPECIFIED.);
#2874=B_SPLINE_CURVE_WITH_KNOTS('',3,(#2869,#2870,#2871,#2872,#2873),
.UNSPECIFIED.,.F.,.F.,(4,1,4),(0.E0,5.E-1,1.E0),.UNSPECIFIED.);
#2884=B_SPLINE_CURVE_WITH_KNOTS('',3,(#2879,#2880,#2881,#2882,#2883),
.UNSPECIFIED.,.F.,.F.,(4,1,4),(0.E0,5.E-1,1.E0),.UNSPECIFIED.);
#2894=B_SPLINE_CURVE_WITH_KNOTS('',3,(#2889,#2890,#2891,#2892,#2893),
.UNSPECIFIED.,.F.,.F.,(4,1,4),(0.E0,5.E-1,1.E0),.UNSPECIFIED.);
#2904=B_SPLINE_CURVE_WITH_KNOTS('',3,(#2899,#2900,#2901,#2902,#2903),
.UNSPECIFIED.,.F.,.F.,(4,1,4),(0.E0,5.E-1,1.E0),.UNSPECIFIED.);
#3770=EDGE_CURVE('',#3043,#3044,#4,.T.);
#3772=EDGE_CURVE('',#3044,#3064,#8,.T.);
#3774=EDGE_CURVE('',#3064,#3047,#12,.T.);
#3776=EDGE_CURVE('',#3047,#3048,#16,.T.);
#3778=EDGE_CURVE('',#3048,#3062,#20,.T.);
#3780=EDGE_CURVE('',#3062,#3051,#24,.T.);
#3782=EDGE_CURVE('',#3051,#3052,#28,.T.);
#3784=EDGE_CURVE('',#3052,#3180,#32,.T.);
#3786=EDGE_CURVE('',#3180,#2915,#36,.T.);
#3788=EDGE_CURVE('',#2915,#2916,#40,.T.);
#3790=EDGE_CURVE('',#2911,#2916,#2316,.T.);
#3792=EDGE_CURVE('',#2911,#2912,#44,.T.);
#3794=EDGE_CURVE('',#2912,#3178,#48,.T.);
#3796=EDGE_CURVE('',#3178,#3043,#52,.T.);
#3800=EDGE_CURVE('',#3079,#3080,#56,.T.);
#3802=EDGE_CURVE('',#3079,#3083,#60,.T.);
#3804=EDGE_CURVE('',#3083,#3084,#64,.T.);
#3806=EDGE_CURVE('',#3080,#3084,#68,.T.);
#3816=EDGE_CURVE('',#3187,#3188,#72,.T.);
#3818=EDGE_CURVE('',#3188,#3190,#76,.T.);
#3820=EDGE_CURVE('',#3190,#3192,#80,.T.);
#3822=EDGE_CURVE('',#3192,#3194,#84,.T.);
#3824=EDGE_CURVE('',#3194,#3196,#88,.T.);
#3826=EDGE_CURVE('',#3196,#3059,#92,.T.);
#3828=EDGE_CURVE('',#3059,#3060,#468,.T.);
#3830=EDGE_CURVE('',#3052,#3060,#2628,.T.);
#3833=EDGE_CURVE('',#3051,#3210,#96,.T.);
#3835=EDGE_CURVE('',#3210,#3238,#100,.T.);
#3837=EDGE_CURVE('',#3238,#3187,#104,.T.);
#3847=EDGE_CURVE('',#3277,#3278,#108,.T.);
#3849=EDGE_CURVE('',#3328,#3277,#112,.T.);
#3851=EDGE_CURVE('',#3302,#3328,#116,.T.);
#3853=EDGE_CURVE('',#3044,#3302,#120,.T.);
#3856=EDGE_CURVE('',#3043,#3055,#124,.T.);
#3858=EDGE_CURVE('',#3055,#3056,#420,.T.);
#3860=EDGE_CURVE('',#3286,#3056,#128,.T.);
#3862=EDGE_CURVE('',#3284,#3286,#132,.T.);
#3864=EDGE_CURVE('',#3282,#3284,#136,.T.);
#3866=EDGE_CURVE('',#3280,#3282,#140,.T.);
#3868=EDGE_CURVE('',#3278,#3280,#144,.T.);
#3878=EDGE_CURVE('',#3289,#3290,#148,.T.);
#3880=EDGE_CURVE('',#3289,#3072,#152,.T.);
#3882=EDGE_CURVE('',#3072,#3143,#408,.T.);
#3884=EDGE_CURVE('',#3143,#3151,#156,.T.);
#3886=EDGE_CURVE('',#3151,#3152,#160,.T.);
#3888=EDGE_CURVE('',#3147,#3152,#164,.T.);
#3890=EDGE_CURVE('',#3147,#3135,#392,.T.);
#3892=EDGE_CURVE('',#3135,#3155,#168,.T.);
#3894=EDGE_CURVE('',#3155,#3156,#172,.T.);
#3896=EDGE_CURVE('',#3139,#3156,#176,.T.);
#3898=EDGE_CURVE('',#3139,#3067,#480,.T.);
#3900=EDGE_CURVE('',#3199,#3067,#180,.T.);
#3902=EDGE_CURVE('',#3199,#3200,#184,.T.);
#3904=EDGE_CURVE('',#3200,#3212,#188,.T.);
#3906=EDGE_CURVE('',#3212,#3214,#192,.T.);
#3908=EDGE_CURVE('',#3214,#3203,#196,.T.);
#3910=EDGE_CURVE('',#3203,#3204,#200,.T.);
#3912=EDGE_CURVE('',#3048,#3204,#204,.T.);
#3915=EDGE_CURVE('',#3047,#3294,#208,.T.);
#3917=EDGE_CURVE('',#3293,#3294,#212,.T.);
#3919=EDGE_CURVE('',#3326,#3293,#216,.T.);
#3921=EDGE_CURVE('',#3324,#3326,#220,.T.);
#3923=EDGE_CURVE('',#3290,#3324,#224,.T.);
#3933=EDGE_CURVE('',#3223,#3224,#236,.T.);
#3935=EDGE_CURVE('',#3225,#3223,#245,.T.);
#3937=EDGE_CURVE('',#3188,#3225,#2908,.T.);
#3940=EDGE_CURVE('',#3187,#3224,#249,.T.);
#3951=EDGE_CURVE('',#3224,#3234,#255,.T.);
#3953=EDGE_CURVE('',#3234,#3233,#265,.T.);
#3955=EDGE_CURVE('',#3233,#3230,#275,.T.);
#3957=EDGE_CURVE('',#3230,#3231,#362,.T.);
#3959=EDGE_CURVE('',#3231,#3222,#328,.T.);
#3961=EDGE_CURVE('',#3219,#3222,#348,.T.);
#3963=EDGE_CURVE('',#3223,#3219,#324,.T.);
#3976=EDGE_CURVE('',#3238,#3234,#259,.T.);
#3989=EDGE_CURVE('',#3210,#3233,#269,.T.);
#4001=EDGE_CURVE('',#3216,#3210,#299,.T.);
#4003=EDGE_CURVE('',#3216,#3230,#279,.T.);
#4013=EDGE_CURVE('',#3206,#3196,#283,.T.);
#4015=EDGE_CURVE('',#3206,#3068,#287,.T.);
#4017=EDGE_CURVE('',#3068,#3059,#472,.T.);
#4030=EDGE_CURVE('',#3062,#3208,#291,.T.);
#4032=EDGE_CURVE('',#3208,#3216,#295,.T.);
#4043=EDGE_CURVE('',#3229,#3228,#316,.T.);
#4045=EDGE_CURVE('',#3200,#3229,#2878,.T.);
#4048=EDGE_CURVE('',#3199,#3206,#380,.T.);
#4052=EDGE_CURVE('',#3194,#3228,#320,.T.);
#4064=EDGE_CURVE('',#3219,#3222,#343,.T.);
#4067=EDGE_CURVE('',#3231,#3232,#376,.T.);
#4069=EDGE_CURVE('',#3232,#3236,#2854,.T.);
#4071=EDGE_CURVE('',#3236,#3235,#2864,.T.);
#4073=EDGE_CURVE('',#3235,#3229,#2874,.T.);
#4076=EDGE_CURVE('',#3228,#3227,#2884,.T.);
#4078=EDGE_CURVE('',#3227,#3226,#2894,.T.);
#4080=EDGE_CURVE('',#3226,#3225,#2904,.T.);
#4114=EDGE_CURVE('',#3219,#3220,#333,.T.);
#4116=EDGE_CURVE('',#3222,#3220,#338,.T.);
#4165=EDGE_CURVE('',#3204,#3208,#384,.T.);
#4168=EDGE_CURVE('',#3203,#3232,#366,.T.);
#4181=EDGE_CURVE('',#3067,#3068,#476,.T.);
#4204=EDGE_CURVE('',#3135,#3136,#388,.T.);
#4207=EDGE_CURVE('',#3147,#3148,#396,.T.);
#4209=EDGE_CURVE('',#3148,#3136,#488,.T.);
#4219=EDGE_CURVE('',#3139,#3140,#400,.T.);
#4221=EDGE_CURVE('',#3140,#2971,#508,.T.);
#4223=EDGE_CURVE('',#2971,#2972,#2536,.T.);
#4225=EDGE_CURVE('',#2972,#2998,#2524,.T.);
#4227=EDGE_CURVE('',#2998,#2994,#2512,.T.);
#4229=EDGE_CURVE('',#2994,#2990,#2500,.T.);
#4231=EDGE_CURVE('',#2990,#2986,#2548,.T.);
#4233=EDGE_CURVE('',#2986,#2979,#2560,.T.);
#4235=EDGE_CURVE('',#2979,#2980,#2572,.T.);
#4237=EDGE_CURVE('',#2980,#3144,#516,.T.);
#4239=EDGE_CURVE('',#3143,#3144,#404,.T.);
#4242=EDGE_CURVE('',#3070,#3072,#412,.T.);
#4244=EDGE_CURVE('',#3056,#3070,#416,.T.);
#4247=EDGE_CURVE('',#3182,#3055,#424,.T.);
#4249=EDGE_CURVE('',#2920,#3182,#428,.T.);
#4251=EDGE_CURVE('',#2919,#2920,#432,.T.);
#4253=EDGE_CURVE('',#2932,#2919,#436,.T.);
#4255=EDGE_CURVE('',#2930,#2932,#440,.T.);
#4257=EDGE_CURVE('',#2928,#2930,#444,.T.);
#4259=EDGE_CURVE('',#2926,#2928,#448,.T.);
#4261=EDGE_CURVE('',#2924,#2926,#452,.T.);
#4263=EDGE_CURVE('',#2923,#2924,#456,.T.);
#4265=EDGE_CURVE('',#3184,#2923,#460,.T.);
#4267=EDGE_CURVE('',#3060,#3184,#464,.T.);
#4282=EDGE_CURVE('',#3136,#3160,#484,.T.);
#4284=EDGE_CURVE('',#3159,#3160,#2264,.T.);
#4286=EDGE_CURVE('',#3159,#3155,#652,.T.);
#4299=EDGE_CURVE('',#3148,#3172,#492,.T.);
#4301=EDGE_CURVE('',#3172,#3160,#496,.T.);
#4311=EDGE_CURVE('',#3140,#3164,#500,.T.);
#4313=EDGE_CURVE('',#3164,#2975,#504,.T.);
#4315=EDGE_CURVE('',#2971,#2975,#2540,.T.);
#4326=EDGE_CURVE('',#3144,#3168,#512,.T.);
#4329=EDGE_CURVE('',#2980,#2984,#2584,.T.);
#4331=EDGE_CURVE('',#2984,#3168,#520,.T.);
#4343=EDGE_CURVE('',#3152,#3171,#660,.T.);
#4345=EDGE_CURVE('',#3171,#3172,#2268,.T.);
#4357=EDGE_CURVE('',#3171,#3159,#656,.T.);
#4361=EDGE_CURVE('',#3167,#3151,#664,.T.);
#4363=EDGE_CURVE('',#3244,#3167,#668,.T.);
#4365=EDGE_CURVE('',#3242,#3244,#672,.T.);
#4367=EDGE_CURVE('',#3241,#3242,#676,.T.);
#4369=EDGE_CURVE('',#3253,#3241,#680,.T.);
#4371=EDGE_CURVE('',#3253,#3254,#2296,.T.);
#4373=EDGE_CURVE('',#3250,#3254,#684,.T.);
#4375=EDGE_CURVE('',#3248,#3250,#688,.T.);
#4377=EDGE_CURVE('',#3247,#3248,#692,.T.);
#4379=EDGE_CURVE('',#3163,#3247,#696,.T.);
#4381=EDGE_CURVE('',#3156,#3163,#700,.T.);
#4386=EDGE_CURVE('',#3703,#3704,#540,.T.);
#4388=EDGE_CURVE('',#3703,#3707,#544,.T.);
#4390=EDGE_CURVE('',#3707,#3708,#548,.T.);
#4392=EDGE_CURVE('',#3704,#3708,#552,.T.);
#4396=EDGE_CURVE('',#3655,#3656,#556,.T.);
#4398=EDGE_CURVE('',#3655,#3659,#560,.T.);
#4400=EDGE_CURVE('',#3659,#3660,#564,.T.);
#4402=EDGE_CURVE('',#3656,#3660,#568,.T.);
#4406=EDGE_CURVE('',#3607,#3608,#572,.T.);
#4408=EDGE_CURVE('',#3607,#3611,#576,.T.);
#4410=EDGE_CURVE('',#3611,#3612,#580,.T.);
#4412=EDGE_CURVE('',#3608,#3612,#584,.T.);
#4416=EDGE_CURVE('',#3559,#3560,#588,.T.);
#4418=EDGE_CURVE('',#3559,#3563,#592,.T.);
#4420=EDGE_CURVE('',#3563,#3564,#596,.T.);
#4422=EDGE_CURVE('',#3560,#3564,#600,.T.);
#4426=EDGE_CURVE('',#3511,#3512,#604,.T.);
#4428=EDGE_CURVE('',#3511,#3515,#608,.T.);
#4430=EDGE_CURVE('',#3515,#3516,#612,.T.);
#4432=EDGE_CURVE('',#3512,#3516,#616,.T.);
#4436=EDGE_CURVE('',#3346,#3352,#620,.T.);
#4438=EDGE_CURVE('',#3346,#3354,#624,.T.);
#4440=EDGE_CURVE('',#3354,#3360,#628,.T.);
#4442=EDGE_CURVE('',#3352,#3360,#632,.T.);
#4446=EDGE_CURVE('',#3022,#3024,#636,.T.);
#4448=EDGE_CURVE('',#3022,#3026,#640,.T.);
#4450=EDGE_CURVE('',#3026,#3028,#644,.T.);
#4452=EDGE_CURVE('',#3024,#3028,#648,.T.);
#4456=EDGE_CURVE('',#3751,#3752,#524,.T.);
#4458=EDGE_CURVE('',#3751,#3755,#528,.T.);
#4460=EDGE_CURVE('',#3755,#3756,#532,.T.);
#4462=EDGE_CURVE('',#3752,#3756,#536,.T.);
#4472=EDGE_CURVE('',#3735,#3736,#728,.T.);
#4474=EDGE_CURVE('',#3735,#3723,#704,.T.);
#4476=EDGE_CURVE('',#3723,#3724,#708,.T.);
#4478=EDGE_CURVE('',#3724,#3736,#712,.T.);
#4489=EDGE_CURVE('',#3752,#3719,#716,.T.);
#4491=EDGE_CURVE('',#3719,#3720,#720,.T.);
#4493=EDGE_CURVE('',#3720,#3751,#724,.T.);
#4504=EDGE_CURVE('',#3736,#3095,#732,.T.);
#4506=EDGE_CURVE('',#3095,#3096,#2212,.T.);
#4508=EDGE_CURVE('',#3079,#3096,#2248,.T.);
#4511=EDGE_CURVE('',#3080,#3088,#736,.T.);
#4513=EDGE_CURVE('',#3088,#3090,#2208,.T.);
#4515=EDGE_CURVE('',#3034,#3090,#1146,.T.);
#4517=EDGE_CURVE('',#3032,#3034,#740,.T.);
#4519=EDGE_CURVE('',#3115,#3032,#1155,.T.);
#4521=EDGE_CURVE('',#3130,#3115,#894,.T.);
#4523=EDGE_CURVE('',#3130,#3030,#744,.T.);
#4525=EDGE_CURVE('',#3030,#3040,#748,.T.);
#4527=EDGE_CURVE('',#3040,#3120,#752,.T.);
#4529=EDGE_CURVE('',#3120,#3122,#2188,.T.);
#4531=EDGE_CURVE('',#3358,#3122,#1279,.T.);
#4533=EDGE_CURVE('',#3356,#3358,#756,.T.);
#4535=EDGE_CURVE('',#3378,#3356,#1267,.T.);
#4537=EDGE_CURVE('',#3392,#3378,#906,.T.);
#4539=EDGE_CURVE('',#3392,#3348,#760,.T.);
#4541=EDGE_CURVE('',#3348,#3350,#764,.T.);
#4543=EDGE_CURVE('',#3350,#3382,#768,.T.);
#4545=EDGE_CURVE('',#3382,#3384,#2172,.T.);
#4547=EDGE_CURVE('',#3500,#3384,#1403,.T.);
#4549=EDGE_CURVE('',#3499,#3500,#772,.T.);
#4551=EDGE_CURVE('',#3408,#3499,#1391,.T.);
#4553=EDGE_CURVE('',#3407,#3408,#922,.T.);
#4555=EDGE_CURVE('',#3407,#3495,#776,.T.);
#4557=EDGE_CURVE('',#3495,#3496,#780,.T.);
#4559=EDGE_CURVE('',#3496,#3396,#784,.T.);
#4561=EDGE_CURVE('',#3396,#3398,#2120,.T.);
#4563=EDGE_CURVE('',#3548,#3398,#1491,.T.);
#4565=EDGE_CURVE('',#3547,#3548,#788,.T.);
#4567=EDGE_CURVE('',#3424,#3547,#1479,.T.);
#4569=EDGE_CURVE('',#3423,#3424,#938,.T.);
#4571=EDGE_CURVE('',#3423,#3543,#792,.T.);
#4573=EDGE_CURVE('',#3543,#3544,#796,.T.);
#4575=EDGE_CURVE('',#3544,#3412,#800,.T.);
#4577=EDGE_CURVE('',#3412,#3414,#2068,.T.);
#4579=EDGE_CURVE('',#3596,#3414,#1579,.T.);
#4581=EDGE_CURVE('',#3595,#3596,#804,.T.);
#4583=EDGE_CURVE('',#3440,#3595,#1567,.T.);
#4585=EDGE_CURVE('',#3439,#3440,#954,.T.);
#4587=EDGE_CURVE('',#3439,#3591,#808,.T.);
#4589=EDGE_CURVE('',#3591,#3592,#812,.T.);
#4591=EDGE_CURVE('',#3592,#3428,#816,.T.);
#4593=EDGE_CURVE('',#3428,#3430,#2016,.T.);
#4595=EDGE_CURVE('',#3644,#3430,#1667,.T.);
#4597=EDGE_CURVE('',#3643,#3644,#820,.T.);
#4599=EDGE_CURVE('',#3456,#3643,#1655,.T.);
#4601=EDGE_CURVE('',#3455,#3456,#970,.T.);
#4603=EDGE_CURVE('',#3455,#3639,#824,.T.);
#4605=EDGE_CURVE('',#3639,#3640,#828,.T.);
#4607=EDGE_CURVE('',#3640,#3444,#832,.T.);
#4609=EDGE_CURVE('',#3444,#3446,#1964,.T.);
#4611=EDGE_CURVE('',#3692,#3446,#1755,.T.);
#4613=EDGE_CURVE('',#3691,#3692,#836,.T.);
#4615=EDGE_CURVE('',#3476,#3691,#1743,.T.);
#4617=EDGE_CURVE('',#3475,#3476,#986,.T.);
#4619=EDGE_CURVE('',#3475,#3687,#840,.T.);
#4621=EDGE_CURVE('',#3687,#3688,#844,.T.);
#4623=EDGE_CURVE('',#3688,#3460,#848,.T.);
#4625=EDGE_CURVE('',#3460,#3462,#1912,.T.);
#4627=EDGE_CURVE('',#3740,#3462,#1843,.T.);
#4629=EDGE_CURVE('',#3739,#3740,#852,.T.);
#4631=EDGE_CURVE('',#3472,#3739,#1831,.T.);
#4633=EDGE_CURVE('',#3471,#3472,#1002,.T.);
#4635=EDGE_CURVE('',#3471,#3735,#856,.T.);
#4645=EDGE_CURVE('',#3762,#3743,#861,.T.);
#4647=EDGE_CURVE('',#3735,#3762,#865,.T.);
#4650=EDGE_CURVE('',#3471,#3743,#998,.T.);
#4660=EDGE_CURVE('',#3736,#3764,#869,.T.);
#4662=EDGE_CURVE('',#3764,#3747,#874,.T.);
#4664=EDGE_CURVE('',#3747,#3108,#1138,.T.);
#4666=EDGE_CURVE('',#3108,#3100,#878,.T.);
#4668=EDGE_CURVE('',#3100,#3095,#2216,.T.);
#4679=EDGE_CURVE('',#3743,#3744,#994,.T.);
#4681=EDGE_CURVE('',#3758,#3744,#1827,.T.);
#4683=EDGE_CURVE('',#3762,#3758,#1852,.T.);
#4694=EDGE_CURVE('',#3115,#3116,#882,.T.);
#4696=EDGE_CURVE('',#3132,#3116,#886,.T.);
#4698=EDGE_CURVE('',#3130,#3132,#890,.T.);
#4709=EDGE_CURVE('',#3371,#3372,#898,.T.);
#4711=EDGE_CURVE('',#3392,#3371,#902,.T.);
#4714=EDGE_CURVE('',#3378,#3372,#910,.T.);
#4724=EDGE_CURVE('',#3503,#3504,#914,.T.);
#4726=EDGE_CURVE('',#3407,#3503,#918,.T.);
#4729=EDGE_CURVE('',#3408,#3504,#926,.T.);
#4739=EDGE_CURVE('',#3551,#3552,#930,.T.);
#4741=EDGE_CURVE('',#3423,#3551,#934,.T.);
#4744=EDGE_CURVE('',#3424,#3552,#942,.T.);
#4754=EDGE_CURVE('',#3599,#3600,#946,.T.);
#4756=EDGE_CURVE('',#3439,#3599,#950,.T.);
#4759=EDGE_CURVE('',#3440,#3600,#958,.T.);
#4769=EDGE_CURVE('',#3647,#3648,#962,.T.);
#4771=EDGE_CURVE('',#3455,#3647,#966,.T.);
#4774=EDGE_CURVE('',#3456,#3648,#974,.T.);
#4784=EDGE_CURVE('',#3695,#3696,#978,.T.);
#4786=EDGE_CURVE('',#3475,#3695,#982,.T.);
#4789=EDGE_CURVE('',#3476,#3696,#990,.T.);
#4802=EDGE_CURVE('',#3472,#3744,#1006,.T.);
#4812=EDGE_CURVE('',#3747,#3748,#1010,.T.);
#4814=EDGE_CURVE('',#3748,#3467,#1014,.T.);
#4816=EDGE_CURVE('',#3467,#3468,#1018,.T.);
#4818=EDGE_CURVE('',#3699,#3468,#1022,.T.);
#4820=EDGE_CURVE('',#3699,#3700,#1026,.T.);
#4822=EDGE_CURVE('',#3700,#3451,#1030,.T.);
#4824=EDGE_CURVE('',#3451,#3452,#1034,.T.);
#4826=EDGE_CURVE('',#3651,#3452,#1038,.T.);
#4828=EDGE_CURVE('',#3651,#3652,#1042,.T.);
#4830=EDGE_CURVE('',#3652,#3435,#1046,.T.);
#4832=EDGE_CURVE('',#3435,#3436,#1050,.T.);
#4834=EDGE_CURVE('',#3603,#3436,#1054,.T.);
#4836=EDGE_CURVE('',#3603,#3604,#1058,.T.);
#4838=EDGE_CURVE('',#3604,#3419,#1062,.T.);
#4840=EDGE_CURVE('',#3419,#3420,#1066,.T.);
#4842=EDGE_CURVE('',#3555,#3420,#1070,.T.);
#4844=EDGE_CURVE('',#3555,#3556,#1074,.T.);
#4846=EDGE_CURVE('',#3556,#3403,#1078,.T.);
#4848=EDGE_CURVE('',#3403,#3404,#1082,.T.);
#4850=EDGE_CURVE('',#3507,#3404,#1086,.T.);
#4852=EDGE_CURVE('',#3507,#3508,#1090,.T.);
#4854=EDGE_CURVE('',#3508,#3389,#1094,.T.);
#4856=EDGE_CURVE('',#3389,#3390,#1098,.T.);
#4858=EDGE_CURVE('',#3375,#3390,#1102,.T.);
#4860=EDGE_CURVE('',#3375,#3376,#1106,.T.);
#4862=EDGE_CURVE('',#3376,#3127,#1110,.T.);
#4864=EDGE_CURVE('',#3127,#3128,#1114,.T.);
#4866=EDGE_CURVE('',#3111,#3128,#1118,.T.);
#4868=EDGE_CURVE('',#3111,#3112,#1122,.T.);
#4870=EDGE_CURVE('',#3112,#3104,#1126,.T.);
#4872=EDGE_CURVE('',#3103,#3104,#1130,.T.);
#4874=EDGE_CURVE('',#3103,#3076,#2228,.T.);
#4876=EDGE_CURVE('',#3075,#3076,#2244,.T.);
#4878=EDGE_CURVE('',#3107,#3075,#2252,.T.);
#4880=EDGE_CURVE('',#3107,#3108,#1134,.T.);
#4891=EDGE_CURVE('',#3034,#3038,#1142,.T.);
#4894=EDGE_CURVE('',#3090,#3092,#2204,.T.);
#4896=EDGE_CURVE('',#3104,#3092,#2240,.T.);
#4899=EDGE_CURVE('',#3038,#3112,#1151,.T.);
#4911=EDGE_CURVE('',#3032,#3174,#1159,.T.);
#4913=EDGE_CURVE('',#3174,#3116,#1164,.T.);
#4923=EDGE_CURVE('',#3020,#3034,#1188,.T.);
#4926=EDGE_CURVE('',#3037,#3038,#1254,.T.);
#4928=EDGE_CURVE('',#3040,#3037,#1232,.T.);
#4930=EDGE_CURVE('',#3012,#3040,#1220,.T.);
#4932=EDGE_CURVE('',#3012,#3020,#1168,.T.);
#4942=EDGE_CURVE('',#3016,#3026,#1172,.T.);
#4944=EDGE_CURVE('',#3015,#3016,#1176,.T.);
#4946=EDGE_CURVE('',#3028,#3015,#1180,.T.);
#4957=EDGE_CURVE('',#3032,#3019,#1184,.T.);
#4961=EDGE_CURVE('',#3019,#3020,#1192,.T.);
#4971=EDGE_CURVE('',#3008,#3022,#1200,.T.);
#4973=EDGE_CURVE('',#3008,#3016,#1196,.T.);
#4987=EDGE_CURVE('',#3024,#3007,#1204,.T.);
#4989=EDGE_CURVE('',#3007,#3008,#1208,.T.);
#4999=EDGE_CURVE('',#3030,#3011,#1212,.T.);
#5001=EDGE_CURVE('',#3011,#3012,#1216,.T.);
#5016=EDGE_CURVE('',#3007,#3015,#1224,.T.);
#5039=EDGE_CURVE('',#3030,#3176,#1250,.T.);
#5041=EDGE_CURVE('',#3176,#3174,#1228,.T.);
#5045=EDGE_CURVE('',#3011,#3019,#2192,.T.);
#5056=EDGE_CURVE('',#3037,#3111,#1237,.T.);
#5059=EDGE_CURVE('',#3128,#3119,#1241,.T.);
#5061=EDGE_CURVE('',#3119,#3120,#2176,.T.);
#5073=EDGE_CURVE('',#3176,#3132,#1246,.T.);
#5098=EDGE_CURVE('',#3127,#3124,#1258,.T.);
#5100=EDGE_CURVE('',#3124,#3119,#2180,.T.);
#5111=EDGE_CURVE('',#3364,#3372,#1263,.T.);
#5115=EDGE_CURVE('',#3356,#3364,#1271,.T.);
#5125=EDGE_CURVE('',#3358,#3368,#1275,.T.);
#5128=EDGE_CURVE('',#3122,#3124,#2184,.T.);
#5132=EDGE_CURVE('',#3368,#3376,#1284,.T.);
#5142=EDGE_CURVE('',#3363,#3364,#1288,.T.);
#5144=EDGE_CURVE('',#3363,#3371,#1361,.T.);
#5156=EDGE_CURVE('',#3348,#3335,#1304,.T.);
#5158=EDGE_CURVE('',#3348,#3363,#1365,.T.);
#5162=EDGE_CURVE('',#3356,#3343,#1336,.T.);
#5164=EDGE_CURVE('',#3335,#3343,#1352,.T.);
#5174=EDGE_CURVE('',#3332,#3346,#1292,.T.);
#5177=EDGE_CURVE('',#3352,#3331,#1296,.T.);
#5179=EDGE_CURVE('',#3331,#3332,#1300,.T.);
#5190=EDGE_CURVE('',#3335,#3336,#1308,.T.);
#5192=EDGE_CURVE('',#3336,#3350,#1312,.T.);
#5204=EDGE_CURVE('',#3332,#3340,#1316,.T.);
#5206=EDGE_CURVE('',#3340,#3354,#1324,.T.);
#5218=EDGE_CURVE('',#3331,#3339,#1320,.T.);
#5220=EDGE_CURVE('',#3339,#3340,#1328,.T.);
#5233=EDGE_CURVE('',#3360,#3339,#1332,.T.);
#5258=EDGE_CURVE('',#3344,#3358,#1340,.T.);
#5260=EDGE_CURVE('',#3343,#3344,#1344,.T.);
#5271=EDGE_CURVE('',#3336,#3344,#1348,.T.);
#5275=EDGE_CURVE('',#3367,#3368,#1356,.T.);
#5277=EDGE_CURVE('',#3350,#3367,#1369,.T.);
#5302=EDGE_CURVE('',#3367,#3375,#1374,.T.);
#5327=EDGE_CURVE('',#3390,#3381,#1378,.T.);
#5329=EDGE_CURVE('',#3381,#3382,#2160,.T.);
#5341=EDGE_CURVE('',#3389,#3386,#1382,.T.);
#5343=EDGE_CURVE('',#3386,#3381,#2164,.T.);
#5354=EDGE_CURVE('',#3518,#3504,#1387,.T.);
#5358=EDGE_CURVE('',#3499,#3518,#1395,.T.);
#5368=EDGE_CURVE('',#3500,#3520,#1399,.T.);
#5371=EDGE_CURVE('',#3384,#3386,#2168,.T.);
#5375=EDGE_CURVE('',#3520,#3508,#1408,.T.);
#5387=EDGE_CURVE('',#3522,#3518,#1412,.T.);
#5389=EDGE_CURVE('',#3522,#3503,#1449,.T.);
#5400=EDGE_CURVE('',#3499,#3491,#1424,.T.);
#5402=EDGE_CURVE('',#3483,#3491,#2148,.T.);
#5404=EDGE_CURVE('',#3495,#3483,#2124,.T.);
#5406=EDGE_CURVE('',#3495,#3522,#1453,.T.);
#5418=EDGE_CURVE('',#3492,#3500,#1416,.T.);
#5420=EDGE_CURVE('',#3491,#3492,#1420,.T.);
#5432=EDGE_CURVE('',#3488,#3515,#1428,.T.);
#5434=EDGE_CURVE('',#3487,#3488,#1432,.T.);
#5436=EDGE_CURVE('',#3516,#3487,#1436,.T.);
#5447=EDGE_CURVE('',#3524,#3520,#1444,.T.);
#5449=EDGE_CURVE('',#3496,#3524,#1457,.T.);
#5451=EDGE_CURVE('',#3484,#3496,#2132,.T.);
#5453=EDGE_CURVE('',#3484,#3492,#1440,.T.);
#5465=EDGE_CURVE('',#3524,#3507,#1462,.T.);
#5492=EDGE_CURVE('',#3404,#3395,#1466,.T.);
#5494=EDGE_CURVE('',#3395,#3396,#2108,.T.);
#5506=EDGE_CURVE('',#3403,#3400,#1470,.T.);
#5508=EDGE_CURVE('',#3400,#3395,#2112,.T.);
#5519=EDGE_CURVE('',#3566,#3552,#1475,.T.);
#5523=EDGE_CURVE('',#3547,#3566,#1483,.T.);
#5533=EDGE_CURVE('',#3548,#3568,#1487,.T.);
#5536=EDGE_CURVE('',#3398,#3400,#2116,.T.);
#5540=EDGE_CURVE('',#3568,#3556,#1496,.T.);
#5552=EDGE_CURVE('',#3570,#3566,#1500,.T.);
#5554=EDGE_CURVE('',#3570,#3551,#1537,.T.);
#5565=EDGE_CURVE('',#3547,#3539,#1512,.T.);
#5567=EDGE_CURVE('',#3531,#3539,#2096,.T.);
#5569=EDGE_CURVE('',#3543,#3531,#2072,.T.);
#5571=EDGE_CURVE('',#3543,#3570,#1541,.T.);
#5583=EDGE_CURVE('',#3540,#3548,#1504,.T.);
#5585=EDGE_CURVE('',#3539,#3540,#1508,.T.);
#5597=EDGE_CURVE('',#3536,#3563,#1516,.T.);
#5599=EDGE_CURVE('',#3535,#3536,#1520,.T.);
#5601=EDGE_CURVE('',#3564,#3535,#1524,.T.);
#5612=EDGE_CURVE('',#3572,#3568,#1532,.T.);
#5614=EDGE_CURVE('',#3544,#3572,#1545,.T.);
#5616=EDGE_CURVE('',#3532,#3544,#2080,.T.);
#5618=EDGE_CURVE('',#3532,#3540,#1528,.T.);
#5630=EDGE_CURVE('',#3572,#3555,#1550,.T.);
#5657=EDGE_CURVE('',#3420,#3411,#1554,.T.);
#5659=EDGE_CURVE('',#3411,#3412,#2056,.T.);
#5671=EDGE_CURVE('',#3419,#3416,#1558,.T.);
#5673=EDGE_CURVE('',#3416,#3411,#2060,.T.);
#5684=EDGE_CURVE('',#3614,#3600,#1563,.T.);
#5688=EDGE_CURVE('',#3595,#3614,#1571,.T.);
#5698=EDGE_CURVE('',#3596,#3616,#1575,.T.);
#5701=EDGE_CURVE('',#3414,#3416,#2064,.T.);
#5705=EDGE_CURVE('',#3616,#3604,#1584,.T.);
#5717=EDGE_CURVE('',#3618,#3614,#1588,.T.);
#5719=EDGE_CURVE('',#3618,#3599,#1625,.T.);
#5730=EDGE_CURVE('',#3595,#3587,#1600,.T.);
#5732=EDGE_CURVE('',#3579,#3587,#2044,.T.);
#5734=EDGE_CURVE('',#3591,#3579,#2020,.T.);
#5736=EDGE_CURVE('',#3591,#3618,#1629,.T.);
#5748=EDGE_CURVE('',#3588,#3596,#1592,.T.);
#5750=EDGE_CURVE('',#3587,#3588,#1596,.T.);
#5762=EDGE_CURVE('',#3584,#3611,#1604,.T.);
#5764=EDGE_CURVE('',#3583,#3584,#1608,.T.);
#5766=EDGE_CURVE('',#3612,#3583,#1612,.T.);
#5777=EDGE_CURVE('',#3620,#3616,#1620,.T.);
#5779=EDGE_CURVE('',#3592,#3620,#1633,.T.);
#5781=EDGE_CURVE('',#3580,#3592,#2028,.T.);
#5783=EDGE_CURVE('',#3580,#3588,#1616,.T.);
#5795=EDGE_CURVE('',#3620,#3603,#1638,.T.);
#5822=EDGE_CURVE('',#3436,#3427,#1642,.T.);
#5824=EDGE_CURVE('',#3427,#3428,#2004,.T.);
#5836=EDGE_CURVE('',#3435,#3432,#1646,.T.);
#5838=EDGE_CURVE('',#3432,#3427,#2008,.T.);
#5849=EDGE_CURVE('',#3662,#3648,#1651,.T.);
#5853=EDGE_CURVE('',#3643,#3662,#1659,.T.);
#5863=EDGE_CURVE('',#3644,#3664,#1663,.T.);
#5866=EDGE_CURVE('',#3430,#3432,#2012,.T.);
#5870=EDGE_CURVE('',#3664,#3652,#1672,.T.);
#5882=EDGE_CURVE('',#3666,#3662,#1676,.T.);
#5884=EDGE_CURVE('',#3666,#3647,#1713,.T.);
#5895=EDGE_CURVE('',#3643,#3635,#1688,.T.);
#5897=EDGE_CURVE('',#3627,#3635,#1992,.T.);
#5899=EDGE_CURVE('',#3639,#3627,#1968,.T.);
#5901=EDGE_CURVE('',#3639,#3666,#1717,.T.);
#5913=EDGE_CURVE('',#3636,#3644,#1680,.T.);
#5915=EDGE_CURVE('',#3635,#3636,#1684,.T.);
#5927=EDGE_CURVE('',#3632,#3659,#1692,.T.);
#5929=EDGE_CURVE('',#3631,#3632,#1696,.T.);
#5931=EDGE_CURVE('',#3660,#3631,#1700,.T.);
#5942=EDGE_CURVE('',#3668,#3664,#1708,.T.);
#5944=EDGE_CURVE('',#3640,#3668,#1721,.T.);
#5946=EDGE_CURVE('',#3628,#3640,#1976,.T.);
#5948=EDGE_CURVE('',#3628,#3636,#1704,.T.);
#5960=EDGE_CURVE('',#3668,#3651,#1726,.T.);
#5987=EDGE_CURVE('',#3452,#3443,#1730,.T.);
#5989=EDGE_CURVE('',#3443,#3444,#1952,.T.);
#6001=EDGE_CURVE('',#3451,#3448,#1734,.T.);
#6003=EDGE_CURVE('',#3448,#3443,#1956,.T.);
#6014=EDGE_CURVE('',#3710,#3696,#1739,.T.);
#6018=EDGE_CURVE('',#3691,#3710,#1747,.T.);
#6028=EDGE_CURVE('',#3692,#3712,#1751,.T.);
#6031=EDGE_CURVE('',#3446,#3448,#1960,.T.);
#6035=EDGE_CURVE('',#3712,#3700,#1760,.T.);
#6047=EDGE_CURVE('',#3714,#3710,#1764,.T.);
#6049=EDGE_CURVE('',#3714,#3695,#1801,.T.);
#6060=EDGE_CURVE('',#3691,#3683,#1776,.T.);
#6062=EDGE_CURVE('',#3675,#3683,#1940,.T.);
#6064=EDGE_CURVE('',#3687,#3675,#1916,.T.);
#6066=EDGE_CURVE('',#3687,#3714,#1805,.T.);
#6078=EDGE_CURVE('',#3684,#3692,#1768,.T.);
#6080=EDGE_CURVE('',#3683,#3684,#1772,.T.);
#6092=EDGE_CURVE('',#3680,#3707,#1780,.T.);
#6094=EDGE_CURVE('',#3679,#3680,#1784,.T.);
#6096=EDGE_CURVE('',#3708,#3679,#1788,.T.);
#6107=EDGE_CURVE('',#3716,#3712,#1796,.T.);
#6109=EDGE_CURVE('',#3688,#3716,#1809,.T.);
#6111=EDGE_CURVE('',#3676,#3688,#1924,.T.);
#6113=EDGE_CURVE('',#3676,#3684,#1792,.T.);
#6125=EDGE_CURVE('',#3716,#3699,#1814,.T.);
#6152=EDGE_CURVE('',#3468,#3459,#1818,.T.);
#6154=EDGE_CURVE('',#3459,#3460,#1900,.T.);
#6166=EDGE_CURVE('',#3467,#3464,#1822,.T.);
#6168=EDGE_CURVE('',#3464,#3459,#1904,.T.);
#6182=EDGE_CURVE('',#3739,#3758,#1835,.T.);
#6192=EDGE_CURVE('',#3740,#3760,#1839,.T.);
#6195=EDGE_CURVE('',#3462,#3464,#1908,.T.);
#6199=EDGE_CURVE('',#3760,#3748,#1848,.T.);
#6210=EDGE_CURVE('',#3739,#3731,#1864,.T.);
#6212=EDGE_CURVE('',#3723,#3731,#1888,.T.);
#6226=EDGE_CURVE('',#3732,#3740,#1856,.T.);
#6228=EDGE_CURVE('',#3731,#3732,#1860,.T.);
#6240=EDGE_CURVE('',#3728,#3755,#1868,.T.);
#6242=EDGE_CURVE('',#3727,#3728,#1872,.T.);
#6244=EDGE_CURVE('',#3756,#3727,#1876,.T.);
#6255=EDGE_CURVE('',#3764,#3760,#1884,.T.);
#6259=EDGE_CURVE('',#3724,#3732,#1880,.T.);
#6296=EDGE_CURVE('',#3720,#3728,#1892,.T.);
#6308=EDGE_CURVE('',#3719,#3727,#1896,.T.);
#6346=EDGE_CURVE('',#3675,#3676,#1920,.T.);
#6358=EDGE_CURVE('',#3704,#3671,#1928,.T.);
#6360=EDGE_CURVE('',#3671,#3672,#1932,.T.);
#6362=EDGE_CURVE('',#3672,#3703,#1936,.T.);
#6386=EDGE_CURVE('',#3671,#3679,#1944,.T.);
#6400=EDGE_CURVE('',#3672,#3680,#1948,.T.);
#6436=EDGE_CURVE('',#3627,#3628,#1972,.T.);
#6448=EDGE_CURVE('',#3656,#3623,#1980,.T.);
#6450=EDGE_CURVE('',#3623,#3624,#1984,.T.);
#6452=EDGE_CURVE('',#3624,#3655,#1988,.T.);
#6476=EDGE_CURVE('',#3623,#3631,#1996,.T.);
#6490=EDGE_CURVE('',#3624,#3632,#2000,.T.);
#6526=EDGE_CURVE('',#3579,#3580,#2024,.T.);
#6538=EDGE_CURVE('',#3608,#3575,#2032,.T.);
#6540=EDGE_CURVE('',#3575,#3576,#2036,.T.);
#6542=EDGE_CURVE('',#3576,#3607,#2040,.T.);
#6566=EDGE_CURVE('',#3575,#3583,#2048,.T.);
#6580=EDGE_CURVE('',#3576,#3584,#2052,.T.);
#6616=EDGE_CURVE('',#3531,#3532,#2076,.T.);
#6628=EDGE_CURVE('',#3560,#3527,#2084,.T.);
#6630=EDGE_CURVE('',#3527,#3528,#2088,.T.);
#6632=EDGE_CURVE('',#3528,#3559,#2092,.T.);
#6656=EDGE_CURVE('',#3527,#3535,#2100,.T.);
#6670=EDGE_CURVE('',#3528,#3536,#2104,.T.);
#6706=EDGE_CURVE('',#3483,#3484,#2128,.T.);
#6718=EDGE_CURVE('',#3512,#3479,#2136,.T.);
#6720=EDGE_CURVE('',#3479,#3480,#2140,.T.);
#6722=EDGE_CURVE('',#3480,#3511,#2144,.T.);
#6746=EDGE_CURVE('',#3479,#3487,#2152,.T.);
#6760=EDGE_CURVE('',#3480,#3488,#2156,.T.);
#6830=EDGE_CURVE('',#3087,#3088,#2196,.T.);
#6832=EDGE_CURVE('',#3092,#3087,#2200,.T.);
#6846=EDGE_CURVE('',#3098,#3100,#2220,.T.);
#6848=EDGE_CURVE('',#3096,#3098,#2224,.T.);
#6859=EDGE_CURVE('',#3103,#3087,#2232,.T.);
#6864=EDGE_CURVE('',#3076,#3084,#2236,.T.);
#6887=EDGE_CURVE('',#3075,#3083,#2256,.T.);
#6901=EDGE_CURVE('',#3107,#3098,#2260,.T.);
#6938=EDGE_CURVE('',#3163,#3164,#2272,.T.);
#6941=EDGE_CURVE('',#2975,#3247,#2284,.T.);
#6952=EDGE_CURVE('',#3167,#3168,#2276,.T.);
#6955=EDGE_CURVE('',#2984,#3244,#2280,.T.);
#6981=EDGE_CURVE('',#2976,#3248,#2288,.T.);
#6983=EDGE_CURVE('',#2975,#2976,#2544,.T.);
#6995=EDGE_CURVE('',#3274,#3250,#2292,.T.);
#6997=EDGE_CURVE('',#3260,#3274,#2388,.T.);
#6999=EDGE_CURVE('',#3000,#3260,#2396,.T.);
#7001=EDGE_CURVE('',#2976,#3000,#2532,.T.);
#7011=EDGE_CURVE('',#3258,#3254,#2332,.T.);
#7013=EDGE_CURVE('',#3258,#3272,#2356,.T.);
#7015=EDGE_CURVE('',#3272,#3274,#2392,.T.);
#7028=EDGE_CURVE('',#3256,#3253,#2300,.T.);
#7030=EDGE_CURVE('',#2947,#3256,#2304,.T.);
#7032=EDGE_CURVE('',#2947,#2940,#2308,.T.);
#7034=EDGE_CURVE('',#2940,#2932,#2312,.T.);
#7037=EDGE_CURVE('',#2911,#2919,#2608,.T.);
#7040=EDGE_CURVE('',#2916,#2924,#2320,.T.);
#7043=EDGE_CURVE('',#2935,#2926,#2596,.T.);
#7045=EDGE_CURVE('',#2935,#2943,#2324,.T.);
#7047=EDGE_CURVE('',#3258,#2943,#2328,.T.);
#7060=EDGE_CURVE('',#3268,#3241,#2340,.T.);
#7062=EDGE_CURVE('',#3266,#3268,#2368,.T.);
#7064=EDGE_CURVE('',#3256,#3266,#2348,.T.);
#7074=EDGE_CURVE('',#2988,#3262,#2336,.T.);
#7076=EDGE_CURVE('',#3262,#3268,#2372,.T.);
#7080=EDGE_CURVE('',#2983,#3242,#2588,.T.);
#7082=EDGE_CURVE('',#2988,#2983,#2568,.T.);
#7092=EDGE_CURVE('',#2947,#3265,#2352,.T.);
#7094=EDGE_CURVE('',#3265,#3262,#2376,.T.);
#7097=EDGE_CURVE('',#2992,#2988,#2556,.T.);
#7099=EDGE_CURVE('',#2992,#2948,#2344,.T.);
#7101=EDGE_CURVE('',#2947,#2948,#2404,.T.);
#7112=EDGE_CURVE('',#3265,#3266,#2364,.T.);
#7124=EDGE_CURVE('',#3271,#3272,#2380,.T.);
#7128=EDGE_CURVE('',#3271,#2943,#2360,.T.);
#7151=EDGE_CURVE('',#3271,#3260,#2384,.T.);
#7164=EDGE_CURVE('',#2943,#2944,#2420,.T.);
#7166=EDGE_CURVE('',#2996,#2944,#2475,.T.);
#7168=EDGE_CURVE('',#3000,#2996,#2520,.T.);
#7180=EDGE_CURVE('',#2951,#2962,#2400,.T.);
#7182=EDGE_CURVE('',#2951,#2939,#2454,.T.);
#7184=EDGE_CURVE('',#2939,#2940,#2600,.T.);
#7188=EDGE_CURVE('',#2962,#2948,#2408,.T.);
#7198=EDGE_CURVE('',#2959,#2964,#2412,.T.);
#7200=EDGE_CURVE('',#2944,#2964,#2416,.T.);
#7204=EDGE_CURVE('',#2935,#2936,#2592,.T.);
#7206=EDGE_CURVE('',#2936,#2959,#2446,.T.);
#7216=EDGE_CURVE('',#2951,#2952,#2424,.T.);
#7219=EDGE_CURVE('',#2962,#3002,#2471,.T.);
#7221=EDGE_CURVE('',#2952,#3002,#2458,.T.);
#7232=EDGE_CURVE('',#2952,#2955,#2429,.T.);
#7234=EDGE_CURVE('',#2955,#2956,#2433,.T.);
#7236=EDGE_CURVE('',#2956,#2960,#2438,.T.);
#7238=EDGE_CURVE('',#2959,#2960,#2442,.T.);
#7241=EDGE_CURVE('',#2936,#2928,#2450,.T.);
#7244=EDGE_CURVE('',#2939,#2930,#2604,.T.);
#7257=EDGE_CURVE('',#3002,#2967,#2467,.T.);
#7259=EDGE_CURVE('',#2955,#2967,#2488,.T.);
#7269=EDGE_CURVE('',#2967,#2968,#2462,.T.);
#7275=EDGE_CURVE('',#2996,#2992,#2508,.T.);
#7279=EDGE_CURVE('',#2964,#3004,#2479,.T.);
#7281=EDGE_CURVE('',#2968,#3004,#2484,.T.);
#7294=EDGE_CURVE('',#2956,#2968,#2492,.T.);
#7307=EDGE_CURVE('',#2960,#3004,#2496,.T.);
#7330=EDGE_CURVE('',#2994,#2996,#2504,.T.);
#7333=EDGE_CURVE('',#2990,#2992,#2552,.T.);
#7344=EDGE_CURVE('',#2998,#3000,#2516,.T.);
#7357=EDGE_CURVE('',#2972,#2976,#2528,.T.);
#7384=EDGE_CURVE('',#2986,#2988,#2564,.T.);
#7397=EDGE_CURVE('',#2979,#2983,#2576,.T.);
#7409=EDGE_CURVE('',#2983,#2984,#2580,.T.);
#7459=EDGE_CURVE('',#2912,#2920,#2612,.T.);
#7472=EDGE_CURVE('',#3178,#3182,#2616,.T.);
#7495=EDGE_CURVE('',#2915,#2923,#2620,.T.);
#7508=EDGE_CURVE('',#3180,#3184,#2624,.T.);
#7545=EDGE_CURVE('',#3296,#3289,#2632,.T.);
#7547=EDGE_CURVE('',#3296,#3070,#2636,.T.);
#7559=EDGE_CURVE('',#3299,#3294,#2640,.T.);
#7563=EDGE_CURVE('',#3064,#3299,#2644,.T.);
#7573=EDGE_CURVE('',#3315,#3314,#2661,.T.);
#7575=EDGE_CURVE('',#3284,#3314,#2665,.T.);
#7578=EDGE_CURVE('',#3286,#3296,#2780,.T.);
#7582=EDGE_CURVE('',#3290,#3315,#2776,.T.);
#7592=EDGE_CURVE('',#3311,#3309,#2698,.T.);
#7594=EDGE_CURVE('',#3312,#3311,#2824,.T.);
#7596=EDGE_CURVE('',#3313,#3312,#2834,.T.);
#7598=EDGE_CURVE('',#3314,#3313,#2844,.T.);
#7601=EDGE_CURVE('',#3316,#3315,#2772,.T.);
#7603=EDGE_CURVE('',#3317,#3316,#2762,.T.);
#7605=EDGE_CURVE('',#3318,#3317,#2752,.T.);
#7607=EDGE_CURVE('',#3320,#3318,#2742,.T.);
#7609=EDGE_CURVE('',#3320,#3308,#2669,.T.);
#7611=EDGE_CURVE('',#3305,#3308,#2713,.T.);
#7613=EDGE_CURVE('',#3309,#3305,#2673,.T.);
#7623=EDGE_CURVE('',#3309,#3310,#2685,.T.);
#7625=EDGE_CURVE('',#3277,#3310,#2689,.T.);
#7628=EDGE_CURVE('',#3278,#3311,#2828,.T.);
#7641=EDGE_CURVE('',#3305,#3308,#2703,.T.);
#7644=EDGE_CURVE('',#3319,#3320,#2732,.T.);
#7646=EDGE_CURVE('',#3321,#3319,#2794,.T.);
#7648=EDGE_CURVE('',#3322,#3321,#2804,.T.);
#7650=EDGE_CURVE('',#3310,#3322,#2814,.T.);
#7684=EDGE_CURVE('',#3305,#3306,#2708,.T.);
#7686=EDGE_CURVE('',#3308,#3306,#2718,.T.);
#7734=EDGE_CURVE('',#3293,#3318,#2746,.T.);
#7738=EDGE_CURVE('',#3299,#3300,#2784,.T.);
#7740=EDGE_CURVE('',#3300,#3319,#2798,.T.);
#7751=EDGE_CURVE('',#3326,#3317,#2756,.T.);
#7764=EDGE_CURVE('',#3324,#3316,#2766,.T.);
#7804=EDGE_CURVE('',#3300,#3302,#2788,.T.);
#7817=EDGE_CURVE('',#3302,#3321,#2808,.T.);
#7830=EDGE_CURVE('',#3328,#3322,#2818,.T.);
#7855=EDGE_CURVE('',#3280,#3312,#2838,.T.);
#7868=EDGE_CURVE('',#3282,#3313,#2848,.T.);
#7893=EDGE_CURVE('',#3214,#3236,#2858,.T.);
#7906=EDGE_CURVE('',#3212,#3235,#2868,.T.);
#7931=EDGE_CURVE('',#3192,#3227,#2888,.T.);
#7944=EDGE_CURVE('',#3190,#3226,#2898,.T.);
#7971=TRIMMED_CURVE('',#7970,(PARAMETER_VALUE(0.E0)),(PARAMETER_VALUE(1.E0)),
.T.,.UNSPECIFIED.);
#7977=TRIMMED_CURVE('',#7976,(PARAMETER_VALUE(0.E0)),(PARAMETER_VALUE(1.E0)),
.T.,.UNSPECIFIED.);
#7982=TRIMMED_CURVE('',#7981,(PARAMETER_VALUE(0.E0)),(PARAMETER_VALUE(1.E0)),
.T.,.UNSPECIFIED.);
#7987=TRIMMED_CURVE('A_9',#7986,(PARAMETER_VALUE(0.E0)),(PARAMETER_VALUE(1.E0)),
.T.,.UNSPECIFIED.);
#7992=TRIMMED_CURVE('A_15',#7991,(PARAMETER_VALUE(0.E0)),(PARAMETER_VALUE
(1.E0)),.T.,.UNSPECIFIED.);
#7997=CIRCLE('',#7996,2.15E-2);
#7998=TRIMMED_CURVE('',#7997,(PARAMETER_VALUE(0.E0)),(PARAMETER_VALUE(1.8E2)),
.T.,.UNSPECIFIED.);
#7999=COMPOSITE_CURVE_SEGMENT(.CONTINUOUS.,.T.,#7998);
#8004=CIRCLE('',#8003,2.15E-2);
#8005=TRIMMED_CURVE('',#8004,(PARAMETER_VALUE(0.E0)),(PARAMETER_VALUE(1.8E2)),
.T.,.UNSPECIFIED.);
#8006=COMPOSITE_CURVE_SEGMENT(.CONTINUOUS.,.T.,#8005);
#8007=COMPOSITE_CURVE('',(#7999,#8006),.F.);
#8012=CIRCLE('',#8011,2.15E-2);
#8013=TRIMMED_CURVE('',#8012,(PARAMETER_VALUE(0.E0)),(PARAMETER_VALUE(1.8E2)),
.T.,.UNSPECIFIED.);
#8014=COMPOSITE_CURVE_SEGMENT(.CONTINUOUS.,.T.,#8013);
#8019=CIRCLE('',#8018,2.15E-2);
#8020=TRIMMED_CURVE('',#8019,(PARAMETER_VALUE(0.E0)),(PARAMETER_VALUE(1.8E2)),
.T.,.UNSPECIFIED.);
#8021=COMPOSITE_CURVE_SEGMENT(.CONTINUOUS.,.T.,#8020);
#8022=COMPOSITE_CURVE('',(#8014,#8021),.F.);
#8027=CIRCLE('',#8026,2.15E-2);
#8028=TRIMMED_CURVE('',#8027,(PARAMETER_VALUE(0.E0)),(PARAMETER_VALUE(1.8E2)),
.T.,.UNSPECIFIED.);
#8029=COMPOSITE_CURVE_SEGMENT(.CONTINUOUS.,.T.,#8028);
#8034=CIRCLE('',#8033,2.15E-2);
#8035=TRIMMED_CURVE('',#8034,(PARAMETER_VALUE(0.E0)),(PARAMETER_VALUE(1.8E2)),
.T.,.UNSPECIFIED.);
#8036=COMPOSITE_CURVE_SEGMENT(.CONTINUOUS.,.T.,#8035);
#8037=COMPOSITE_CURVE('',(#8029,#8036),.F.);
#8042=CIRCLE('',#8041,2.15E-2);
#8043=TRIMMED_CURVE('',#8042,(PARAMETER_VALUE(0.E0)),(PARAMETER_VALUE(1.8E2)),
.T.,.UNSPECIFIED.);
#8044=COMPOSITE_CURVE_SEGMENT(.CONTINUOUS.,.T.,#8043);
#8049=CIRCLE('',#8048,2.15E-2);
#8050=TRIMMED_CURVE('',#8049,(PARAMETER_VALUE(0.E0)),(PARAMETER_VALUE(1.8E2)),
.T.,.UNSPECIFIED.);
#8051=COMPOSITE_CURVE_SEGMENT(.CONTINUOUS.,.T.,#8050);
#8052=COMPOSITE_CURVE('',(#8044,#8051),.F.);
#8057=CIRCLE('',#8056,2.15E-2);
#8058=TRIMMED_CURVE('',#8057,(PARAMETER_VALUE(0.E0)),(PARAMETER_VALUE(1.8E2)),
.T.,.UNSPECIFIED.);
#8059=COMPOSITE_CURVE_SEGMENT(.CONTINUOUS.,.T.,#8058);
#8064=CIRCLE('',#8063,2.15E-2);
#8065=TRIMMED_CURVE('',#8064,(PARAMETER_VALUE(0.E0)),(PARAMETER_VALUE(1.8E2)),
.T.,.UNSPECIFIED.);
#8066=COMPOSITE_CURVE_SEGMENT(.CONTINUOUS.,.T.,#8065);
#8067=COMPOSITE_CURVE('',(#8059,#8066),.F.);
#8072=CIRCLE('',#8071,2.15E-2);
#8073=TRIMMED_CURVE('',#8072,(PARAMETER_VALUE(0.E0)),(PARAMETER_VALUE(1.8E2)),
.T.,.UNSPECIFIED.);
#8074=COMPOSITE_CURVE_SEGMENT(.CONTINUOUS.,.T.,#8073);
#8079=CIRCLE('',#8078,2.15E-2);
#8080=TRIMMED_CURVE('',#8079,(PARAMETER_VALUE(0.E0)),(PARAMETER_VALUE(1.8E2)),
.T.,.UNSPECIFIED.);
#8081=COMPOSITE_CURVE_SEGMENT(.CONTINUOUS.,.T.,#8080);
#8082=COMPOSITE_CURVE('',(#8074,#8081),.F.);
#8087=CIRCLE('',#8086,2.15E-2);
#8088=TRIMMED_CURVE('',#8087,(PARAMETER_VALUE(0.E0)),(PARAMETER_VALUE(1.8E2)),
.T.,.UNSPECIFIED.);
#8089=COMPOSITE_CURVE_SEGMENT(.CONTINUOUS.,.T.,#8088);
#8094=CIRCLE('',#8093,2.15E-2);
#8095=TRIMMED_CURVE('',#8094,(PARAMETER_VALUE(0.E0)),(PARAMETER_VALUE(1.8E2)),
.T.,.UNSPECIFIED.);
#8096=COMPOSITE_CURVE_SEGMENT(.CONTINUOUS.,.T.,#8095);
#8097=COMPOSITE_CURVE('',(#8089,#8096),.F.);
#8102=CIRCLE('',#8101,2.15E-2);
#8103=TRIMMED_CURVE('',#8102,(PARAMETER_VALUE(0.E0)),(PARAMETER_VALUE(1.8E2)),
.T.,.UNSPECIFIED.);
#8104=COMPOSITE_CURVE_SEGMENT(.CONTINUOUS.,.T.,#8103);
#8109=CIRCLE('',#8108,2.15E-2);
#8110=TRIMMED_CURVE('',#8109,(PARAMETER_VALUE(0.E0)),(PARAMETER_VALUE(1.8E2)),
.T.,.UNSPECIFIED.);
#8111=COMPOSITE_CURVE_SEGMENT(.CONTINUOUS.,.T.,#8110);
#8112=COMPOSITE_CURVE('',(#8104,#8111),.F.);
#8121=CIRCLE('',#8120,6.7E-2);
#8122=TRIMMED_CURVE('',#8121,(PARAMETER_VALUE(0.E0)),(PARAMETER_VALUE(1.8E2)),
.T.,.UNSPECIFIED.);
#8123=COMPOSITE_CURVE_SEGMENT(.CONTINUOUS.,.T.,#8122);
#8128=CIRCLE('',#8127,6.7E-2);
#8129=TRIMMED_CURVE('',#8128,(PARAMETER_VALUE(0.E0)),(PARAMETER_VALUE(1.8E2)),
.T.,.UNSPECIFIED.);
#8130=COMPOSITE_CURVE_SEGMENT(.CONTINUOUS.,.T.,#8129);
#8131=COMPOSITE_CURVE('',(#8123,#8130),.F.);
#8136=CIRCLE('',#8135,6.7E-2);
#8137=TRIMMED_CURVE('',#8136,(PARAMETER_VALUE(0.E0)),(PARAMETER_VALUE(1.8E2)),
.T.,.UNSPECIFIED.);
#8138=COMPOSITE_CURVE_SEGMENT(.CONTINUOUS.,.T.,#8137);
#8143=CIRCLE('',#8142,6.7E-2);
#8144=TRIMMED_CURVE('',#8143,(PARAMETER_VALUE(0.E0)),(PARAMETER_VALUE(1.8E2)),
.T.,.UNSPECIFIED.);
#8145=COMPOSITE_CURVE_SEGMENT(.CONTINUOUS.,.T.,#8144);
#8146=COMPOSITE_CURVE('',(#8138,#8145),.F.);
#8148=(LENGTH_UNIT()NAMED_UNIT(*)SI_UNIT(.MILLI.,.METRE.));
#8152=(NAMED_UNIT(*)PLANE_ANGLE_UNIT()SI_UNIT($,.RADIAN.));
#8155=(NAMED_UNIT(*)SI_UNIT($,.STERADIAN.)SOLID_ANGLE_UNIT());
#8158=ADVANCED_BREP_SHAPE_REPRESENTATION('',(#7962),#8157);
#8159=GEOMETRICALLY_BOUNDED_SURFACE_SHAPE_REPRESENTATION('',(#7972),#8157);
#8160=SHAPE_REPRESENTATION('',(#7966,#8116),#8157);
#8169=PRODUCT_DEFINITION('design','',#8168,#8165);
#8170=PRODUCT_DEFINITION_SHAPE('','SHAPE FOR 705550007.',#8169);
#8171=SHAPE_DEFINITION_REPRESENTATION(#8170,#8160);
ENDSEC;
END-ISO-10303-21;
