 PTC IGES file: 702470851.igs                                           S      1
1H,,1H;,9H702470851,13H702470851.igs,                                   G      1
52HCreo Parametric by Parametric Technology Corporation,7H2016010,32,   G      2
38,7,38,15,9H702470851,1.,2,2HMM,32768,0.5,15H20190204.162112,          G      3
0.00246929,24.6939,3Hgga,7HUnknown,10,0,15H20190204.162112;             G      4
     314       1       1       1       0       0       0       001000200D      1
     314       0       7       1       0                   COLOR       1D      2
     314       2       1       1       0       0       0       001000200D      3
     314       0       4       1       0                   COLOR       2D      4
     314       3       1       1       0       0       0       001000200D      5
     314       0       1       1       0                   COLOR       3D      6
     314       4       1       1       0       0       0       001000200D      7
     314       0       1       1       0                   COLOR       4D      8
     314       5       1       1       0       0       0       001000200D      9
     314       0       2       1       0                   COLOR       5D     10
     314       6       1       1       0       0       0       001000200D     11
     314       0       8       1       0                   COLOR       6D     12
     314       7       1       1       0       0       0       001000200D     13
     314       0       8       1       0                   COLOR       7D     14
     314       8       1       1       0       0       0       001000200D     15
     314       0       8       1       0                   COLOR       8D     16
     314       9       1       1       0       0       0       001000200D     17
     314       0       8       1       0                   COLOR       9D     18
     314      10       1       1       0       0       0       001000200D     19
     314       0       5       1       0                   COLOR      10D     20
     314      11       1       1       0       0       0       001000200D     21
     314       0       8       1       0                   COLOR      11D     22
     110      12       1       1       0       0       0       001010000D     23
     110       0       0       1       0                    LINE       1D     24
     110      13       1       1       0       0       0       001010000D     25
     110       0       0       1       0                    LINE       2D     26
     110      14       1       1       0       0       0       001010000D     27
     110       0       0       1       0                    LINE       3D     28
     110      15       1       1       0       0       0       001010000D     29
     110       0       0       1       0                    LINE       4D     30
     110      16       1       1       0       0       0       001010000D     31
     110       0       0       1       0                    LINE       5D     32
     110      17       1       1       0       0       0       001010000D     33
     110       0       0       1       0                    LINE       6D     34
     110      18       1       1       0       0       0       001010000D     35
     110       0       0       1       0                    LINE       7D     36
     110      19       1       1       0       0       0       001010000D     37
     110       0       0       1       0                    LINE       8D     38
     110      20       1       1       0       0       0       001010000D     39
     110       0       0       1       0                    LINE       9D     40
     110      21       1       1       0       0       0       001010000D     41
     110       0       0       1       0                    LINE      10D     42
     110      22       1       1       0       0       0       001010000D     43
     110       0       0       1       0                    LINE      11D     44
     110      23       1       1       0       0       0       001010000D     45
     110       0       0       1       0                    LINE      12D     46
     110      24       1       1       0       0       0       001010000D     47
     110       0       0       1       0                    LINE      13D     48
     110      25       1       1       0       0       0       001010000D     49
     110       0       0       1       0                    LINE      14D     50
     110      26       1       1       0       0       0       001010000D     51
     110       0       0       1       0                    LINE      15D     52
     110      27       1       1       0       0       0       001010000D     53
     110       0       0       1       0                    LINE      16D     54
     110      28       1       1       0       0       0       001010000D     55
     110       0       0       1       0                    LINE      17D     56
     110      29       1       1       0       0       0       001010000D     57
     110       0       0       1       0                    LINE      18D     58
     110      30       1       1       0       0       0       001010000D     59
     110       0       0       1       0                    LINE      19D     60
     110      31       1       1       0       0       0       001010000D     61
     110       0       0       1       0                    LINE      20D     62
     110      32       1       1       0       0       0       001010000D     63
     110       0       0       2       0                    LINE      21D     64
     124      34       1       1       0       0       0       001000000D     65
     124       0       0       3       0                   XFORM       1D     66
     100      37       1       1       0       0      65       001010000D     67
     100       0       0       1       0                     ARC       1D     68
     110      38       1       1       0       0       0       001010000D     69
     110       0       0       2       0                    LINE      22D     70
     110      40       1       1       0       0       0       001010000D     71
     110       0       0       1       0                    LINE      23D     72
     110      41       1       1       0       0       0       001010000D     73
     110       0       0       1       0                    LINE      24D     74
     110      42       1       1       0       0       0       001010000D     75
     110       0       0       1       0                    LINE      25D     76
     110      43       1       1       0       0       0       001010000D     77
     110       0       0       1       0                    LINE      26D     78
     110      44       1       1       0       0       0       001010000D     79
     110       0       0       1       0                    LINE      27D     80
     110      45       1       1       0       0       0       001010000D     81
     110       0       0       1       0                    LINE      28D     82
     110      46       1       1       0       0       0       001010000D     83
     110       0       0       1       0                    LINE      29D     84
     110      47       1       1       0       0       0       001010000D     85
     110       0       0       1       0                    LINE      30D     86
     110      48       1       1       0       0       0       001010000D     87
     110       0       0       1       0                    LINE      31D     88
     110      49       1       1       0       0       0       001010000D     89
     110       0       0       1       0                    LINE      32D     90
     110      50       1       1       0       0       0       001010000D     91
     110       0       0       1       0                    LINE      33D     92
     110      51       1       1       0       0       0       001010000D     93
     110       0       0       1       0                    LINE      34D     94
     110      52       1       1       0       0       0       001010000D     95
     110       0       0       1       0                    LINE      35D     96
     110      53       1       1       0       0       0       001010000D     97
     110       0       0       1       0                    LINE      36D     98
     110      54       1       1       0       0       0       001010000D     99
     110       0       0       1       0                    LINE      37D    100
     110      55       1       1       0       0       0       001010000D    101
     110       0       0       1       0                    LINE      38D    102
     110      56       1       1       0       0       0       001010000D    103
     110       0       0       1       0                    LINE      39D    104
     110      57       1       1       0       0       0       001010000D    105
     110       0       0       1       0                    LINE      40D    106
     110      58       1       1       0       0       0       001010000D    107
     110       0       0       1       0                    LINE      41D    108
     110      59       1       1       0       0       0       001010000D    109
     110       0       0       1       0                    LINE      42D    110
     110      60       1       1       0       0       0       001010000D    111
     110       0       0       1       0                    LINE      43D    112
     110      61       1       1       0       0       0       001010000D    113
     110       0       0       1       0                    LINE      44D    114
     110      62       1       1       0       0       0       001010000D    115
     110       0       0       1       0                    LINE      45D    116
     110      63       1       1       0       0       0       001010000D    117
     110       0       0       1       0                    LINE      46D    118
     110      64       1       1       0       0       0       001010000D    119
     110       0       0       1       0                    LINE      47D    120
     110      65       1       1       0       0       0       001010000D    121
     110       0       0       1       0                    LINE      48D    122
     110      66       1       1       0       0       0       001010000D    123
     110       0       0       1       0                    LINE      49D    124
     110      67       1       1       0       0       0       001010000D    125
     110       0       0       1       0                    LINE      50D    126
     110      68       1       1       0       0       0       001010000D    127
     110       0       0       1       0                    LINE      51D    128
     110      69       1       1       0       0       0       001010000D    129
     110       0       0       1       0                    LINE      52D    130
     110      70       1       1       0       0       0       001010000D    131
     110       0       0       1       0                    LINE      53D    132
     110      71       1       1       0       0       0       001010000D    133
     110       0       0       1       0                    LINE      54D    134
     110      72       1       1       0       0       0       001010000D    135
     110       0       0       1       0                    LINE      55D    136
     110      73       1       1       0       0       0       001010000D    137
     110       0       0       1       0                    LINE      56D    138
     110      74       1       1       0       0       0       001010000D    139
     110       0       0       1       0                    LINE      57D    140
     110      75       1       1       0       0       0       001010000D    141
     110       0       0       1       0                    LINE      58D    142
     110      76       1       1       0       0       0       001010000D    143
     110       0       0       1       0                    LINE      59D    144
     110      77       1       1       0       0       0       001010000D    145
     110       0       0       1       0                    LINE      60D    146
     110      78       1       1       0       0       0       001010000D    147
     110       0       0       1       0                    LINE      61D    148
     110      79       1       1       0       0       0       001010000D    149
     110       0       0       1       0                    LINE      62D    150
     110      80       1       1       0       0       0       001010000D    151
     110       0       0       1       0                    LINE      63D    152
     110      81       1       1       0       0       0       001010000D    153
     110       0       0       1       0                    LINE      64D    154
     110      82       1       1       0       0       0       001010000D    155
     110       0       0       1       0                    LINE      65D    156
     110      83       1       1       0       0       0       001010000D    157
     110       0       0       1       0                    LINE      66D    158
     110      84       1       1       0       0       0       001010000D    159
     110       0       0       1       0                    LINE      67D    160
     110      85       1       1       0       0       0       001010000D    161
     110       0       0       1       0                    LINE      68D    162
     110      86       1       1       0       0       0       001010000D    163
     110       0       0       1       0                    LINE      69D    164
     110      87       1       1       0       0       0       001010000D    165
     110       0       0       1       0                    LINE      70D    166
     110      88       1       1       0       0       0       001010000D    167
     110       0       0       1       0                    LINE      71D    168
     110      89       1       1       0       0       0       001010000D    169
     110       0       0       1       0                    LINE      72D    170
     110      90       1       1       0       0       0       001010000D    171
     110       0       0       1       0                    LINE      73D    172
     110      91       1       1       0       0       0       001010000D    173
     110       0       0       1       0                    LINE      74D    174
     110      92       1       1       0       0       0       001010000D    175
     110       0       0       1       0                    LINE      75D    176
     110      93       1       1       0       0       0       001010000D    177
     110       0       0       1       0                    LINE      76D    178
     110      94       1       1       0       0       0       001010000D    179
     110       0       0       1       0                    LINE      77D    180
     110      95       1       1       0       0       0       001010000D    181
     110       0       0       1       0                    LINE      78D    182
     110      96       1       1       0       0       0       001010000D    183
     110       0       0       1       0                    LINE      79D    184
     110      97       1       1       0       0       0       001010000D    185
     110       0       0       1       0                    LINE      80D    186
     110      98       1       1       0       0       0       001010000D    187
     110       0       0       1       0                    LINE      81D    188
     110      99       1       1       0       0       0       001010000D    189
     110       0       0       1       0                    LINE      82D    190
     110     100       1       1       0       0       0       001010000D    191
     110       0       0       1       0                    LINE      83D    192
     110     101       1       1       0       0       0       001010000D    193
     110       0       0       1       0                    LINE      84D    194
     110     102       1       1       0       0       0       001010000D    195
     110       0       0       1       0                    LINE      85D    196
     110     103       1       1       0       0       0       001010000D    197
     110       0       0       2       0                    LINE      86D    198
     110     105       1       1       0       0       0       001010000D    199
     110       0       0       2       0                    LINE      87D    200
     110     107       1       1       0       0       0       001010000D    201
     110       0       0       2       0                    LINE      88D    202
     110     109       1       1       0       0       0       001010000D    203
     110       0       0       2       0                    LINE      89D    204
     110     111       1       1       0       0       0       001010000D    205
     110       0       0       2       0                    LINE      90D    206
     110     113       1       1       0       0       0       001010000D    207
     110       0       0       2       0                    LINE      91D    208
     110     115       1       1       0       0       0       001010000D    209
     110       0       0       2       0                    LINE      92D    210
     110     117       1       1       0       0       0       001010000D    211
     110       0       0       2       0                    LINE      93D    212
     110     119       1       1       0       0       0       001010000D    213
     110       0       0       2       0                    LINE      94D    214
     110     121       1       1       0       0       0       001010000D    215
     110       0       0       2       0                    LINE      95D    216
     110     123       1       1       0       0       0       001010000D    217
     110       0       0       2       0                    LINE      96D    218
     110     125       1       1       0       0       0       001010000D    219
     110       0       0       2       0                    LINE      97D    220
     110     127       1       1       0       0       0       001010000D    221
     110       0       0       2       0                    LINE      98D    222
     110     129       1       1       0       0       0       001010000D    223
     110       0       0       2       0                    LINE      99D    224
     110     131       1       1       0       0       0       001010000D    225
     110       0       0       2       0                    LINE     100D    226
     110     133       1       1       0       0       0       001010000D    227
     110       0       0       2       0                    LINE     101D    228
     110     135       1       1       0       0       0       001010000D    229
     110       0       0       1       0                    LINE     102D    230
     110     136       1       1       0       0       0       001010000D    231
     110       0       0       1       0                    LINE     103D    232
     110     137       1       1       0       0       0       001010000D    233
     110       0       0       1       0                    LINE     104D    234
     110     138       1       1       0       0       0       001010000D    235
     110       0       0       1       0                    LINE     105D    236
     110     139       1       1       0       0       0       001010000D    237
     110       0       0       1       0                    LINE     106D    238
     110     140       1       1       0       0       0       001010000D    239
     110       0       0       1       0                    LINE     107D    240
     110     141       1       1       0       0       0       001010000D    241
     110       0       0       1       0                    LINE     108D    242
     110     142       1       1       0       0       0       001010000D    243
     110       0       0       1       0                    LINE     109D    244
     110     143       1       1       0       0       0       001010000D    245
     110       0       0       1       0                    LINE     110D    246
     110     144       1       1       0       0       0       001010000D    247
     110       0       0       1       0                    LINE     111D    248
     110     145       1       1       0       0       0       001010000D    249
     110       0       0       1       0                    LINE     112D    250
     110     146       1       1       0       0       0       001010000D    251
     110       0       0       1       0                    LINE     113D    252
     110     147       1       1       0       0       0       001010000D    253
     110       0       0       1       0                    LINE     114D    254
     110     148       1       1       0       0       0       001010000D    255
     110       0       0       1       0                    LINE     115D    256
     110     149       1       1       0       0       0       001010000D    257
     110       0       0       1       0                    LINE     116D    258
     110     150       1       1       0       0       0       001010000D    259
     110       0       0       2       0                    LINE     117D    260
     110     152       1       1       0       0       0       001010000D    261
     110       0       0       1       0                    LINE     118D    262
     110     153       1       1       0       0       0       001010000D    263
     110       0       0       1       0                    LINE     119D    264
     110     154       1       1       0       0       0       001010000D    265
     110       0       0       1       0                    LINE     120D    266
     110     155       1       1       0       0       0       001010000D    267
     110       0       0       1       0                    LINE     121D    268
     110     156       1       1       0       0       0       001010000D    269
     110       0       0       1       0                    LINE     122D    270
     110     157       1       1       0       0       0       001010000D    271
     110       0       0       2       0                    LINE     123D    272
     110     159       1       1       0       0       0       001010000D    273
     110       0       0       1       0                    LINE     124D    274
     110     160       1       1       0       0       0       001010000D    275
     110       0       0       1       0                    LINE     125D    276
     110     161       1       1       0       0       0       001010000D    277
     110       0       0       1       0                    LINE     126D    278
     110     162       1       1       0       0       0       001010000D    279
     110       0       0       1       0                    LINE     127D    280
     110     163       1       1       0       0       0       001010000D    281
     110       0       0       1       0                    LINE     128D    282
     110     164       1       1       0       0       0       001010000D    283
     110       0       0       2       0                    LINE     129D    284
     110     166       1       1       0       0       0       001010000D    285
     110       0       0       1       0                    LINE     130D    286
     110     167       1       1       0       0       0       001010000D    287
     110       0       0       1       0                    LINE     131D    288
     110     168       1       1       0       0       0       001010000D    289
     110       0       0       1       0                    LINE     132D    290
     110     169       1       1       0       0       0       001010000D    291
     110       0       0       1       0                    LINE     133D    292
     110     170       1       1       0       0       0       001010000D    293
     110       0       0       1       0                    LINE     134D    294
     110     171       1       1       0       0       0       001010000D    295
     110       0       0       2       0                    LINE     135D    296
     110     173       1       1       0       0       0       001010000D    297
     110       0       0       1       0                    LINE     136D    298
     110     174       1       1       0       0       0       001010000D    299
     110       0       0       1       0                    LINE     137D    300
     110     175       1       1       0       0       0       001010000D    301
     110       0       0       1       0                    LINE     138D    302
     110     176       1       1       0       0       0       001010000D    303
     110       0       0       1       0                    LINE     139D    304
     110     177       1       1       0       0       0       001010000D    305
     110       0       0       1       0                    LINE     140D    306
     110     178       1       1       0       0       0       001010000D    307
     110       0       0       1       0                    LINE     141D    308
     110     179       1       1       0       0       0       001010000D    309
     110       0       0       1       0                    LINE     142D    310
     110     180       1       1       0       0       0       001010000D    311
     110       0       0       1       0                    LINE     143D    312
     110     181       1       1       0       0       0       001010000D    313
     110       0       0       1       0                    LINE     144D    314
     110     182       1       1       0       0       0       001010000D    315
     110       0       0       1       0                    LINE     145D    316
     110     183       1       1       0       0       0       001010000D    317
     110       0       0       1       0                    LINE     146D    318
     110     184       1       1       0       0       0       001010000D    319
     110       0       0       1       0                    LINE     147D    320
     110     185       1       1       0       0       0       001010000D    321
     110       0       0       1       0                    LINE     148D    322
     110     186       1       1       0       0       0       001010000D    323
     110       0       0       1       0                    LINE     149D    324
     110     187       1       1       0       0       0       001010000D    325
     110       0       0       1       0                    LINE     150D    326
     110     188       1       1       0       0       0       001010000D    327
     110       0       0       1       0                    LINE     151D    328
     110     189       1       1       0       0       0       001010000D    329
     110       0       0       1       0                    LINE     152D    330
     110     190       1       1       0       0       0       001010000D    331
     110       0       0       1       0                    LINE     153D    332
     110     191       1       1       0       0       0       001010000D    333
     110       0       0       1       0                    LINE     154D    334
     110     192       1       1       0       0       0       001010000D    335
     110       0       0       1       0                    LINE     155D    336
     110     193       1       1       0       0       0       001010000D    337
     110       0       0       1       0                    LINE     156D    338
     110     194       1       1       0       0       0       001010000D    339
     110       0       0       1       0                    LINE     157D    340
     110     195       1       1       0       0       0       001010000D    341
     110       0       0       1       0                    LINE     158D    342
     110     196       1       1       0       0       0       001010000D    343
     110       0       0       1       0                    LINE     159D    344
     110     197       1       1       0       0       0       001010000D    345
     110       0       0       1       0                    LINE     160D    346
     110     198       1       1       0       0       0       001010000D    347
     110       0       0       1       0                    LINE     161D    348
     110     199       1       1       0       0       0       001010000D    349
     110       0       0       1       0                    LINE     162D    350
     110     200       1       1       0       0       0       001010000D    351
     110       0       0       1       0                    LINE     163D    352
     110     201       1       1       0       0       0       001010000D    353
     110       0       0       1       0                    LINE     164D    354
     110     202       1       1       0       0       0       001010000D    355
     110       0       0       1       0                    LINE     165D    356
     110     203       1       1       0       0       0       001010000D    357
     110       0       0       1       0                    LINE     166D    358
     110     204       1       1       0       0       0       001010000D    359
     110       0       0       1       0                    LINE     167D    360
     110     205       1       1       0       0       0       001010000D    361
     110       0       0       1       0                    LINE     168D    362
     110     206       1       1       0       0       0       001010000D    363
     110       0       0       1       0                    LINE     169D    364
     110     207       1       1       0       0       0       001010000D    365
     110       0       0       1       0                    LINE     170D    366
     110     208       1       1       0       0       0       001010000D    367
     110       0       0       1       0                    LINE     171D    368
     110     209       1       1       0       0       0       001010000D    369
     110       0       0       1       0                    LINE     172D    370
     110     210       1       1       0       0       0       001010000D    371
     110       0       0       1       0                    LINE     173D    372
     110     211       1       1       0       0       0       001010000D    373
     110       0       0       1       0                    LINE     174D    374
     110     212       1       1       0       0       0       001010000D    375
     110       0       0       1       0                    LINE     175D    376
     110     213       1       1       0       0       0       001010000D    377
     110       0       0       1       0                    LINE     176D    378
     110     214       1       1       0       0       0       001010000D    379
     110       0       0       1       0                    LINE     177D    380
     110     215       1       1       0       0       0       001010000D    381
     110       0       0       1       0                    LINE     178D    382
     110     216       1       1       0       0       0       001010000D    383
     110       0       0       1       0                    LINE     179D    384
     110     217       1       1       0       0       0       001010000D    385
     110       0       0       1       0                    LINE     180D    386
     110     218       1       1       0       0       0       001010000D    387
     110       0       0       1       0                    LINE     181D    388
     110     219       1       1       0       0       0       001010000D    389
     110       0       0       1       0                    LINE     182D    390
     110     220       1       1       0       0       0       001010000D    391
     110       0       0       1       0                    LINE     183D    392
     110     221       1       1       0       0       0       001010000D    393
     110       0       0       1       0                    LINE     184D    394
     110     222       1       1       0       0       0       001010000D    395
     110       0       0       1       0                    LINE     185D    396
     110     223       1       1       0       0       0       001010000D    397
     110       0       0       1       0                    LINE     186D    398
     110     224       1       1       0       0       0       001010000D    399
     110       0       0       1       0                    LINE     187D    400
     110     225       1       1       0       0       0       001010000D    401
     110       0       0       1       0                    LINE     188D    402
     110     226       1       1       0       0       0       001010000D    403
     110       0       0       1       0                    LINE     189D    404
     110     227       1       1       0       0       0       001010000D    405
     110       0       0       1       0                    LINE     190D    406
     110     228       1       1       0       0       0       001010000D    407
     110       0       0       1       0                    LINE     191D    408
     110     229       1       1       0       0       0       001010000D    409
     110       0       0       1       0                    LINE     192D    410
     110     230       1       1       0       0       0       001010000D    411
     110       0       0       1       0                    LINE     193D    412
     110     231       1       1       0       0       0       001010000D    413
     110       0       0       1       0                    LINE     194D    414
     110     232       1       1       0       0       0       001010000D    415
     110       0       0       1       0                    LINE     195D    416
     110     233       1       1       0       0       0       001010000D    417
     110       0       0       1       0                    LINE     196D    418
     110     234       1       1       0       0       0       001010000D    419
     110       0       0       1       0                    LINE     197D    420
     110     235       1       1       0       0       0       001010000D    421
     110       0       0       1       0                    LINE     198D    422
     110     236       1       1       0       0       0       001010000D    423
     110       0       0       1       0                    LINE     199D    424
     110     237       1       1       0       0       0       001010000D    425
     110       0       0       1       0                    LINE     200D    426
     110     238       1       1       0       0       0       001010000D    427
     110       0       0       1       0                    LINE     201D    428
     110     239       1       1       0       0       0       001010000D    429
     110       0       0       1       0                    LINE     202D    430
     110     240       1       1       0       0       0       001010000D    431
     110       0       0       2       0                    LINE     203D    432
     110     242       1       1       0       0       0       001010000D    433
     110       0       0       2       0                    LINE     204D    434
     110     244       1       1       0       0       0       001010000D    435
     110       0       0       2       0                    LINE     205D    436
     110     246       1       1       0       0       0       001010000D    437
     110       0       0       2       0                    LINE     206D    438
     110     248       1       1       0       0       0       001010000D    439
     110       0       0       2       0                    LINE     207D    440
     110     250       1       1       0       0       0       001010000D    441
     110       0       0       2       0                    LINE     208D    442
     110     252       1       1       0       0       0       001010000D    443
     110       0       0       1       0                    LINE     209D    444
     110     253       1       1       0       0       0       001010000D    445
     110       0       0       1       0                    LINE     210D    446
     124     254       1       1       0       0       0       001000000D    447
     124       0       0       3       0                   XFORM       2D    448
     100     257       1       1       0       0     447       001010000D    449
     100       0       0       1       0                     ARC       2D    450
     110     258       1       1       0       0       0       001010000D    451
     110       0       0       1       0                    LINE     211D    452
     110     259       1       1       0       0       0       001010000D    453
     110       0       0       2       0                    LINE     212D    454
     110     261       1       1       0       0       0       001010000D    455
     110       0       0       2       0                    LINE     213D    456
     124     263       1       1       0       0       0       001000000D    457
     124       0       0       2       0                   XFORM       3D    458
     100     265       1       1       0       0     457       001010000D    459
     100       0       0       1       0                     ARC       3D    460
     110     266       1       1       0       0       0       001010000D    461
     110       0       0       2       0                    LINE     214D    462
     110     268       1       1       0       0       0       001010000D    463
     110       0       0       2       0                    LINE     215D    464
     124     270       1       1       0       0       0       001000000D    465
     124       0       0       2       0                   XFORM       4D    466
     100     272       1       1       0       0     465       001010000D    467
     100       0       0       1       0                     ARC       4D    468
     110     273       1       1       0       0       0       001010000D    469
     110       0       0       2       0                    LINE     216D    470
     110     275       1       1       0       0       0       001010000D    471
     110       0       0       2       0                    LINE     217D    472
     110     277       1       1       0       0       0       001010000D    473
     110       0       0       2       0                    LINE     218D    474
     110     279       1       1       0       0       0       001010000D    475
     110       0       0       2       0                    LINE     219D    476
     110     281       1       1       0       0       0       001010000D    477
     110       0       0       2       0                    LINE     220D    478
     110     283       1       1       0       0       0       001010000D    479
     110       0       0       2       0                    LINE     221D    480
     110     285       1       1       0       0       0       001010000D    481
     110       0       0       2       0                    LINE     222D    482
     110     287       1       1       0       0       0       001010000D    483
     110       0       0       2       0                    LINE     223D    484
     110     289       1       1       0       0       0       001010000D    485
     110       0       0       2       0                    LINE     224D    486
     110     291       1       1       0       0       0       001010000D    487
     110       0       0       2       0                    LINE     225D    488
     110     293       1       1       0       0       0       001010000D    489
     110       0       0       2       0                    LINE     226D    490
     110     295       1       1       0       0       0       001010000D    491
     110       0       0       2       0                    LINE     227D    492
     110     297       1       1       0       0       0       001010000D    493
     110       0       0       2       0                    LINE     228D    494
     110     299       1       1       0       0       0       001010000D    495
     110       0       0       1       0                    LINE     229D    496
     110     300       1       1       0       0       0       001010000D    497
     110       0       0       1       0                    LINE     230D    498
     124     301       1       1       0       0       0       001000000D    499
     124       0       0       3       0                   XFORM       5D    500
     100     304       1       1       0       0     499       001010000D    501
     100       0       0       1       0                     ARC       5D    502
     110     305       1       1       0       0       0       001010000D    503
     110       0       0       1       0                    LINE     231D    504
     110     306       1       1       0       0       0       001010000D    505
     110       0       0       2       0                    LINE     232D    506
     110     308       1       1       0       0       0       001010000D    507
     110       0       0       2       0                    LINE     233D    508
     124     310       1       1       0       0       0       001000000D    509
     124       0       0       2       0                   XFORM       6D    510
     100     312       1       1       0       0     509       001010000D    511
     100       0       0       1       0                     ARC       6D    512
     110     313       1       1       0       0       0       001010000D    513
     110       0       0       2       0                    LINE     234D    514
     110     315       1       1       0       0       0       001010000D    515
     110       0       0       2       0                    LINE     235D    516
     124     317       1       1       0       0       0       001000000D    517
     124       0       0       2       0                   XFORM       7D    518
     100     319       1       1       0       0     517       001010000D    519
     100       0       0       1       0                     ARC       7D    520
     110     320       1       1       0       0       0       001010000D    521
     110       0       0       2       0                    LINE     236D    522
     110     322       1       1       0       0       0       001010000D    523
     110       0       0       2       0                    LINE     237D    524
     110     324       1       1       0       0       0       001010000D    525
     110       0       0       1       0                    LINE     238D    526
     110     325       1       1       0       0       0       001010000D    527
     110       0       0       1       0                    LINE     239D    528
     110     326       1       1       0       0       0       001010000D    529
     110       0       0       1       0                    LINE     240D    530
     110     327       1       1       0       0       0       001010000D    531
     110       0       0       1       0                    LINE     241D    532
     110     328       1       1       0       0       0       001010000D    533
     110       0       0       1       0                    LINE     242D    534
     110     329       1       1       0       0       0       001010000D    535
     110       0       0       1       0                    LINE     243D    536
     110     330       1       1       0       0       0       001010000D    537
     110       0       0       2       0                    LINE     244D    538
     110     332       1       1       0       0       0       001010000D    539
     110       0       0       2       0                    LINE     245D    540
     110     334       1       1       0       0       0       001010000D    541
     110       0       0       2       0                    LINE     246D    542
     110     336       1       1       0       0       0       001010000D    543
     110       0       0       2       0                    LINE     247D    544
     110     338       1       1       0       0       0       001010000D    545
     110       0       0       2       0                    LINE     248D    546
     110     340       1       1       0       0       0       001010000D    547
     110       0       0       2       0                    LINE     249D    548
     110     342       1       1       0       0       0       001010000D    549
     110       0       0       2       0                    LINE     250D    550
     110     344       1       1       0       0       0       001010000D    551
     110       0       0       2       0                    LINE     251D    552
     110     346       1       1       0       0       0       001010000D    553
     110       0       0       2       0                    LINE     252D    554
     110     348       1       1       0       0       0       001010000D    555
     110       0       0       2       0                    LINE     253D    556
     110     350       1       1       0       0       0       001010000D    557
     110       0       0       2       0                    LINE     254D    558
     110     352       1       1       0       0       0       001010000D    559
     110       0       0       2       0                    LINE     255D    560
     110     354       1       1       0       0       0       001010000D    561
     110       0       0       2       0                    LINE     256D    562
     110     356       1       1       0       0       0       001010000D    563
     110       0       0       2       0                    LINE     257D    564
     110     358       1       1       0       0       0       001010000D    565
     110       0       0       2       0                    LINE     258D    566
     110     360       1       1       0       0       0       001010000D    567
     110       0       0       2       0                    LINE     259D    568
     110     362       1       1       0       0       0       001010000D    569
     110       0       0       2       0                    LINE     260D    570
     110     364       1       1       0       0       0       001010000D    571
     110       0       0       2       0                    LINE     261D    572
     110     366       1       1       0       0       0       001010000D    573
     110       0       0       2       0                    LINE     262D    574
     110     368       1       1       0       0       0       001010000D    575
     110       0       0       2       0                    LINE     263D    576
     110     370       1       1       0       0       0       001010000D    577
     110       0       0       2       0                    LINE     264D    578
     110     372       1       1       0       0       0       001010000D    579
     110       0       0       2       0                    LINE     265D    580
     110     374       1       1       0       0       0       001010000D    581
     110       0       0       2       0                    LINE     266D    582
     110     376       1       1       0       0       0       001010000D    583
     110       0       0       2       0                    LINE     267D    584
     110     378       1       1       0       0       0       001010000D    585
     110       0       0       2       0                    LINE     268D    586
     110     380       1       1       0       0       0       001010000D    587
     110       0       0       2       0                    LINE     269D    588
     110     382       1       1       0       0       0       001010000D    589
     110       0       0       2       0                    LINE     270D    590
     110     384       1       1       0       0       0       001010000D    591
     110       0       0       2       0                    LINE     271D    592
     110     386       1       1       0       0       0       001010000D    593
     110       0       0       2       0                    LINE     272D    594
     110     388       1       1       0       0       0       001010000D    595
     110       0       0       2       0                    LINE     273D    596
     110     390       1       1       0       0       0       001010000D    597
     110       0       0       2       0                    LINE     274D    598
     110     392       1       1       0       0       0       001010000D    599
     110       0       0       2       0                    LINE     275D    600
     110     394       1       1       0       0       0       001010000D    601
     110       0       0       1       0                    LINE     276D    602
     110     395       1       1       0       0       0       001010000D    603
     110       0       0       1       0                    LINE     277D    604
     110     396       1       1       0       0       0       001010000D    605
     110       0       0       1       0                    LINE     278D    606
     110     397       1       1       0       0       0       001010000D    607
     110       0       0       1       0                    LINE     279D    608
     110     398       1       1       0       0       0       001010000D    609
     110       0       0       1       0                    LINE     280D    610
     110     399       1       1       0       0       0       001010000D    611
     110       0       0       1       0                    LINE     281D    612
     110     400       1       1       0       0       0       001010000D    613
     110       0       0       1       0                    LINE     282D    614
     110     401       1       1       0       0       0       001010000D    615
     110       0       0       1       0                    LINE     283D    616
     110     402       1       1       0       0       0       001010000D    617
     110       0       0       1       0                    LINE     284D    618
     110     403       1       1       0       0       0       001010000D    619
     110       0       0       1       0                    LINE     285D    620
     110     404       1       1       0       0       0       001010000D    621
     110       0       0       1       0                    LINE     286D    622
     110     405       1       1       0       0       0       001010000D    623
     110       0       0       1       0                    LINE     287D    624
     110     406       1       1       0       0       0       001010000D    625
     110       0       0       1       0                    LINE     288D    626
     110     407       1       1       0       0       0       001010000D    627
     110       0       0       2       0                    LINE     289D    628
     110     409       1       1       0       0       0       001010000D    629
     110       0       0       2       0                    LINE     290D    630
     110     411       1       1       0       0       0       001010000D    631
     110       0       0       2       0                    LINE     291D    632
     110     413       1       1       0       0       0       001010000D    633
     110       0       0       2       0                    LINE     292D    634
     110     415       1       1       0       0       0       001010000D    635
     110       0       0       2       0                    LINE     293D    636
     110     417       1       1       0       0       0       001010000D    637
     110       0       0       2       0                    LINE     294D    638
     110     419       1       1       0       0       0       001010000D    639
     110       0       0       2       0                    LINE     295D    640
     110     421       1       1       0       0       0       001010000D    641
     110       0       0       2       0                    LINE     296D    642
     110     423       1       1       0       0       0       001010000D    643
     110       0       0       2       0                    LINE     297D    644
     110     425       1       1       0       0       0       001010000D    645
     110       0       0       2       0                    LINE     298D    646
     110     427       1       1       0       0       0       001010000D    647
     110       0       0       2       0                    LINE     299D    648
     110     429       1       1       0       0       0       001010000D    649
     110       0       0       2       0                    LINE     300D    650
     110     431       1       1       0       0       0       001010000D    651
     110       0       0       2       0                    LINE     301D    652
     110     433       1       1       0       0       0       001010000D    653
     110       0       0       2       0                    LINE     302D    654
     110     435       1       1       0       0       0       001010000D    655
     110       0       0       2       0                    LINE     303D    656
     110     437       1       1       0       0       0       001010000D    657
     110       0       0       2       0                    LINE     304D    658
     110     439       1       1       0       0       0       001010000D    659
     110       0       0       2       0                    LINE     305D    660
     110     441       1       1       0       0       0       001010000D    661
     110       0       0       2       0                    LINE     306D    662
     110     443       1       1       0       0       0       001010000D    663
     110       0       0       2       0                    LINE     307D    664
     110     445       1       1       0       0       0       001010000D    665
     110       0       0       1       0                    LINE     308D    666
     110     446       1       1       0       0       0       001010000D    667
     110       0       0       1       0                    LINE     309D    668
     124     447       1       1       0       0       0       001000000D    669
     124       0       0       3       0                   XFORM       8D    670
     100     450       1       1       0       0     669       001010000D    671
     100       0       0       1       0                     ARC       8D    672
     110     451       1       1       0       0       0       001010000D    673
     110       0       0       1       0                    LINE     310D    674
     110     452       1       1       0       0       0       001010000D    675
     110       0       0       2       0                    LINE     311D    676
     110     454       1       1       0       0       0       001010000D    677
     110       0       0       2       0                    LINE     312D    678
     124     456       1       1       0       0       0       001000000D    679
     124       0       0       2       0                   XFORM       9D    680
     100     458       1       1       0       0     679       001010000D    681
     100       0       0       1       0                     ARC       9D    682
     110     459       1       1       0       0       0       001010000D    683
     110       0       0       2       0                    LINE     313D    684
     110     461       1       1       0       0       0       001010000D    685
     110       0       0       2       0                    LINE     314D    686
     124     463       1       1       0       0       0       001000000D    687
     124       0       0       2       0                   XFORM      10D    688
     100     465       1       1       0       0     687       001010000D    689
     100       0       0       1       0                     ARC      10D    690
     110     466       1       1       0       0       0       001010000D    691
     110       0       0       2       0                    LINE     315D    692
     110     468       1       1       0       0       0       001010000D    693
     110       0       0       2       0                    LINE     316D    694
     110     470       1       1       0       0       0       001010000D    695
     110       0       0       2       0                    LINE     317D    696
     110     472       1       1       0       0       0       001010000D    697
     110       0       0       2       0                    LINE     318D    698
     110     474       1       1       0       0       0       001010000D    699
     110       0       0       2       0                    LINE     319D    700
     110     476       1       1       0       0       0       001010000D    701
     110       0       0       2       0                    LINE     320D    702
     110     478       1       1       0       0       0       001010000D    703
     110       0       0       2       0                    LINE     321D    704
     110     480       1       1       0       0       0       001010000D    705
     110       0       0       2       0                    LINE     322D    706
     110     482       1       1       0       0       0       001010000D    707
     110       0       0       2       0                    LINE     323D    708
     110     484       1       1       0       0       0       001010000D    709
     110       0       0       2       0                    LINE     324D    710
     110     486       1       1       0       0       0       001010000D    711
     110       0       0       2       0                    LINE     325D    712
     110     488       1       1       0       0       0       001010000D    713
     110       0       0       2       0                    LINE     326D    714
     110     490       1       1       0       0       0       001010000D    715
     110       0       0       2       0                    LINE     327D    716
     110     492       1       1       0       0       0       001010000D    717
     110       0       0       2       0                    LINE     328D    718
     110     494       1       1       0       0       0       001010000D    719
     110       0       0       1       0                    LINE     329D    720
     110     495       1       1       0       0       0       001010000D    721
     110       0       0       1       0                    LINE     330D    722
     124     496       1       1       0       0       0       001000000D    723
     124       0       0       3       0                   XFORM      11D    724
     100     499       1       1       0       0     723       001010000D    725
     100       0       0       1       0                     ARC      11D    726
     110     500       1       1       0       0       0       001010000D    727
     110       0       0       1       0                    LINE     331D    728
     110     501       1       1       0       0       0       001010000D    729
     110       0       0       2       0                    LINE     332D    730
     110     503       1       1       0       0       0       001010000D    731
     110       0       0       2       0                    LINE     333D    732
     124     505       1       1       0       0       0       001000000D    733
     124       0       0       2       0                   XFORM      12D    734
     100     507       1       1       0       0     733       001010000D    735
     100       0       0       1       0                     ARC      12D    736
     110     508       1       1       0       0       0       001010000D    737
     110       0       0       2       0                    LINE     334D    738
     110     510       1       1       0       0       0       001010000D    739
     110       0       0       2       0                    LINE     335D    740
     124     512       1       1       0       0       0       001000000D    741
     124       0       0       2       0                   XFORM      13D    742
     100     514       1       1       0       0     741       001010000D    743
     100       0       0       1       0                     ARC      13D    744
     110     515       1       1       0       0       0       001010000D    745
     110       0       0       2       0                    LINE     336D    746
     110     517       1       1       0       0       0       001010000D    747
     110       0       0       2       0                    LINE     337D    748
     110     519       1       1       0       0       0       001010000D    749
     110       0       0       2       0                    LINE     338D    750
     110     521       1       1       0       0       0       001010000D    751
     110       0       0       2       0                    LINE     339D    752
     110     523       1       1       0       0       0       001010000D    753
     110       0       0       2       0                    LINE     340D    754
     110     525       1       1       0       0       0       001010000D    755
     110       0       0       2       0                    LINE     341D    756
     110     527       1       1       0       0       0       001010000D    757
     110       0       0       2       0                    LINE     342D    758
     110     529       1       1       0       0       0       001010000D    759
     110       0       0       2       0                    LINE     343D    760
     110     531       1       1       0       0       0       001010000D    761
     110       0       0       2       0                    LINE     344D    762
     110     533       1       1       0       0       0       001010000D    763
     110       0       0       2       0                    LINE     345D    764
     110     535       1       1       0       0       0       001010000D    765
     110       0       0       2       0                    LINE     346D    766
     110     537       1       1       0       0       0       001010000D    767
     110       0       0       2       0                    LINE     347D    768
     110     539       1       1       0       0       0       001010000D    769
     110       0       0       2       0                    LINE     348D    770
     110     541       1       1       0       0       0       001010000D    771
     110       0       0       2       0                    LINE     349D    772
     110     543       1       1       0       0       0       001010000D    773
     110       0       0       1       0                    LINE     350D    774
     110     544       1       1       0       0       0       001010000D    775
     110       0       0       1       0                    LINE     351D    776
     110     545       1       1       0       0       0       001010000D    777
     110       0       0       1       0                    LINE     352D    778
     110     546       1       1       0       0       0       001010000D    779
     110       0       0       1       0                    LINE     353D    780
     110     547       1       1       0       0       0       001010000D    781
     110       0       0       1       0                    LINE     354D    782
     110     548       1       1       0       0       0       001010000D    783
     110       0       0       1       0                    LINE     355D    784
     110     549       1       1       0       0       0       001010000D    785
     110       0       0       1       0                    LINE     356D    786
     110     550       1       1       0       0       0       001010000D    787
     110       0       0       1       0                    LINE     357D    788
     110     551       1       1       0       0       0       001010000D    789
     110       0       0       1       0                    LINE     358D    790
     110     552       1       1       0       0       0       001010000D    791
     110       0       0       2       0                    LINE     359D    792
     110     554       1       1       0       0       0       001010000D    793
     110       0       0       1       0                    LINE     360D    794
     110     555       1       1       0       0       0       001010000D    795
     110       0       0       2       0                    LINE     361D    796
     110     557       1       1       0       0       0       001010000D    797
     110       0       0       2       0                    LINE     362D    798
     110     559       1       1       0       0       0       001010000D    799
     110       0       0       2       0                    LINE     363D    800
     110     561       1       1       0       0       0       001010000D    801
     110       0       0       2       0                    LINE     364D    802
     110     563       1       1       0       0       0       001010000D    803
     110       0       0       2       0                    LINE     365D    804
     110     565       1       1       0       0       0       001010000D    805
     110       0       0       2       0                    LINE     366D    806
     110     567       1       1       0       0       0       001010000D    807
     110       0       0       2       0                    LINE     367D    808
     110     569       1       1       0       0       0       001010000D    809
     110       0       0       2       0                    LINE     368D    810
     110     571       1       1       0       0       0       001010000D    811
     110       0       0       2       0                    LINE     369D    812
     110     573       1       1       0       0       0       001010000D    813
     110       0       0       2       0                    LINE     370D    814
     110     575       1       1       0       0       0       001010000D    815
     110       0       0       2       0                    LINE     371D    816
     110     577       1       1       0       0       0       001010000D    817
     110       0       0       2       0                    LINE     372D    818
     110     579       1       1       0       0       0       001010000D    819
     110       0       0       2       0                    LINE     373D    820
     110     581       1       1       0       0       0       001010000D    821
     110       0       0       2       0                    LINE     374D    822
     110     583       1       1       0       0       0       001010000D    823
     110       0       0       2       0                    LINE     375D    824
     110     585       1       1       0       0       0       001010000D    825
     110       0       0       2       0                    LINE     376D    826
     110     587       1       1       0       0       0       001010000D    827
     110       0       0       2       0                    LINE     377D    828
     110     589       1       1       0       0       0       001010000D    829
     110       0       0       2       0                    LINE     378D    830
     110     591       1       1       0       0       0       001010000D    831
     110       0       0       2       0                    LINE     379D    832
     110     593       1       1       0       0       0       001010000D    833
     110       0       0       2       0                    LINE     380D    834
     110     595       1       1       0       0       0       001010000D    835
     110       0       0       1       0                    LINE     381D    836
     110     596       1       1       0       0       0       001010000D    837
     110       0       0       1       0                    LINE     382D    838
     124     597       1       1       0       0       0       001000000D    839
     124       0       0       3       0                   XFORM      14D    840
     100     600       1       1       0       0     839       001010000D    841
     100       0       0       1       0                     ARC      14D    842
     110     601       1       1       0       0       0       001010000D    843
     110       0       0       1       0                    LINE     383D    844
     110     602       1       1       0       0       0       001010000D    845
     110       0       0       2       0                    LINE     384D    846
     110     604       1       1       0       0       0       001010000D    847
     110       0       0       2       0                    LINE     385D    848
     124     606       1       1       0       0       0       001000000D    849
     124       0       0       2       0                   XFORM      15D    850
     100     608       1       1       0       0     849       001010000D    851
     100       0       0       1       0                     ARC      15D    852
     110     609       1       1       0       0       0       001010000D    853
     110       0       0       2       0                    LINE     386D    854
     110     611       1       1       0       0       0       001010000D    855
     110       0       0       2       0                    LINE     387D    856
     124     613       1       1       0       0       0       001000000D    857
     124       0       0       2       0                   XFORM      16D    858
     100     615       1       1       0       0     857       001010000D    859
     100       0       0       1       0                     ARC      16D    860
     110     616       1       1       0       0       0       001010000D    861
     110       0       0       2       0                    LINE     388D    862
     110     618       1       1       0       0       0       001010000D    863
     110       0       0       2       0                    LINE     389D    864
     110     620       1       1       0       0       0       001010000D    865
     110       0       0       2       0                    LINE     390D    866
     110     622       1       1       0       0       0       001010000D    867
     110       0       0       2       0                    LINE     391D    868
     110     624       1       1       0       0       0       001010000D    869
     110       0       0       2       0                    LINE     392D    870
     110     626       1       1       0       0       0       001010000D    871
     110       0       0       2       0                    LINE     393D    872
     110     628       1       1       0       0       0       001010000D    873
     110       0       0       2       0                    LINE     394D    874
     110     630       1       1       0       0       0       001010000D    875
     110       0       0       2       0                    LINE     395D    876
     110     632       1       1       0       0       0       001010000D    877
     110       0       0       2       0                    LINE     396D    878
     110     634       1       1       0       0       0       001010000D    879
     110       0       0       2       0                    LINE     397D    880
     110     636       1       1       0       0       0       001010000D    881
     110       0       0       2       0                    LINE     398D    882
     110     638       1       1       0       0       0       001010000D    883
     110       0       0       2       0                    LINE     399D    884
     110     640       1       1       0       0       0       001010000D    885
     110       0       0       2       0                    LINE     400D    886
     110     642       1       1       0       0       0       001010000D    887
     110       0       0       2       0                    LINE     401D    888
     110     644       1       1       0       0       0       001010000D    889
     110       0       0       1       0                    LINE     402D    890
     110     645       1       1       0       0       0       001010000D    891
     110       0       0       1       0                    LINE     403D    892
     124     646       1       1       0       0       0       001000000D    893
     124       0       0       3       0                   XFORM      17D    894
     100     649       1       1       0       0     893       001010000D    895
     100       0       0       1       0                     ARC      17D    896
     110     650       1       1       0       0       0       001010000D    897
     110       0       0       1       0                    LINE     404D    898
     110     651       1       1       0       0       0       001010000D    899
     110       0       0       2       0                    LINE     405D    900
     110     653       1       1       0       0       0       001010000D    901
     110       0       0       2       0                    LINE     406D    902
     124     655       1       1       0       0       0       001000000D    903
     124       0       0       2       0                   XFORM      18D    904
     100     657       1       1       0       0     903       001010000D    905
     100       0       0       1       0                     ARC      18D    906
     110     658       1       1       0       0       0       001010000D    907
     110       0       0       2       0                    LINE     407D    908
     110     660       1       1       0       0       0       001010000D    909
     110       0       0       2       0                    LINE     408D    910
     124     662       1       1       0       0       0       001000000D    911
     124       0       0       2       0                   XFORM      19D    912
     100     664       1       1       0       0     911       001010000D    913
     100       0       0       1       0                     ARC      19D    914
     110     665       1       1       0       0       0       001010000D    915
     110       0       0       2       0                    LINE     409D    916
     110     667       1       1       0       0       0       001010000D    917
     110       0       0       2       0                    LINE     410D    918
     110     669       1       1       0       0       0       001010000D    919
     110       0       0       2       0                    LINE     411D    920
     110     671       1       1       0       0       0       001010000D    921
     110       0       0       2       0                    LINE     412D    922
     110     673       1       1       0       0       0       001010000D    923
     110       0       0       2       0                    LINE     413D    924
     110     675       1       1       0       0       0       001010000D    925
     110       0       0       2       0                    LINE     414D    926
     110     677       1       1       0       0       0       001010000D    927
     110       0       0       2       0                    LINE     415D    928
     110     679       1       1       0       0       0       001010000D    929
     110       0       0       2       0                    LINE     416D    930
     110     681       1       1       0       0       0       001010000D    931
     110       0       0       2       0                    LINE     417D    932
     110     683       1       1       0       0       0       001010000D    933
     110       0       0       2       0                    LINE     418D    934
     110     685       1       1       0       0       0       001010000D    935
     110       0       0       2       0                    LINE     419D    936
     110     687       1       1       0       0       0       001010000D    937
     110       0       0       2       0                    LINE     420D    938
     110     689       1       1       0       0       0       001010000D    939
     110       0       0       2       0                    LINE     421D    940
     110     691       1       1       0       0       0       001010000D    941
     110       0       0       2       0                    LINE     422D    942
     110     693       1       1       0       0       0       001010000D    943
     110       0       0       1       0                    LINE     423D    944
     110     694       1       1       0       0       0       001010000D    945
     110       0       0       1       0                    LINE     424D    946
     110     695       1       1       0       0       0       001010000D    947
     110       0       0       1       0                    LINE     425D    948
     110     696       1       1       0       0       0       001010000D    949
     110       0       0       1       0                    LINE     426D    950
     110     697       1       1       0       0       0       001010000D    951
     110       0       0       1       0                    LINE     427D    952
     110     698       1       1       0       0       0       001010000D    953
     110       0       0       1       0                    LINE     428D    954
     110     699       1       1       0       0       0       001010000D    955
     110       0       0       1       0                    LINE     429D    956
     110     700       1       1       0       0       0       001010000D    957
     110       0       0       1       0                    LINE     430D    958
     110     701       1       1       0       0       0       001010000D    959
     110       0       0       1       0                    LINE     431D    960
     110     702       1       1       0       0       0       001010000D    961
     110       0       0       2       0                    LINE     432D    962
     110     704       1       1       0       0       0       001010000D    963
     110       0       0       1       0                    LINE     433D    964
     110     705       1       1       0       0       0       001010000D    965
     110       0       0       2       0                    LINE     434D    966
     110     707       1       1       0       0       0       001010000D    967
     110       0       0       2       0                    LINE     435D    968
     110     709       1       1       0       0       0       001010000D    969
     110       0       0       2       0                    LINE     436D    970
     110     711       1       1       0       0       0       001010000D    971
     110       0       0       2       0                    LINE     437D    972
     110     713       1       1       0       0       0       001010000D    973
     110       0       0       2       0                    LINE     438D    974
     110     715       1       1       0       0       0       001010000D    975
     110       0       0       2       0                    LINE     439D    976
     110     717       1       1       0       0       0       001010000D    977
     110       0       0       2       0                    LINE     440D    978
     110     719       1       1       0       0       0       001010000D    979
     110       0       0       2       0                    LINE     441D    980
     110     721       1       1       0       0       0       001010000D    981
     110       0       0       2       0                    LINE     442D    982
     110     723       1       1       0       0       0       001010000D    983
     110       0       0       2       0                    LINE     443D    984
     110     725       1       1       0       0       0       001010000D    985
     110       0       0       2       0                    LINE     444D    986
     110     727       1       1       0       0       0       001010000D    987
     110       0       0       2       0                    LINE     445D    988
     110     729       1       1       0       0       0       001010000D    989
     110       0       0       2       0                    LINE     446D    990
     110     731       1       1       0       0       0       001010000D    991
     110       0       0       2       0                    LINE     447D    992
     110     733       1       1       0       0       0       001010000D    993
     110       0       0       2       0                    LINE     448D    994
     110     735       1       1       0       0       0       001010000D    995
     110       0       0       2       0                    LINE     449D    996
     110     737       1       1       0       0       0       001010000D    997
     110       0       0       2       0                    LINE     450D    998
     110     739       1       1       0       0       0       001010000D    999
     110       0       0       2       0                    LINE     451D   1000
     110     741       1       1       0       0       0       001010000D   1001
     110       0       0       2       0                    LINE     452D   1002
     110     743       1       1       0       0       0       001010000D   1003
     110       0       0       2       0                    LINE     453D   1004
     110     745       1       1       0       0       0       001010000D   1005
     110       0       0       1       0                    LINE     454D   1006
     110     746       1       1       0       0       0       001010000D   1007
     110       0       0       1       0                    LINE     455D   1008
     124     747       1       1       0       0       0       001000000D   1009
     124       0       0       3       0                   XFORM      20D   1010
     100     750       1       1       0       0    1009       001010000D   1011
     100       0       0       1       0                     ARC      20D   1012
     110     751       1       1       0       0       0       001010000D   1013
     110       0       0       1       0                    LINE     456D   1014
     110     752       1       1       0       0       0       001010000D   1015
     110       0       0       2       0                    LINE     457D   1016
     110     754       1       1       0       0       0       001010000D   1017
     110       0       0       2       0                    LINE     458D   1018
     124     756       1       1       0       0       0       001000000D   1019
     124       0       0       2       0                   XFORM      21D   1020
     100     758       1       1       0       0    1019       001010000D   1021
     100       0       0       1       0                     ARC      21D   1022
     110     759       1       1       0       0       0       001010000D   1023
     110       0       0       2       0                    LINE     459D   1024
     110     761       1       1       0       0       0       001010000D   1025
     110       0       0       2       0                    LINE     460D   1026
     124     763       1       1       0       0       0       001000000D   1027
     124       0       0       2       0                   XFORM      22D   1028
     100     765       1       1       0       0    1027       001010000D   1029
     100       0       0       1       0                     ARC      22D   1030
     110     766       1       1       0       0       0       001010000D   1031
     110       0       0       2       0                    LINE     461D   1032
     110     768       1       1       0       0       0       001010000D   1033
     110       0       0       2       0                    LINE     462D   1034
     110     770       1       1       0       0       0       001010000D   1035
     110       0       0       2       0                    LINE     463D   1036
     110     772       1       1       0       0       0       001010000D   1037
     110       0       0       2       0                    LINE     464D   1038
     110     774       1       1       0       0       0       001010000D   1039
     110       0       0       2       0                    LINE     465D   1040
     110     776       1       1       0       0       0       001010000D   1041
     110       0       0       2       0                    LINE     466D   1042
     110     778       1       1       0       0       0       001010000D   1043
     110       0       0       2       0                    LINE     467D   1044
     110     780       1       1       0       0       0       001010000D   1045
     110       0       0       2       0                    LINE     468D   1046
     110     782       1       1       0       0       0       001010000D   1047
     110       0       0       2       0                    LINE     469D   1048
     110     784       1       1       0       0       0       001010000D   1049
     110       0       0       2       0                    LINE     470D   1050
     110     786       1       1       0       0       0       001010000D   1051
     110       0       0       2       0                    LINE     471D   1052
     110     788       1       1       0       0       0       001010000D   1053
     110       0       0       2       0                    LINE     472D   1054
     110     790       1       1       0       0       0       001010000D   1055
     110       0       0       2       0                    LINE     473D   1056
     110     792       1       1       0       0       0       001010000D   1057
     110       0       0       2       0                    LINE     474D   1058
     110     794       1       1       0       0       0       001010000D   1059
     110       0       0       1       0                    LINE     475D   1060
     110     795       1       1       0       0       0       001010000D   1061
     110       0       0       1       0                    LINE     476D   1062
     124     796       1       1       0       0       0       001000000D   1063
     124       0       0       3       0                   XFORM      23D   1064
     100     799       1       1       0       0    1063       001010000D   1065
     100       0       0       1       0                     ARC      23D   1066
     110     800       1       1       0       0       0       001010000D   1067
     110       0       0       1       0                    LINE     477D   1068
     110     801       1       1       0       0       0       001010000D   1069
     110       0       0       2       0                    LINE     478D   1070
     110     803       1       1       0       0       0       001010000D   1071
     110       0       0       2       0                    LINE     479D   1072
     124     805       1       1       0       0       0       001000000D   1073
     124       0       0       2       0                   XFORM      24D   1074
     100     807       1       1       0       0    1073       001010000D   1075
     100       0       0       1       0                     ARC      24D   1076
     110     808       1       1       0       0       0       001010000D   1077
     110       0       0       2       0                    LINE     480D   1078
     110     810       1       1       0       0       0       001010000D   1079
     110       0       0       2       0                    LINE     481D   1080
     124     812       1       1       0       0       0       001000000D   1081
     124       0       0       2       0                   XFORM      25D   1082
     100     814       1       1       0       0    1081       001010000D   1083
     100       0       0       1       0                     ARC      25D   1084
     110     815       1       1       0       0       0       001010000D   1085
     110       0       0       2       0                    LINE     482D   1086
     110     817       1       1       0       0       0       001010000D   1087
     110       0       0       2       0                    LINE     483D   1088
     110     819       1       1       0       0       0       001010000D   1089
     110       0       0       2       0                    LINE     484D   1090
     110     821       1       1       0       0       0       001010000D   1091
     110       0       0       2       0                    LINE     485D   1092
     110     823       1       1       0       0       0       001010000D   1093
     110       0       0       2       0                    LINE     486D   1094
     110     825       1       1       0       0       0       001010000D   1095
     110       0       0       2       0                    LINE     487D   1096
     110     827       1       1       0       0       0       001010000D   1097
     110       0       0       2       0                    LINE     488D   1098
     110     829       1       1       0       0       0       001010000D   1099
     110       0       0       2       0                    LINE     489D   1100
     110     831       1       1       0       0       0       001010000D   1101
     110       0       0       2       0                    LINE     490D   1102
     110     833       1       1       0       0       0       001010000D   1103
     110       0       0       2       0                    LINE     491D   1104
     110     835       1       1       0       0       0       001010000D   1105
     110       0       0       2       0                    LINE     492D   1106
     110     837       1       1       0       0       0       001010000D   1107
     110       0       0       2       0                    LINE     493D   1108
     110     839       1       1       0       0       0       001010000D   1109
     110       0       0       2       0                    LINE     494D   1110
     110     841       1       1       0       0       0       001010000D   1111
     110       0       0       2       0                    LINE     495D   1112
     110     843       1       1       0       0       0       001010000D   1113
     110       0       0       1       0                    LINE     496D   1114
     110     844       1       1       0       0       0       001010000D   1115
     110       0       0       1       0                    LINE     497D   1116
     110     845       1       1       0       0       0       001010000D   1117
     110       0       0       1       0                    LINE     498D   1118
     110     846       1       1       0       0       0       001010000D   1119
     110       0       0       1       0                    LINE     499D   1120
     110     847       1       1       0       0       0       001010000D   1121
     110       0       0       1       0                    LINE     500D   1122
     110     848       1       1       0       0       0       001010000D   1123
     110       0       0       1       0                    LINE     501D   1124
     110     849       1       1       0       0       0       001010000D   1125
     110       0       0       1       0                    LINE     502D   1126
     110     850       1       1       0       0       0       001010000D   1127
     110       0       0       1       0                    LINE     503D   1128
     110     851       1       1       0       0       0       001010000D   1129
     110       0       0       1       0                    LINE     504D   1130
     110     852       1       1       0       0       0       001010000D   1131
     110       0       0       2       0                    LINE     505D   1132
     110     854       1       1       0       0       0       001010000D   1133
     110       0       0       1       0                    LINE     506D   1134
     110     855       1       1       0       0       0       001010000D   1135
     110       0       0       2       0                    LINE     507D   1136
     110     857       1       1       0       0       0       001010000D   1137
     110       0       0       2       0                    LINE     508D   1138
     110     859       1       1       0       0       0       001010000D   1139
     110       0       0       2       0                    LINE     509D   1140
     110     861       1       1       0       0       0       001010000D   1141
     110       0       0       2       0                    LINE     510D   1142
     110     863       1       1       0       0       0       001010000D   1143
     110       0       0       2       0                    LINE     511D   1144
     110     865       1       1       0       0       0       001010000D   1145
     110       0       0       2       0                    LINE     512D   1146
     110     867       1       1       0       0       0       001010000D   1147
     110       0       0       2       0                    LINE     513D   1148
     110     869       1       1       0       0       0       001010000D   1149
     110       0       0       2       0                    LINE     514D   1150
     110     871       1       1       0       0       0       001010000D   1151
     110       0       0       2       0                    LINE     515D   1152
     110     873       1       1       0       0       0       001010000D   1153
     110       0       0       2       0                    LINE     516D   1154
     110     875       1       1       0       0       0       001010000D   1155
     110       0       0       2       0                    LINE     517D   1156
     110     877       1       1       0       0       0       001010000D   1157
     110       0       0       2       0                    LINE     518D   1158
     110     879       1       1       0       0       0       001010000D   1159
     110       0       0       2       0                    LINE     519D   1160
     110     881       1       1       0       0       0       001010000D   1161
     110       0       0       2       0                    LINE     520D   1162
     110     883       1       1       0       0       0       001010000D   1163
     110       0       0       1       0                    LINE     521D   1164
     110     884       1       1       0       0       0       001010000D   1165
     110       0       0       1       0                    LINE     522D   1166
     110     885       1       1       0       0       0       001010000D   1167
     110       0       0       1       0                    LINE     523D   1168
     110     886       1       1       0       0       0       001010000D   1169
     110       0       0       1       0                    LINE     524D   1170
     110     887       1       1       0       0       0       001010000D   1171
     110       0       0       1       0                    LINE     525D   1172
     110     888       1       1       0       0       0       001010000D   1173
     110       0       0       1       0                    LINE     526D   1174
     110     889       1       1       0       0       0       001010000D   1175
     110       0       0       1       0                    LINE     527D   1176
     110     890       1       1       0       0       0       001010000D   1177
     110       0       0       2       0                    LINE     528D   1178
     110     892       1       1       0       0       0       001010000D   1179
     110       0       0       1       0                    LINE     529D   1180
     110     893       1       1       0       0       0       001010000D   1181
     110       0       0       1       0                    LINE     530D   1182
     110     894       1       1       0       0       0       001010000D   1183
     110       0       0       1       0                    LINE     531D   1184
     110     895       1       1       0       0       0       001010000D   1185
     110       0       0       2       0                    LINE     532D   1186
     110     897       1       1       0       0       0       001010000D   1187
     110       0       0       2       0                    LINE     533D   1188
     110     899       1       1       0       0       0       001010000D   1189
     110       0       0       2       0                    LINE     534D   1190
     110     901       1       1       0       0       0       001010000D   1191
     110       0       0       2       0                    LINE     535D   1192
     110     903       1       1       0       0       0       001010000D   1193
     110       0       0       2       0                    LINE     536D   1194
     110     905       1       1       0       0       0       001010000D   1195
     110       0       0       2       0                    LINE     537D   1196
     110     907       1       1       0       0       0       001010000D   1197
     110       0       0       2       0                    LINE     538D   1198
     110     909       1       1       0       0       0       001010000D   1199
     110       0       0       2       0                    LINE     539D   1200
     110     911       1       1       0       0       0       001010000D   1201
     110       0       0       2       0                    LINE     540D   1202
     110     913       1       1       0       0       0       001010000D   1203
     110       0       0       2       0                    LINE     541D   1204
     110     915       1       1       0       0       0       001010000D   1205
     110       0       0       2       0                    LINE     542D   1206
     110     917       1       1       0       0       0       001010000D   1207
     110       0       0       2       0                    LINE     543D   1208
     110     919       1       1       0       0       0       001010000D   1209
     110       0       0       2       0                    LINE     544D   1210
     110     921       1       1       0       0       0       001010000D   1211
     110       0       0       2       0                    LINE     545D   1212
     110     923       1       1       0       0       0       001010000D   1213
     110       0       0       2       0                    LINE     546D   1214
     124     925       1       1       0       0       0       001000000D   1215
     124       0       0       3       0                   XFORM      26D   1216
     100     928       1       1       0       0    1215       001010000D   1217
     100       0       0       1       0                     ARC      26D   1218
     110     929       1       1       0       0       0       001010000D   1219
     110       0       0       2       0                    LINE     547D   1220
     110     931       1       1       0       0       0       001010000D   1221
     110       0       0       2       0                    LINE     548D   1222
     110     933       1       1       0       0       0       001010000D   1223
     110       0       0       2       0                    LINE     549D   1224
     110     935       1       1       0       0       0       001010000D   1225
     110       0       0       1       0                    LINE     550D   1226
     110     936       1       1       0       0       0       001010000D   1227
     110       0       0       1       0                    LINE     551D   1228
     110     937       1       1       0       0       0       001010000D   1229
     110       0       0       1       0                    LINE     552D   1230
     110     938       1       1       0       0       0       001010000D   1231
     110       0       0       1       0                    LINE     553D   1232
     502     939       1       1       0       0       0       001010000D   1233
     502       0       0     186       1                  VERTEX       1D   1234
     504    1125       1       1       0       0       0       000010001D   1235
     504       0       0     202       1                    EDGE       1D   1236
     128    1327       1       1       0       0       0       001010000D   1237
     128       0       0       4       0                  SPLSRF       1D   1238
     508    1331       1       1       0       0       0       001010000D   1239
     508       0       0       3       1                EDGELOOP       1D   1240
     510    1334       1       1       0       0       0       000010000D   1241
     510       0       0       1       1                    FACE       1D   1242
     128    1335       1       1       0       0       0       001010000D   1243
     128       0       0       7       0                  SPLSRF       2D   1244
     508    1342       1       1       0       0       0       001010000D   1245
     508       0       0       2       1                EDGELOOP       2D   1246
     510    1344       1       1       0       0       0       000010000D   1247
     510       0       0       1       1                    FACE       2D   1248
     128    1345       1       1       0       0       0       001010000D   1249
     128       0       0       5       0                  SPLSRF       3D   1250
     508    1350       1       1       0       0       0       001010000D   1251
     508       0       0       2       1                EDGELOOP       3D   1252
     510    1352       1       1       0       0       0       000010000D   1253
     510       0       0       1       1                    FACE       3D   1254
     128    1353       1       1       0       0       0       001010000D   1255
     128       0       0       5       0                  SPLSRF       4D   1256
     508    1358       1       1       0       0       0       001010000D   1257
     508       0       0       2       1                EDGELOOP       4D   1258
     510    1360       1       1       0       0       0       000010000D   1259
     510       0       0       1       1                    FACE       4D   1260
     128    1361       1       1       0       0       0       001010000D   1261
     128       0       0       6       0                  SPLSRF       5D   1262
     508    1367       1       1       0       0       0       001010000D   1263
     508       0       0       2       1                EDGELOOP       5D   1264
     510    1369       1       1       0       0       0       000010000D   1265
     510       0       0       1       1                    FACE       5D   1266
     128    1370       1       1       0       0       0       001010000D   1267
     128       0       0       5       0                  SPLSRF       6D   1268
     508    1375       1       1       0       0       0       001010000D   1269
     508       0       0       1       1                EDGELOOP       6D   1270
     510    1376       1       1       0       0       0       000010000D   1271
     510       0       0       1       1                    FACE       6D   1272
     128    1377       1       1       0       0       0       001010000D   1273
     128       0       0       5       0                  SPLSRF       7D   1274
     508    1382       1       1       0       0       0       001010000D   1275
     508       0       0       2       1                EDGELOOP       7D   1276
     510    1384       1       1       0       0       0       000010000D   1277
     510       0       0       1       1                    FACE       7D   1278
     128    1385       1       1       0       0       0       001010000D   1279
     128       0       0       5       0                  SPLSRF       8D   1280
     508    1390       1       1       0       0       0       001010000D   1281
     508       0       0       1       1                EDGELOOP       8D   1282
     510    1391       1       1       0       0       0       000010000D   1283
     510       0       0       1       1                    FACE       8D   1284
     128    1392       1       1       0       0       0       001010000D   1285
     128       0       0       5       0                  SPLSRF       9D   1286
     508    1397       1       1       0       0       0       001010000D   1287
     508       0       0       3       1                EDGELOOP       9D   1288
     508    1400       1       1       0       0       0       001010000D   1289
     508       0       0       2       1                EDGELOOP      10D   1290
     510    1402       1       1       0       0       0       000010000D   1291
     510       0       0       1       1                    FACE       9D   1292
     128    1403       1       1       0       0       0       001010000D   1293
     128       0       0       5       0                  SPLSRF      10D   1294
     508    1408       1       1       0       0       0       001010000D   1295
     508       0       0       1       1                EDGELOOP      11D   1296
     510    1409       1       1       0       0       0       000010000D   1297
     510       0       0       1       1                    FACE      10D   1298
     128    1410       1       1       0       0       0       001010000D   1299
     128       0       0       5       0                  SPLSRF      11D   1300
     508    1415       1       1       0       0       0       001010000D   1301
     508       0       0       2       1                EDGELOOP      12D   1302
     510    1417       1       1       0       0       0       000010000D   1303
     510       0       0       1       1                    FACE      11D   1304
     128    1418       1       1       0       0       0       001010000D   1305
     128       0       0       5       0                  SPLSRF      12D   1306
     508    1423       1       1       0       0       0       001010000D   1307
     508       0       0       2       1                EDGELOOP      13D   1308
     510    1425       1       1       0       0       0       000010000D   1309
     510       0       0       1       1                    FACE      12D   1310
     128    1426       1       1       0       0       0       001010000D   1311
     128       0       0       6       0                  SPLSRF      13D   1312
     508    1432       1       1       0       0       0       001010000D   1313
     508       0       0       1       1                EDGELOOP      14D   1314
     510    1433       1       1       0       0       0       000010000D   1315
     510       0       0       1       1                    FACE      13D   1316
     128    1434       1       1       0       0       0       001010000D   1317
     128       0       0       5       0                  SPLSRF      14D   1318
     508    1439       1       1       0       0       0       001010000D   1319
     508       0       0       8       1                EDGELOOP      15D   1320
     510    1447       1       1       0       0       0       000010000D   1321
     510       0       0       1       1                    FACE      14D   1322
     128    1448       1       1       0       0       0       001010000D   1323
     128       0       0       5       0                  SPLSRF      15D   1324
     508    1453       1       1       0       0       0       001010000D   1325
     508       0       0       1       1                EDGELOOP      16D   1326
     510    1454       1       1       0       0       0       000010000D   1327
     510       0       0       1       1                    FACE      15D   1328
     128    1455       1       1       0       0       0       001010000D   1329
     128       0       0       5       0                  SPLSRF      16D   1330
     508    1460       1       1       0       0       0       001010000D   1331
     508       0       0       1       1                EDGELOOP      17D   1332
     510    1461       1       1       0       0       0       000010000D   1333
     510       0       0       1       1                    FACE      16D   1334
     128    1462       1       1       0       0       0       001010000D   1335
     128       0       0       5       0                  SPLSRF      17D   1336
     508    1467       1       1       0       0       0       001010000D   1337
     508       0       0       2       1                EDGELOOP      18D   1338
     508    1469       1       1       0       0       0       001010000D   1339
     508       0       0       2       1                EDGELOOP      19D   1340
     510    1471       1       1       0       0       0       000010000D   1341
     510       0       0       1       1                    FACE      17D   1342
     128    1472       1       1       0       0       0       001010000D   1343
     128       0       0       5       0                  SPLSRF      18D   1344
     508    1477       1       1       0       0       0       001010000D   1345
     508       0       0       2       1                EDGELOOP      20D   1346
     508    1479       1       1       0       0       0       001010000D   1347
     508       0       0       2       1                EDGELOOP      21D   1348
     510    1481       1       1       0       0       0       000010000D   1349
     510       0       0       1       1                    FACE      18D   1350
     128    1482       1       1       0       0       0       001010000D   1351
     128       0       0       5       0                  SPLSRF      19D   1352
     508    1487       1       1       0       0       0       001010000D   1353
     508       0       0       2       1                EDGELOOP      22D   1354
     508    1489       1       1       0       0       0       001010000D   1355
     508       0       0       2       1                EDGELOOP      23D   1356
     510    1491       1       1       0       0       0       000010000D   1357
     510       0       0       1       1                    FACE      19D   1358
     128    1492       1       1       0       0       0       001010000D   1359
     128       0       0       5       0                  SPLSRF      20D   1360
     508    1497       1       1       0       0       0       001010000D   1361
     508       0       0       2       1                EDGELOOP      24D   1362
     508    1499       1       1       0       0       0       001010000D   1363
     508       0       0       1       1                EDGELOOP      25D   1364
     510    1500       1       1       0       0       0       000010000D   1365
     510       0       0       1       1                    FACE      20D   1366
     128    1501       1       1       0       0       0       001010000D   1367
     128       0       0       5       0                  SPLSRF      21D   1368
     508    1506       1       1       0       0       0       001010000D   1369
     508       0       0       2       1                EDGELOOP      26D   1370
     510    1508       1       1       0       0       0       000010000D   1371
     510       0       0       1       1                    FACE      21D   1372
     128    1509       1       1       0       0       0       001010000D   1373
     128       0       0       5       0                  SPLSRF      22D   1374
     508    1514       1       1       0       0       0       001010000D   1375
     508       0       0       2       1                EDGELOOP      27D   1376
     510    1516       1       1       0       0       0       000010000D   1377
     510       0       0       1       1                    FACE      22D   1378
     128    1517       1       1       0       0       0       001010000D   1379
     128       0       0       5       0                  SPLSRF      23D   1380
     508    1522       1       1       0       0       0       001010000D   1381
     508       0       0       2       1                EDGELOOP      28D   1382
     510    1524       1       1       0       0       0       000010000D   1383
     510       0       0       1       1                    FACE      23D   1384
     128    1525       1       1       0       0       0       001010000D   1385
     128       0       0       5       0                  SPLSRF      24D   1386
     508    1530       1       1       0       0       0       001010000D   1387
     508       0       0       2       1                EDGELOOP      29D   1388
     510    1532       1       1       0       0       0       000010000D   1389
     510       0       0       1       1                    FACE      24D   1390
     128    1533       1       1       0       0       0       001010000D   1391
     128       0       0       5       0                  SPLSRF      25D   1392
     508    1538       1       1       0       0       0       001010000D   1393
     508       0       0       2       1                EDGELOOP      30D   1394
     510    1540       1       1       0       0       0       000010000D   1395
     510       0       0       1       1                    FACE      25D   1396
     128    1541       1       1       0       0       0       001010000D   1397
     128       0       0       6       0                  SPLSRF      26D   1398
     508    1547       1       1       0       0       0       001010000D   1399
     508       0       0       1       1                EDGELOOP      31D   1400
     510    1548       1       1       0       0       0       000010000D   1401
     510       0       0       1       1                    FACE      26D   1402
     128    1549       1       1       0       0       0       001010000D   1403
     128       0       0       6       0                  SPLSRF      27D   1404
     508    1555       1       1       0       0       0       001010000D   1405
     508       0       0       1       1                EDGELOOP      32D   1406
     510    1556       1       1       0       0       0       000010000D   1407
     510       0       0       1       1                    FACE      27D   1408
     128    1557       1       1       0       0       0       001010000D   1409
     128       0       0       5       0                  SPLSRF      28D   1410
     508    1562       1       1       0       0       0       001010000D   1411
     508       0       0       1       1                EDGELOOP      33D   1412
     510    1563       1       1       0       0       0       000010000D   1413
     510       0       0       1       1                    FACE      28D   1414
     128    1564       1       1       0       0       0       001010000D   1415
     128       0       0       5       0                  SPLSRF      29D   1416
     508    1569       1       1       0       0       0       001010000D   1417
     508       0       0       3       1                EDGELOOP      34D   1418
     510    1572       1       1       0       0       0       000010000D   1419
     510       0       0       1       1                    FACE      29D   1420
     128    1573       1       1       0       0       0       001010000D   1421
     128       0       0       4       0                  SPLSRF      30D   1422
     508    1577       1       1       0       0       0       001010000D   1423
     508       0       0       4       1                EDGELOOP      35D   1424
     510    1581       1       1       0       0       0       000010000D   1425
     510       0       0       1       1                    FACE      30D   1426
     128    1582       1       1       0       0       0       001010000D   1427
     128       0       0       5       0                  SPLSRF      31D   1428
     508    1587       1       1       0       0       0       001010000D   1429
     508       0       0       3       1                EDGELOOP      36D   1430
     510    1590       1       1       0       0       0       000010000D   1431
     510       0       0       1       1                    FACE      31D   1432
     128    1591       1       1       0       0       0       001010000D   1433
     128       0       0       4       0                  SPLSRF      32D   1434
     508    1595       1       1       0       0       0       001010000D   1435
     508       0       0       4       1                EDGELOOP      37D   1436
     510    1599       1       1       0       0       0       000010000D   1437
     510       0       0       1       1                    FACE      32D   1438
     128    1600       1       1       0       0       0       001010000D   1439
     128       0       0       7       0                  SPLSRF      33D   1440
     508    1607       1       1       0       0       0       001010000D   1441
     508       0       0       2       1                EDGELOOP      38D   1442
     510    1609       1       1       0       0       0       000010000D   1443
     510       0       0       1       1                    FACE      33D   1444
     128    1610       1       1       0       0       0       001010000D   1445
     128       0       0       6       0                  SPLSRF      34D   1446
     508    1616       1       1       0       0       0       001010000D   1447
     508       0       0       2       1                EDGELOOP      39D   1448
     510    1618       1       1       0       0       0       000010000D   1449
     510       0       0       1       1                    FACE      34D   1450
     128    1619       1       1       0       0       0       001010000D   1451
     128       0       0       6       0                  SPLSRF      35D   1452
     508    1625       1       1       0       0       0       001010000D   1453
     508       0       0       2       1                EDGELOOP      40D   1454
     510    1627       1       1       0       0       0       000010000D   1455
     510       0       0       1       1                    FACE      35D   1456
     128    1628       1       1       0       0       0       001010000D   1457
     128       0       0       5       0                  SPLSRF      36D   1458
     508    1633       1       1       0       0       0       001010000D   1459
     508       0       0       4       1                EDGELOOP      41D   1460
     510    1637       1       1       0       0       0       000010000D   1461
     510       0       0       1       1                    FACE      36D   1462
     128    1638       1       1       0       0       0       001010000D   1463
     128       0       0       6       0                  SPLSRF      37D   1464
     508    1644       1       1       0       0       0       001010000D   1465
     508       0       0       2       1                EDGELOOP      42D   1466
     510    1646       1       1       0       0       0       000010000D   1467
     510       0       0       1       1                    FACE      37D   1468
     128    1647       1       1       0       0       0       001010000D   1469
     128       0       0       6       0                  SPLSRF      38D   1470
     508    1653       1       1       0       0       0       001010000D   1471
     508       0       0       2       1                EDGELOOP      43D   1472
     510    1655       1       1       0       0       0       000010000D   1473
     510       0       0       1       1                    FACE      38D   1474
     128    1656       1       1       0       0       0       001010000D   1475
     128       0       0       6       0                  SPLSRF      39D   1476
     508    1662       1       1       0       0       0       001010000D   1477
     508       0       0       2       1                EDGELOOP      44D   1478
     510    1664       1       1       0       0       0       000010000D   1479
     510       0       0       1       1                    FACE      39D   1480
     128    1665       1       1       0       0       0       001010000D   1481
     128       0       0       6       0                  SPLSRF      40D   1482
     508    1671       1       1       0       0       0       001010000D   1483
     508       0       0       2       1                EDGELOOP      45D   1484
     510    1673       1       1       0       0       0       000010000D   1485
     510       0       0       1       1                    FACE      40D   1486
     128    1674       1       1       0       0       0       001010000D   1487
     128       0       0       6       0                  SPLSRF      41D   1488
     508    1680       1       1       0       0       0       001010000D   1489
     508       0       0       2       1                EDGELOOP      46D   1490
     510    1682       1       1       0       0       0       000010000D   1491
     510       0       0       1       1                    FACE      41D   1492
     128    1683       1       1       0       0       0       001010000D   1493
     128       0       0       6       0                  SPLSRF      42D   1494
     508    1689       1       1       0       0       0       001010000D   1495
     508       0       0       2       1                EDGELOOP      47D   1496
     510    1691       1       1       0       0       0       000010000D   1497
     510       0       0       1       1                    FACE      42D   1498
     128    1692       1       1       0       0       0       001010000D   1499
     128       0       0       6       0                  SPLSRF      43D   1500
     508    1698       1       1       0       0       0       001010000D   1501
     508       0       0       2       1                EDGELOOP      48D   1502
     510    1700       1       1       0       0       0       000010000D   1503
     510       0       0       1       1                    FACE      43D   1504
     128    1701       1       1       0       0       0       001010000D   1505
     128       0       0       6       0                  SPLSRF      44D   1506
     508    1707       1       1       0       0       0       001010000D   1507
     508       0       0       2       1                EDGELOOP      49D   1508
     510    1709       1       1       0       0       0       000010000D   1509
     510       0       0       1       1                    FACE      44D   1510
     128    1710       1       1       0       0       0       001010000D   1511
     128       0       0       7       0                  SPLSRF      45D   1512
     508    1717       1       1       0       0       0       001010000D   1513
     508       0       0       2       1                EDGELOOP      50D   1514
     510    1719       1       1       0       0       0       000010000D   1515
     510       0       0       1       1                    FACE      45D   1516
     128    1720       1       1       0       0       0       001010000D   1517
     128       0       0       7       0                  SPLSRF      46D   1518
     508    1727       1       1       0       0       0       001010000D   1519
     508       0       0       2       1                EDGELOOP      51D   1520
     510    1729       1       1       0       0       0       000010000D   1521
     510       0       0       1       1                    FACE      46D   1522
     128    1730       1       1       0       0       0       001010000D   1523
     128       0       0       6       0                  SPLSRF      47D   1524
     508    1736       1       1       0       0       0       001010000D   1525
     508       0       0       2       1                EDGELOOP      52D   1526
     510    1738       1       1       0       0       0       000010000D   1527
     510       0       0       1       1                    FACE      47D   1528
     128    1739       1       1       0       0       0       001010000D   1529
     128       0       0       6       0                  SPLSRF      48D   1530
     508    1745       1       1       0       0       0       001010000D   1531
     508       0       0       2       1                EDGELOOP      53D   1532
     510    1747       1       1       0       0       0       000010000D   1533
     510       0       0       1       1                    FACE      48D   1534
     128    1748       1       1       0       0       0       001010000D   1535
     128       0       0       6       0                  SPLSRF      49D   1536
     508    1754       1       1       0       0       0       001010000D   1537
     508       0       0       2       1                EDGELOOP      54D   1538
     510    1756       1       1       0       0       0       000010000D   1539
     510       0       0       1       1                    FACE      49D   1540
     128    1757       1       1       0       0       0       001010000D   1541
     128       0       0       6       0                  SPLSRF      50D   1542
     508    1763       1       1       0       0       0       001010000D   1543
     508       0       0       2       1                EDGELOOP      55D   1544
     510    1765       1       1       0       0       0       000010000D   1545
     510       0       0       1       1                    FACE      50D   1546
     128    1766       1       1       0       0       0       001010000D   1547
     128       0       0       6       0                  SPLSRF      51D   1548
     508    1772       1       1       0       0       0       001010000D   1549
     508       0       0       2       1                EDGELOOP      56D   1550
     510    1774       1       1       0       0       0       000010000D   1551
     510       0       0       1       1                    FACE      51D   1552
     128    1775       1       1       0       0       0       001010000D   1553
     128       0       0       6       0                  SPLSRF      52D   1554
     508    1781       1       1       0       0       0       001010000D   1555
     508       0       0       2       1                EDGELOOP      57D   1556
     510    1783       1       1       0       0       0       000010000D   1557
     510       0       0       1       1                    FACE      52D   1558
     128    1784       1       1       0       0       0       001010000D   1559
     128       0       0       5       0                  SPLSRF      53D   1560
     508    1789       1       1       0       0       0       001010000D   1561
     508       0       0       2       1                EDGELOOP      58D   1562
     510    1791       1       1       0       0       0       000010000D   1563
     510       0       0       1       1                    FACE      53D   1564
     128    1792       1       1       0       0       0       001010000D   1565
     128       0       0       6       0                  SPLSRF      54D   1566
     508    1798       1       1       0       0       0       001010000D   1567
     508       0       0       1       1                EDGELOOP      59D   1568
     510    1799       1       1       0       0       0       000010000D   1569
     510       0       0       1       1                    FACE      54D   1570
     128    1800       1       1       0       0       0       001010000D   1571
     128       0       0       9       0                  SPLSRF      55D   1572
     508    1809       1       1       0       0       0       001010000D   1573
     508       0       0       1       1                EDGELOOP      60D   1574
     510    1810       1       1       0       0       0       000010000D   1575
     510       0       0       1       1                    FACE      55D   1576
     128    1811       1       1       0       0       0       001010000D   1577
     128       0       0       8       0                  SPLSRF      56D   1578
     508    1819       1       1       0       0       0       001010000D   1579
     508       0       0       2       1                EDGELOOP      61D   1580
     510    1821       1       1       0       0       0       000010000D   1581
     510       0       0       1       1                    FACE      56D   1582
     128    1822       1       1       0       0       0       001010000D   1583
     128       0       0       8       0                  SPLSRF      57D   1584
     508    1830       1       1       0       0       0       001010000D   1585
     508       0       0       2       1                EDGELOOP      62D   1586
     510    1832       1       1       0       0       0       000010000D   1587
     510       0       0       1       1                    FACE      57D   1588
     128    1833       1       1       0       0       0       001010000D   1589
     128       0       0       8       0                  SPLSRF      58D   1590
     508    1841       1       1       0       0       0       001010000D   1591
     508       0       0       2       1                EDGELOOP      63D   1592
     510    1843       1       1       0       0       0       000010000D   1593
     510       0       0       1       1                    FACE      58D   1594
     128    1844       1       1       0       0       0       001010000D   1595
     128       0       0       8       0                  SPLSRF      59D   1596
     508    1852       1       1       0       0       0       001010000D   1597
     508       0       0       2       1                EDGELOOP      64D   1598
     510    1854       1       1       0       0       0       000010000D   1599
     510       0       0       1       1                    FACE      59D   1600
     128    1855       1       1       0       0       0       001010000D   1601
     128       0       0       9       0                  SPLSRF      60D   1602
     508    1864       1       1       0       0       0       001010000D   1603
     508       0       0       2       1                EDGELOOP      65D   1604
     510    1866       1       1       0       0       0       000010000D   1605
     510       0       0       1       1                    FACE      60D   1606
     128    1867       1       1       0       0       0       001010000D   1607
     128       0       0       9       0                  SPLSRF      61D   1608
     508    1876       1       1       0       0       0       001010000D   1609
     508       0       0       2       1                EDGELOOP      66D   1610
     510    1878       1       1       0       0       0       000010000D   1611
     510       0       0       1       1                    FACE      61D   1612
     128    1879       1       1       0       0       0       001010000D   1613
     128       0       0       8       0                  SPLSRF      62D   1614
     508    1887       1       1       0       0       0       001010000D   1615
     508       0       0       2       1                EDGELOOP      67D   1616
     510    1889       1       1       0       0       0       000010000D   1617
     510       0       0       1       1                    FACE      62D   1618
     128    1890       1       1       0       0       0       001010000D   1619
     128       0       0       9       0                  SPLSRF      63D   1620
     508    1899       1       1       0       0       0       001010000D   1621
     508       0       0       2       1                EDGELOOP      68D   1622
     510    1901       1       1       0       0       0       000010000D   1623
     510       0       0       1       1                    FACE      63D   1624
     128    1902       1       1       0       0       0       001010000D   1625
     128       0       0       8       0                  SPLSRF      64D   1626
     508    1910       1       1       0       0       0       001010000D   1627
     508       0       0       2       1                EDGELOOP      69D   1628
     510    1912       1       1       0       0       0       000010000D   1629
     510       0       0       1       1                    FACE      64D   1630
     128    1913       1       1       0       0       0       001010000D   1631
     128       0       0       8       0                  SPLSRF      65D   1632
     508    1921       1       1       0       0       0       001010000D   1633
     508       0       0       2       1                EDGELOOP      70D   1634
     510    1923       1       1       0       0       0       000010000D   1635
     510       0       0       1       1                    FACE      65D   1636
     128    1924       1       1       0       0       0       001010000D   1637
     128       0       0       8       0                  SPLSRF      66D   1638
     508    1932       1       1       0       0       0       001010000D   1639
     508       0       0       2       1                EDGELOOP      71D   1640
     510    1934       1       1       0       0       0       000010000D   1641
     510       0       0       1       1                    FACE      66D   1642
     128    1935       1       1       0       0       0       001010000D   1643
     128       0       0       8       0                  SPLSRF      67D   1644
     508    1943       1       1       0       0       0       001010000D   1645
     508       0       0       2       1                EDGELOOP      72D   1646
     510    1945       1       1       0       0       0       000010000D   1647
     510       0       0       1       1                    FACE      67D   1648
     128    1946       1       1       0       0       0       001010000D   1649
     128       0       0       7       0                  SPLSRF      68D   1650
     508    1953       1       1       0       0       0       001010000D   1651
     508       0       0       2       1                EDGELOOP      73D   1652
     510    1955       1       1       0       0       0       000010000D   1653
     510       0       0       1       1                    FACE      68D   1654
     128    1956       1       1       0       0       0       001010000D   1655
     128       0       0       5       0                  SPLSRF      69D   1656
     508    1961       1       1       0       0       0       001010000D   1657
     508       0       0       2       1                EDGELOOP      74D   1658
     508    1963       1       1       0       0       0       001010000D   1659
     508       0       0       1       1                EDGELOOP      75D   1660
     508    1964       1       1       0       0       0       001010000D   1661
     508       0       0       1       1                EDGELOOP      76D   1662
     508    1965       1       1       0       0       0       001010000D   1663
     508       0       0       2       1                EDGELOOP      77D   1664
     508    1967       1       1       0       0       0       001010000D   1665
     508       0       0       2       1                EDGELOOP      78D   1666
     508    1969       1       1       0       0       0       001010000D   1667
     508       0       0       2       1                EDGELOOP      79D   1668
     508    1971       1       1       0       0       0       001010000D   1669
     508       0       0       2       1                EDGELOOP      80D   1670
     508    1973       1       1       0       0       0       001010000D   1671
     508       0       0       2       1                EDGELOOP      81D   1672
     508    1975       1       1       0       0       0       001010000D   1673
     508       0       0       2       1                EDGELOOP      82D   1674
     510    1977       1       1       0       0       0       000010000D   1675
     510       0       0       1       1                    FACE      69D   1676
     128    1978       1       1       0       0       0       001010000D   1677
     128       0       0       6       0                  SPLSRF      70D   1678
     508    1984       1       1       0       0       0       001010000D   1679
     508       0       0       1       1                EDGELOOP      83D   1680
     510    1985       1       1       0       0       0       000010000D   1681
     510       0       0       1       1                    FACE      70D   1682
     128    1986       1       1       0       0       0       001010000D   1683
     128       0       0       6       0                  SPLSRF      71D   1684
     508    1992       1       1       0       0       0       001010000D   1685
     508       0       0       2       1                EDGELOOP      84D   1686
     510    1994       1       1       0       0       0       000010000D   1687
     510       0       0       1       1                    FACE      71D   1688
     128    1995       1       1       0       0       0       001010000D   1689
     128       0       0       7       0                  SPLSRF      72D   1690
     508    2002       1       1       0       0       0       001010000D   1691
     508       0       0       2       1                EDGELOOP      85D   1692
     510    2004       1       1       0       0       0       000010000D   1693
     510       0       0       1       1                    FACE      72D   1694
     128    2005       1       1       0       0       0       001010000D   1695
     128       0       0       7       0                  SPLSRF      73D   1696
     508    2012       1       1       0       0       0       001010000D   1697
     508       0       0       2       1                EDGELOOP      86D   1698
     510    2014       1       1       0       0       0       000010000D   1699
     510       0       0       1       1                    FACE      73D   1700
     128    2015       1       1       0       0       0       001010000D   1701
     128       0       0       5       0                  SPLSRF      74D   1702
     508    2020       1       1       0       0       0       001010000D   1703
     508       0       0       2       1                EDGELOOP      87D   1704
     510    2022       1       1       0       0       0       000010000D   1705
     510       0       0       1       1                    FACE      74D   1706
     128    2023       1       1       0       0       0       001010000D   1707
     128       0       0       5       0                  SPLSRF      75D   1708
     508    2028       1       1       0       0       0       001010000D   1709
     508       0       0       2       1                EDGELOOP      88D   1710
     510    2030       1       1       0       0       0       000010000D   1711
     510       0       0       1       1                    FACE      75D   1712
     128    2031       1       1       0       0       0       001010000D   1713
     128       0       0       7       0                  SPLSRF      76D   1714
     508    2038       1       1       0       0       0       001010000D   1715
     508       0       0       2       1                EDGELOOP      89D   1716
     510    2040       1       1       0       0       0       000010000D   1717
     510       0       0       1       1                    FACE      76D   1718
     128    2041       1       1       0       0       0       001010000D   1719
     128       0       0       7       0                  SPLSRF      77D   1720
     508    2048       1       1       0       0       0       001010000D   1721
     508       0       0       2       1                EDGELOOP      90D   1722
     510    2050       1       1       0       0       0       000010000D   1723
     510       0       0       1       1                    FACE      77D   1724
     128    2051       1       1       0       0       0       001010000D   1725
     128       0       0       5       0                  SPLSRF      78D   1726
     508    2056       1       1       0       0       0       001010000D   1727
     508       0       0       2       1                EDGELOOP      91D   1728
     510    2058       1       1       0       0       0       000010000D   1729
     510       0       0       1       1                    FACE      78D   1730
     128    2059       1       1       0       0       0       001010000D   1731
     128       0       0       8       0                  SPLSRF      79D   1732
     508    2067       1       1       0       0       0       001010000D   1733
     508       0       0       2       1                EDGELOOP      92D   1734
     510    2069       1       1       0       0       0       000010000D   1735
     510       0       0       1       1                    FACE      79D   1736
     128    2070       1       1       0       0       0       001010000D   1737
     128       0       0       9       0                  SPLSRF      80D   1738
     508    2079       1       1       0       0       0       001010000D   1739
     508       0       0       2       1                EDGELOOP      93D   1740
     510    2081       1       1       0       0       0       000010000D   1741
     510       0       0       1       1                    FACE      80D   1742
     128    2082       1       1       0       0       0       001010000D   1743
     128       0       0       8       0                  SPLSRF      81D   1744
     508    2090       1       1       0       0       0       001010000D   1745
     508       0       0       2       1                EDGELOOP      94D   1746
     510    2092       1       1       0       0       0       000010000D   1747
     510       0       0       1       1                    FACE      81D   1748
     128    2093       1       1       0       0       0       001010000D   1749
     128       0       0       9       0                  SPLSRF      82D   1750
     508    2102       1       1       0       0       0       001010000D   1751
     508       0       0       2       1                EDGELOOP      95D   1752
     510    2104       1       1       0       0       0       000010000D   1753
     510       0       0       1       1                    FACE      82D   1754
     128    2105       1       1       0       0       0       001010000D   1755
     128       0       0       9       0                  SPLSRF      83D   1756
     508    2114       1       1       0       0       0       001010000D   1757
     508       0       0       2       1                EDGELOOP      96D   1758
     510    2116       1       1       0       0       0       000010000D   1759
     510       0       0       1       1                    FACE      83D   1760
     128    2117       1       1       0       0       0       001010000D   1761
     128       0       0       7       0                  SPLSRF      84D   1762
     508    2124       1       1       0       0       0       001010000D   1763
     508       0       0       2       1                EDGELOOP      97D   1764
     510    2126       1       1       0       0       0       000010000D   1765
     510       0       0       1       1                    FACE      84D   1766
     128    2127       1       1       0       0       0       001010000D   1767
     128       0       0       9       0                  SPLSRF      85D   1768
     508    2136       1       1       0       0       0       001010000D   1769
     508       0       0       2       1                EDGELOOP      98D   1770
     510    2138       1       1       0       0       0       000010000D   1771
     510       0       0       1       1                    FACE      85D   1772
     128    2139       1       1       0       0       0       001010000D   1773
     128       0       0       7       0                  SPLSRF      86D   1774
     508    2146       1       1       0       0       0       001010000D   1775
     508       0       0       2       1                EDGELOOP      99D   1776
     510    2148       1       1       0       0       0       000010000D   1777
     510       0       0       1       1                    FACE      86D   1778
     128    2149       1       1       0       0       0       001010000D   1779
     128       0       0       9       0                  SPLSRF      87D   1780
     508    2158       1       1       0       0       0       001010000D   1781
     508       0       0       2       1                EDGELOOP     100D   1782
     510    2160       1       1       0       0       0       000010000D   1783
     510       0       0       1       1                    FACE      87D   1784
     128    2161       1       1       0       0       0       001010000D   1785
     128       0       0       8       0                  SPLSRF      88D   1786
     508    2169       1       1       0       0       0       001010000D   1787
     508       0       0       2       1                EDGELOOP     101D   1788
     510    2171       1       1       0       0       0       000010000D   1789
     510       0       0       1       1                    FACE      88D   1790
     128    2172       1       1       0       0       0       001010000D   1791
     128       0       0       8       0                  SPLSRF      89D   1792
     508    2180       1       1       0       0       0       001010000D   1793
     508       0       0       2       1                EDGELOOP     102D   1794
     510    2182       1       1       0       0       0       000010000D   1795
     510       0       0       1       1                    FACE      89D   1796
     128    2183       1       1       0       0       0       001010000D   1797
     128       0       0       8       0                  SPLSRF      90D   1798
     508    2191       1       1       0       0       0       001010000D   1799
     508       0       0       2       1                EDGELOOP     103D   1800
     510    2193       1       1       0       0       0       000010000D   1801
     510       0       0       1       1                    FACE      90D   1802
     128    2194       1       1       0       0       0       001010000D   1803
     128       0       0       8       0                  SPLSRF      91D   1804
     508    2202       1       1       0       0       0       001010000D   1805
     508       0       0       2       1                EDGELOOP     104D   1806
     510    2204       1       1       0       0       0       000010000D   1807
     510       0       0       1       1                    FACE      91D   1808
     128    2205       1       1       0       0       0       001010000D   1809
     128       0       0       9       0                  SPLSRF      92D   1810
     508    2214       1       1       0       0       0       001010000D   1811
     508       0       0       2       1                EDGELOOP     105D   1812
     510    2216       1       1       0       0       0       000010000D   1813
     510       0       0       1       1                    FACE      92D   1814
     128    2217       1       1       0       0       0       001010000D   1815
     128       0       0       8       0                  SPLSRF      93D   1816
     508    2225       1       1       0       0       0       001010000D   1817
     508       0       0       2       1                EDGELOOP     106D   1818
     510    2227       1       1       0       0       0       000010000D   1819
     510       0       0       1       1                    FACE      93D   1820
     128    2228       1       1       0       0       0       001010000D   1821
     128       0       0       9       0                  SPLSRF      94D   1822
     508    2237       1       1       0       0       0       001010000D   1823
     508       0       0       2       1                EDGELOOP     107D   1824
     510    2239       1       1       0       0       0       000010000D   1825
     510       0       0       1       1                    FACE      94D   1826
     128    2240       1       1       0       0       0       001010000D   1827
     128       0       0       7       0                  SPLSRF      95D   1828
     508    2247       1       1       0       0       0       001010000D   1829
     508       0       0       2       1                EDGELOOP     108D   1830
     510    2249       1       1       0       0       0       000010000D   1831
     510       0       0       1       1                    FACE      95D   1832
     128    2250       1       1       0       0       0       001010000D   1833
     128       0       0       8       0                  SPLSRF      96D   1834
     508    2258       1       1       0       0       0       001010000D   1835
     508       0       0       2       1                EDGELOOP     109D   1836
     510    2260       1       1       0       0       0       000010000D   1837
     510       0       0       1       1                    FACE      96D   1838
     128    2261       1       1       0       0       0       001010000D   1839
     128       0       0       8       0                  SPLSRF      97D   1840
     508    2269       1       1       0       0       0       001010000D   1841
     508       0       0       2       1                EDGELOOP     110D   1842
     510    2271       1       1       0       0       0       000010000D   1843
     510       0       0       1       1                    FACE      97D   1844
     128    2272       1       1       0       0       0       001010000D   1845
     128       0       0       8       0                  SPLSRF      98D   1846
     508    2280       1       1       0       0       0       001010000D   1847
     508       0       0       2       1                EDGELOOP     111D   1848
     510    2282       1       1       0       0       0       000010000D   1849
     510       0       0       1       1                    FACE      98D   1850
     128    2283       1       1       0       0       0       001010000D   1851
     128       0       0       8       0                  SPLSRF      99D   1852
     508    2291       1       1       0       0       0       001010000D   1853
     508       0       0       2       1                EDGELOOP     112D   1854
     510    2293       1       1       0       0       0       000010000D   1855
     510       0       0       1       1                    FACE      99D   1856
     128    2294       1       1       0       0       0       001010000D   1857
     128       0       0       9       0                  SPLSRF     100D   1858
     508    2303       1       1       0       0       0       001010000D   1859
     508       0       0       2       1                EDGELOOP     113D   1860
     510    2305       1       1       0       0       0       000010000D   1861
     510       0       0       1       1                    FACE     100D   1862
     128    2306       1       1       0       0       0       001010000D   1863
     128       0       0       9       0                  SPLSRF     101D   1864
     508    2315       1       1       0       0       0       001010000D   1865
     508       0       0       2       1                EDGELOOP     114D   1866
     510    2317       1       1       0       0       0       000010000D   1867
     510       0       0       1       1                    FACE     101D   1868
     128    2318       1       1       0       0       0       001010000D   1869
     128       0       0       7       0                  SPLSRF     102D   1870
     508    2325       1       1       0       0       0       001010000D   1871
     508       0       0       2       1                EDGELOOP     115D   1872
     510    2327       1       1       0       0       0       000010000D   1873
     510       0       0       1       1                    FACE     102D   1874
     128    2328       1       1       0       0       0       001010000D   1875
     128       0       0       9       0                  SPLSRF     103D   1876
     508    2337       1       1       0       0       0       001010000D   1877
     508       0       0       2       1                EDGELOOP     116D   1878
     510    2339       1       1       0       0       0       000010000D   1879
     510       0       0       1       1                    FACE     103D   1880
     128    2340       1       1       0       0       0       001010000D   1881
     128       0       0       9       0                  SPLSRF     104D   1882
     508    2349       1       1       0       0       0       001010000D   1883
     508       0       0       2       1                EDGELOOP     117D   1884
     510    2351       1       1       0       0       0       000010000D   1885
     510       0       0       1       1                    FACE     104D   1886
     128    2352       1       1       0       0       0       001010000D   1887
     128       0       0       8       0                  SPLSRF     105D   1888
     508    2360       1       1       0       0       0       001010000D   1889
     508       0       0       2       1                EDGELOOP     118D   1890
     510    2362       1       1       0       0       0       000010000D   1891
     510       0       0       1       1                    FACE     105D   1892
     128    2363       1       1       0       0       0       001010000D   1893
     128       0       0       9       0                  SPLSRF     106D   1894
     508    2372       1       1       0       0       0       001010000D   1895
     508       0       0       2       1                EDGELOOP     119D   1896
     510    2374       1       1       0       0       0       000010000D   1897
     510       0       0       1       1                    FACE     106D   1898
     128    2375       1       1       0       0       0       001010000D   1899
     128       0       0       9       0                  SPLSRF     107D   1900
     508    2384       1       1       0       0       0       001010000D   1901
     508       0       0       2       1                EDGELOOP     120D   1902
     510    2386       1       1       0       0       0       000010000D   1903
     510       0       0       1       1                    FACE     107D   1904
     128    2387       1       1       0       0       0       001010000D   1905
     128       0       0       7       0                  SPLSRF     108D   1906
     508    2394       1       1       0       0       0       001010000D   1907
     508       0       0       2       1                EDGELOOP     121D   1908
     510    2396       1       1       0       0       0       000010000D   1909
     510       0       0       1       1                    FACE     108D   1910
     128    2397       1       1       0       0       0       001010000D   1911
     128       0       0       8       0                  SPLSRF     109D   1912
     508    2405       1       1       0       0       0       001010000D   1913
     508       0       0       2       1                EDGELOOP     122D   1914
     510    2407       1       1       0       0       0       000010000D   1915
     510       0       0       1       1                    FACE     109D   1916
     128    2408       1       1       0       0       0       001010000D   1917
     128       0       0       9       0                  SPLSRF     110D   1918
     508    2417       1       1       0       0       0       001010000D   1919
     508       0       0       2       1                EDGELOOP     123D   1920
     510    2419       1       1       0       0       0       000010000D   1921
     510       0       0       1       1                    FACE     110D   1922
     128    2420       1       1       0       0       0       001010000D   1923
     128       0       0       9       0                  SPLSRF     111D   1924
     508    2429       1       1       0       0       0       001010000D   1925
     508       0       0       2       1                EDGELOOP     124D   1926
     510    2431       1       1       0       0       0       000010000D   1927
     510       0       0       1       1                    FACE     111D   1928
     128    2432       1       1       0       0       0       001010000D   1929
     128       0       0       8       0                  SPLSRF     112D   1930
     508    2440       1       1       0       0       0       001010000D   1931
     508       0       0       2       1                EDGELOOP     125D   1932
     510    2442       1       1       0       0       0       000010000D   1933
     510       0       0       1       1                    FACE     112D   1934
     128    2443       1       1       0       0       0       001010000D   1935
     128       0       0       9       0                  SPLSRF     113D   1936
     508    2452       1       1       0       0       0       001010000D   1937
     508       0       0       2       1                EDGELOOP     126D   1938
     510    2454       1       1       0       0       0       000010000D   1939
     510       0       0       1       1                    FACE     113D   1940
     128    2455       1       1       0       0       0       001010000D   1941
     128       0       0       9       0                  SPLSRF     114D   1942
     508    2464       1       1       0       0       0       001010000D   1943
     508       0       0       2       1                EDGELOOP     127D   1944
     510    2466       1       1       0       0       0       000010000D   1945
     510       0       0       1       1                    FACE     114D   1946
     128    2467       1       1       0       0       0       001010000D   1947
     128       0       0       8       0                  SPLSRF     115D   1948
     508    2475       1       1       0       0       0       001010000D   1949
     508       0       0       2       1                EDGELOOP     128D   1950
     510    2477       1       1       0       0       0       000010000D   1951
     510       0       0       1       1                    FACE     115D   1952
     110    2478       1       1       0       0       0       001010000D   1953
     110       0       0       2       0                    LINE     554D   1954
     110    2480       1       1       0       0       0       001010000D   1955
     110       0       0       2       0                    LINE     555D   1956
     120    2482       1       1       0       0       0       001010000D   1957
     120       0       0       1       0                    SREV       1D   1958
     508    2483       1       1       0       0       0       001010000D   1959
     508       0       0       2       1                EDGELOOP     129D   1960
     510    2485       1       1       0       0       0       000010000D   1961
     510       0       0       1       1                    FACE     116D   1962
     128    2486       1       1       0       0       0       001010000D   1963
     128       0       0       7       0                  SPLSRF     116D   1964
     508    2493       1       1       0       0       0       001010000D   1965
     508       0       0       2       1                EDGELOOP     130D   1966
     510    2495       1       1       0       0       0       000010000D   1967
     510       0       0       1       1                    FACE     117D   1968
     128    2496       1       1       0       0       0       001010000D   1969
     128       0       0       9       0                  SPLSRF     117D   1970
     508    2505       1       1       0       0       0       001010000D   1971
     508       0       0       2       1                EDGELOOP     131D   1972
     510    2507       1       1       0       0       0       000010000D   1973
     510       0       0       1       1                    FACE     118D   1974
     128    2508       1       1       0       0       0       001010000D   1975
     128       0       0       9       0                  SPLSRF     118D   1976
     508    2517       1       1       0       0       0       001010000D   1977
     508       0       0       2       1                EDGELOOP     132D   1978
     510    2519       1       1       0       0       0       000010000D   1979
     510       0       0       1       1                    FACE     119D   1980
     128    2520       1       1       0       0       0       001010000D   1981
     128       0       0       8       0                  SPLSRF     119D   1982
     508    2528       1       1       0       0       0       001010000D   1983
     508       0       0       2       1                EDGELOOP     133D   1984
     510    2530       1       1       0       0       0       000010000D   1985
     510       0       0       1       1                    FACE     120D   1986
     128    2531       1       1       0       0       0       001010000D   1987
     128       0       0       9       0                  SPLSRF     120D   1988
     508    2540       1       1       0       0       0       001010000D   1989
     508       0       0       2       1                EDGELOOP     134D   1990
     510    2542       1       1       0       0       0       000010000D   1991
     510       0       0       1       1                    FACE     121D   1992
     128    2543       1       1       0       0       0       001010000D   1993
     128       0       0       9       0                  SPLSRF     121D   1994
     508    2552       1       1       0       0       0       001010000D   1995
     508       0       0       2       1                EDGELOOP     135D   1996
     510    2554       1       1       0       0       0       000010000D   1997
     510       0       0       1       1                    FACE     122D   1998
     128    2555       1       1       0       0       0       001010000D   1999
     128       0       0       9       0                  SPLSRF     122D   2000
     508    2564       1       1       0       0       0       001010000D   2001
     508       0       0       2       1                EDGELOOP     136D   2002
     510    2566       1       1       0       0       0       000010000D   2003
     510       0       0       1       1                    FACE     123D   2004
     110    2567       1       1       0       0       0       001010000D   2005
     110       0       0       2       0                    LINE     556D   2006
     110    2569       1       1       0       0       0       001010000D   2007
     110       0       0       2       0                    LINE     557D   2008
     120    2571       1       1       0       0       0       001010000D   2009
     120       0       0       1       0                    SREV       2D   2010
     508    2572       1       1       0       0       0       001010000D   2011
     508       0       0       1       1                EDGELOOP     137D   2012
     510    2573       1       1       0       0       0       000010000D   2013
     510       0       0       1       1                    FACE     124D   2014
     128    2574       1       1       0       0       0       001010000D   2015
     128       0       0       9       0                  SPLSRF     123D   2016
     508    2583       1       1       0       0       0       001010000D   2017
     508       0       0       2       1                EDGELOOP     138D   2018
     510    2585       1       1       0       0       0       000010000D   2019
     510       0       0       1       1                    FACE     125D   2020
     128    2586       1       1       0       0       0       001010000D   2021
     128       0       0       9       0                  SPLSRF     124D   2022
     508    2595       1       1       0       0       0       001010000D   2023
     508       0       0       2       1                EDGELOOP     139D   2024
     510    2597       1       1       0       0       0       000010000D   2025
     510       0       0       1       1                    FACE     126D   2026
     110    2598       1       1       0       0       0       001010000D   2027
     110       0       0       2       0                    LINE     558D   2028
     110    2600       1       1       0       0       0       001010000D   2029
     110       0       0       2       0                    LINE     559D   2030
     120    2602       1       1       0       0       0       001010000D   2031
     120       0       0       1       0                    SREV       3D   2032
     508    2603       1       1       0       0       0       001010000D   2033
     508       0       0       1       1                EDGELOOP     140D   2034
     510    2604       1       1       0       0       0       000010000D   2035
     510       0       0       1       1                    FACE     127D   2036
     128    2605       1       1       0       0       0       001010000D   2037
     128       0       0       9       0                  SPLSRF     125D   2038
     508    2614       1       1       0       0       0       001010000D   2039
     508       0       0       2       1                EDGELOOP     141D   2040
     510    2616       1       1       0       0       0       000010000D   2041
     510       0       0       1       1                    FACE     128D   2042
     128    2617       1       1       0       0       0       001010000D   2043
     128       0       0       8       0                  SPLSRF     126D   2044
     508    2625       1       1       0       0       0       001010000D   2045
     508       0       0       2       1                EDGELOOP     142D   2046
     510    2627       1       1       0       0       0       000010000D   2047
     510       0       0       1       1                    FACE     129D   2048
     128    2628       1       1       0       0       0       001010000D   2049
     128       0       0       8       0                  SPLSRF     127D   2050
     508    2636       1       1       0       0       0       001010000D   2051
     508       0       0       2       1                EDGELOOP     143D   2052
     510    2638       1       1       0       0       0       000010000D   2053
     510       0       0       1       1                    FACE     130D   2054
     128    2639       1       1       0       0       0       001010000D   2055
     128       0       0       8       0                  SPLSRF     128D   2056
     508    2647       1       1       0       0       0       001010000D   2057
     508       0       0       2       1                EDGELOOP     144D   2058
     510    2649       1       1       0       0       0       000010000D   2059
     510       0       0       1       1                    FACE     131D   2060
     128    2650       1       1       0       0       0       001010000D   2061
     128       0       0       8       0                  SPLSRF     129D   2062
     508    2658       1       1       0       0       0       001010000D   2063
     508       0       0       2       1                EDGELOOP     145D   2064
     510    2660       1       1       0       0       0       000010000D   2065
     510       0       0       1       1                    FACE     132D   2066
     128    2661       1       1       0       0       0       001010000D   2067
     128       0       0       9       0                  SPLSRF     130D   2068
     508    2670       1       1       0       0       0       001010000D   2069
     508       0       0       2       1                EDGELOOP     146D   2070
     510    2672       1       1       0       0       0       000010000D   2071
     510       0       0       1       1                    FACE     133D   2072
     128    2673       1       1       0       0       0       001010000D   2073
     128       0       0       8       0                  SPLSRF     131D   2074
     508    2681       1       1       0       0       0       001010000D   2075
     508       0       0       2       1                EDGELOOP     147D   2076
     510    2683       1       1       0       0       0       000010000D   2077
     510       0       0       1       1                    FACE     134D   2078
     128    2684       1       1       0       0       0       001010000D   2079
     128       0       0       9       0                  SPLSRF     132D   2080
     508    2693       1       1       0       0       0       001010000D   2081
     508       0       0       2       1                EDGELOOP     148D   2082
     510    2695       1       1       0       0       0       000010000D   2083
     510       0       0       1       1                    FACE     135D   2084
     128    2696       1       1       0       0       0       001010000D   2085
     128       0       0       7       0                  SPLSRF     133D   2086
     508    2703       1       1       0       0       0       001010000D   2087
     508       0       0       2       1                EDGELOOP     149D   2088
     510    2705       1       1       0       0       0       000010000D   2089
     510       0       0       1       1                    FACE     136D   2090
     128    2706       1       1       0       0       0       001010000D   2091
     128       0       0       8       0                  SPLSRF     134D   2092
     508    2714       1       1       0       0       0       001010000D   2093
     508       0       0       2       1                EDGELOOP     150D   2094
     510    2716       1       1       0       0       0       000010000D   2095
     510       0       0       1       1                    FACE     137D   2096
     128    2717       1       1       0       0       0       001010000D   2097
     128       0       0       8       0                  SPLSRF     135D   2098
     508    2725       1       1       0       0       0       001010000D   2099
     508       0       0       2       1                EDGELOOP     151D   2100
     510    2727       1       1       0       0       0       000010000D   2101
     510       0       0       1       1                    FACE     138D   2102
     128    2728       1       1       0       0       0       001010000D   2103
     128       0       0       8       0                  SPLSRF     136D   2104
     508    2736       1       1       0       0       0       001010000D   2105
     508       0       0       2       1                EDGELOOP     152D   2106
     510    2738       1       1       0       0       0       000010000D   2107
     510       0       0       1       1                    FACE     139D   2108
     128    2739       1       1       0       0       0       001010000D   2109
     128       0       0       8       0                  SPLSRF     137D   2110
     508    2747       1       1       0       0       0       001010000D   2111
     508       0       0       2       1                EDGELOOP     153D   2112
     510    2749       1       1       0       0       0       000010000D   2113
     510       0       0       1       1                    FACE     140D   2114
     128    2750       1       1       0       0       0       001010000D   2115
     128       0       0       9       0                  SPLSRF     138D   2116
     508    2759       1       1       0       0       0       001010000D   2117
     508       0       0       2       1                EDGELOOP     154D   2118
     510    2761       1       1       0       0       0       000010000D   2119
     510       0       0       1       1                    FACE     141D   2120
     128    2762       1       1       0       0       0       001010000D   2121
     128       0       0       9       0                  SPLSRF     139D   2122
     508    2771       1       1       0       0       0       001010000D   2123
     508       0       0       2       1                EDGELOOP     155D   2124
     510    2773       1       1       0       0       0       000010000D   2125
     510       0       0       1       1                    FACE     142D   2126
     128    2774       1       1       0       0       0       001010000D   2127
     128       0       0       7       0                  SPLSRF     140D   2128
     508    2781       1       1       0       0       0       001010000D   2129
     508       0       0       2       1                EDGELOOP     156D   2130
     510    2783       1       1       0       0       0       000010000D   2131
     510       0       0       1       1                    FACE     143D   2132
     128    2784       1       1       0       0       0       001010000D   2133
     128       0       0       9       0                  SPLSRF     141D   2134
     508    2793       1       1       0       0       0       001010000D   2135
     508       0       0       2       1                EDGELOOP     157D   2136
     510    2795       1       1       0       0       0       000010000D   2137
     510       0       0       1       1                    FACE     144D   2138
     128    2796       1       1       0       0       0       001010000D   2139
     128       0       0       9       0                  SPLSRF     142D   2140
     508    2805       1       1       0       0       0       001010000D   2141
     508       0       0       2       1                EDGELOOP     158D   2142
     510    2807       1       1       0       0       0       000010000D   2143
     510       0       0       1       1                    FACE     145D   2144
     128    2808       1       1       0       0       0       001010000D   2145
     128       0       0       8       0                  SPLSRF     143D   2146
     508    2816       1       1       0       0       0       001010000D   2147
     508       0       0       2       1                EDGELOOP     159D   2148
     510    2818       1       1       0       0       0       000010000D   2149
     510       0       0       1       1                    FACE     146D   2150
     128    2819       1       1       0       0       0       001010000D   2151
     128       0       0       9       0                  SPLSRF     144D   2152
     508    2828       1       1       0       0       0       001010000D   2153
     508       0       0       2       1                EDGELOOP     160D   2154
     510    2830       1       1       0       0       0       000010000D   2155
     510       0       0       1       1                    FACE     147D   2156
     128    2831       1       1       0       0       0       001010000D   2157
     128       0       0       9       0                  SPLSRF     145D   2158
     508    2840       1       1       0       0       0       001010000D   2159
     508       0       0       2       1                EDGELOOP     161D   2160
     510    2842       1       1       0       0       0       000010000D   2161
     510       0       0       1       1                    FACE     148D   2162
     128    2843       1       1       0       0       0       001010000D   2163
     128       0       0       7       0                  SPLSRF     146D   2164
     508    2850       1       1       0       0       0       001010000D   2165
     508       0       0       2       1                EDGELOOP     162D   2166
     510    2852       1       1       0       0       0       000010000D   2167
     510       0       0       1       1                    FACE     149D   2168
     128    2853       1       1       0       0       0       001010000D   2169
     128       0       0       8       0                  SPLSRF     147D   2170
     508    2861       1       1       0       0       0       001010000D   2171
     508       0       0       2       1                EDGELOOP     163D   2172
     510    2863       1       1       0       0       0       000010000D   2173
     510       0       0       1       1                    FACE     150D   2174
     128    2864       1       1       0       0       0       001010000D   2175
     128       0       0       9       0                  SPLSRF     148D   2176
     508    2873       1       1       0       0       0       001010000D   2177
     508       0       0       2       1                EDGELOOP     164D   2178
     510    2875       1       1       0       0       0       000010000D   2179
     510       0       0       1       1                    FACE     151D   2180
     128    2876       1       1       0       0       0       001010000D   2181
     128       0       0       9       0                  SPLSRF     149D   2182
     508    2885       1       1       0       0       0       001010000D   2183
     508       0       0       2       1                EDGELOOP     165D   2184
     510    2887       1       1       0       0       0       000010000D   2185
     510       0       0       1       1                    FACE     152D   2186
     128    2888       1       1       0       0       0       001010000D   2187
     128       0       0       8       0                  SPLSRF     150D   2188
     508    2896       1       1       0       0       0       001010000D   2189
     508       0       0       2       1                EDGELOOP     166D   2190
     510    2898       1       1       0       0       0       000010000D   2191
     510       0       0       1       1                    FACE     153D   2192
     128    2899       1       1       0       0       0       001010000D   2193
     128       0       0       9       0                  SPLSRF     151D   2194
     508    2908       1       1       0       0       0       001010000D   2195
     508       0       0       2       1                EDGELOOP     167D   2196
     510    2910       1       1       0       0       0       000010000D   2197
     510       0       0       1       1                    FACE     154D   2198
     128    2911       1       1       0       0       0       001010000D   2199
     128       0       0       9       0                  SPLSRF     152D   2200
     508    2920       1       1       0       0       0       001010000D   2201
     508       0       0       2       1                EDGELOOP     168D   2202
     510    2922       1       1       0       0       0       000010000D   2203
     510       0       0       1       1                    FACE     155D   2204
     128    2923       1       1       0       0       0       001010000D   2205
     128       0       0       8       0                  SPLSRF     153D   2206
     508    2931       1       1       0       0       0       001010000D   2207
     508       0       0       2       1                EDGELOOP     169D   2208
     510    2933       1       1       0       0       0       000010000D   2209
     510       0       0       1       1                    FACE     156D   2210
     110    2934       1       1       0       0       0       001010000D   2211
     110       0       0       2       0                    LINE     560D   2212
     110    2936       1       1       0       0       0       001010000D   2213
     110       0       0       2       0                    LINE     561D   2214
     120    2938       1       1       0       0       0       001010000D   2215
     120       0       0       1       0                    SREV       4D   2216
     508    2939       1       1       0       0       0       001010000D   2217
     508       0       0       2       1                EDGELOOP     170D   2218
     510    2941       1       1       0       0       0       000010000D   2219
     510       0       0       1       1                    FACE     157D   2220
     128    2942       1       1       0       0       0       001010000D   2221
     128       0       0       6       0                  SPLSRF     154D   2222
     508    2948       1       1       0       0       0       001010000D   2223
     508       0       0       2       1                EDGELOOP     171D   2224
     510    2950       1       1       0       0       0       000010000D   2225
     510       0       0       1       1                    FACE     158D   2226
     128    2951       1       1       0       0       0       001010000D   2227
     128       0       0       9       0                  SPLSRF     155D   2228
     508    2960       1       1       0       0       0       001010000D   2229
     508       0       0       2       1                EDGELOOP     172D   2230
     510    2962       1       1       0       0       0       000010000D   2231
     510       0       0       1       1                    FACE     159D   2232
     128    2963       1       1       0       0       0       001010000D   2233
     128       0       0       9       0                  SPLSRF     156D   2234
     508    2972       1       1       0       0       0       001010000D   2235
     508       0       0       2       1                EDGELOOP     173D   2236
     510    2974       1       1       0       0       0       000010000D   2237
     510       0       0       1       1                    FACE     160D   2238
     128    2975       1       1       0       0       0       001010000D   2239
     128       0       0       8       0                  SPLSRF     157D   2240
     508    2983       1       1       0       0       0       001010000D   2241
     508       0       0       2       1                EDGELOOP     174D   2242
     510    2985       1       1       0       0       0       000010000D   2243
     510       0       0       1       1                    FACE     161D   2244
     128    2986       1       1       0       0       0       001010000D   2245
     128       0       0       9       0                  SPLSRF     158D   2246
     508    2995       1       1       0       0       0       001010000D   2247
     508       0       0       2       1                EDGELOOP     175D   2248
     510    2997       1       1       0       0       0       000010000D   2249
     510       0       0       1       1                    FACE     162D   2250
     128    2998       1       1       0       0       0       001010000D   2251
     128       0       0       9       0                  SPLSRF     159D   2252
     508    3007       1       1       0       0       0       001010000D   2253
     508       0       0       2       1                EDGELOOP     176D   2254
     510    3009       1       1       0       0       0       000010000D   2255
     510       0       0       1       1                    FACE     163D   2256
     128    3010       1       1       0       0       0       001010000D   2257
     128       0       0       9       0                  SPLSRF     160D   2258
     508    3019       1       1       0       0       0       001010000D   2259
     508       0       0       2       1                EDGELOOP     177D   2260
     510    3021       1       1       0       0       0       000010000D   2261
     510       0       0       1       1                    FACE     164D   2262
     110    3022       1       1       0       0       0       001010000D   2263
     110       0       0       2       0                    LINE     562D   2264
     110    3024       1       1       0       0       0       001010000D   2265
     110       0       0       2       0                    LINE     563D   2266
     120    3026       1       1       0       0       0       001010000D   2267
     120       0       0       1       0                    SREV       5D   2268
     508    3027       1       1       0       0       0       001010000D   2269
     508       0       0       2       1                EDGELOOP     178D   2270
     510    3029       1       1       0       0       0       000010000D   2271
     510       0       0       1       1                    FACE     165D   2272
     128    3030       1       1       0       0       0       001010000D   2273
     128       0       0       9       0                  SPLSRF     161D   2274
     508    3039       1       1       0       0       0       001010000D   2275
     508       0       0       2       1                EDGELOOP     179D   2276
     510    3041       1       1       0       0       0       000010000D   2277
     510       0       0       1       1                    FACE     166D   2278
     128    3042       1       1       0       0       0       001010000D   2279
     128       0       0       9       0                  SPLSRF     162D   2280
     508    3051       1       1       0       0       0       001010000D   2281
     508       0       0       2       1                EDGELOOP     180D   2282
     510    3053       1       1       0       0       0       000010000D   2283
     510       0       0       1       1                    FACE     167D   2284
     110    3054       1       1       0       0       0       001010000D   2285
     110       0       0       2       0                    LINE     564D   2286
     110    3056       1       1       0       0       0       001010000D   2287
     110       0       0       2       0                    LINE     565D   2288
     120    3058       1       1       0       0       0       001010000D   2289
     120       0       0       1       0                    SREV       6D   2290
     508    3059       1       1       0       0       0       001010000D   2291
     508       0       0       2       1                EDGELOOP     181D   2292
     510    3061       1       1       0       0       0       000010000D   2293
     510       0       0       1       1                    FACE     168D   2294
     128    3062       1       1       0       0       0       001010000D   2295
     128       0       0       9       0                  SPLSRF     163D   2296
     508    3071       1       1       0       0       0       001010000D   2297
     508       0       0       2       1                EDGELOOP     182D   2298
     510    3073       1       1       0       0       0       000010000D   2299
     510       0       0       1       1                    FACE     169D   2300
     128    3074       1       1       0       0       0       001010000D   2301
     128       0       0       8       0                  SPLSRF     164D   2302
     508    3082       1       1       0       0       0       001010000D   2303
     508       0       0       2       1                EDGELOOP     183D   2304
     510    3084       1       1       0       0       0       000010000D   2305
     510       0       0       1       1                    FACE     170D   2306
     128    3085       1       1       0       0       0       001010000D   2307
     128       0       0       8       0                  SPLSRF     165D   2308
     508    3093       1       1       0       0       0       001010000D   2309
     508       0       0       2       1                EDGELOOP     184D   2310
     510    3095       1       1       0       0       0       000010000D   2311
     510       0       0       1       1                    FACE     171D   2312
     128    3096       1       1       0       0       0       001010000D   2313
     128       0       0       8       0                  SPLSRF     166D   2314
     508    3104       1       1       0       0       0       001010000D   2315
     508       0       0       2       1                EDGELOOP     185D   2316
     510    3106       1       1       0       0       0       000010000D   2317
     510       0       0       1       1                    FACE     172D   2318
     128    3107       1       1       0       0       0       001010000D   2319
     128       0       0       8       0                  SPLSRF     167D   2320
     508    3115       1       1       0       0       0       001010000D   2321
     508       0       0       2       1                EDGELOOP     186D   2322
     510    3117       1       1       0       0       0       000010000D   2323
     510       0       0       1       1                    FACE     173D   2324
     128    3118       1       1       0       0       0       001010000D   2325
     128       0       0       9       0                  SPLSRF     168D   2326
     508    3127       1       1       0       0       0       001010000D   2327
     508       0       0       2       1                EDGELOOP     187D   2328
     510    3129       1       1       0       0       0       000010000D   2329
     510       0       0       1       1                    FACE     174D   2330
     128    3130       1       1       0       0       0       001010000D   2331
     128       0       0       8       0                  SPLSRF     169D   2332
     508    3138       1       1       0       0       0       001010000D   2333
     508       0       0       2       1                EDGELOOP     188D   2334
     510    3140       1       1       0       0       0       000010000D   2335
     510       0       0       1       1                    FACE     175D   2336
     128    3141       1       1       0       0       0       001010000D   2337
     128       0       0       9       0                  SPLSRF     170D   2338
     508    3150       1       1       0       0       0       001010000D   2339
     508       0       0       2       1                EDGELOOP     189D   2340
     510    3152       1       1       0       0       0       000010000D   2341
     510       0       0       1       1                    FACE     176D   2342
     128    3153       1       1       0       0       0       001010000D   2343
     128       0       0       7       0                  SPLSRF     171D   2344
     508    3160       1       1       0       0       0       001010000D   2345
     508       0       0       2       1                EDGELOOP     190D   2346
     510    3162       1       1       0       0       0       000010000D   2347
     510       0       0       1       1                    FACE     177D   2348
     128    3163       1       1       0       0       0       001010000D   2349
     128       0       0       8       0                  SPLSRF     172D   2350
     508    3171       1       1       0       0       0       001010000D   2351
     508       0       0       2       1                EDGELOOP     191D   2352
     510    3173       1       1       0       0       0       000010000D   2353
     510       0       0       1       1                    FACE     178D   2354
     128    3174       1       1       0       0       0       001010000D   2355
     128       0       0       8       0                  SPLSRF     173D   2356
     508    3182       1       1       0       0       0       001010000D   2357
     508       0       0       2       1                EDGELOOP     192D   2358
     510    3184       1       1       0       0       0       000010000D   2359
     510       0       0       1       1                    FACE     179D   2360
     128    3185       1       1       0       0       0       001010000D   2361
     128       0       0       8       0                  SPLSRF     174D   2362
     508    3193       1       1       0       0       0       001010000D   2363
     508       0       0       2       1                EDGELOOP     193D   2364
     510    3195       1       1       0       0       0       000010000D   2365
     510       0       0       1       1                    FACE     180D   2366
     128    3196       1       1       0       0       0       001010000D   2367
     128       0       0       8       0                  SPLSRF     175D   2368
     508    3204       1       1       0       0       0       001010000D   2369
     508       0       0       2       1                EDGELOOP     194D   2370
     510    3206       1       1       0       0       0       000010000D   2371
     510       0       0       1       1                    FACE     181D   2372
     128    3207       1       1       0       0       0       001010000D   2373
     128       0       0       9       0                  SPLSRF     176D   2374
     508    3216       1       1       0       0       0       001010000D   2375
     508       0       0       2       1                EDGELOOP     195D   2376
     510    3218       1       1       0       0       0       000010000D   2377
     510       0       0       1       1                    FACE     182D   2378
     128    3219       1       1       0       0       0       001010000D   2379
     128       0       0       9       0                  SPLSRF     177D   2380
     508    3228       1       1       0       0       0       001010000D   2381
     508       0       0       2       1                EDGELOOP     196D   2382
     510    3230       1       1       0       0       0       000010000D   2383
     510       0       0       1       1                    FACE     183D   2384
     128    3231       1       1       0       0       0       001010000D   2385
     128       0       0       7       0                  SPLSRF     178D   2386
     508    3238       1       1       0       0       0       001010000D   2387
     508       0       0       2       1                EDGELOOP     197D   2388
     510    3240       1       1       0       0       0       000010000D   2389
     510       0       0       1       1                    FACE     184D   2390
     128    3241       1       1       0       0       0       001010000D   2391
     128       0       0       9       0                  SPLSRF     179D   2392
     508    3250       1       1       0       0       0       001010000D   2393
     508       0       0       2       1                EDGELOOP     198D   2394
     510    3252       1       1       0       0       0       000010000D   2395
     510       0       0       1       1                    FACE     185D   2396
     128    3253       1       1       0       0       0       001010000D   2397
     128       0       0       9       0                  SPLSRF     180D   2398
     508    3262       1       1       0       0       0       001010000D   2399
     508       0       0       2       1                EDGELOOP     199D   2400
     510    3264       1       1       0       0       0       000010000D   2401
     510       0       0       1       1                    FACE     186D   2402
     128    3265       1       1       0       0       0       001010000D   2403
     128       0       0       8       0                  SPLSRF     181D   2404
     508    3273       1       1       0       0       0       001010000D   2405
     508       0       0       2       1                EDGELOOP     200D   2406
     510    3275       1       1       0       0       0       000010000D   2407
     510       0       0       1       1                    FACE     187D   2408
     128    3276       1       1       0       0       0       001010000D   2409
     128       0       0       9       0                  SPLSRF     182D   2410
     508    3285       1       1       0       0       0       001010000D   2411
     508       0       0       2       1                EDGELOOP     201D   2412
     510    3287       1       1       0       0       0       000010000D   2413
     510       0       0       1       1                    FACE     188D   2414
     128    3288       1       1       0       0       0       001010000D   2415
     128       0       0       9       0                  SPLSRF     183D   2416
     508    3297       1       1       0       0       0       001010000D   2417
     508       0       0       2       1                EDGELOOP     202D   2418
     510    3299       1       1       0       0       0       000010000D   2419
     510       0       0       1       1                    FACE     189D   2420
     128    3300       1       1       0       0       0       001010000D   2421
     128       0       0       7       0                  SPLSRF     184D   2422
     508    3307       1       1       0       0       0       001010000D   2423
     508       0       0       2       1                EDGELOOP     203D   2424
     510    3309       1       1       0       0       0       000010000D   2425
     510       0       0       1       1                    FACE     190D   2426
     128    3310       1       1       0       0       0       001010000D   2427
     128       0       0       8       0                  SPLSRF     185D   2428
     508    3318       1       1       0       0       0       001010000D   2429
     508       0       0       2       1                EDGELOOP     204D   2430
     510    3320       1       1       0       0       0       000010000D   2431
     510       0       0       1       1                    FACE     191D   2432
     128    3321       1       1       0       0       0       001010000D   2433
     128       0       0       9       0                  SPLSRF     186D   2434
     508    3330       1       1       0       0       0       001010000D   2435
     508       0       0       2       1                EDGELOOP     205D   2436
     510    3332       1       1       0       0       0       000010000D   2437
     510       0       0       1       1                    FACE     192D   2438
     128    3333       1       1       0       0       0       001010000D   2439
     128       0       0       9       0                  SPLSRF     187D   2440
     508    3342       1       1       0       0       0       001010000D   2441
     508       0       0       2       1                EDGELOOP     206D   2442
     510    3344       1       1       0       0       0       000010000D   2443
     510       0       0       1       1                    FACE     193D   2444
     128    3345       1       1       0       0       0       001010000D   2445
     128       0       0       8       0                  SPLSRF     188D   2446
     508    3353       1       1       0       0       0       001010000D   2447
     508       0       0       2       1                EDGELOOP     207D   2448
     510    3355       1       1       0       0       0       000010000D   2449
     510       0       0       1       1                    FACE     194D   2450
     128    3356       1       1       0       0       0       001010000D   2451
     128       0       0       9       0                  SPLSRF     189D   2452
     508    3365       1       1       0       0       0       001010000D   2453
     508       0       0       2       1                EDGELOOP     208D   2454
     510    3367       1       1       0       0       0       000010000D   2455
     510       0       0       1       1                    FACE     195D   2456
     128    3368       1       1       0       0       0       001010000D   2457
     128       0       0       9       0                  SPLSRF     190D   2458
     508    3377       1       1       0       0       0       001010000D   2459
     508       0       0       2       1                EDGELOOP     209D   2460
     510    3379       1       1       0       0       0       000010000D   2461
     510       0       0       1       1                    FACE     196D   2462
     128    3380       1       1       0       0       0       001010000D   2463
     128       0       0       8       0                  SPLSRF     191D   2464
     508    3388       1       1       0       0       0       001010000D   2465
     508       0       0       2       1                EDGELOOP     210D   2466
     510    3390       1       1       0       0       0       000010000D   2467
     510       0       0       1       1                    FACE     197D   2468
     110    3391       1       1       0       0       0       001010000D   2469
     110       0       0       2       0                    LINE     566D   2470
     110    3393       1       1       0       0       0       001010000D   2471
     110       0       0       2       0                    LINE     567D   2472
     120    3395       1       1       0       0       0       001010000D   2473
     120       0       0       1       0                    SREV       7D   2474
     508    3396       1       1       0       0       0       001010000D   2475
     508       0       0       2       1                EDGELOOP     211D   2476
     510    3398       1       1       0       0       0       000010000D   2477
     510       0       0       1       1                    FACE     198D   2478
     128    3399       1       1       0       0       0       001010000D   2479
     128       0       0       6       0                  SPLSRF     192D   2480
     508    3405       1       1       0       0       0       001010000D   2481
     508       0       0       2       1                EDGELOOP     212D   2482
     510    3407       1       1       0       0       0       000010000D   2483
     510       0       0       1       1                    FACE     199D   2484
     128    3408       1       1       0       0       0       001010000D   2485
     128       0       0       9       0                  SPLSRF     193D   2486
     508    3417       1       1       0       0       0       001010000D   2487
     508       0       0       2       1                EDGELOOP     213D   2488
     510    3419       1       1       0       0       0       000010000D   2489
     510       0       0       1       1                    FACE     200D   2490
     128    3420       1       1       0       0       0       001010000D   2491
     128       0       0       9       0                  SPLSRF     194D   2492
     508    3429       1       1       0       0       0       001010000D   2493
     508       0       0       2       1                EDGELOOP     214D   2494
     510    3431       1       1       0       0       0       000010000D   2495
     510       0       0       1       1                    FACE     201D   2496
     128    3432       1       1       0       0       0       001010000D   2497
     128       0       0       8       0                  SPLSRF     195D   2498
     508    3440       1       1       0       0       0       001010000D   2499
     508       0       0       2       1                EDGELOOP     215D   2500
     510    3442       1       1       0       0       0       000010000D   2501
     510       0       0       1       1                    FACE     202D   2502
     128    3443       1       1       0       0       0       001010000D   2503
     128       0       0       9       0                  SPLSRF     196D   2504
     508    3452       1       1       0       0       0       001010000D   2505
     508       0       0       2       1                EDGELOOP     216D   2506
     510    3454       1       1       0       0       0       000010000D   2507
     510       0       0       1       1                    FACE     203D   2508
     128    3455       1       1       0       0       0       001010000D   2509
     128       0       0       9       0                  SPLSRF     197D   2510
     508    3464       1       1       0       0       0       001010000D   2511
     508       0       0       2       1                EDGELOOP     217D   2512
     510    3466       1       1       0       0       0       000010000D   2513
     510       0       0       1       1                    FACE     204D   2514
     128    3467       1       1       0       0       0       001010000D   2515
     128       0       0       9       0                  SPLSRF     198D   2516
     508    3476       1       1       0       0       0       001010000D   2517
     508       0       0       2       1                EDGELOOP     218D   2518
     510    3478       1       1       0       0       0       000010000D   2519
     510       0       0       1       1                    FACE     205D   2520
     110    3479       1       1       0       0       0       001010000D   2521
     110       0       0       2       0                    LINE     568D   2522
     110    3481       1       1       0       0       0       001010000D   2523
     110       0       0       2       0                    LINE     569D   2524
     120    3483       1       1       0       0       0       001010000D   2525
     120       0       0       1       0                    SREV       8D   2526
     508    3484       1       1       0       0       0       001010000D   2527
     508       0       0       2       1                EDGELOOP     219D   2528
     510    3486       1       1       0       0       0       000010000D   2529
     510       0       0       1       1                    FACE     206D   2530
     128    3487       1       1       0       0       0       001010000D   2531
     128       0       0       9       0                  SPLSRF     199D   2532
     508    3496       1       1       0       0       0       001010000D   2533
     508       0       0       2       1                EDGELOOP     220D   2534
     510    3498       1       1       0       0       0       000010000D   2535
     510       0       0       1       1                    FACE     207D   2536
     128    3499       1       1       0       0       0       001010000D   2537
     128       0       0       9       0                  SPLSRF     200D   2538
     508    3508       1       1       0       0       0       001010000D   2539
     508       0       0       2       1                EDGELOOP     221D   2540
     510    3510       1       1       0       0       0       000010000D   2541
     510       0       0       1       1                    FACE     208D   2542
     110    3511       1       1       0       0       0       001010000D   2543
     110       0       0       2       0                    LINE     570D   2544
     110    3513       1       1       0       0       0       001010000D   2545
     110       0       0       2       0                    LINE     571D   2546
     120    3515       1       1       0       0       0       001010000D   2547
     120       0       0       1       0                    SREV       9D   2548
     508    3516       1       1       0       0       0       001010000D   2549
     508       0       0       2       1                EDGELOOP     222D   2550
     510    3518       1       1       0       0       0       000010000D   2551
     510       0       0       1       1                    FACE     209D   2552
     128    3519       1       1       0       0       0       001010000D   2553
     128       0       0       9       0                  SPLSRF     201D   2554
     508    3528       1       1       0       0       0       001010000D   2555
     508       0       0       2       1                EDGELOOP     223D   2556
     510    3530       1       1       0       0       0       000010000D   2557
     510       0       0       1       1                    FACE     210D   2558
     128    3531       1       1       0       0       0       001010000D   2559
     128       0       0       9       0                  SPLSRF     202D   2560
     508    3540       1       1       0       0       0       001010000D   2561
     508       0       0       2       1                EDGELOOP     224D   2562
     510    3542       1       1       0       0       0       000010000D   2563
     510       0       0       1       1                    FACE     211D   2564
     128    3543       1       1       0       0       0       001010000D   2565
     128       0       0       8       0                  SPLSRF     203D   2566
     508    3551       1       1       0       0       0       001010000D   2567
     508       0       0       2       1                EDGELOOP     225D   2568
     510    3553       1       1       0       0       0       000010000D   2569
     510       0       0       1       1                    FACE     212D   2570
     128    3554       1       1       0       0       0       001010000D   2571
     128       0       0       9       0                  SPLSRF     204D   2572
     508    3563       1       1       0       0       0       001010000D   2573
     508       0       0       2       1                EDGELOOP     226D   2574
     510    3565       1       1       0       0       0       000010000D   2575
     510       0       0       1       1                    FACE     213D   2576
     128    3566       1       1       0       0       0       001010000D   2577
     128       0       0       8       0                  SPLSRF     205D   2578
     508    3574       1       1       0       0       0       001010000D   2579
     508       0       0       2       1                EDGELOOP     227D   2580
     510    3576       1       1       0       0       0       000010000D   2581
     510       0       0       1       1                    FACE     214D   2582
     110    3577       1       1       0       0       0       001010000D   2583
     110       0       0       2       0                    LINE     572D   2584
     110    3579       1       1       0       0       0       001010000D   2585
     110       0       0       2       0                    LINE     573D   2586
     120    3581       1       1       0       0       0       001010000D   2587
     120       0       0       1       0                    SREV      10D   2588
     508    3582       1       1       0       0       0       001010000D   2589
     508       0       0       2       1                EDGELOOP     228D   2590
     510    3584       1       1       0       0       0       000010000D   2591
     510       0       0       1       1                    FACE     215D   2592
     128    3585       1       1       0       0       0       001010000D   2593
     128       0       0       9       0                  SPLSRF     206D   2594
     508    3594       1       1       0       0       0       001010000D   2595
     508       0       0       2       1                EDGELOOP     229D   2596
     510    3596       1       1       0       0       0       000010000D   2597
     510       0       0       1       1                    FACE     216D   2598
     128    3597       1       1       0       0       0       001010000D   2599
     128       0       0       9       0                  SPLSRF     207D   2600
     508    3606       1       1       0       0       0       001010000D   2601
     508       0       0       2       1                EDGELOOP     230D   2602
     510    3608       1       1       0       0       0       000010000D   2603
     510       0       0       1       1                    FACE     217D   2604
     128    3609       1       1       0       0       0       001010000D   2605
     128       0       0       6       0                  SPLSRF     208D   2606
     508    3615       1       1       0       0       0       001010000D   2607
     508       0       0       2       1                EDGELOOP     231D   2608
     510    3617       1       1       0       0       0       000010000D   2609
     510       0       0       1       1                    FACE     218D   2610
     128    3618       1       1       0       0       0       001010000D   2611
     128       0       0       9       0                  SPLSRF     209D   2612
     508    3627       1       1       0       0       0       001010000D   2613
     508       0       0       2       1                EDGELOOP     232D   2614
     510    3629       1       1       0       0       0       000010000D   2615
     510       0       0       1       1                    FACE     219D   2616
     128    3630       1       1       0       0       0       001010000D   2617
     128       0       0       8       0                  SPLSRF     210D   2618
     508    3638       1       1       0       0       0       001010000D   2619
     508       0       0       2       1                EDGELOOP     233D   2620
     510    3640       1       1       0       0       0       000010000D   2621
     510       0       0       1       1                    FACE     220D   2622
     128    3641       1       1       0       0       0       001010000D   2623
     128       0       0       9       0                  SPLSRF     211D   2624
     508    3650       1       1       0       0       0       001010000D   2625
     508       0       0       2       1                EDGELOOP     234D   2626
     510    3652       1       1       0       0       0       000010000D   2627
     510       0       0       1       1                    FACE     221D   2628
     128    3653       1       1       0       0       0       001010000D   2629
     128       0       0       9       0                  SPLSRF     212D   2630
     508    3662       1       1       0       0       0       001010000D   2631
     508       0       0       2       1                EDGELOOP     235D   2632
     510    3664       1       1       0       0       0       000010000D   2633
     510       0       0       1       1                    FACE     222D   2634
     110    3665       1       1       0       0       0       001010000D   2635
     110       0       0       2       0                    LINE     574D   2636
     110    3667       1       1       0       0       0       001010000D   2637
     110       0       0       2       0                    LINE     575D   2638
     120    3669       1       1       0       0       0       001010000D   2639
     120       0       0       1       0                    SREV      11D   2640
     508    3670       1       1       0       0       0       001010000D   2641
     508       0       0       1       1                EDGELOOP     236D   2642
     510    3671       1       1       0       0       0       000010000D   2643
     510       0       0       1       1                    FACE     223D   2644
     128    3672       1       1       0       0       0       001010000D   2645
     128       0       0       9       0                  SPLSRF     213D   2646
     508    3681       1       1       0       0       0       001010000D   2647
     508       0       0       2       1                EDGELOOP     237D   2648
     510    3683       1       1       0       0       0       000010000D   2649
     510       0       0       1       1                    FACE     224D   2650
     128    3684       1       1       0       0       0       001010000D   2651
     128       0       0       9       0                  SPLSRF     214D   2652
     508    3693       1       1       0       0       0       001010000D   2653
     508       0       0       2       1                EDGELOOP     238D   2654
     510    3695       1       1       0       0       0       000010000D   2655
     510       0       0       1       1                    FACE     225D   2656
     128    3696       1       1       0       0       0       001010000D   2657
     128       0       0       9       0                  SPLSRF     215D   2658
     508    3705       1       1       0       0       0       001010000D   2659
     508       0       0       2       1                EDGELOOP     239D   2660
     510    3707       1       1       0       0       0       000010000D   2661
     510       0       0       1       1                    FACE     226D   2662
     110    3708       1       1       0       0       0       001010000D   2663
     110       0       0       2       0                    LINE     576D   2664
     110    3710       1       1       0       0       0       001010000D   2665
     110       0       0       2       0                    LINE     577D   2666
     120    3712       1       1       0       0       0       001010000D   2667
     120       0       0       1       0                    SREV      12D   2668
     508    3713       1       1       0       0       0       001010000D   2669
     508       0       0       1       1                EDGELOOP     240D   2670
     510    3714       1       1       0       0       0       000010000D   2671
     510       0       0       1       1                    FACE     227D   2672
     128    3715       1       1       0       0       0       001010000D   2673
     128       0       0       9       0                  SPLSRF     216D   2674
     508    3724       1       1       0       0       0       001010000D   2675
     508       0       0       1       1                EDGELOOP     241D   2676
     510    3725       1       1       0       0       0       000010000D   2677
     510       0       0       1       1                    FACE     228D   2678
     128    3726       1       1       0       0       0       001010000D   2679
     128       0       0       6       0                  SPLSRF     217D   2680
     508    3732       1       1       0       0       0       001010000D   2681
     508       0       0       2       1                EDGELOOP     242D   2682
     510    3734       1       1       0       0       0       000010000D   2683
     510       0       0       1       1                    FACE     229D   2684
     128    3735       1       1       0       0       0       001010000D   2685
     128       0       0       9       0                  SPLSRF     218D   2686
     508    3744       1       1       0       0       0       001010000D   2687
     508       0       0       2       1                EDGELOOP     243D   2688
     510    3746       1       1       0       0       0       000010000D   2689
     510       0       0       1       1                    FACE     230D   2690
     110    3747       1       1       0       0       0       001010000D   2691
     110       0       0       1       0                    LINE     578D   2692
     110    3748       1       1       0       0       0       001010000D   2693
     110       0       0       2       0                    LINE     579D   2694
     120    3750       1       1       0       0       0       001010000D   2695
     120       0       0       1       0                    SREV      13D   2696
     508    3751       1       1       0       0       0       001010000D   2697
     508       0       0       2       1                EDGELOOP     244D   2698
     510    3753       1       1       0       0       0       000010000D   2699
     510       0       0       1       1                    FACE     231D   2700
     128    3754       1       1       0       0       0       001010000D   2701
     128       0       0       9       0                  SPLSRF     219D   2702
     508    3763       1       1       0       0       0       001010000D   2703
     508       0       0       2       1                EDGELOOP     245D   2704
     510    3765       1       1       0       0       0       000010000D   2705
     510       0       0       1       1                    FACE     232D   2706
     128    3766       1       1       0       0       0       001010000D   2707
     128       0       0       5       0                  SPLSRF     220D   2708
     508    3771       1       1       0       0       0       001010000D   2709
     508       0       0       1       1                EDGELOOP     246D   2710
     510    3772       1       1       0       0       0       000010000D   2711
     510       0       0       1       1                    FACE     233D   2712
     128    3773       1       1       0       0       0       001010000D   2713
     128       0       0       5       0                  SPLSRF     221D   2714
     508    3778       1       1       0       0       0       001010000D   2715
     508       0       0       1       1                EDGELOOP     247D   2716
     510    3779       1       1       0       0       0       000010000D   2717
     510       0       0       1       1                    FACE     234D   2718
     514    3780       1       1       0       0       0       000010000D   2719
     514       0       0      27       1                   SHELL       1D   2720
     186    3807       1       1       0       0       0       000000000D   2721
     186       0       0       1       0                    MSBR       1D   2722
     124    3808       1       1       0       0       0       001000000D   2723
     124       0       0       2       0                   XFORM      27D   2724
     100    3810       1       1       0       0    2723       000010001D   2725
     100       0      -1       1       0                     ARC      27D   2726
     124    3811       1       1       0       0       0       001000000D   2727
     124       0       0       2       0                   XFORM      28D   2728
     100    3813       1       1       0       0    2727       000010001D   2729
     100       0      -1       1       0                     ARC      28D   2730
     102    3814       1       1       0       0       0       000000001D   2731
     102       0       0       1       0                  CCURVE       1D   2732
     124    3815       1       1       0       0       0       001000000D   2733
     124       0       0       2       0                   XFORM      29D   2734
     100    3817       1       1       0       0    2733       000010001D   2735
     100       0      -1       1       0                     ARC      29D   2736
     124    3818       1       1       0       0       0       001000000D   2737
     124       0       0       2       0                   XFORM      30D   2738
     100    3820       1       1       0       0    2737       000010001D   2739
     100       0      -1       1       0                     ARC      30D   2740
     102    3821       1       1       0       0       0       000000001D   2741
     102       0       0       1       0                  CCURVE       2D   2742
     124    3822       1       1       0       0       0       001000000D   2743
     124       0       0       2       0                   XFORM      31D   2744
     100    3824       1       1       0       0    2743       000010001D   2745
     100       0      -1       1       0                     ARC      31D   2746
     124    3825       1       1       0       0       0       001000000D   2747
     124       0       0       2       0                   XFORM      32D   2748
     100    3827       1       1       0       0    2747       000010001D   2749
     100       0      -1       1       0                     ARC      32D   2750
     102    3828       1       1       0       0       0       000000001D   2751
     102       0       0       1       0                  CCURVE       3D   2752
     124    3829       1       1       0       0       0       001000000D   2753
     124       0       0       2       0                   XFORM      33D   2754
     100    3831       1       1       0       0    2753       000010001D   2755
     100       0      -1       1       0                     ARC      33D   2756
     124    3832       1       1       0       0       0       001000000D   2757
     124       0       0       2       0                   XFORM      34D   2758
     100    3834       1       1       0       0    2757       000010001D   2759
     100       0      -1       1       0                     ARC      34D   2760
     102    3835       1       1       0       0       0       000000001D   2761
     102       0       0       1       0                  CCURVE       4D   2762
     124    3836       1       1       0       0       0       001000000D   2763
     124       0       0       2       0                   XFORM      35D   2764
     100    3838       1       1       0       0    2763       000010001D   2765
     100       0      -1       1       0                     ARC      35D   2766
     124    3839       1       1       0       0       0       001000000D   2767
     124       0       0       2       0                   XFORM      36D   2768
     100    3841       1       1       0       0    2767       000010001D   2769
     100       0      -1       1       0                     ARC      36D   2770
     102    3842       1       1       0       0       0       000000001D   2771
     102       0       0       1       0                  CCURVE       5D   2772
     124    3843       1       1       0       0       0       001000000D   2773
     124       0       0       2       0                   XFORM      37D   2774
     100    3845       1       1       0       0    2773       000010001D   2775
     100       0      -1       1       0                     ARC      37D   2776
     124    3846       1       1       0       0       0       001000000D   2777
     124       0       0       2       0                   XFORM      38D   2778
     100    3848       1       1       0       0    2777       000010001D   2779
     100       0      -1       1       0                     ARC      38D   2780
     102    3849       1       1       0       0       0       000000001D   2781
     102       0       0       1       0                  CCURVE       6D   2782
     124    3850       1       1       0       0       0       001000000D   2783
     124       0       0       2       0                   XFORM      39D   2784
     100    3852       1       1       0       0    2783       000010001D   2785
     100       0      -1       1       0                     ARC      39D   2786
     124    3853       1       1       0       0       0       001000000D   2787
     124       0       0       2       0                   XFORM      40D   2788
     100    3855       1       1       0       0    2787       000010001D   2789
     100       0      -1       1       0                     ARC      40D   2790
     102    3856       1       1       0       0       0       000000001D   2791
     102       0       0       1       0                  CCURVE       7D   2792
     124    3857       1       1       0       0       0       001000000D   2793
     124       0       0       2       0                   XFORM      41D   2794
     100    3859       1       1       0       0    2793       000010001D   2795
     100       0      -1       1       0                     ARC      41D   2796
     124    3860       1       1       0       0       0       001000000D   2797
     124       0       0       2       0                   XFORM      42D   2798
     100    3862       1       1       0       0    2797       000010001D   2799
     100       0      -1       1       0                     ARC      42D   2800
     102    3863       1       1       0       0       0       000000001D   2801
     102       0       0       1       0                  CCURVE       8D   2802
314,0D0,6D1,8D1;                                                       1P      1
314,1.1D0,1.2D0,1D2;                                                   3P      2
314,3.92D1,1.2D0,1.2D0;                                                5P      3
314,4.1D1,0D0,2.2D1;                                                   7P      4
314,6D1,4D1,2D1;                                                       9P      5
314,6.952D1,7.426D1,7.9D1;                                            11P      6
314,7.84314D1,7.84314D1,7.84314D1;                                    13P      7
314,8.784D1,9.49D1,1D2;                                               15P      8
314,9.6D1,9.6D1,9.6D1;                                                17P      9
314,9.8D1,6.27D1,0D0;                                                 19P     10
314,1D2,1D2,9.49D1;                                                   21P     11
110,8D0,0D0,3.555D0,2.055D0,0D0,3.555D0;                              23P     12
110,8D0,0D0,-3.555D0,8D0,0D0,3.555D0;                                 25P     13
110,-8D0,0D0,-3.555D0,8D0,0D0,-3.555D0;                               27P     14
110,-8D0,0D0,3.555D0,-8D0,0D0,-3.555D0;                               29P     15
110,-2.055D0,0D0,3.555D0,-8D0,0D0,3.555D0;                            31P     16
110,-2.055D0,0D0,4.445D0,-2.055D0,0D0,3.555D0;                        33P     17
110,-8.89D0,0D0,4.445D0,-2.055D0,0D0,4.445D0;                         35P     18
110,-8.89D0,0D0,-4.445D0,-8.89D0,0D0,4.445D0;                         37P     19
110,8.89D0,0D0,-4.445D0,-8.89D0,0D0,-4.445D0;                         39P     20
110,8.89D0,0D0,4.445D0,8.89D0,0D0,-4.445D0;                           41P     21
110,2.055D0,0D0,4.445D0,8.89D0,0D0,4.445D0;                           43P     22
110,2.055D0,0D0,4.445D0,2.055D0,0D0,3.555D0;                          45P     23
110,7.62D0,-7.6D-1,3.175D0,2.055D0,-7.6D-1,3.175D0;                   47P     24
110,2.055D0,-6.35D0,3.175D0,2.055D0,-7.6D-1,3.175D0;                  49P     25
110,-2.055D0,-7.6D-1,3.175D0,-7.62D0,-7.6D-1,3.175D0;                 51P     26
110,-7.62D0,-7.6D-1,3.175D0,-7.62D0,-6.35D0,3.175D0;                  53P     27
110,-2.055D0,-6.35D0,3.175D0,-2.055D0,-7.6D-1,3.175D0;                55P     28
110,2.055D0,0D0,3.555D0,2.055D0,-7.6D-1,3.175D0;                      57P     29
110,2.055D0,-7.11D0,4.445D0,2.055D0,0D0,4.445D0;                      59P     30
110,2.055D0,-7.11D0,4.445D0,8.89D0,-7.11D0,4.445D0;                   61P     31
110,-3.29D0,-7.11D0,4.445D0,-3.540706037508D0,-3.781224476965D0,      63P     32
4.445D0;                                                              63P     33
124,9.971758499664D-1,-7.510209213994D-2,0D0,-3.79D0,                 65P     34
7.510209213994D-2,9.971758499664D-1,0D0,-3.8D0,0D0,0D0,1D0,           65P     35
4.445D0;                                                              65P     36
100,0D0,0D0,0D0,2.5D-1,0D0,-2.471798378781D-1,3.744499628195D-2;      67P     37
110,-4.039293962492D0,-3.781224476965D0,4.445D0,-4.29D0,-7.11D0,      69P     38
4.445D0;                                                              69P     39
110,-8.89D0,-7.11D0,4.445D0,-4.29D0,-7.11D0,4.445D0;                  71P     40
110,-8.89D0,0D0,4.445D0,-8.89D0,-7.11D0,4.445D0;                      73P     41
110,-2.055D0,-7.11D0,4.445D0,-2.055D0,0D0,4.445D0;                    75P     42
110,-3.29D0,-7.11D0,4.445D0,-2.055D0,-7.11D0,4.445D0;                 77P     43
110,8.89D0,-7.11D0,4.445D0,8.89D0,-7.11D0,-4.445D0;                   79P     44
110,8.89D0,0D0,4.445D0,8.89D0,-7.11D0,4.445D0;                        81P     45
110,-4.695D0,-7.11D0,3.935D0,-7.365D0,-7.11D0,3.935D0;                83P     46
110,-7.365D0,-7.11D0,3.935D0,-7.365D0,-7.11D0,-2.92D0;                85P     47
110,-7.365D0,-7.11D0,-2.92D0,7.365D0,-7.11D0,-2.92D0;                 87P     48
110,7.365D0,-7.11D0,-2.92D0,7.365D0,-7.11D0,3.935D0;                  89P     49
110,7.365D0,-7.11D0,3.935D0,4.695D0,-7.11D0,3.935D0;                  91P     50
110,4.695D0,-7.11D0,3.935D0,4.695D0,-7.11D0,2.92D0;                   93P     51
110,4.695D0,-7.11D0,2.92D0,-4.695D0,-7.11D0,2.92D0;                   95P     52
110,-4.695D0,-7.11D0,2.92D0,-4.695D0,-7.11D0,3.935D0;                 97P     53
110,-4.29D0,-7.11D0,4.395D0,-3.29D0,-7.11D0,4.395D0;                  99P     54
110,-3.29D0,-7.11D0,4.445D0,-3.29D0,-7.11D0,4.395D0;                 101P     55
110,-2.055D0,-7.11D0,4.445D0,-2.055D0,-7.11D0,3.175D0;               103P     56
110,2.055D0,-7.11D0,3.175D0,-2.055D0,-7.11D0,3.175D0;                105P     57
110,2.055D0,-7.11D0,4.445D0,2.055D0,-7.11D0,3.175D0;                 107P     58
110,-4.29D0,-7.11D0,4.445D0,-4.29D0,-7.11D0,4.395D0;                 109P     59
110,-7.365D0,-9.27D0,3.935D0,-7.365D0,-7.11D0,3.935D0;               111P     60
110,-5.495D0,-9.27D0,-2.92D0,-5.495D0,-9.27D0,2.92D0;                113P     61
110,-7.365D0,-9.27D0,2.92D0,-5.495D0,-9.27D0,2.92D0;                 115P     62
110,-7.365D0,-9.27D0,2.92D0,-7.365D0,-9.27D0,3.935D0;                117P     63
110,-7.365D0,-9.27D0,3.935D0,-4.695D0,-9.27D0,3.935D0;               119P     64
110,-4.695D0,-9.27D0,-2.92D0,-5.495D0,-9.27D0,-2.92D0;               121P     65
110,4.695D0,-9.27D0,3.935D0,7.365D0,-9.27D0,3.935D0;                 123P     66
110,7.365D0,-9.27D0,3.935D0,7.365D0,-9.27D0,2.92D0;                  125P     67
110,7.365D0,-9.27D0,2.92D0,5.495D0,-9.27D0,2.92D0;                   127P     68
110,5.495D0,-9.27D0,-2.92D0,5.495D0,-9.27D0,2.92D0;                  129P     69
110,5.495D0,-9.27D0,-2.92D0,4.695D0,-9.27D0,-2.92D0;                 131P     70
110,2.16D0,-8.89D0,-2.92D0,1.59D0,-8.89D0,-2.92D0;                   133P     71
110,2.16D0,-8.89D0,-2.92D0,2.16D0,-9.27D0,-2.92D0;                   135P     72
110,2.16D0,-9.27D0,-2.92D0,2.92D0,-9.27D0,-2.92D0;                   137P     73
110,2.92D0,-9.27D0,-2.92D0,2.92D0,-8.89D0,-2.92D0;                   139P     74
110,3.49D0,-8.89D0,-2.92D0,2.92D0,-8.89D0,-2.92D0;                   141P     75
110,3.49D0,-8.89D0,-2.92D0,4.13D0,-8.89D0,-2.92D0;                   143P     76
110,4.695D0,-8.89D0,-2.92D0,4.13D0,-8.89D0,-2.92D0;                  145P     77
110,4.695D0,-9.27D0,-2.92D0,4.695D0,-8.89D0,-2.92D0;                 147P     78
110,5.495D0,-9.27D0,-2.92D0,5.495D0,-8.89D0,-2.92D0;                 149P     79
110,7.365D0,-8.89D0,-2.92D0,5.495D0,-8.89D0,-2.92D0;                 151P     80
110,7.365D0,-8.89D0,-2.92D0,7.365D0,-7.11D0,-2.92D0;                 153P     81
110,-5.495D0,-8.89D0,-2.92D0,-7.365D0,-8.89D0,-2.92D0;               155P     82
110,-5.495D0,-9.27D0,-2.92D0,-5.495D0,-8.89D0,-2.92D0;               157P     83
110,-4.695D0,-9.27D0,-2.92D0,-4.695D0,-8.89D0,-2.92D0;               159P     84
110,-4.13D0,-8.89D0,-2.92D0,-4.695D0,-8.89D0,-2.92D0;                161P     85
110,-4.13D0,-8.89D0,-2.92D0,-3.49D0,-8.89D0,-2.92D0;                 163P     86
110,-2.92D0,-8.89D0,-2.92D0,-3.49D0,-8.89D0,-2.92D0;                 165P     87
110,-2.92D0,-8.89D0,-2.92D0,-2.92D0,-9.27D0,-2.92D0;                 167P     88
110,-2.16D0,-9.27D0,-2.92D0,-2.92D0,-9.27D0,-2.92D0;                 169P     89
110,-2.16D0,-9.27D0,-2.92D0,-2.16D0,-8.89D0,-2.92D0;                 171P     90
110,-1.59D0,-8.89D0,-2.92D0,-2.16D0,-8.89D0,-2.92D0;                 173P     91
110,-1.59D0,-8.89D0,-2.92D0,-9.5D-1,-8.89D0,-2.92D0;                 175P     92
110,-3.8D-1,-8.89D0,-2.92D0,-9.5D-1,-8.89D0,-2.92D0;                 177P     93
110,-3.8D-1,-8.89D0,-2.92D0,-3.8D-1,-9.27D0,-2.92D0;                 179P     94
110,-3.8D-1,-9.27D0,-2.92D0,3.8D-1,-9.27D0,-2.92D0;                  181P     95
110,3.8D-1,-9.27D0,-2.92D0,3.8D-1,-8.89D0,-2.92D0;                   183P     96
110,9.5D-1,-8.89D0,-2.92D0,3.8D-1,-8.89D0,-2.92D0;                   185P     97
110,9.5D-1,-8.89D0,-2.92D0,1.59D0,-8.89D0,-2.92D0;                   187P     98
110,5.495D0,-8.89D0,2.92D0,5.495D0,-8.89D0,-2.92D0;                  189P     99
110,7.365D0,-8.89D0,2.92D0,5.495D0,-8.89D0,2.92D0;                   191P    100
110,-5.495D0,-8.89D0,2.92D0,-7.365D0,-8.89D0,2.92D0;                 193P    101
110,-5.495D0,-8.89D0,-2.92D0,-5.495D0,-8.89D0,2.92D0;                195P    102
110,-4.13D0,-8.89D0,1.593711915483D0,-3.49D0,-8.89D0,                197P    103
1.593711915483D0;                                                    197P    104
110,-4.13D0,-8.89D0,9.562880845167D-1,-4.13D0,-8.89D0,               199P    105
1.593711915483D0;                                                    199P    106
110,-4.13D0,-8.89D0,9.562880845167D-1,-3.49D0,-8.89D0,               201P    107
9.562880845167D-1;                                                   201P    108
110,-3.49D0,-8.89D0,9.562880845167D-1,-3.49D0,-8.89D0,               203P    109
1.593711915483D0;                                                    203P    110
110,-1.59D0,-8.89D0,1.593711915483D0,-9.5D-1,-8.89D0,                205P    111
1.593711915483D0;                                                    205P    112
110,-1.59D0,-8.89D0,9.562880845167D-1,-1.59D0,-8.89D0,               207P    113
1.593711915483D0;                                                    207P    114
110,-1.59D0,-8.89D0,9.562880845167D-1,-9.5D-1,-8.89D0,               209P    115
9.562880845167D-1;                                                   209P    116
110,-9.5D-1,-8.89D0,9.562880845167D-1,-9.5D-1,-8.89D0,               211P    117
1.593711915483D0;                                                    211P    118
110,9.5D-1,-8.89D0,1.593711915483D0,1.59D0,-8.89D0,                  213P    119
1.593711915483D0;                                                    213P    120
110,9.5D-1,-8.89D0,9.562880845167D-1,9.5D-1,-8.89D0,                 215P    121
1.593711915483D0;                                                    215P    122
110,9.5D-1,-8.89D0,9.562880845167D-1,1.59D0,-8.89D0,                 217P    123
9.562880845167D-1;                                                   217P    124
110,1.59D0,-8.89D0,9.562880845167D-1,1.59D0,-8.89D0,                 219P    125
1.593711915483D0;                                                    219P    126
110,3.49D0,-8.89D0,1.593711915483D0,4.13D0,-8.89D0,                  221P    127
1.593711915483D0;                                                    221P    128
110,3.49D0,-8.89D0,9.562880845167D-1,3.49D0,-8.89D0,                 223P    129
1.593711915483D0;                                                    223P    130
110,3.49D0,-8.89D0,9.562880845167D-1,4.13D0,-8.89D0,                 225P    131
9.562880845167D-1;                                                   225P    132
110,4.13D0,-8.89D0,9.562880845167D-1,4.13D0,-8.89D0,                 227P    133
1.593711915483D0;                                                    227P    134
110,4.695D0,-8.89D0,3.9D-1,2.92D0,-8.89D0,3.9D-1;                    229P    135
110,2.92D0,-8.89D0,3.9D-1,2.92D0,-8.89D0,2.92D0;                     231P    136
110,4.695D0,-8.89D0,3.9D-1,4.695D0,-8.89D0,2.92D0;                   233P    137
110,2.16D0,-8.89D0,3.9D-1,3.8D-1,-8.89D0,3.9D-1;                     235P    138
110,3.8D-1,-8.89D0,3.9D-1,3.8D-1,-8.89D0,2.92D0;                     237P    139
110,2.16D0,-8.89D0,3.9D-1,2.16D0,-8.89D0,2.92D0;                     239P    140
110,-3.8D-1,-8.89D0,3.9D-1,-2.16D0,-8.89D0,3.9D-1;                   241P    141
110,-2.16D0,-8.89D0,3.9D-1,-2.16D0,-8.89D0,2.92D0;                   243P    142
110,-3.8D-1,-8.89D0,3.9D-1,-3.8D-1,-8.89D0,2.92D0;                   245P    143
110,-2.92D0,-8.89D0,3.9D-1,-4.695D0,-8.89D0,3.9D-1;                  247P    144
110,-4.695D0,-8.89D0,2.92D0,-4.695D0,-8.89D0,3.9D-1;                 249P    145
110,-2.92D0,-8.89D0,3.9D-1,-2.92D0,-8.89D0,2.92D0;                   251P    146
110,-4.695D0,-8.89D0,-3.9D-1,-2.92D0,-8.89D0,-3.9D-1;                253P    147
110,-2.92D0,-8.89D0,-2.92D0,-2.92D0,-8.89D0,-3.9D-1;                 255P    148
110,-3.49D0,-8.89D0,-2.92D0,-3.49D0,-8.89D0,-9.462880845167D-1;      257P    149
110,-4.13D0,-8.89D0,-9.462880845167D-1,-3.49D0,-8.89D0,              259P    150
-9.462880845167D-1;                                                  259P    151
110,-4.13D0,-8.89D0,-2.92D0,-4.13D0,-8.89D0,-9.462880845167D-1;      261P    152
110,-4.695D0,-8.89D0,-3.9D-1,-4.695D0,-8.89D0,-2.92D0;               263P    153
110,-2.16D0,-8.89D0,-3.9D-1,-3.8D-1,-8.89D0,-3.9D-1;                 265P    154
110,-3.8D-1,-8.89D0,-2.92D0,-3.8D-1,-8.89D0,-3.9D-1;                 267P    155
110,-9.5D-1,-8.89D0,-2.92D0,-9.5D-1,-8.89D0,-9.462880845167D-1;      269P    156
110,-1.59D0,-8.89D0,-9.462880845167D-1,-9.5D-1,-8.89D0,              271P    157
-9.462880845167D-1;                                                  271P    158
110,-1.59D0,-8.89D0,-2.92D0,-1.59D0,-8.89D0,-9.462880845167D-1;      273P    159
110,-2.16D0,-8.89D0,-2.92D0,-2.16D0,-8.89D0,-3.9D-1;                 275P    160
110,3.8D-1,-8.89D0,-3.9D-1,2.16D0,-8.89D0,-3.9D-1;                   277P    161
110,2.16D0,-8.89D0,-2.92D0,2.16D0,-8.89D0,-3.9D-1;                   279P    162
110,1.59D0,-8.89D0,-2.92D0,1.59D0,-8.89D0,-9.462880845167D-1;        281P    163
110,9.5D-1,-8.89D0,-9.462880845167D-1,1.59D0,-8.89D0,                283P    164
-9.462880845167D-1;                                                  283P    165
110,9.5D-1,-8.89D0,-2.92D0,9.5D-1,-8.89D0,-9.462880845167D-1;        285P    166
110,3.8D-1,-8.89D0,-2.92D0,3.8D-1,-8.89D0,-3.9D-1;                   287P    167
110,2.92D0,-8.89D0,-3.9D-1,4.695D0,-8.89D0,-3.9D-1;                  289P    168
110,4.695D0,-8.89D0,-2.92D0,4.695D0,-8.89D0,-3.9D-1;                 291P    169
110,4.13D0,-8.89D0,-2.92D0,4.13D0,-8.89D0,-9.462880845167D-1;        293P    170
110,3.49D0,-8.89D0,-9.462880845167D-1,4.13D0,-8.89D0,                295P    171
-9.462880845167D-1;                                                  295P    172
110,3.49D0,-8.89D0,-2.92D0,3.49D0,-8.89D0,-9.462880845167D-1;        297P    173
110,2.92D0,-8.89D0,-2.92D0,2.92D0,-8.89D0,-3.9D-1;                   299P    174
110,7.365D0,-8.89D0,-2.92D0,7.365D0,-8.89D0,2.92D0;                  301P    175
110,7.365D0,-9.27D0,2.92D0,7.365D0,-8.89D0,2.92D0;                   303P    176
110,7.365D0,-9.27D0,3.935D0,7.365D0,-7.11D0,3.935D0;                 305P    177
110,5.495D0,-9.27D0,2.92D0,5.495D0,-8.89D0,2.92D0;                   307P    178
110,4.695D0,-9.27D0,3.935D0,4.695D0,-7.11D0,3.935D0;                 309P    179
110,4.695D0,-8.89D0,-3.9D-1,4.695D0,-7.77D0,-3.9D-1;                 311P    180
110,4.695D0,-8.89D0,2.92D0,4.695D0,-7.11D0,2.92D0;                   313P    181
110,4.695D0,-9.27D0,3.935D0,4.695D0,-9.27D0,-2.92D0;                 315P    182
110,-4.695D0,-8.89D0,-3.9D-1,-4.695D0,-7.77D0,-3.9D-1;               317P    183
110,-4.695D0,-8.89D0,3.9D-1,-4.695D0,-7.77D0,3.9D-1;                 319P    184
110,-4.695D0,-9.27D0,-2.92D0,-4.695D0,-9.27D0,3.935D0;               321P    185
110,-4.695D0,-9.27D0,3.935D0,-4.695D0,-7.11D0,3.935D0;               323P    186
110,4.695D0,-8.89D0,3.9D-1,4.695D0,-7.77D0,3.9D-1;                   325P    187
110,4.695D0,-7.77D0,-3.9D-1,4.695D0,-7.77D0,3.9D-1;                  327P    188
110,-4.695D0,-7.77D0,-3.9D-1,4.695D0,-7.77D0,-3.9D-1;                329P    189
110,-4.695D0,-7.77D0,3.9D-1,-4.695D0,-7.77D0,-3.9D-1;                331P    190
110,4.695D0,-7.77D0,3.9D-1,-4.695D0,-7.77D0,3.9D-1;                  333P    191
110,-2.92D0,-8.89D0,3.9D-1,-2.92D0,-9.27D0,3.9D-1;                   335P    192
110,-2.92D0,-8.89D0,-3.9D-1,-2.92D0,-9.27D0,-3.9D-1;                 337P    193
110,2.92D0,-8.89D0,2.92D0,4.695D0,-8.89D0,2.92D0;                    339P    194
110,2.92D0,-9.27D0,2.92D0,2.92D0,-8.89D0,2.92D0;                     341P    195
110,2.16D0,-9.27D0,2.92D0,2.92D0,-9.27D0,2.92D0;                     343P    196
110,2.16D0,-8.89D0,2.92D0,2.16D0,-9.27D0,2.92D0;                     345P    197
110,3.8D-1,-8.89D0,2.92D0,2.16D0,-8.89D0,2.92D0;                     347P    198
110,3.8D-1,-9.27D0,2.92D0,3.8D-1,-8.89D0,2.92D0;                     349P    199
110,-3.8D-1,-9.27D0,2.92D0,3.8D-1,-9.27D0,2.92D0;                    351P    200
110,-3.8D-1,-8.89D0,2.92D0,-3.8D-1,-9.27D0,2.92D0;                   353P    201
110,-2.16D0,-8.89D0,2.92D0,-3.8D-1,-8.89D0,2.92D0;                   355P    202
110,-2.16D0,-9.27D0,2.92D0,-2.16D0,-8.89D0,2.92D0;                   357P    203
110,-2.92D0,-9.27D0,2.92D0,-2.16D0,-9.27D0,2.92D0;                   359P    204
110,-2.92D0,-8.89D0,2.92D0,-2.92D0,-9.27D0,2.92D0;                   361P    205
110,-4.695D0,-8.89D0,2.92D0,-2.92D0,-8.89D0,2.92D0;                  363P    206
110,-4.695D0,-8.89D0,2.92D0,-4.695D0,-7.11D0,2.92D0;                 365P    207
110,2.92D0,-9.27D0,3.9D-1,2.92D0,-8.89D0,3.9D-1;                     367P    208
110,2.92D0,-9.27D0,2.92D0,2.92D0,-9.27D0,3.9D-1;                     369P    209
110,2.92D0,-9.27D0,-3.9D-1,2.92D0,-8.89D0,-3.9D-1;                   371P    210
110,2.92D0,-9.27D0,-3.9D-1,2.92D0,-9.27D0,-2.92D0;                   373P    211
110,2.16D0,-9.27D0,3.9D-1,2.92D0,-9.27D0,3.9D-1;                     375P    212
110,2.16D0,-9.27D0,2.92D0,2.16D0,-9.27D0,3.9D-1;                     377P    213
110,2.16D0,-9.27D0,-3.9D-1,2.92D0,-9.27D0,-3.9D-1;                   379P    214
110,2.16D0,-9.27D0,-3.9D-1,2.16D0,-9.27D0,-2.92D0;                   381P    215
110,2.16D0,-8.89D0,3.9D-1,2.16D0,-9.27D0,3.9D-1;                     383P    216
110,2.16D0,-8.89D0,-3.9D-1,2.16D0,-9.27D0,-3.9D-1;                   385P    217
110,3.8D-1,-9.27D0,3.9D-1,3.8D-1,-8.89D0,3.9D-1;                     387P    218
110,3.8D-1,-9.27D0,2.92D0,3.8D-1,-9.27D0,3.9D-1;                     389P    219
110,3.8D-1,-9.27D0,-3.9D-1,3.8D-1,-8.89D0,-3.9D-1;                   391P    220
110,3.8D-1,-9.27D0,-3.9D-1,3.8D-1,-9.27D0,-2.92D0;                   393P    221
110,-3.8D-1,-9.27D0,3.9D-1,3.8D-1,-9.27D0,3.9D-1;                    395P    222
110,-3.8D-1,-9.27D0,2.92D0,-3.8D-1,-9.27D0,3.9D-1;                   397P    223
110,-3.8D-1,-9.27D0,-3.9D-1,3.8D-1,-9.27D0,-3.9D-1;                  399P    224
110,-3.8D-1,-9.27D0,-3.9D-1,-3.8D-1,-9.27D0,-2.92D0;                 401P    225
110,-3.8D-1,-8.89D0,3.9D-1,-3.8D-1,-9.27D0,3.9D-1;                   403P    226
110,-3.8D-1,-8.89D0,-3.9D-1,-3.8D-1,-9.27D0,-3.9D-1;                 405P    227
110,-2.16D0,-9.27D0,3.9D-1,-2.16D0,-8.89D0,3.9D-1;                   407P    228
110,-2.16D0,-9.27D0,3.9D-1,-2.16D0,-9.27D0,2.92D0;                   409P    229
110,-2.16D0,-9.27D0,-3.9D-1,-2.16D0,-8.89D0,-3.9D-1;                 411P    230
110,-2.16D0,-9.27D0,-2.92D0,-2.16D0,-9.27D0,-3.9D-1;                 413P    231
110,-2.92D0,-9.27D0,3.9D-1,-2.16D0,-9.27D0,3.9D-1;                   415P    232
110,-2.92D0,-9.27D0,3.9D-1,-2.92D0,-9.27D0,2.92D0;                   417P    233
110,-2.92D0,-9.27D0,-3.9D-1,-2.16D0,-9.27D0,-3.9D-1;                 419P    234
110,-2.92D0,-9.27D0,-2.92D0,-2.92D0,-9.27D0,-3.9D-1;                 421P    235
110,-7.365D0,-8.89D0,-2.92D0,-7.365D0,-8.89D0,2.92D0;                423P    236
110,-7.365D0,-8.89D0,-2.92D0,-7.365D0,-7.11D0,-2.92D0;               425P    237
110,-7.365D0,-9.27D0,2.92D0,-7.365D0,-8.89D0,2.92D0;                 427P    238
110,-5.495D0,-9.27D0,2.92D0,-5.495D0,-8.89D0,2.92D0;                 429P    239
110,-3.49D0,-9.8D-1,9.562880845167D-1,-3.49D0,-9.8D-1,               431P    240
1.593711915483D0;                                                    431P    241
110,-3.49D0,-6.35D0,9.562880845167D-1,-3.49D0,-9.8D-1,               433P    242
9.562880845167D-1;                                                   433P    243
110,-3.49D0,-9.8D-1,1.593711915483D0,-3.49D0,-6.35D0,                435P    244
1.593711915483D0;                                                    435P    245
110,-3.49D0,-9.8D-1,-1.583711915483D0,-3.49D0,-9.8D-1,               437P    246
-9.462880845167D-1;                                                  437P    247
110,-3.49D0,-6.35D0,-1.583711915483D0,-3.49D0,-9.8D-1,               439P    248
-1.583711915483D0;                                                   439P    249
110,-3.49D0,-9.8D-1,-9.462880845167D-1,-3.49D0,-6.35D0,              441P    250
-9.462880845167D-1;                                                  441P    251
110,-3.49D0,-9.53D0,-6.765D0,-3.49D0,-8.89D0,-6.765D0;               443P    252
110,-3.49D0,-9.53D0,-1.643711915483D0,-3.49D0,-9.53D0,-6.765D0;      445P    253
124,0D0,0D0,1D0,-3.49D0,-8.571428571429D-2,-9.963197585236D-1,       447P    254
0D0,-8.83D0,9.963197585236D-1,-8.571428571429D-2,0D0,                447P    255
-1.643711915483D0;                                                   447P    256
100,0D0,0D0,0D0,7D-1,0D0,6D-2,6.974238309665D-1;                     449P    257
110,-3.49D0,-8.89D0,-6.765D0,-3.49D0,-8.89D0,-2.92D0;                451P    258
110,-3.49D0,-1.206871191548D1,-6.765D0,-3.49D0,                      453P    259
-1.143128808452D1,-6.765D0;                                          453P    260
110,-3.49D0,-1.206871191548D1,8.937119154832D-1,-3.49D0,             455P    261
-1.206871191548D1,-6.765D0;                                          455P    262
124,0D0,0D0,1D0,-3.49D0,0D0,-1D0,0D0,-1.136871191548D1,1D0,0D0,      457P    263
0D0,8.937119154832D-1;                                               457P    264
100,0D0,0D0,0D0,7D-1,0D0,0D0,7D-1;                                   459P    265
110,-3.49D0,-8.89D0,1.593711915483D0,-3.49D0,-1.136871191548D1,      461P    266
1.593711915483D0;                                                    461P    267
110,-3.49D0,-1.136871191548D1,9.562880845167D-1,-3.49D0,-8.89D0,     463P    268
9.562880845167D-1;                                                   463P    269
124,0D0,0D0,-1D0,-3.49D0,-1D0,0D0,0D0,-1.136871191548D1,0D0,1D0,     465P    270
0D0,8.937119154832D-1;                                               465P    271
100,0D0,0D0,0D0,6.257616903349D-2,0D0,0D0,6.257616903349D-2;         467P    272
110,-3.49D0,-1.143128808452D1,-6.765D0,-3.49D0,                      469P    273
-1.143128808452D1,8.937119154832D-1;                                 469P    274
110,-3.72D0,-2.5D-1,1.363711915483D0,-3.49D0,-9.8D-1,                471P    275
1.593711915483D0;                                                    471P    276
110,-4.13D0,-9.8D-1,1.593711915483D0,-3.9D0,-2.5D-1,                 473P    277
1.363711915483D0;                                                    473P    278
110,-3.9D0,-2.5D-1,1.363711915483D0,-3.9D0,-2.5D-1,                  475P    279
1.186288084517D0;                                                    475P    280
110,-3.72D0,-2.5D-1,1.186288084517D0,-3.9D0,-2.5D-1,                 477P    281
1.186288084517D0;                                                    477P    282
110,-3.72D0,-2.5D-1,1.186288084517D0,-3.72D0,-2.5D-1,                479P    283
1.363711915483D0;                                                    479P    284
110,-3.72D0,-2.5D-1,1.363711915483D0,-3.9D0,-2.5D-1,                 481P    285
1.363711915483D0;                                                    481P    286
110,-4.13D0,-9.8D-1,1.593711915483D0,-4.13D0,-9.8D-1,                483P    287
9.562880845167D-1;                                                   483P    288
110,-4.13D0,-9.8D-1,1.593711915483D0,-4.13D0,-6.35D0,                485P    289
1.593711915483D0;                                                    485P    290
110,-4.13D0,-6.35D0,9.562880845167D-1,-4.13D0,-9.8D-1,               487P    291
9.562880845167D-1;                                                   487P    292
110,-4.13D0,-9.8D-1,-9.462880845167D-1,-4.13D0,-9.8D-1,              489P    293
-1.583711915483D0;                                                   489P    294
110,-4.13D0,-9.8D-1,-9.462880845167D-1,-4.13D0,-6.35D0,              491P    295
-9.462880845167D-1;                                                  491P    296
110,-4.13D0,-6.35D0,-1.583711915483D0,-4.13D0,-9.8D-1,               493P    297
-1.583711915483D0;                                                   493P    298
110,-4.13D0,-8.89D0,-6.765D0,-4.13D0,-9.53D0,-6.765D0;               495P    299
110,-4.13D0,-8.89D0,-6.765D0,-4.13D0,-8.89D0,-2.92D0;                497P    300
124,0D0,0D0,1D0,-4.13D0,-8.571428571429D-2,-9.963197585236D-1,       499P    301
0D0,-8.83D0,9.963197585236D-1,-8.571428571429D-2,0D0,                499P    302
-1.643711915483D0;                                                   499P    303
100,0D0,0D0,0D0,7D-1,0D0,6D-2,6.974238309665D-1;                     501P    304
110,-4.13D0,-9.53D0,-1.643711915483D0,-4.13D0,-9.53D0,-6.765D0;      503P    305
110,-4.13D0,-1.143128808452D1,-6.765D0,-4.13D0,                      505P    306
-1.206871191548D1,-6.765D0;                                          505P    307
110,-4.13D0,-1.143128808452D1,-6.765D0,-4.13D0,                      507P    308
-1.143128808452D1,8.937119154832D-1;                                 507P    309
124,0D0,0D0,-1D0,-4.13D0,-1D0,0D0,0D0,-1.136871191548D1,0D0,1D0,     509P    310
0D0,8.937119154832D-1;                                               509P    311
100,0D0,0D0,0D0,6.257616903349D-2,0D0,0D0,6.257616903349D-2;         511P    312
110,-4.13D0,-1.136871191548D1,9.562880845167D-1,-4.13D0,-8.89D0,     513P    313
9.562880845167D-1;                                                   513P    314
110,-4.13D0,-8.89D0,1.593711915483D0,-4.13D0,-1.136871191548D1,      515P    315
1.593711915483D0;                                                    515P    316
124,0D0,0D0,1D0,-4.13D0,0D0,-1D0,0D0,-1.136871191548D1,1D0,0D0,      517P    317
0D0,8.937119154832D-1;                                               517P    318
100,0D0,0D0,0D0,7D-1,0D0,0D0,7D-1;                                   519P    319
110,-4.13D0,-1.206871191548D1,8.937119154832D-1,-4.13D0,             521P    320
-1.206871191548D1,-6.765D0;                                          521P    321
110,-3.49D0,-9.8D-1,1.593711915483D0,-4.13D0,-9.8D-1,                523P    322
1.593711915483D0;                                                    523P    323
110,2.055D0,-6.35D0,3.175D0,-2.055D0,-6.35D0,3.175D0;                525P    324
110,-7.62D0,-6.35D0,3.175D0,-2.055D0,-6.35D0,3.175D0;                527P    325
110,-7.62D0,-6.35D0,-3.175D0,-7.62D0,-6.35D0,3.175D0;                529P    326
110,7.62D0,-6.35D0,-3.175D0,-7.62D0,-6.35D0,-3.175D0;                531P    327
110,7.62D0,-6.35D0,3.175D0,7.62D0,-6.35D0,-3.175D0;                  533P    328
110,2.055D0,-6.35D0,3.175D0,7.62D0,-6.35D0,3.175D0;                  535P    329
110,-4.13D0,-6.35D0,-1.583711915483D0,-4.13D0,-6.35D0,               537P    330
-9.462880845167D-1;                                                  537P    331
110,-4.13D0,-6.35D0,-9.462880845167D-1,-3.49D0,-6.35D0,              539P    332
-9.462880845167D-1;                                                  539P    333
110,-3.49D0,-6.35D0,-1.583711915483D0,-3.49D0,-6.35D0,               541P    334
-9.462880845167D-1;                                                  541P    335
110,-4.13D0,-6.35D0,-1.583711915483D0,-3.49D0,-6.35D0,               543P    336
-1.583711915483D0;                                                   543P    337
110,-4.13D0,-6.35D0,9.562880845167D-1,-4.13D0,-6.35D0,               545P    338
1.593711915483D0;                                                    545P    339
110,-4.13D0,-6.35D0,1.593711915483D0,-3.49D0,-6.35D0,                547P    340
1.593711915483D0;                                                    547P    341
110,-3.49D0,-6.35D0,9.562880845167D-1,-3.49D0,-6.35D0,               549P    342
1.593711915483D0;                                                    549P    343
110,-4.13D0,-6.35D0,9.562880845167D-1,-3.49D0,-6.35D0,               551P    344
9.562880845167D-1;                                                   551P    345
110,-1.59D0,-6.35D0,-1.583711915483D0,-1.59D0,-6.35D0,               553P    346
-9.462880845167D-1;                                                  553P    347
110,-1.59D0,-6.35D0,-9.462880845167D-1,-9.5D-1,-6.35D0,              555P    348
-9.462880845167D-1;                                                  555P    349
110,-9.5D-1,-6.35D0,-1.583711915483D0,-9.5D-1,-6.35D0,               557P    350
-9.462880845167D-1;                                                  557P    351
110,-1.59D0,-6.35D0,-1.583711915483D0,-9.5D-1,-6.35D0,               559P    352
-1.583711915483D0;                                                   559P    353
110,-1.59D0,-6.35D0,9.562880845167D-1,-1.59D0,-6.35D0,               561P    354
1.593711915483D0;                                                    561P    355
110,-1.59D0,-6.35D0,1.593711915483D0,-9.5D-1,-6.35D0,                563P    356
1.593711915483D0;                                                    563P    357
110,-9.5D-1,-6.35D0,9.562880845167D-1,-9.5D-1,-6.35D0,               565P    358
1.593711915483D0;                                                    565P    359
110,-1.59D0,-6.35D0,9.562880845167D-1,-9.5D-1,-6.35D0,               567P    360
9.562880845167D-1;                                                   567P    361
110,9.5D-1,-6.35D0,-1.583711915483D0,9.5D-1,-6.35D0,                 569P    362
-9.462880845167D-1;                                                  569P    363
110,9.5D-1,-6.35D0,-9.462880845167D-1,1.59D0,-6.35D0,                571P    364
-9.462880845167D-1;                                                  571P    365
110,1.59D0,-6.35D0,-1.583711915483D0,1.59D0,-6.35D0,                 573P    366
-9.462880845167D-1;                                                  573P    367
110,9.5D-1,-6.35D0,-1.583711915483D0,1.59D0,-6.35D0,                 575P    368
-1.583711915483D0;                                                   575P    369
110,9.5D-1,-6.35D0,9.562880845167D-1,9.5D-1,-6.35D0,                 577P    370
1.593711915483D0;                                                    577P    371
110,9.5D-1,-6.35D0,1.593711915483D0,1.59D0,-6.35D0,                  579P    372
1.593711915483D0;                                                    579P    373
110,1.59D0,-6.35D0,9.562880845167D-1,1.59D0,-6.35D0,                 581P    374
1.593711915483D0;                                                    581P    375
110,9.5D-1,-6.35D0,9.562880845167D-1,1.59D0,-6.35D0,                 583P    376
9.562880845167D-1;                                                   583P    377
110,3.49D0,-6.35D0,-1.583711915483D0,3.49D0,-6.35D0,                 585P    378
-9.462880845167D-1;                                                  585P    379
110,3.49D0,-6.35D0,-9.462880845167D-1,4.13D0,-6.35D0,                587P    380
-9.462880845167D-1;                                                  587P    381
110,4.13D0,-6.35D0,-1.583711915483D0,4.13D0,-6.35D0,                 589P    382
-9.462880845167D-1;                                                  589P    383
110,3.49D0,-6.35D0,-1.583711915483D0,4.13D0,-6.35D0,                 591P    384
-1.583711915483D0;                                                   591P    385
110,3.49D0,-6.35D0,9.562880845167D-1,3.49D0,-6.35D0,                 593P    386
1.593711915483D0;                                                    593P    387
110,3.49D0,-6.35D0,1.593711915483D0,4.13D0,-6.35D0,                  595P    388
1.593711915483D0;                                                    595P    389
110,4.13D0,-6.35D0,9.562880845167D-1,4.13D0,-6.35D0,                 597P    390
1.593711915483D0;                                                    597P    391
110,3.49D0,-6.35D0,9.562880845167D-1,4.13D0,-6.35D0,                 599P    392
9.562880845167D-1;                                                   599P    393
110,2.055D0,-6.35D0,3.175D0,2.055D0,-7.11D0,3.175D0;                 601P    394
110,-2.055D0,-7.6D-1,3.175D0,-2.055D0,0D0,3.555D0;                   603P    395
110,-2.055D0,-6.35D0,3.175D0,-2.055D0,-7.11D0,3.175D0;               605P    396
110,-7.62D0,-7.6D-1,3.175D0,-8D0,0D0,3.555D0;                        607P    397
110,-7.62D0,-7.6D-1,-3.175D0,-8D0,0D0,-3.555D0;                      609P    398
110,-7.62D0,-7.6D-1,-3.175D0,-7.62D0,-6.35D0,-3.175D0;               611P    399
110,-7.62D0,-7.6D-1,3.175D0,-7.62D0,-7.6D-1,-3.175D0;                613P    400
110,-7.62D0,-7.6D-1,-3.175D0,7.62D0,-7.6D-1,-3.175D0;                615P    401
110,7.62D0,-7.6D-1,-3.175D0,7.62D0,-6.35D0,-3.175D0;                 617P    402
110,8D0,0D0,-3.555D0,7.62D0,-7.6D-1,-3.175D0;                        619P    403
110,7.62D0,-7.6D-1,3.175D0,8D0,0D0,3.555D0;                          621P    404
110,7.62D0,-7.6D-1,3.175D0,7.62D0,-6.35D0,3.175D0;                   623P    405
110,7.62D0,-7.6D-1,-3.175D0,7.62D0,-7.6D-1,3.175D0;                  625P    406
110,-3.49D0,-9.8D-1,-9.462880845167D-1,-4.13D0,-9.8D-1,              627P    407
-9.462880845167D-1;                                                  627P    408
110,-4.13D0,-9.8D-1,-9.462880845167D-1,-3.9D0,-2.5D-1,               629P    409
-1.176288084517D0;                                                   629P    410
110,-3.9D0,-2.5D-1,-1.176288084517D0,-3.9D0,-2.5D-1,                 631P    411
-1.353711915483D0;                                                   631P    412
110,-3.72D0,-2.5D-1,-1.353711915483D0,-3.9D0,-2.5D-1,                633P    413
-1.353711915483D0;                                                   633P    414
110,-3.72D0,-2.5D-1,-1.353711915483D0,-3.72D0,-2.5D-1,               635P    415
-1.176288084517D0;                                                   635P    416
110,-3.72D0,-2.5D-1,-1.176288084517D0,-3.9D0,-2.5D-1,                637P    417
-1.176288084517D0;                                                   637P    418
110,-4.13D0,-9.8D-1,-1.583711915483D0,-3.9D0,-2.5D-1,                639P    419
-1.353711915483D0;                                                   639P    420
110,-3.49D0,-9.8D-1,-1.583711915483D0,-3.72D0,-2.5D-1,               641P    421
-1.353711915483D0;                                                   641P    422
110,-3.49D0,-9.8D-1,-1.583711915483D0,-4.13D0,-9.8D-1,               643P    423
-1.583711915483D0;                                                   643P    424
110,-3.49D0,-9.8D-1,-9.462880845167D-1,-3.72D0,-2.5D-1,              645P    425
-1.176288084517D0;                                                   645P    426
110,-3.49D0,-9.8D-1,9.562880845167D-1,-4.13D0,-9.8D-1,               647P    427
9.562880845167D-1;                                                   647P    428
110,-3.49D0,-9.8D-1,9.562880845167D-1,-3.72D0,-2.5D-1,               649P    429
1.186288084517D0;                                                    649P    430
110,-3.9D0,-2.5D-1,1.186288084517D0,-4.13D0,-9.8D-1,                 651P    431
9.562880845167D-1;                                                   651P    432
110,-1.59D0,-9.8D-1,1.593711915483D0,-1.59D0,-9.8D-1,                653P    433
9.562880845167D-1;                                                   653P    434
110,-1.59D0,-9.8D-1,1.593711915483D0,-1.59D0,-6.35D0,                655P    435
1.593711915483D0;                                                    655P    436
110,-1.59D0,-6.35D0,9.562880845167D-1,-1.59D0,-9.8D-1,               657P    437
9.562880845167D-1;                                                   657P    438
110,-1.59D0,-9.8D-1,-9.462880845167D-1,-1.59D0,-9.8D-1,              659P    439
-1.583711915483D0;                                                   659P    440
110,-1.59D0,-9.8D-1,-9.462880845167D-1,-1.59D0,-6.35D0,              661P    441
-9.462880845167D-1;                                                  661P    442
110,-1.59D0,-6.35D0,-1.583711915483D0,-1.59D0,-9.8D-1,               663P    443
-1.583711915483D0;                                                   663P    444
110,-1.59D0,-8.89D0,-6.765D0,-1.59D0,-9.53D0,-6.765D0;               665P    445
110,-1.59D0,-8.89D0,-6.765D0,-1.59D0,-8.89D0,-2.92D0;                667P    446
124,0D0,0D0,1D0,-1.59D0,-8.571428571429D-2,-9.963197585236D-1,       669P    447
0D0,-8.83D0,9.963197585236D-1,-8.571428571429D-2,0D0,                669P    448
-1.643711915483D0;                                                   669P    449
100,0D0,0D0,0D0,7D-1,0D0,6D-2,6.974238309665D-1;                     671P    450
110,-1.59D0,-9.53D0,-1.643711915483D0,-1.59D0,-9.53D0,-6.765D0;      673P    451
110,-1.59D0,-1.143128808452D1,-6.765D0,-1.59D0,                      675P    452
-1.206871191548D1,-6.765D0;                                          675P    453
110,-1.59D0,-1.143128808452D1,-6.765D0,-1.59D0,                      677P    454
-1.143128808452D1,8.937119154832D-1;                                 677P    455
124,0D0,0D0,-1D0,-1.59D0,-1D0,0D0,0D0,-1.136871191548D1,0D0,1D0,     679P    456
0D0,8.937119154832D-1;                                               679P    457
100,0D0,0D0,0D0,6.257616903349D-2,0D0,0D0,6.257616903349D-2;         681P    458
110,-1.59D0,-1.136871191548D1,9.562880845167D-1,-1.59D0,-8.89D0,     683P    459
9.562880845167D-1;                                                   683P    460
110,-1.59D0,-8.89D0,1.593711915483D0,-1.59D0,-1.136871191548D1,      685P    461
1.593711915483D0;                                                    685P    462
124,0D0,0D0,1D0,-1.59D0,0D0,-1D0,0D0,-1.136871191548D1,1D0,0D0,      687P    463
0D0,8.937119154832D-1;                                               687P    464
100,0D0,0D0,0D0,7D-1,0D0,0D0,7D-1;                                   689P    465
110,-1.59D0,-1.206871191548D1,8.937119154832D-1,-1.59D0,             691P    466
-1.206871191548D1,-6.765D0;                                          691P    467
110,-1.36D0,-2.5D-1,1.363711915483D0,-1.36D0,-2.5D-1,                693P    468
1.186288084517D0;                                                    693P    469
110,-1.18D0,-2.5D-1,1.186288084517D0,-1.36D0,-2.5D-1,                695P    470
1.186288084517D0;                                                    695P    471
110,-1.18D0,-2.5D-1,1.186288084517D0,-1.18D0,-2.5D-1,                697P    472
1.363711915483D0;                                                    697P    473
110,-1.18D0,-2.5D-1,1.363711915483D0,-1.36D0,-2.5D-1,                699P    474
1.363711915483D0;                                                    699P    475
110,-9.5D-1,-9.8D-1,9.562880845167D-1,-1.18D0,-2.5D-1,               701P    476
1.186288084517D0;                                                    701P    477
110,-1.36D0,-2.5D-1,1.186288084517D0,-1.59D0,-9.8D-1,                703P    478
9.562880845167D-1;                                                   703P    479
110,-9.5D-1,-9.8D-1,9.562880845167D-1,-1.59D0,-9.8D-1,               705P    480
9.562880845167D-1;                                                   705P    481
110,-9.5D-1,-9.8D-1,9.562880845167D-1,-9.5D-1,-9.8D-1,               707P    482
1.593711915483D0;                                                    707P    483
110,-9.5D-1,-6.35D0,9.562880845167D-1,-9.5D-1,-9.8D-1,               709P    484
9.562880845167D-1;                                                   709P    485
110,-9.5D-1,-9.8D-1,1.593711915483D0,-9.5D-1,-6.35D0,                711P    486
1.593711915483D0;                                                    711P    487
110,-9.5D-1,-9.8D-1,-1.583711915483D0,-9.5D-1,-9.8D-1,               713P    488
-9.462880845167D-1;                                                  713P    489
110,-9.5D-1,-6.35D0,-1.583711915483D0,-9.5D-1,-9.8D-1,               715P    490
-1.583711915483D0;                                                   715P    491
110,-9.5D-1,-9.8D-1,-9.462880845167D-1,-9.5D-1,-6.35D0,              717P    492
-9.462880845167D-1;                                                  717P    493
110,-9.5D-1,-9.53D0,-6.765D0,-9.5D-1,-8.89D0,-6.765D0;               719P    494
110,-9.5D-1,-9.53D0,-1.643711915483D0,-9.5D-1,-9.53D0,-6.765D0;      721P    495
124,0D0,0D0,1D0,-9.5D-1,-8.571428571429D-2,-9.963197585236D-1,       723P    496
0D0,-8.83D0,9.963197585236D-1,-8.571428571429D-2,0D0,                723P    497
-1.643711915483D0;                                                   723P    498
100,0D0,0D0,0D0,7D-1,0D0,6D-2,6.974238309665D-1;                     725P    499
110,-9.5D-1,-8.89D0,-6.765D0,-9.5D-1,-8.89D0,-2.92D0;                727P    500
110,-9.5D-1,-1.206871191548D1,-6.765D0,-9.5D-1,                      729P    501
-1.143128808452D1,-6.765D0;                                          729P    502
110,-9.5D-1,-1.206871191548D1,8.937119154832D-1,-9.5D-1,             731P    503
-1.206871191548D1,-6.765D0;                                          731P    504
124,0D0,0D0,1D0,-9.5D-1,0D0,-1D0,0D0,-1.136871191548D1,1D0,0D0,      733P    505
0D0,8.937119154832D-1;                                               733P    506
100,0D0,0D0,0D0,7D-1,0D0,0D0,7D-1;                                   735P    507
110,-9.5D-1,-8.89D0,1.593711915483D0,-9.5D-1,-1.136871191548D1,      737P    508
1.593711915483D0;                                                    737P    509
110,-9.5D-1,-1.136871191548D1,9.562880845167D-1,-9.5D-1,-8.89D0,     739P    510
9.562880845167D-1;                                                   739P    511
124,0D0,0D0,-1D0,-9.5D-1,-1D0,0D0,0D0,-1.136871191548D1,0D0,1D0,     741P    512
0D0,8.937119154832D-1;                                               741P    513
100,0D0,0D0,0D0,6.257616903349D-2,0D0,0D0,6.257616903349D-2;         743P    514
110,-9.5D-1,-1.143128808452D1,-6.765D0,-9.5D-1,                      745P    515
-1.143128808452D1,8.937119154832D-1;                                 745P    516
110,-1.18D0,-2.5D-1,1.363711915483D0,-9.5D-1,-9.8D-1,                747P    517
1.593711915483D0;                                                    747P    518
110,-1.59D0,-9.8D-1,1.593711915483D0,-1.36D0,-2.5D-1,                749P    519
1.363711915483D0;                                                    749P    520
110,-9.5D-1,-9.8D-1,1.593711915483D0,-1.59D0,-9.8D-1,                751P    521
1.593711915483D0;                                                    751P    522
110,-9.5D-1,-9.8D-1,-9.462880845167D-1,-1.18D0,-2.5D-1,              753P    523
-1.176288084517D0;                                                   753P    524
110,-1.59D0,-9.8D-1,-9.462880845167D-1,-1.36D0,-2.5D-1,              755P    525
-1.176288084517D0;                                                   755P    526
110,-1.36D0,-2.5D-1,-1.176288084517D0,-1.36D0,-2.5D-1,               757P    527
-1.353711915483D0;                                                   757P    528
110,-1.18D0,-2.5D-1,-1.353711915483D0,-1.36D0,-2.5D-1,               759P    529
-1.353711915483D0;                                                   759P    530
110,-1.18D0,-2.5D-1,-1.353711915483D0,-1.18D0,-2.5D-1,               761P    531
-1.176288084517D0;                                                   761P    532
110,-1.18D0,-2.5D-1,-1.176288084517D0,-1.36D0,-2.5D-1,               763P    533
-1.176288084517D0;                                                   763P    534
110,-1.59D0,-9.8D-1,-1.583711915483D0,-1.36D0,-2.5D-1,               765P    535
-1.353711915483D0;                                                   765P    536
110,-9.5D-1,-9.8D-1,-1.583711915483D0,-1.18D0,-2.5D-1,               767P    537
-1.353711915483D0;                                                   767P    538
110,-9.5D-1,-9.8D-1,-1.583711915483D0,-1.59D0,-9.8D-1,               769P    539
-1.583711915483D0;                                                   769P    540
110,-9.5D-1,-9.8D-1,-9.462880845167D-1,-1.59D0,-9.8D-1,              771P    541
-9.462880845167D-1;                                                  771P    542
110,-1.18D0,-9.12D0,-7.495D0,-9.5D-1,-8.89D0,-6.765D0;               773P    543
110,-1.59D0,-8.89D0,-6.765D0,-1.36D0,-9.12D0,-7.495D0;               775P    544
110,-1.36D0,-9.12D0,-7.495D0,-1.36D0,-9.3D0,-7.495D0;                777P    545
110,-1.18D0,-9.3D0,-7.495D0,-1.36D0,-9.3D0,-7.495D0;                 779P    546
110,-1.18D0,-9.3D0,-7.495D0,-1.18D0,-9.12D0,-7.495D0;                781P    547
110,-1.18D0,-9.12D0,-7.495D0,-1.36D0,-9.12D0,-7.495D0;               783P    548
110,-1.59D0,-9.53D0,-6.765D0,-1.36D0,-9.3D0,-7.495D0;                785P    549
110,-9.5D-1,-9.53D0,-6.765D0,-1.18D0,-9.3D0,-7.495D0;                787P    550
110,-9.5D-1,-9.53D0,-6.765D0,-1.59D0,-9.53D0,-6.765D0;               789P    551
110,-1.59D0,-9.53D0,-1.643711915483D0,-9.5D-1,-9.53D0,               791P    552
-1.643711915483D0;                                                   791P    553
110,-9.5D-1,-8.89D0,-6.765D0,-1.59D0,-8.89D0,-6.765D0;               793P    554
110,-1.18D0,-1.166128808452D1,-7.495D0,-9.5D-1,                      795P    555
-1.143128808452D1,-6.765D0;                                          795P    556
110,-1.59D0,-1.143128808452D1,-6.765D0,-1.36D0,                      797P    557
-1.166128808452D1,-7.495D0;                                          797P    558
110,-1.36D0,-1.166128808452D1,-7.495D0,-1.36D0,                      799P    559
-1.183871191548D1,-7.495D0;                                          799P    560
110,-1.18D0,-1.183871191548D1,-7.495D0,-1.36D0,                      801P    561
-1.183871191548D1,-7.495D0;                                          801P    562
110,-1.18D0,-1.183871191548D1,-7.495D0,-1.18D0,                      803P    563
-1.166128808452D1,-7.495D0;                                          803P    564
110,-1.18D0,-1.166128808452D1,-7.495D0,-1.36D0,                      805P    565
-1.166128808452D1,-7.495D0;                                          805P    566
110,-1.59D0,-1.206871191548D1,-6.765D0,-1.36D0,                      807P    567
-1.183871191548D1,-7.495D0;                                          807P    568
110,-9.5D-1,-1.206871191548D1,-6.765D0,-1.18D0,                      809P    569
-1.183871191548D1,-7.495D0;                                          809P    570
110,-9.5D-1,-1.206871191548D1,-6.765D0,-1.59D0,                      811P    571
-1.206871191548D1,-6.765D0;                                          811P    572
110,-1.59D0,-1.206871191548D1,8.937119154832D-1,-9.5D-1,             813P    573
-1.206871191548D1,8.937119154832D-1;                                 813P    574
110,-1.59D0,-1.136871191548D1,1.593711915483D0,-9.5D-1,              815P    575
-1.136871191548D1,1.593711915483D0;                                  815P    576
110,-9.5D-1,-1.143128808452D1,-6.765D0,-1.59D0,                      817P    577
-1.143128808452D1,-6.765D0;                                          817P    578
110,-1.59D0,-1.143128808452D1,8.937119154832D-1,-9.5D-1,             819P    579
-1.143128808452D1,8.937119154832D-1;                                 819P    580
110,-1.59D0,-1.136871191548D1,9.562880845167D-1,-9.5D-1,             821P    581
-1.136871191548D1,9.562880845167D-1;                                 821P    582
110,9.5D-1,-9.8D-1,1.593711915483D0,9.5D-1,-9.8D-1,                  823P    583
9.562880845167D-1;                                                   823P    584
110,9.5D-1,-9.8D-1,1.593711915483D0,9.5D-1,-6.35D0,                  825P    585
1.593711915483D0;                                                    825P    586
110,9.5D-1,-6.35D0,9.562880845167D-1,9.5D-1,-9.8D-1,                 827P    587
9.562880845167D-1;                                                   827P    588
110,9.5D-1,-9.8D-1,-9.462880845167D-1,9.5D-1,-9.8D-1,                829P    589
-1.583711915483D0;                                                   829P    590
110,9.5D-1,-9.8D-1,-9.462880845167D-1,9.5D-1,-6.35D0,                831P    591
-9.462880845167D-1;                                                  831P    592
110,9.5D-1,-6.35D0,-1.583711915483D0,9.5D-1,-9.8D-1,                 833P    593
-1.583711915483D0;                                                   833P    594
110,9.5D-1,-8.89D0,-6.765D0,9.5D-1,-9.53D0,-6.765D0;                 835P    595
110,9.5D-1,-8.89D0,-6.765D0,9.5D-1,-8.89D0,-2.92D0;                  837P    596
124,0D0,0D0,1D0,9.5D-1,-8.571428571429D-2,-9.963197585236D-1,        839P    597
0D0,-8.83D0,9.963197585236D-1,-8.571428571429D-2,0D0,                839P    598
-1.643711915483D0;                                                   839P    599
100,0D0,0D0,0D0,7D-1,0D0,6D-2,6.974238309665D-1;                     841P    600
110,9.5D-1,-9.53D0,-1.643711915483D0,9.5D-1,-9.53D0,-6.765D0;        843P    601
110,9.5D-1,-1.143128808452D1,-6.765D0,9.5D-1,-1.206871191548D1,      845P    602
-6.765D0;                                                            845P    603
110,9.5D-1,-1.143128808452D1,-6.765D0,9.5D-1,-1.143128808452D1,      847P    604
8.937119154832D-1;                                                   847P    605
124,0D0,0D0,-1D0,9.5D-1,-1D0,0D0,0D0,-1.136871191548D1,0D0,1D0,      849P    606
0D0,8.937119154832D-1;                                               849P    607
100,0D0,0D0,0D0,6.257616903349D-2,0D0,0D0,6.257616903349D-2;         851P    608
110,9.5D-1,-1.136871191548D1,9.562880845167D-1,9.5D-1,-8.89D0,       853P    609
9.562880845167D-1;                                                   853P    610
110,9.5D-1,-8.89D0,1.593711915483D0,9.5D-1,-1.136871191548D1,        855P    611
1.593711915483D0;                                                    855P    612
124,0D0,0D0,1D0,9.5D-1,0D0,-1D0,0D0,-1.136871191548D1,1D0,0D0,       857P    613
0D0,8.937119154832D-1;                                               857P    614
100,0D0,0D0,0D0,7D-1,0D0,0D0,7D-1;                                   859P    615
110,9.5D-1,-1.206871191548D1,8.937119154832D-1,9.5D-1,               861P    616
-1.206871191548D1,-6.765D0;                                          861P    617
110,1.18D0,-2.5D-1,1.363711915483D0,1.18D0,-2.5D-1,                  863P    618
1.186288084517D0;                                                    863P    619
110,1.36D0,-2.5D-1,1.186288084517D0,1.18D0,-2.5D-1,                  865P    620
1.186288084517D0;                                                    865P    621
110,1.36D0,-2.5D-1,1.186288084517D0,1.36D0,-2.5D-1,                  867P    622
1.363711915483D0;                                                    867P    623
110,1.36D0,-2.5D-1,1.363711915483D0,1.18D0,-2.5D-1,                  869P    624
1.363711915483D0;                                                    869P    625
110,1.59D0,-9.8D-1,9.562880845167D-1,1.36D0,-2.5D-1,                 871P    626
1.186288084517D0;                                                    871P    627
110,1.18D0,-2.5D-1,1.186288084517D0,9.5D-1,-9.8D-1,                  873P    628
9.562880845167D-1;                                                   873P    629
110,1.59D0,-9.8D-1,9.562880845167D-1,9.5D-1,-9.8D-1,                 875P    630
9.562880845167D-1;                                                   875P    631
110,1.59D0,-9.8D-1,9.562880845167D-1,1.59D0,-9.8D-1,                 877P    632
1.593711915483D0;                                                    877P    633
110,1.59D0,-6.35D0,9.562880845167D-1,1.59D0,-9.8D-1,                 879P    634
9.562880845167D-1;                                                   879P    635
110,1.59D0,-9.8D-1,1.593711915483D0,1.59D0,-6.35D0,                  881P    636
1.593711915483D0;                                                    881P    637
110,1.59D0,-9.8D-1,-1.583711915483D0,1.59D0,-9.8D-1,                 883P    638
-9.462880845167D-1;                                                  883P    639
110,1.59D0,-6.35D0,-1.583711915483D0,1.59D0,-9.8D-1,                 885P    640
-1.583711915483D0;                                                   885P    641
110,1.59D0,-9.8D-1,-9.462880845167D-1,1.59D0,-6.35D0,                887P    642
-9.462880845167D-1;                                                  887P    643
110,1.59D0,-9.53D0,-6.765D0,1.59D0,-8.89D0,-6.765D0;                 889P    644
110,1.59D0,-9.53D0,-1.643711915483D0,1.59D0,-9.53D0,-6.765D0;        891P    645
124,0D0,0D0,1D0,1.59D0,-8.571428571429D-2,-9.963197585236D-1,        893P    646
0D0,-8.83D0,9.963197585236D-1,-8.571428571429D-2,0D0,                893P    647
-1.643711915483D0;                                                   893P    648
100,0D0,0D0,0D0,7D-1,0D0,6D-2,6.974238309665D-1;                     895P    649
110,1.59D0,-8.89D0,-6.765D0,1.59D0,-8.89D0,-2.92D0;                  897P    650
110,1.59D0,-1.206871191548D1,-6.765D0,1.59D0,-1.143128808452D1,      899P    651
-6.765D0;                                                            899P    652
110,1.59D0,-1.206871191548D1,8.937119154832D-1,1.59D0,               901P    653
-1.206871191548D1,-6.765D0;                                          901P    654
124,0D0,0D0,1D0,1.59D0,0D0,-1D0,0D0,-1.136871191548D1,1D0,0D0,       903P    655
0D0,8.937119154832D-1;                                               903P    656
100,0D0,0D0,0D0,7D-1,0D0,0D0,7D-1;                                   905P    657
110,1.59D0,-8.89D0,1.593711915483D0,1.59D0,-1.136871191548D1,        907P    658
1.593711915483D0;                                                    907P    659
110,1.59D0,-1.136871191548D1,9.562880845167D-1,1.59D0,-8.89D0,       909P    660
9.562880845167D-1;                                                   909P    661
124,0D0,0D0,-1D0,1.59D0,-1D0,0D0,0D0,-1.136871191548D1,0D0,1D0,      911P    662
0D0,8.937119154832D-1;                                               911P    663
100,0D0,0D0,0D0,6.257616903349D-2,0D0,0D0,6.257616903349D-2;         913P    664
110,1.59D0,-1.143128808452D1,-6.765D0,1.59D0,-1.143128808452D1,      915P    665
8.937119154832D-1;                                                   915P    666
110,1.36D0,-2.5D-1,1.363711915483D0,1.59D0,-9.8D-1,                  917P    667
1.593711915483D0;                                                    917P    668
110,9.5D-1,-9.8D-1,1.593711915483D0,1.18D0,-2.5D-1,                  919P    669
1.363711915483D0;                                                    919P    670
110,1.59D0,-9.8D-1,1.593711915483D0,9.5D-1,-9.8D-1,                  921P    671
1.593711915483D0;                                                    921P    672
110,1.59D0,-9.8D-1,-9.462880845167D-1,1.36D0,-2.5D-1,                923P    673
-1.176288084517D0;                                                   923P    674
110,9.5D-1,-9.8D-1,-9.462880845167D-1,1.18D0,-2.5D-1,                925P    675
-1.176288084517D0;                                                   925P    676
110,1.18D0,-2.5D-1,-1.176288084517D0,1.18D0,-2.5D-1,                 927P    677
-1.353711915483D0;                                                   927P    678
110,1.36D0,-2.5D-1,-1.353711915483D0,1.18D0,-2.5D-1,                 929P    679
-1.353711915483D0;                                                   929P    680
110,1.36D0,-2.5D-1,-1.353711915483D0,1.36D0,-2.5D-1,                 931P    681
-1.176288084517D0;                                                   931P    682
110,1.36D0,-2.5D-1,-1.176288084517D0,1.18D0,-2.5D-1,                 933P    683
-1.176288084517D0;                                                   933P    684
110,9.5D-1,-9.8D-1,-1.583711915483D0,1.18D0,-2.5D-1,                 935P    685
-1.353711915483D0;                                                   935P    686
110,1.59D0,-9.8D-1,-1.583711915483D0,1.36D0,-2.5D-1,                 937P    687
-1.353711915483D0;                                                   937P    688
110,1.59D0,-9.8D-1,-1.583711915483D0,9.5D-1,-9.8D-1,                 939P    689
-1.583711915483D0;                                                   939P    690
110,1.59D0,-9.8D-1,-9.462880845167D-1,9.5D-1,-9.8D-1,                941P    691
-9.462880845167D-1;                                                  941P    692
110,1.36D0,-9.12D0,-7.495D0,1.59D0,-8.89D0,-6.765D0;                 943P    693
110,9.5D-1,-8.89D0,-6.765D0,1.18D0,-9.12D0,-7.495D0;                 945P    694
110,1.18D0,-9.12D0,-7.495D0,1.18D0,-9.3D0,-7.495D0;                  947P    695
110,1.36D0,-9.3D0,-7.495D0,1.18D0,-9.3D0,-7.495D0;                   949P    696
110,1.36D0,-9.3D0,-7.495D0,1.36D0,-9.12D0,-7.495D0;                  951P    697
110,1.36D0,-9.12D0,-7.495D0,1.18D0,-9.12D0,-7.495D0;                 953P    698
110,9.5D-1,-9.53D0,-6.765D0,1.18D0,-9.3D0,-7.495D0;                  955P    699
110,1.59D0,-9.53D0,-6.765D0,1.36D0,-9.3D0,-7.495D0;                  957P    700
110,1.59D0,-9.53D0,-6.765D0,9.5D-1,-9.53D0,-6.765D0;                 959P    701
110,9.5D-1,-9.53D0,-1.643711915483D0,1.59D0,-9.53D0,                 961P    702
-1.643711915483D0;                                                   961P    703
110,1.59D0,-8.89D0,-6.765D0,9.5D-1,-8.89D0,-6.765D0;                 963P    704
110,1.36D0,-1.166128808452D1,-7.495D0,1.59D0,-1.143128808452D1,      965P    705
-6.765D0;                                                            965P    706
110,9.5D-1,-1.143128808452D1,-6.765D0,1.18D0,-1.166128808452D1,      967P    707
-7.495D0;                                                            967P    708
110,1.18D0,-1.166128808452D1,-7.495D0,1.18D0,-1.183871191548D1,      969P    709
-7.495D0;                                                            969P    710
110,1.36D0,-1.183871191548D1,-7.495D0,1.18D0,-1.183871191548D1,      971P    711
-7.495D0;                                                            971P    712
110,1.36D0,-1.183871191548D1,-7.495D0,1.36D0,-1.166128808452D1,      973P    713
-7.495D0;                                                            973P    714
110,1.36D0,-1.166128808452D1,-7.495D0,1.18D0,-1.166128808452D1,      975P    715
-7.495D0;                                                            975P    716
110,9.5D-1,-1.206871191548D1,-6.765D0,1.18D0,-1.183871191548D1,      977P    717
-7.495D0;                                                            977P    718
110,1.59D0,-1.206871191548D1,-6.765D0,1.36D0,-1.183871191548D1,      979P    719
-7.495D0;                                                            979P    720
110,1.59D0,-1.206871191548D1,-6.765D0,9.5D-1,-1.206871191548D1,      981P    721
-6.765D0;                                                            981P    722
110,9.5D-1,-1.206871191548D1,8.937119154832D-1,1.59D0,               983P    723
-1.206871191548D1,8.937119154832D-1;                                 983P    724
110,9.5D-1,-1.136871191548D1,1.593711915483D0,1.59D0,                985P    725
-1.136871191548D1,1.593711915483D0;                                  985P    726
110,1.59D0,-1.143128808452D1,-6.765D0,9.5D-1,-1.143128808452D1,      987P    727
-6.765D0;                                                            987P    728
110,9.5D-1,-1.143128808452D1,8.937119154832D-1,1.59D0,               989P    729
-1.143128808452D1,8.937119154832D-1;                                 989P    730
110,9.5D-1,-1.136871191548D1,9.562880845167D-1,1.59D0,               991P    731
-1.136871191548D1,9.562880845167D-1;                                 991P    732
110,3.49D0,-9.8D-1,1.593711915483D0,3.49D0,-9.8D-1,                  993P    733
9.562880845167D-1;                                                   993P    734
110,3.49D0,-9.8D-1,1.593711915483D0,3.49D0,-6.35D0,                  995P    735
1.593711915483D0;                                                    995P    736
110,3.49D0,-6.35D0,9.562880845167D-1,3.49D0,-9.8D-1,                 997P    737
9.562880845167D-1;                                                   997P    738
110,3.49D0,-9.8D-1,-9.462880845167D-1,3.49D0,-9.8D-1,                999P    739
-1.583711915483D0;                                                   999P    740
110,3.49D0,-9.8D-1,-9.462880845167D-1,3.49D0,-6.35D0,               1001P    741
-9.462880845167D-1;                                                 1001P    742
110,3.49D0,-6.35D0,-1.583711915483D0,3.49D0,-9.8D-1,                1003P    743
-1.583711915483D0;                                                  1003P    744
110,3.49D0,-8.89D0,-6.765D0,3.49D0,-9.53D0,-6.765D0;                1005P    745
110,3.49D0,-8.89D0,-6.765D0,3.49D0,-8.89D0,-2.92D0;                 1007P    746
124,0D0,0D0,1D0,3.49D0,-8.571428571429D-2,-9.963197585236D-1,       1009P    747
0D0,-8.83D0,9.963197585236D-1,-8.571428571429D-2,0D0,               1009P    748
-1.643711915483D0;                                                  1009P    749
100,0D0,0D0,0D0,7D-1,0D0,6D-2,6.974238309665D-1;                    1011P    750
110,3.49D0,-9.53D0,-1.643711915483D0,3.49D0,-9.53D0,-6.765D0;       1013P    751
110,3.49D0,-1.143128808452D1,-6.765D0,3.49D0,-1.206871191548D1,     1015P    752
-6.765D0;                                                           1015P    753
110,3.49D0,-1.143128808452D1,-6.765D0,3.49D0,-1.143128808452D1,     1017P    754
8.937119154832D-1;                                                  1017P    755
124,0D0,0D0,-1D0,3.49D0,-1D0,0D0,0D0,-1.136871191548D1,0D0,1D0,     1019P    756
0D0,8.937119154832D-1;                                              1019P    757
100,0D0,0D0,0D0,6.257616903349D-2,0D0,0D0,6.257616903349D-2;        1021P    758
110,3.49D0,-1.136871191548D1,9.562880845167D-1,3.49D0,-8.89D0,      1023P    759
9.562880845167D-1;                                                  1023P    760
110,3.49D0,-8.89D0,1.593711915483D0,3.49D0,-1.136871191548D1,       1025P    761
1.593711915483D0;                                                   1025P    762
124,0D0,0D0,1D0,3.49D0,0D0,-1D0,0D0,-1.136871191548D1,1D0,0D0,      1027P    763
0D0,8.937119154832D-1;                                              1027P    764
100,0D0,0D0,0D0,7D-1,0D0,0D0,7D-1;                                  1029P    765
110,3.49D0,-1.206871191548D1,8.937119154832D-1,3.49D0,              1031P    766
-1.206871191548D1,-6.765D0;                                         1031P    767
110,3.72D0,-2.5D-1,1.363711915483D0,3.72D0,-2.5D-1,                 1033P    768
1.186288084517D0;                                                   1033P    769
110,3.9D0,-2.5D-1,1.186288084517D0,3.72D0,-2.5D-1,                  1035P    770
1.186288084517D0;                                                   1035P    771
110,3.9D0,-2.5D-1,1.186288084517D0,3.9D0,-2.5D-1,                   1037P    772
1.363711915483D0;                                                   1037P    773
110,3.9D0,-2.5D-1,1.363711915483D0,3.72D0,-2.5D-1,                  1039P    774
1.363711915483D0;                                                   1039P    775
110,4.13D0,-9.8D-1,9.562880845167D-1,3.9D0,-2.5D-1,                 1041P    776
1.186288084517D0;                                                   1041P    777
110,3.72D0,-2.5D-1,1.186288084517D0,3.49D0,-9.8D-1,                 1043P    778
9.562880845167D-1;                                                  1043P    779
110,4.13D0,-9.8D-1,9.562880845167D-1,3.49D0,-9.8D-1,                1045P    780
9.562880845167D-1;                                                  1045P    781
110,4.13D0,-9.8D-1,9.562880845167D-1,4.13D0,-9.8D-1,                1047P    782
1.593711915483D0;                                                   1047P    783
110,4.13D0,-6.35D0,9.562880845167D-1,4.13D0,-9.8D-1,                1049P    784
9.562880845167D-1;                                                  1049P    785
110,4.13D0,-9.8D-1,1.593711915483D0,4.13D0,-6.35D0,                 1051P    786
1.593711915483D0;                                                   1051P    787
110,4.13D0,-9.8D-1,-1.583711915483D0,4.13D0,-9.8D-1,                1053P    788
-9.462880845167D-1;                                                 1053P    789
110,4.13D0,-6.35D0,-1.583711915483D0,4.13D0,-9.8D-1,                1055P    790
-1.583711915483D0;                                                  1055P    791
110,4.13D0,-9.8D-1,-9.462880845167D-1,4.13D0,-6.35D0,               1057P    792
-9.462880845167D-1;                                                 1057P    793
110,4.13D0,-9.53D0,-6.765D0,4.13D0,-8.89D0,-6.765D0;                1059P    794
110,4.13D0,-9.53D0,-1.643711915483D0,4.13D0,-9.53D0,-6.765D0;       1061P    795
124,0D0,0D0,1D0,4.13D0,-8.571428571429D-2,-9.963197585236D-1,       1063P    796
0D0,-8.83D0,9.963197585236D-1,-8.571428571429D-2,0D0,               1063P    797
-1.643711915483D0;                                                  1063P    798
100,0D0,0D0,0D0,7D-1,0D0,6D-2,6.974238309665D-1;                    1065P    799
110,4.13D0,-8.89D0,-6.765D0,4.13D0,-8.89D0,-2.92D0;                 1067P    800
110,4.13D0,-1.206871191548D1,-6.765D0,4.13D0,-1.143128808452D1,     1069P    801
-6.765D0;                                                           1069P    802
110,4.13D0,-1.206871191548D1,8.937119154832D-1,4.13D0,              1071P    803
-1.206871191548D1,-6.765D0;                                         1071P    804
124,0D0,0D0,1D0,4.13D0,0D0,-1D0,0D0,-1.136871191548D1,1D0,0D0,      1073P    805
0D0,8.937119154832D-1;                                              1073P    806
100,0D0,0D0,0D0,7D-1,0D0,0D0,7D-1;                                  1075P    807
110,4.13D0,-8.89D0,1.593711915483D0,4.13D0,-1.136871191548D1,       1077P    808
1.593711915483D0;                                                   1077P    809
110,4.13D0,-1.136871191548D1,9.562880845167D-1,4.13D0,-8.89D0,      1079P    810
9.562880845167D-1;                                                  1079P    811
124,0D0,0D0,-1D0,4.13D0,-1D0,0D0,0D0,-1.136871191548D1,0D0,1D0,     1081P    812
0D0,8.937119154832D-1;                                              1081P    813
100,0D0,0D0,0D0,6.257616903349D-2,0D0,0D0,6.257616903349D-2;        1083P    814
110,4.13D0,-1.143128808452D1,-6.765D0,4.13D0,-1.143128808452D1,     1085P    815
8.937119154832D-1;                                                  1085P    816
110,3.9D0,-2.5D-1,1.363711915483D0,4.13D0,-9.8D-1,                  1087P    817
1.593711915483D0;                                                   1087P    818
110,3.49D0,-9.8D-1,1.593711915483D0,3.72D0,-2.5D-1,                 1089P    819
1.363711915483D0;                                                   1089P    820
110,4.13D0,-9.8D-1,1.593711915483D0,3.49D0,-9.8D-1,                 1091P    821
1.593711915483D0;                                                   1091P    822
110,4.13D0,-9.8D-1,-9.462880845167D-1,3.9D0,-2.5D-1,                1093P    823
-1.176288084517D0;                                                  1093P    824
110,3.49D0,-9.8D-1,-9.462880845167D-1,3.72D0,-2.5D-1,               1095P    825
-1.176288084517D0;                                                  1095P    826
110,3.72D0,-2.5D-1,-1.176288084517D0,3.72D0,-2.5D-1,                1097P    827
-1.353711915483D0;                                                  1097P    828
110,3.9D0,-2.5D-1,-1.353711915483D0,3.72D0,-2.5D-1,                 1099P    829
-1.353711915483D0;                                                  1099P    830
110,3.9D0,-2.5D-1,-1.353711915483D0,3.9D0,-2.5D-1,                  1101P    831
-1.176288084517D0;                                                  1101P    832
110,3.9D0,-2.5D-1,-1.176288084517D0,3.72D0,-2.5D-1,                 1103P    833
-1.176288084517D0;                                                  1103P    834
110,3.49D0,-9.8D-1,-1.583711915483D0,3.72D0,-2.5D-1,                1105P    835
-1.353711915483D0;                                                  1105P    836
110,4.13D0,-9.8D-1,-1.583711915483D0,3.9D0,-2.5D-1,                 1107P    837
-1.353711915483D0;                                                  1107P    838
110,4.13D0,-9.8D-1,-1.583711915483D0,3.49D0,-9.8D-1,                1109P    839
-1.583711915483D0;                                                  1109P    840
110,4.13D0,-9.8D-1,-9.462880845167D-1,3.49D0,-9.8D-1,               1111P    841
-9.462880845167D-1;                                                 1111P    842
110,3.9D0,-9.12D0,-7.495D0,4.13D0,-8.89D0,-6.765D0;                 1113P    843
110,3.49D0,-8.89D0,-6.765D0,3.72D0,-9.12D0,-7.495D0;                1115P    844
110,3.72D0,-9.12D0,-7.495D0,3.72D0,-9.3D0,-7.495D0;                 1117P    845
110,3.9D0,-9.3D0,-7.495D0,3.72D0,-9.3D0,-7.495D0;                   1119P    846
110,3.9D0,-9.3D0,-7.495D0,3.9D0,-9.12D0,-7.495D0;                   1121P    847
110,3.9D0,-9.12D0,-7.495D0,3.72D0,-9.12D0,-7.495D0;                 1123P    848
110,3.49D0,-9.53D0,-6.765D0,3.72D0,-9.3D0,-7.495D0;                 1125P    849
110,4.13D0,-9.53D0,-6.765D0,3.9D0,-9.3D0,-7.495D0;                  1127P    850
110,4.13D0,-9.53D0,-6.765D0,3.49D0,-9.53D0,-6.765D0;                1129P    851
110,3.49D0,-9.53D0,-1.643711915483D0,4.13D0,-9.53D0,                1131P    852
-1.643711915483D0;                                                  1131P    853
110,4.13D0,-8.89D0,-6.765D0,3.49D0,-8.89D0,-6.765D0;                1133P    854
110,3.9D0,-1.166128808452D1,-7.495D0,4.13D0,-1.143128808452D1,      1135P    855
-6.765D0;                                                           1135P    856
110,3.49D0,-1.143128808452D1,-6.765D0,3.72D0,-1.166128808452D1,     1137P    857
-7.495D0;                                                           1137P    858
110,3.72D0,-1.166128808452D1,-7.495D0,3.72D0,-1.183871191548D1,     1139P    859
-7.495D0;                                                           1139P    860
110,3.9D0,-1.183871191548D1,-7.495D0,3.72D0,-1.183871191548D1,      1141P    861
-7.495D0;                                                           1141P    862
110,3.9D0,-1.183871191548D1,-7.495D0,3.9D0,-1.166128808452D1,       1143P    863
-7.495D0;                                                           1143P    864
110,3.9D0,-1.166128808452D1,-7.495D0,3.72D0,-1.166128808452D1,      1145P    865
-7.495D0;                                                           1145P    866
110,3.49D0,-1.206871191548D1,-6.765D0,3.72D0,-1.183871191548D1,     1147P    867
-7.495D0;                                                           1147P    868
110,4.13D0,-1.206871191548D1,-6.765D0,3.9D0,-1.183871191548D1,      1149P    869
-7.495D0;                                                           1149P    870
110,4.13D0,-1.206871191548D1,-6.765D0,3.49D0,-1.206871191548D1,     1151P    871
-6.765D0;                                                           1151P    872
110,3.49D0,-1.206871191548D1,8.937119154832D-1,4.13D0,              1153P    873
-1.206871191548D1,8.937119154832D-1;                                1153P    874
110,3.49D0,-1.136871191548D1,1.593711915483D0,4.13D0,               1155P    875
-1.136871191548D1,1.593711915483D0;                                 1155P    876
110,4.13D0,-1.143128808452D1,-6.765D0,3.49D0,-1.143128808452D1,     1157P    877
-6.765D0;                                                           1157P    878
110,3.49D0,-1.143128808452D1,8.937119154832D-1,4.13D0,              1159P    879
-1.143128808452D1,8.937119154832D-1;                                1159P    880
110,3.49D0,-1.136871191548D1,9.562880845167D-1,4.13D0,              1161P    881
-1.136871191548D1,9.562880845167D-1;                                1161P    882
110,-4.13D0,-9.53D0,-6.765D0,-3.9D0,-9.3D0,-7.495D0;                1163P    883
110,-3.9D0,-9.12D0,-7.495D0,-3.9D0,-9.3D0,-7.495D0;                 1165P    884
110,-3.72D0,-9.3D0,-7.495D0,-3.9D0,-9.3D0,-7.495D0;                 1167P    885
110,-3.72D0,-9.3D0,-7.495D0,-3.72D0,-9.12D0,-7.495D0;               1169P    886
110,-3.72D0,-9.12D0,-7.495D0,-3.9D0,-9.12D0,-7.495D0;               1171P    887
110,-3.49D0,-9.53D0,-6.765D0,-3.72D0,-9.3D0,-7.495D0;               1173P    888
110,-3.49D0,-9.53D0,-6.765D0,-4.13D0,-9.53D0,-6.765D0;              1175P    889
110,-4.13D0,-9.53D0,-1.643711915483D0,-3.49D0,-9.53D0,              1177P    890
-1.643711915483D0;                                                  1177P    891
110,-3.72D0,-9.12D0,-7.495D0,-3.49D0,-8.89D0,-6.765D0;              1179P    892
110,-4.13D0,-8.89D0,-6.765D0,-3.9D0,-9.12D0,-7.495D0;               1181P    893
110,-3.49D0,-8.89D0,-6.765D0,-4.13D0,-8.89D0,-6.765D0;              1183P    894
110,-4.13D0,-1.206871191548D1,-6.765D0,-3.9D0,-1.183871191548D1,    1185P    895
-7.495D0;                                                           1185P    896
110,-3.9D0,-1.166128808452D1,-7.495D0,-3.9D0,-1.183871191548D1,     1187P    897
-7.495D0;                                                           1187P    898
110,-3.72D0,-1.183871191548D1,-7.495D0,-3.9D0,-1.183871191548D1,    1189P    899
-7.495D0;                                                           1189P    900
110,-3.72D0,-1.183871191548D1,-7.495D0,-3.72D0,                     1191P    901
-1.166128808452D1,-7.495D0;                                         1191P    902
110,-3.72D0,-1.166128808452D1,-7.495D0,-3.9D0,-1.166128808452D1,    1193P    903
-7.495D0;                                                           1193P    904
110,-3.49D0,-1.206871191548D1,-6.765D0,-3.72D0,                     1195P    905
-1.183871191548D1,-7.495D0;                                         1195P    906
110,-3.49D0,-1.206871191548D1,-6.765D0,-4.13D0,                     1197P    907
-1.206871191548D1,-6.765D0;                                         1197P    908
110,-4.13D0,-1.206871191548D1,8.937119154832D-1,-3.49D0,            1199P    909
-1.206871191548D1,8.937119154832D-1;                                1199P    910
110,-4.13D0,-1.136871191548D1,1.593711915483D0,-3.49D0,             1201P    911
-1.136871191548D1,1.593711915483D0;                                 1201P    912
110,-3.72D0,-1.166128808452D1,-7.495D0,-3.49D0,                     1203P    913
-1.143128808452D1,-6.765D0;                                         1203P    914
110,-4.13D0,-1.143128808452D1,-6.765D0,-3.9D0,-1.166128808452D1,    1205P    915
-7.495D0;                                                           1205P    916
110,-3.49D0,-1.143128808452D1,-6.765D0,-4.13D0,                     1207P    917
-1.143128808452D1,-6.765D0;                                         1207P    918
110,-4.13D0,-1.143128808452D1,8.937119154832D-1,-3.49D0,            1209P    919
-1.143128808452D1,8.937119154832D-1;                                1209P    920
110,-4.13D0,-1.136871191548D1,9.562880845167D-1,-3.49D0,            1211P    921
-1.136871191548D1,9.562880845167D-1;                                1211P    922
110,-4.039293962492D0,-3.781224476965D0,4.395D0,-4.29D0,-7.11D0,    1213P    923
4.395D0;                                                            1213P    924
124,9.971758499664D-1,-7.510209213994D-2,0D0,-3.79D0,               1215P    925
7.510209213994D-2,9.971758499664D-1,0D0,-3.8D0,0D0,0D0,1D0,         1215P    926
4.395D0;                                                            1215P    927
100,0D0,0D0,0D0,2.5D-1,0D0,-2.471798378781D-1,3.744499628195D-2;    1217P    928
110,-3.29D0,-7.11D0,4.395D0,-3.540706037508D0,-3.781224476965D0,    1219P    929
4.395D0;                                                            1219P    930
110,-4.039293962492D0,-3.781224476965D0,4.445D0,                    1221P    931
-4.039293962492D0,-3.781224476965D0,4.395D0;                        1221P    932
110,-3.540706037508D0,-3.781224476965D0,4.445D0,                    1223P    933
-3.540706037508D0,-3.781224476965D0,4.395D0;                        1223P    934
110,8.89D0,-7.11D0,-4.445D0,-8.89D0,-7.11D0,-4.445D0;               1225P    935
110,8.89D0,0D0,-4.445D0,8.89D0,-7.11D0,-4.445D0;                    1227P    936
110,-8.89D0,-7.11D0,-4.445D0,-8.89D0,-7.11D0,4.445D0;               1229P    937
110,-8.89D0,0D0,-4.445D0,-8.89D0,-7.11D0,-4.445D0;                  1231P    938
502,360,-8.89D0,0D0,-4.445D0,-8.89D0,0D0,4.445D0,8.89D0,0D0,        1233P    939
4.445D0,8.89D0,0D0,-4.445D0,-4.695D0,-7.11D0,3.935D0,-7.365D0,      1233P    940
-7.11D0,3.935D0,-4.695D0,-7.11D0,2.92D0,4.695D0,-7.11D0,2.92D0,     1233P    941
4.695D0,-7.11D0,3.935D0,7.365D0,-7.11D0,3.935D0,7.365D0,-7.11D0,    1233P    942
-2.92D0,-7.365D0,-7.11D0,-2.92D0,-8.89D0,-7.11D0,-4.445D0,          1233P    943
-8.89D0,-7.11D0,4.445D0,8.89D0,-7.11D0,4.445D0,8.89D0,-7.11D0,      1233P    944
-4.445D0,-7.365D0,-9.27D0,3.935D0,-4.695D0,-9.27D0,3.935D0,         1233P    945
4.695D0,-9.27D0,3.935D0,7.365D0,-9.27D0,3.935D0,-7.62D0,-6.35D0,    1233P    946
-3.175D0,-7.62D0,-6.35D0,3.175D0,7.62D0,-6.35D0,3.175D0,7.62D0,     1233P    947
-6.35D0,-3.175D0,2.055D0,-7.11D0,4.445D0,2.055D0,0D0,4.445D0,       1233P    948
-2.055D0,-7.11D0,4.445D0,-2.055D0,0D0,4.445D0,2.055D0,-7.11D0,      1233P    949
3.175D0,-2.055D0,-7.11D0,3.175D0,2.055D0,-6.35D0,3.175D0,           1233P    950
-2.055D0,-6.35D0,3.175D0,-5.495D0,-9.27D0,-2.92D0,-5.495D0,         1233P    951
-9.27D0,2.92D0,-7.365D0,-9.27D0,2.92D0,7.365D0,-9.27D0,2.92D0,      1233P    952
5.495D0,-9.27D0,2.92D0,5.495D0,-9.27D0,-2.92D0,7.365D0,-8.89D0,     1233P    953
-2.92D0,7.365D0,-8.89D0,2.92D0,5.495D0,-8.89D0,-2.92D0,-5.495D0,    1233P    954
-8.89D0,-2.92D0,-7.365D0,-8.89D0,-2.92D0,-4.695D0,-9.27D0,          1233P    955
-2.92D0,-4.695D0,-8.89D0,-2.92D0,4.695D0,-9.27D0,-2.92D0,           1233P    956
4.695D0,-8.89D0,-2.92D0,-7.365D0,-8.89D0,2.92D0,-4.695D0,           1233P    957
-8.89D0,2.92D0,4.695D0,-8.89D0,2.92D0,-5.495D0,-8.89D0,2.92D0,      1233P    958
5.495D0,-8.89D0,2.92D0,-4.13D0,-1.136871191548D1,                   1233P    959
1.593711915483D0,-4.13D0,-1.206871191548D1,8.937119154832D-1,       1233P    960
-4.13D0,-1.143128808452D1,8.937119154832D-1,-4.13D0,                1233P    961
-1.136871191548D1,9.562880845167D-1,-3.49D0,-1.136871191548D1,      1233P    962
1.593711915483D0,-3.49D0,-1.206871191548D1,8.937119154832D-1,       1233P    963
-3.49D0,-1.143128808452D1,8.937119154832D-1,-3.49D0,                1233P    964
-1.136871191548D1,9.562880845167D-1,-4.13D0,-9.53D0,                1233P    965
-1.643711915483D0,-3.49D0,-9.53D0,-1.643711915483D0,-4.13D0,        1233P    966
-6.35D0,-1.583711915483D0,-4.13D0,-6.35D0,-9.462880845167D-1,       1233P    967
-4.13D0,-6.35D0,9.562880845167D-1,-4.13D0,-6.35D0,                  1233P    968
1.593711915483D0,-3.49D0,-6.35D0,-1.583711915483D0,-3.49D0,         1233P    969
-6.35D0,-9.462880845167D-1,-3.49D0,-6.35D0,9.562880845167D-1,       1233P    970
-3.49D0,-6.35D0,1.593711915483D0,-4.13D0,-8.89D0,-2.92D0,           1233P    971
-4.13D0,-8.89D0,-9.462880845167D-1,-3.49D0,-8.89D0,-2.92D0,         1233P    972
-3.49D0,-8.89D0,-9.462880845167D-1,-4.13D0,-8.89D0,                 1233P    973
1.593711915483D0,-3.49D0,-8.89D0,1.593711915483D0,-4.13D0,          1233P    974
-8.89D0,9.562880845167D-1,-3.49D0,-8.89D0,9.562880845167D-1,        1233P    975
-1.59D0,-1.136871191548D1,1.593711915483D0,-1.59D0,                 1233P    976
-1.206871191548D1,8.937119154832D-1,-1.59D0,-1.143128808452D1,      1233P    977
8.937119154832D-1,-1.59D0,-1.136871191548D1,9.562880845167D-1,      1233P    978
-9.5D-1,-1.136871191548D1,1.593711915483D0,-9.5D-1,                 1233P    979
-1.206871191548D1,8.937119154832D-1,-9.5D-1,-1.143128808452D1,      1233P    980
8.937119154832D-1,-9.5D-1,-1.136871191548D1,9.562880845167D-1,      1233P    981
-1.59D0,-9.53D0,-1.643711915483D0,-9.5D-1,-9.53D0,                  1233P    982
-1.643711915483D0,-1.59D0,-6.35D0,-1.583711915483D0,-1.59D0,        1233P    983
-6.35D0,-9.462880845167D-1,-1.59D0,-6.35D0,9.562880845167D-1,       1233P    984
-1.59D0,-6.35D0,1.593711915483D0,-9.5D-1,-6.35D0,                   1233P    985
-1.583711915483D0,-9.5D-1,-6.35D0,-9.462880845167D-1,-9.5D-1,       1233P    986
-6.35D0,9.562880845167D-1,-9.5D-1,-6.35D0,1.593711915483D0,         1233P    987
-1.59D0,-8.89D0,-2.92D0,-1.59D0,-8.89D0,-9.462880845167D-1,         1233P    988
-9.5D-1,-8.89D0,-2.92D0,-9.5D-1,-8.89D0,-9.462880845167D-1,         1233P    989
-1.59D0,-8.89D0,1.593711915483D0,-9.5D-1,-8.89D0,                   1233P    990
1.593711915483D0,-1.59D0,-8.89D0,9.562880845167D-1,-9.5D-1,         1233P    991
-8.89D0,9.562880845167D-1,9.5D-1,-1.136871191548D1,                 1233P    992
1.593711915483D0,9.5D-1,-1.206871191548D1,8.937119154832D-1,        1233P    993
9.5D-1,-1.143128808452D1,8.937119154832D-1,9.5D-1,                  1233P    994
-1.136871191548D1,9.562880845167D-1,1.59D0,-1.136871191548D1,       1233P    995
1.593711915483D0,1.59D0,-1.206871191548D1,8.937119154832D-1,        1233P    996
1.59D0,-1.143128808452D1,8.937119154832D-1,1.59D0,                  1233P    997
-1.136871191548D1,9.562880845167D-1,9.5D-1,-9.53D0,                 1233P    998
-1.643711915483D0,1.59D0,-9.53D0,-1.643711915483D0,9.5D-1,          1233P    999
-6.35D0,-1.583711915483D0,9.5D-1,-6.35D0,-9.462880845167D-1,        1233P   1000
9.5D-1,-6.35D0,9.562880845167D-1,9.5D-1,-6.35D0,                    1233P   1001
1.593711915483D0,1.59D0,-6.35D0,-1.583711915483D0,1.59D0,           1233P   1002
-6.35D0,-9.462880845167D-1,1.59D0,-6.35D0,9.562880845167D-1,        1233P   1003
1.59D0,-6.35D0,1.593711915483D0,9.5D-1,-8.89D0,-2.92D0,9.5D-1,      1233P   1004
-8.89D0,-9.462880845167D-1,1.59D0,-8.89D0,-2.92D0,1.59D0,           1233P   1005
-8.89D0,-9.462880845167D-1,9.5D-1,-8.89D0,1.593711915483D0,         1233P   1006
1.59D0,-8.89D0,1.593711915483D0,9.5D-1,-8.89D0,                     1233P   1007
9.562880845167D-1,1.59D0,-8.89D0,9.562880845167D-1,3.49D0,          1233P   1008
-1.136871191548D1,1.593711915483D0,3.49D0,-1.206871191548D1,        1233P   1009
8.937119154832D-1,3.49D0,-1.143128808452D1,8.937119154832D-1,       1233P   1010
3.49D0,-1.136871191548D1,9.562880845167D-1,4.13D0,                  1233P   1011
-1.136871191548D1,1.593711915483D0,4.13D0,-1.206871191548D1,        1233P   1012
8.937119154832D-1,4.13D0,-1.143128808452D1,8.937119154832D-1,       1233P   1013
4.13D0,-1.136871191548D1,9.562880845167D-1,3.49D0,-9.53D0,          1233P   1014
-1.643711915483D0,4.13D0,-9.53D0,-1.643711915483D0,3.49D0,          1233P   1015
-6.35D0,-1.583711915483D0,3.49D0,-6.35D0,-9.462880845167D-1,        1233P   1016
3.49D0,-6.35D0,9.562880845167D-1,3.49D0,-6.35D0,                    1233P   1017
1.593711915483D0,4.13D0,-6.35D0,-1.583711915483D0,4.13D0,           1233P   1018
-6.35D0,-9.462880845167D-1,4.13D0,-6.35D0,9.562880845167D-1,        1233P   1019
4.13D0,-6.35D0,1.593711915483D0,3.49D0,-8.89D0,-2.92D0,3.49D0,      1233P   1020
-8.89D0,-9.462880845167D-1,4.13D0,-8.89D0,-2.92D0,4.13D0,           1233P   1021
-8.89D0,-9.462880845167D-1,3.49D0,-8.89D0,1.593711915483D0,         1233P   1022
4.13D0,-8.89D0,1.593711915483D0,3.49D0,-8.89D0,                     1233P   1023
9.562880845167D-1,4.13D0,-8.89D0,9.562880845167D-1,-2.92D0,         1233P   1024
-9.27D0,2.92D0,-2.16D0,-9.27D0,2.92D0,-2.16D0,-9.27D0,-2.92D0,      1233P   1025
-2.92D0,-9.27D0,-2.92D0,-2.92D0,-8.89D0,2.92D0,-2.16D0,-8.89D0,     1233P   1026
2.92D0,-2.92D0,-8.89D0,-2.92D0,-2.16D0,-8.89D0,-2.92D0,-3.8D-1,     1233P   1027
-9.27D0,2.92D0,3.8D-1,-9.27D0,2.92D0,-3.8D-1,-9.27D0,-2.92D0,       1233P   1028
3.8D-1,-9.27D0,-2.92D0,-3.8D-1,-8.89D0,2.92D0,3.8D-1,-8.89D0,       1233P   1029
2.92D0,-3.8D-1,-8.89D0,-2.92D0,3.8D-1,-8.89D0,-2.92D0,2.16D0,       1233P   1030
-9.27D0,2.92D0,2.92D0,-9.27D0,2.92D0,2.16D0,-9.27D0,-2.92D0,        1233P   1031
2.92D0,-9.27D0,-2.92D0,2.16D0,-8.89D0,2.92D0,2.92D0,-8.89D0,        1233P   1032
2.92D0,2.16D0,-8.89D0,-2.92D0,2.92D0,-8.89D0,-2.92D0,-3.9D0,        1233P   1033
-2.5D-1,1.363711915483D0,-3.9D0,-2.5D-1,1.186288084517D0,           1233P   1034
-4.13D0,-9.8D-1,1.593711915483D0,-4.13D0,-9.8D-1,                   1233P   1035
9.562880845167D-1,-3.49D0,-9.8D-1,9.562880845167D-1,-3.72D0,        1233P   1036
-2.5D-1,1.186288084517D0,-3.49D0,-9.8D-1,1.593711915483D0,          1233P   1037
-3.72D0,-2.5D-1,1.363711915483D0,-3.9D0,-2.5D-1,                    1233P   1038
-1.176288084517D0,-3.9D0,-2.5D-1,-1.353711915483D0,-4.13D0,         1233P   1039
-9.8D-1,-9.462880845167D-1,-4.13D0,-9.8D-1,-1.583711915483D0,       1233P   1040
-3.72D0,-2.5D-1,-1.353711915483D0,-3.49D0,-9.8D-1,                  1233P   1041
-1.583711915483D0,-3.49D0,-9.8D-1,-9.462880845167D-1,-3.72D0,       1233P   1042
-2.5D-1,-1.176288084517D0,-3.9D0,-9.12D0,-7.495D0,-3.9D0,-9.3D0,    1233P   1043
-7.495D0,-4.13D0,-8.89D0,-6.765D0,-4.13D0,-9.53D0,-6.765D0,         1233P   1044
-3.49D0,-9.53D0,-6.765D0,-3.72D0,-9.3D0,-7.495D0,-3.49D0,           1233P   1045
-8.89D0,-6.765D0,-3.72D0,-9.12D0,-7.495D0,-3.9D0,                   1233P   1046
-1.166128808452D1,-7.495D0,-3.9D0,-1.183871191548D1,-7.495D0,       1233P   1047
-4.13D0,-1.143128808452D1,-6.765D0,-4.13D0,-1.206871191548D1,       1233P   1048
-6.765D0,-3.49D0,-1.206871191548D1,-6.765D0,-3.72D0,                1233P   1049
-1.183871191548D1,-7.495D0,-3.49D0,-1.143128808452D1,-6.765D0,      1233P   1050
-3.72D0,-1.166128808452D1,-7.495D0,-1.36D0,-2.5D-1,                 1233P   1051
1.363711915483D0,-1.36D0,-2.5D-1,1.186288084517D0,-1.59D0,          1233P   1052
-9.8D-1,1.593711915483D0,-1.59D0,-9.8D-1,9.562880845167D-1,         1233P   1053
-9.5D-1,-9.8D-1,9.562880845167D-1,-1.18D0,-2.5D-1,                  1233P   1054
1.186288084517D0,-9.5D-1,-9.8D-1,1.593711915483D0,-1.18D0,          1233P   1055
-2.5D-1,1.363711915483D0,-1.36D0,-2.5D-1,-1.176288084517D0,         1233P   1056
-1.36D0,-2.5D-1,-1.353711915483D0,-1.59D0,-9.8D-1,                  1233P   1057
-9.462880845167D-1,-1.59D0,-9.8D-1,-1.583711915483D0,-1.18D0,       1233P   1058
-2.5D-1,-1.353711915483D0,-9.5D-1,-9.8D-1,-1.583711915483D0,        1233P   1059
-9.5D-1,-9.8D-1,-9.462880845167D-1,-1.18D0,-2.5D-1,                 1233P   1060
-1.176288084517D0,-1.36D0,-9.12D0,-7.495D0,-1.36D0,-9.3D0,          1233P   1061
-7.495D0,-1.59D0,-8.89D0,-6.765D0,-1.59D0,-9.53D0,-6.765D0,         1233P   1062
-9.5D-1,-9.53D0,-6.765D0,-1.18D0,-9.3D0,-7.495D0,-9.5D-1,           1233P   1063
-8.89D0,-6.765D0,-1.18D0,-9.12D0,-7.495D0,-1.36D0,                  1233P   1064
-1.166128808452D1,-7.495D0,-1.36D0,-1.183871191548D1,-7.495D0,      1233P   1065
-1.59D0,-1.143128808452D1,-6.765D0,-1.59D0,-1.206871191548D1,       1233P   1066
-6.765D0,-9.5D-1,-1.206871191548D1,-6.765D0,-1.18D0,                1233P   1067
-1.183871191548D1,-7.495D0,-9.5D-1,-1.143128808452D1,-6.765D0,      1233P   1068
-1.18D0,-1.166128808452D1,-7.495D0,1.18D0,-2.5D-1,                  1233P   1069
1.363711915483D0,1.18D0,-2.5D-1,1.186288084517D0,9.5D-1,-9.8D-1,    1233P   1070
1.593711915483D0,9.5D-1,-9.8D-1,9.562880845167D-1,1.59D0,           1233P   1071
-9.8D-1,9.562880845167D-1,1.36D0,-2.5D-1,1.186288084517D0,          1233P   1072
1.59D0,-9.8D-1,1.593711915483D0,1.36D0,-2.5D-1,1.363711915483D0,    1233P   1073
1.18D0,-2.5D-1,-1.176288084517D0,1.18D0,-2.5D-1,                    1233P   1074
-1.353711915483D0,9.5D-1,-9.8D-1,-9.462880845167D-1,9.5D-1,         1233P   1075
-9.8D-1,-1.583711915483D0,1.36D0,-2.5D-1,-1.353711915483D0,         1233P   1076
1.59D0,-9.8D-1,-1.583711915483D0,1.59D0,-9.8D-1,                    1233P   1077
-9.462880845167D-1,1.36D0,-2.5D-1,-1.176288084517D0,1.18D0,         1233P   1078
-9.12D0,-7.495D0,1.18D0,-9.3D0,-7.495D0,9.5D-1,-8.89D0,-6.765D0,    1233P   1079
9.5D-1,-9.53D0,-6.765D0,1.59D0,-9.53D0,-6.765D0,1.36D0,-9.3D0,      1233P   1080
-7.495D0,1.59D0,-8.89D0,-6.765D0,1.36D0,-9.12D0,-7.495D0,1.18D0,    1233P   1081
-1.166128808452D1,-7.495D0,1.18D0,-1.183871191548D1,-7.495D0,       1233P   1082
9.5D-1,-1.143128808452D1,-6.765D0,9.5D-1,-1.206871191548D1,         1233P   1083
-6.765D0,1.59D0,-1.206871191548D1,-6.765D0,1.36D0,                  1233P   1084
-1.183871191548D1,-7.495D0,1.59D0,-1.143128808452D1,-6.765D0,       1233P   1085
1.36D0,-1.166128808452D1,-7.495D0,3.72D0,-2.5D-1,                   1233P   1086
1.363711915483D0,3.72D0,-2.5D-1,1.186288084517D0,3.49D0,-9.8D-1,    1233P   1087
1.593711915483D0,3.49D0,-9.8D-1,9.562880845167D-1,4.13D0,           1233P   1088
-9.8D-1,9.562880845167D-1,3.9D0,-2.5D-1,1.186288084517D0,4.13D0,    1233P   1089
-9.8D-1,1.593711915483D0,3.9D0,-2.5D-1,1.363711915483D0,3.72D0,     1233P   1090
-2.5D-1,-1.176288084517D0,3.72D0,-2.5D-1,-1.353711915483D0,         1233P   1091
3.49D0,-9.8D-1,-9.462880845167D-1,3.49D0,-9.8D-1,                   1233P   1092
-1.583711915483D0,3.9D0,-2.5D-1,-1.353711915483D0,4.13D0,           1233P   1093
-9.8D-1,-1.583711915483D0,4.13D0,-9.8D-1,-9.462880845167D-1,        1233P   1094
3.9D0,-2.5D-1,-1.176288084517D0,3.72D0,-9.12D0,-7.495D0,3.72D0,     1233P   1095
-9.3D0,-7.495D0,3.49D0,-8.89D0,-6.765D0,3.49D0,-9.53D0,-6.765D0,    1233P   1096
4.13D0,-9.53D0,-6.765D0,3.9D0,-9.3D0,-7.495D0,4.13D0,-8.89D0,       1233P   1097
-6.765D0,3.9D0,-9.12D0,-7.495D0,3.72D0,-1.166128808452D1,           1233P   1098
-7.495D0,3.72D0,-1.183871191548D1,-7.495D0,3.49D0,                  1233P   1099
-1.143128808452D1,-6.765D0,3.49D0,-1.206871191548D1,-6.765D0,       1233P   1100
4.13D0,-1.206871191548D1,-6.765D0,3.9D0,-1.183871191548D1,          1233P   1101
-7.495D0,4.13D0,-1.143128808452D1,-6.765D0,3.9D0,                   1233P   1102
-1.166128808452D1,-7.495D0,4.695D0,-7.77D0,-3.9D-1,4.695D0,         1233P   1103
-7.77D0,3.9D-1,-4.695D0,-7.77D0,3.9D-1,-4.695D0,-7.77D0,-3.9D-1,    1233P   1104
4.695D0,-8.89D0,3.9D-1,2.92D0,-8.89D0,3.9D-1,2.16D0,-8.89D0,        1233P   1105
3.9D-1,3.8D-1,-8.89D0,3.9D-1,-3.8D-1,-8.89D0,3.9D-1,-2.16D0,        1233P   1106
-8.89D0,3.9D-1,-2.92D0,-8.89D0,3.9D-1,-4.695D0,-8.89D0,3.9D-1,      1233P   1107
-4.695D0,-8.89D0,-3.9D-1,-2.92D0,-8.89D0,-3.9D-1,-2.16D0,           1233P   1108
-8.89D0,-3.9D-1,-3.8D-1,-8.89D0,-3.9D-1,3.8D-1,-8.89D0,-3.9D-1,     1233P   1109
2.16D0,-8.89D0,-3.9D-1,2.92D0,-8.89D0,-3.9D-1,4.695D0,-8.89D0,      1233P   1110
-3.9D-1,-2.92D0,-9.27D0,3.9D-1,-2.92D0,-9.27D0,-3.9D-1,-2.16D0,     1233P   1111
-9.27D0,3.9D-1,-2.16D0,-9.27D0,-3.9D-1,-3.8D-1,-9.27D0,3.9D-1,      1233P   1112
-3.8D-1,-9.27D0,-3.9D-1,3.8D-1,-9.27D0,3.9D-1,3.8D-1,-9.27D0,       1233P   1113
-3.9D-1,2.16D0,-9.27D0,3.9D-1,2.16D0,-9.27D0,-3.9D-1,2.92D0,        1233P   1114
-9.27D0,3.9D-1,2.92D0,-9.27D0,-3.9D-1,-3.540706037508D0,            1233P   1115
-3.781224476965D0,4.395D0,-4.039293962492D0,-3.781224476965D0,      1233P   1116
4.395D0,-3.29D0,-7.11D0,4.445D0,-3.540706037508D0,                  1233P   1117
-3.781224476965D0,4.445D0,-4.039293962492D0,-3.781224476965D0,      1233P   1118
4.445D0,-4.29D0,-7.11D0,4.445D0,-4.29D0,-7.11D0,4.395D0,-3.29D0,    1233P   1119
-7.11D0,4.395D0,7.62D0,-7.6D-1,3.175D0,2.055D0,-7.6D-1,3.175D0,     1233P   1120
8D0,0D0,3.555D0,2.055D0,0D0,3.555D0,-2.055D0,-7.6D-1,3.175D0,       1233P   1121
-7.62D0,-7.6D-1,3.175D0,-2.055D0,0D0,3.555D0,-8D0,0D0,3.555D0,      1233P   1122
-7.62D0,-7.6D-1,-3.175D0,7.62D0,-7.6D-1,-3.175D0,-8D0,0D0,          1233P   1123
-3.555D0,8D0,0D0,-3.555D0;                                          1233P   1124
504,579,37,1233,1,1233,2,41,1233,3,1233,4,39,1233,4,1233,1,83,      1235P   1125
1233,5,1233,6,97,1233,7,1233,5,95,1233,8,1233,7,93,1233,9,1233,     1235P   1126
8,91,1233,10,1233,9,89,1233,11,1233,10,87,1233,12,1233,11,85,       1235P   1127
1233,6,1233,12,1229,1233,13,1233,14,79,1233,15,1233,16,1225,        1235P   1128
1233,16,1233,13,1231,1233,1,1233,13,73,1233,2,1233,14,81,1233,3,    1235P   1129
1233,15,1227,1233,4,1233,16,119,1233,17,1233,18,123,1233,19,        1235P   1130
1233,20,111,1233,17,1233,6,323,1233,18,1233,5,309,1233,19,1233,     1235P   1131
9,305,1233,20,1233,10,529,1233,21,1233,22,533,1233,23,1233,24,      1235P   1132
531,1233,24,1233,21,59,1233,25,1233,26,75,1233,27,1233,28,107,      1235P   1133
1233,25,1233,29,105,1233,29,1233,30,103,1233,27,1233,30,525,        1235P   1134
1233,31,1233,32,35,1233,2,1233,28,43,1233,26,1233,3,61,1233,25,     1235P   1135
1233,15,527,1233,22,1233,32,535,1233,31,1233,23,601,1233,31,        1235P   1136
1233,29,605,1233,32,1233,30,113,1233,33,1233,34,115,1233,35,        1235P   1137
1233,34,127,1233,36,1233,37,129,1233,38,1233,37,301,1233,39,        1235P   1138
1233,40,303,1233,36,1233,40,151,1233,39,1233,41,155,1233,42,        1235P   1139
1233,43,157,1233,33,1233,42,159,1233,44,1233,45,147,1233,46,        1235P   1140
1233,47,149,1233,38,1233,41,423,1233,43,1233,48,427,1233,35,        1235P   1141
1233,48,125,1233,20,1233,36,131,1233,38,1233,46,121,1233,44,        1235P   1142
1233,33,117,1233,35,1233,17,365,1233,49,1233,7,313,1233,50,1233,    1235P   1143
8,153,1233,39,1233,11,425,1233,43,1233,12,195,1233,42,1233,51,      1235P   1144
193,1233,51,1233,48,191,1233,40,1233,52,189,1233,52,1233,41,429,    1235P   1145
1233,34,1233,51,307,1233,37,1233,52,321,1233,44,1233,18,315,        1235P   1146
1233,19,1233,46,519,1233,53,1233,54,511,1233,55,1233,56,459,        1235P   1147
1233,57,1233,58,467,1233,59,1233,60,1177,1233,61,1233,62,1201,      1235P   1148
1233,53,1233,57,1199,1233,54,1233,58,1209,1233,55,1233,59,1211,     1235P   1149
1233,56,1233,60,537,1233,63,1233,64,545,1233,65,1233,66,541,        1235P   1150
1233,67,1233,68,549,1233,69,1233,70,539,1233,64,1233,68,543,        1235P   1151
1233,63,1233,67,547,1233,66,1233,70,551,1233,65,1233,69,261,        1235P   1152
1233,71,1233,72,257,1233,73,1233,74,197,1233,75,1233,76,201,        1235P   1153
1233,77,1233,78,515,1233,75,1233,53,513,1233,56,1233,77,461,        1235P   1154
1233,76,1233,57,463,1233,60,1233,78,689,1233,79,1233,80,681,        1235P   1155
1233,81,1233,82,735,1233,83,1233,84,743,1233,85,1233,86,791,        1235P   1156
1233,87,1233,88,815,1233,79,1233,83,813,1233,80,1233,84,819,        1235P   1157
1233,81,1233,85,821,1233,82,1233,86,553,1233,89,1233,90,561,        1235P   1158
1233,91,1233,92,557,1233,93,1233,94,565,1233,95,1233,96,555,        1235P   1159
1233,90,1233,94,559,1233,89,1233,93,563,1233,92,1233,96,567,        1235P   1160
1233,91,1233,95,273,1233,97,1233,98,269,1233,99,1233,100,205,       1235P   1161
1233,101,1233,102,209,1233,103,1233,104,685,1233,101,1233,79,       1235P   1162
683,1233,82,1233,103,737,1233,102,1233,83,739,1233,86,1233,104,     1235P   1163
859,1233,105,1233,106,851,1233,107,1233,108,905,1233,109,1233,      1235P   1164
110,913,1233,111,1233,112,961,1233,113,1233,114,985,1233,105,       1235P   1165
1233,109,983,1233,106,1233,110,989,1233,107,1233,111,991,1233,      1235P   1166
108,1233,112,569,1233,115,1233,116,577,1233,117,1233,118,573,       1235P   1167
1233,119,1233,120,581,1233,121,1233,122,571,1233,116,1233,120,      1235P   1168
575,1233,115,1233,119,579,1233,118,1233,122,583,1233,117,1233,      1235P   1169
121,285,1233,123,1233,124,281,1233,125,1233,126,213,1233,127,       1235P   1170
1233,128,217,1233,129,1233,130,855,1233,127,1233,105,853,1233,      1235P   1171
108,1233,129,907,1233,128,1233,109,909,1233,112,1233,130,1029,      1235P   1172
1233,131,1233,132,1021,1233,133,1233,134,1075,1233,135,1233,136,    1235P   1173
1083,1233,137,1233,138,1131,1233,139,1233,140,1155,1233,131,        1235P   1174
1233,135,1153,1233,132,1233,136,1159,1233,133,1233,137,1161,        1235P   1175
1233,134,1233,138,585,1233,141,1233,142,593,1233,143,1233,144,      1235P   1176
589,1233,145,1233,146,597,1233,147,1233,148,587,1233,142,1233,      1235P   1177
146,591,1233,141,1233,145,595,1233,144,1233,148,599,1233,143,       1235P   1178
1233,147,297,1233,149,1233,150,293,1233,151,1233,152,221,1233,      1235P   1179
153,1233,154,225,1233,155,1233,156,1025,1233,153,1233,131,1023,     1235P   1180
1233,134,1233,155,1077,1233,154,1233,135,1079,1233,138,1233,156,    1235P   1181
359,1233,157,1233,158,169,1233,159,1233,160,363,1233,49,1233,       1235P   1182
161,361,1233,161,1233,157,357,1233,158,1233,162,167,1233,163,       1235P   1183
1233,160,171,1233,159,1233,164,351,1233,165,1233,166,181,1233,      1235P   1184
167,1233,168,355,1233,162,1233,169,353,1233,169,1233,165,349,       1235P   1185
1233,166,1233,170,179,1233,171,1233,167,183,1233,168,1233,172,      1235P   1186
343,1233,173,1233,174,137,1233,175,1233,176,347,1233,170,1233,      1235P   1187
177,339,1233,178,1233,50,345,1233,177,1233,173,341,1233,174,        1235P   1188
1233,178,135,1233,179,1233,175,139,1233,176,1233,180,259,1233,      1235P   1189
72,1233,74,501,1233,72,1233,61,449,1233,74,1233,62,271,1233,98,     1235P   1190
1233,100,671,1233,98,1233,87,725,1233,100,1233,88,283,1233,124,     1235P   1191
1233,126,841,1233,124,1233,113,895,1233,126,1233,114,295,1233,      1235P   1192
150,1233,152,1011,1233,150,1233,139,1065,1233,152,1233,140,475,     1235P   1193
1233,181,1233,182,483,1233,183,1233,184,647,1233,185,1233,184,      1235P   1194
477,1233,186,1233,182,431,1233,185,1233,187,479,1233,186,1233,      1235P   1195
188,481,1233,188,1233,181,523,1233,187,1233,183,631,1233,189,       1235P   1196
1233,190,489,1233,191,1233,192,633,1233,193,1233,190,643,1233,      1235P   1197
194,1233,192,437,1233,194,1233,195,635,1233,193,1233,196,637,       1235P   1198
1233,196,1233,189,627,1233,195,1233,191,1165,1233,197,1233,198,     1235P   1199
495,1233,199,1233,200,1175,1233,201,1233,200,1167,1233,202,1233,    1235P   1200
198,443,1233,201,1233,203,1169,1233,202,1233,204,1171,1233,204,     1235P   1201
1233,197,1183,1233,203,1233,199,1187,1233,205,1233,206,505,1233,    1235P   1202
207,1233,208,1197,1233,209,1233,208,1189,1233,210,1233,206,453,     1235P   1203
1233,209,1233,211,1191,1233,210,1233,212,1193,1233,212,1233,205,    1235P   1204
1207,1233,211,1233,207,503,1233,61,1233,200,521,1233,54,1233,       1235P   1205
208,507,1233,207,1233,55,445,1233,62,1233,201,455,1233,58,1233,     1235P   1206
209,469,1233,211,1233,59,491,1233,191,1233,64,493,1233,63,1233,     1235P   1207
192,485,1233,183,1233,66,487,1233,65,1233,184,441,1233,195,1233,    1235P   1208
68,439,1233,67,1233,194,435,1233,187,1233,70,433,1233,69,1233,      1235P   1209
185,471,1233,188,1233,187,649,1233,185,1233,186,473,1233,183,       1235P   1210
1233,181,651,1233,182,1233,184,645,1233,195,1233,196,641,1233,      1235P   1211
194,1233,193,629,1233,191,1233,189,639,1233,192,1233,190,1179,      1235P   1212
1233,204,1233,203,1173,1233,201,1233,202,1181,1233,199,1233,197,    1235P   1213
1163,1233,200,1233,198,1203,1233,212,1233,211,1195,1233,209,        1235P   1214
1233,210,1205,1233,207,1233,205,1185,1233,208,1233,206,693,1233,    1235P   1215
213,1233,214,653,1233,215,1233,216,705,1233,217,1233,216,695,       1235P   1216
1233,218,1233,214,707,1233,217,1233,219,697,1233,218,1233,220,      1235P   1217
699,1233,220,1233,213,751,1233,219,1233,215,757,1233,221,1233,      1235P   1218
222,659,1233,223,1233,224,759,1233,225,1233,222,769,1233,226,       1235P   1219
1233,224,713,1233,226,1233,227,761,1233,225,1233,228,763,1233,      1235P   1220
228,1233,221,771,1233,227,1233,223,777,1233,229,1233,230,665,       1235P   1221
1233,231,1233,232,789,1233,233,1233,232,779,1233,234,1233,230,      1235P   1222
719,1233,233,1233,235,781,1233,234,1233,236,783,1233,236,1233,      1235P   1223
229,793,1233,235,1233,231,799,1233,237,1233,238,675,1233,239,       1235P   1224
1233,240,811,1233,241,1233,240,801,1233,242,1233,238,729,1233,      1235P   1225
241,1233,243,803,1233,242,1233,244,805,1233,244,1233,237,817,       1235P   1226
1233,243,1233,239,673,1233,87,1233,232,691,1233,80,1233,240,677,    1235P   1227
1233,239,1233,81,721,1233,88,1233,233,731,1233,84,1233,241,745,     1235P   1228
1233,243,1233,85,661,1233,223,1233,90,663,1233,89,1233,224,655,     1235P   1229
1233,215,1233,92,657,1233,91,1233,216,717,1233,227,1233,94,715,     1235P   1230
1233,93,1233,226,711,1233,219,1233,96,709,1233,95,1233,217,747,     1235P   1231
1233,220,1233,219,701,1233,217,1233,218,749,1233,215,1233,213,      1235P   1232
703,1233,214,1233,216,753,1233,227,1233,228,767,1233,226,1233,      1235P   1233
225,755,1233,223,1233,221,765,1233,224,1233,222,773,1233,236,       1235P   1234
1233,235,787,1233,233,1233,234,775,1233,231,1233,229,785,1233,      1235P   1235
232,1233,230,795,1233,244,1233,243,809,1233,241,1233,242,797,       1235P   1236
1233,239,1233,237,807,1233,240,1233,238,863,1233,245,1233,246,      1235P   1237
823,1233,247,1233,248,875,1233,249,1233,248,865,1233,250,1233,      1235P   1238
246,877,1233,249,1233,251,867,1233,250,1233,252,869,1233,252,       1235P   1239
1233,245,921,1233,251,1233,247,927,1233,253,1233,254,829,1233,      1235P   1240
255,1233,256,929,1233,257,1233,254,939,1233,258,1233,256,883,       1235P   1241
1233,258,1233,259,931,1233,257,1233,260,933,1233,260,1233,253,      1235P   1242
941,1233,259,1233,255,947,1233,261,1233,262,835,1233,263,1233,      1235P   1243
264,959,1233,265,1233,264,949,1233,266,1233,262,889,1233,265,       1235P   1244
1233,267,951,1233,266,1233,268,953,1233,268,1233,261,963,1233,      1235P   1245
267,1233,263,969,1233,269,1233,270,845,1233,271,1233,272,981,       1235P   1246
1233,273,1233,272,971,1233,274,1233,270,899,1233,273,1233,275,      1235P   1247
973,1233,274,1233,276,975,1233,276,1233,269,987,1233,275,1233,      1235P   1248
271,843,1233,113,1233,264,861,1233,106,1233,272,847,1233,271,       1235P   1249
1233,107,891,1233,114,1233,265,901,1233,110,1233,273,915,1233,      1235P   1250
275,1233,111,831,1233,255,1233,116,833,1233,115,1233,256,825,       1235P   1251
1233,247,1233,118,827,1233,117,1233,248,887,1233,259,1233,120,      1235P   1252
885,1233,119,1233,258,881,1233,251,1233,122,879,1233,121,1233,      1235P   1253
249,917,1233,252,1233,251,871,1233,249,1233,250,919,1233,247,       1235P   1254
1233,245,873,1233,246,1233,248,923,1233,259,1233,260,937,1233,      1235P   1255
258,1233,257,925,1233,255,1233,253,935,1233,256,1233,254,943,       1235P   1256
1233,268,1233,267,957,1233,265,1233,266,945,1233,263,1233,261,      1235P   1257
955,1233,264,1233,262,965,1233,276,1233,275,979,1233,273,1233,      1235P   1258
274,967,1233,271,1233,269,977,1233,272,1233,270,1033,1233,277,      1235P   1259
1233,278,993,1233,279,1233,280,1045,1233,281,1233,280,1035,1233,    1235P   1260
282,1233,278,1047,1233,281,1233,283,1037,1233,282,1233,284,1039,    1235P   1261
1233,284,1233,277,1091,1233,283,1233,279,1097,1233,285,1233,286,    1235P   1262
999,1233,287,1233,288,1099,1233,289,1233,286,1109,1233,290,1233,    1235P   1263
288,1053,1233,290,1233,291,1101,1233,289,1233,292,1103,1233,292,    1235P   1264
1233,285,1111,1233,291,1233,287,1117,1233,293,1233,294,1005,        1235P   1265
1233,295,1233,296,1129,1233,297,1233,296,1119,1233,298,1233,294,    1235P   1266
1059,1233,297,1233,299,1121,1233,298,1233,300,1123,1233,300,        1235P   1267
1233,293,1133,1233,299,1233,295,1139,1233,301,1233,302,1015,        1235P   1268
1233,303,1233,304,1151,1233,305,1233,304,1141,1233,306,1233,302,    1235P   1269
1069,1233,305,1233,307,1143,1233,306,1233,308,1145,1233,308,        1235P   1270
1233,301,1157,1233,307,1233,303,1013,1233,139,1233,296,1031,        1235P   1271
1233,132,1233,304,1017,1233,303,1233,133,1061,1233,140,1233,297,    1235P   1272
1071,1233,136,1233,305,1085,1233,307,1233,137,1001,1233,287,        1235P   1273
1233,142,1003,1233,141,1233,288,995,1233,279,1233,144,997,1233,     1235P   1274
143,1233,280,1057,1233,291,1233,146,1055,1233,145,1233,290,1051,    1235P   1275
1233,283,1233,148,1049,1233,147,1233,281,1087,1233,284,1233,283,    1235P   1276
1041,1233,281,1233,282,1089,1233,279,1233,277,1043,1233,278,        1235P   1277
1233,280,1093,1233,291,1233,292,1107,1233,290,1233,289,1095,        1235P   1278
1233,287,1233,285,1105,1233,288,1233,286,1113,1233,300,1233,299,    1235P   1279
1127,1233,297,1233,298,1115,1233,295,1233,293,1125,1233,296,        1235P   1280
1233,294,1135,1233,308,1233,307,1149,1233,305,1233,306,1137,        1235P   1281
1233,303,1233,301,1147,1233,304,1233,302,327,1233,309,1233,310,     1235P   1282
333,1233,310,1233,311,331,1233,311,1233,312,329,1233,312,1233,      1235P   1283
309,229,1233,313,1233,314,235,1233,315,1233,316,241,1233,317,       1235P   1284
1233,318,247,1233,319,1233,320,253,1233,321,1233,322,265,1233,      1235P   1285
323,1233,324,277,1233,325,1233,326,289,1233,327,1233,328,335,       1235P   1286
1233,319,1233,329,337,1233,322,1233,330,415,1233,329,1233,331,      1235P   1287
419,1233,330,1233,332,407,1233,331,1233,318,411,1233,332,1233,      1235P   1288
323,403,1233,317,1233,333,405,1233,324,1233,334,395,1233,333,       1235P   1289
1233,335,399,1233,334,1233,336,387,1233,335,1233,316,391,1233,      1235P   1290
336,1233,325,383,1233,315,1233,337,385,1233,326,1233,338,375,       1235P   1291
1233,337,1233,339,379,1233,338,1233,340,367,1233,339,1233,314,      1235P   1292
371,1233,340,1233,327,249,1233,49,1233,320,263,1233,321,1233,45,    1235P   1293
291,1233,47,1233,328,233,1233,313,1233,50,421,1233,160,1233,330,    1235P   1294
417,1233,329,1233,157,413,1233,159,1233,332,409,1233,331,1233,      1235P   1295
158,255,1233,163,1233,322,251,1233,319,1233,161,275,1233,164,       1235P   1296
1233,323,243,1233,318,1233,162,397,1233,165,1233,333,401,1233,      1235P   1297
334,1233,167,389,1233,166,1233,335,393,1233,336,1233,168,267,       1235P   1298
1233,171,1233,324,245,1233,317,1233,169,287,1233,172,1233,325,      1235P   1299
237,1233,316,1233,170,377,1233,173,1233,337,381,1233,338,1233,      1235P   1300
175,369,1233,174,1233,339,373,1233,340,1233,176,279,1233,179,       1235P   1301
1233,326,239,1233,315,1233,177,299,1233,180,1233,327,231,1233,      1235P   1302
314,1233,178,311,1233,328,1233,309,325,1233,313,1233,310,319,       1235P   1303
1233,320,1233,311,317,1233,321,1233,312,163,1233,71,1233,73,199,    1235P   1304
1233,77,1233,75,203,1233,78,1233,76,161,1233,71,1233,45,175,        1235P   1305
1233,97,1233,99,207,1233,103,1233,101,211,1233,104,1233,102,187,    1235P   1306
1233,123,1233,125,215,1233,129,1233,127,219,1233,130,1233,128,      1235P   1307
143,1233,149,1233,151,223,1233,155,1233,153,227,1233,156,1233,      1235P   1308
154,145,1233,47,1233,151,173,1233,97,1233,164,165,1233,163,1233,    1235P   1309
73,185,1233,123,1233,172,177,1233,171,1233,99,141,1233,149,1233,    1235P   1310
180,133,1233,179,1233,125,497,1233,199,1233,71,451,1233,203,        1235P   1311
1233,73,667,1233,231,1233,97,727,1233,235,1233,99,837,1233,263,     1235P   1312
1233,123,897,1233,267,1233,125,1007,1233,295,1233,149,1067,1233,    1235P   1313
299,1233,151,1217,1233,341,1233,342,63,1233,343,1233,344,67,        1235P   1314
1233,344,1233,345,69,1233,345,1233,346,99,1233,347,1233,348,101,    1235P   1315
1233,343,1233,348,109,1233,346,1233,347,71,1233,14,1233,346,77,     1235P   1316
1233,343,1233,27,1219,1233,348,1233,341,1213,1233,342,1233,347,     1235P   1317
1223,1233,344,1233,341,1221,1233,345,1233,342,47,1233,349,1233,     1235P   1318
350,23,1233,351,1233,352,51,1233,353,1233,354,31,1233,355,1233,     1235P   1319
356,615,1233,357,1233,358,27,1233,359,1233,360,611,1233,357,        1235P   1320
1233,21,53,1233,354,1233,22,623,1233,349,1233,23,617,1233,358,      1235P   1321
1233,24,45,1233,26,1233,352,33,1233,28,1233,355,49,1233,31,1233,    1235P   1322
350,55,1233,32,1233,353,621,1233,349,1233,351,619,1233,360,1233,    1235P   1323
358,603,1233,353,1233,355,613,1233,354,1233,357,29,1233,356,        1235P   1324
1233,359,25,1233,360,1233,351,625,1233,358,1233,349,57,1233,352,    1235P   1325
1233,350,609,1233,357,1233,359,607,1233,354,1233,356;               1235P   1326
128,1,1,1,1,0,0,1,0,0,-9.2456D0,-9.2456D0,9.2456D0,9.2456D0,        1237P   1327
-4.6228D0,-4.6228D0,4.6228D0,4.6228D0,1D0,1D0,1D0,1D0,-9.2456D0,    1237P   1328
0D0,4.6228D0,9.2456D0,0D0,4.6228D0,-9.2456D0,0D0,-4.6228D0,         1237P   1329
9.2456D0,0D0,-4.6228D0,-9.2456D0,9.2456D0,-4.6228D0,4.6228D0;       1237P   1330
508,12,0,1235,557,0,0,0,1235,575,0,0,0,1235,561,0,0,0,1235,574,     1239P   1331
0,0,0,1235,559,0,0,0,1235,567,0,0,0,1235,34,0,0,0,1235,1,0,0,0,     1239P   1332
1235,3,0,0,0,1235,2,0,0,0,1235,35,0,0,0,1235,566,1,0;               1239P   1333
510,1237,1,0,1239;                                                  1241P   1334
128,1,1,1,1,0,0,1,0,0,-4.544855733624D-1,-4.544855733624D-1,        1243P   1335
4.544855733624D-1,4.544855733624D-1,-3.2814D0,-3.2814D0,            1243P   1336
2.9014D0,2.9014D0,1D0,1D0,1D0,1D0,8.1189D0,2.650425473254D-2,       1243P   1337
3.568252127366D0,8.1189D0,-7.865042547325D-1,3.161747872634D0,      1243P   1338
1.9361D0,2.650425473254D-2,3.568252127366D0,1.9361D0,               1243P   1339
-7.865042547325D-1,3.161747872634D0,-4.544855733624D-1,             1243P   1340
4.544855733624D-1,-3.2814D0,2.9014D0;                               1243P   1341
508,4,0,1235,556,0,0,0,1235,570,1,0,0,1235,557,1,0,0,1235,577,1,    1245P   1342
0;                                                                  1245P   1343
510,1243,1,0,1245;                                                  1247P   1344
128,1,1,1,1,0,0,1,0,0,-3.048D-1,-3.048D-1,1.55448D1,1.55448D1,      1249P   1345
-6.4618D0,-6.4618D0,-6.482D-1,-6.482D-1,1D0,1D0,1D0,1D0,            1249P   1346
-7.9248D0,-6.4618D0,3.175D0,7.9248D0,-6.4618D0,3.175D0,             1249P   1347
-7.9248D0,-6.482D-1,3.175D0,7.9248D0,-6.482D-1,3.175D0,             1249P   1348
-3.048D-1,1.55448D1,-6.4618D0,-6.482D-1;                            1249P   1349
508,4,0,1235,556,1,0,0,1235,568,0,0,0,1235,38,1,0,0,1235,564,0,     1251P   1350
0;                                                                  1251P   1351
510,1249,1,0,1251;                                                  1253P   1352
128,1,1,1,1,0,0,1,0,0,-3.048D-1,-3.048D-1,1.55448D1,1.55448D1,      1255P   1353
-6.4618D0,-6.4618D0,-6.482D-1,-6.482D-1,1D0,1D0,1D0,1D0,            1255P   1354
-7.9248D0,-6.4618D0,3.175D0,7.9248D0,-6.4618D0,3.175D0,             1255P   1355
-7.9248D0,-6.482D-1,3.175D0,7.9248D0,-6.482D-1,3.175D0,             1255P   1356
-3.048D-1,1.55448D1,-6.4618D0,-6.482D-1;                            1255P   1357
508,4,0,1235,558,1,0,0,1235,563,1,0,0,1235,37,1,0,0,1235,569,1,     1257P   1358
0;                                                                  1257P   1359
510,1255,1,0,1257;                                                  1259P   1360
128,1,1,1,1,0,0,1,0,0,-2.963265763746D-2,-2.963265763746D-2,        1261P   1361
1.299632657637D0,1.299632657637D0,-7.2522D0,-7.2522D0,1.422D-1,     1261P   1362
1.422D-1,1D0,1D0,1D0,1D0,2.055D0,-7.2522D0,4.474632657637D0,        1261P   1363
2.055D0,-7.2522D0,3.145367342363D0,2.055D0,1.422D-1,                1261P   1364
4.474632657637D0,2.055D0,1.422D-1,3.145367342363D0,                 1261P   1365
-2.963265763746D-2,1.299632657637D0,-7.2522D0,1.422D-1;             1261P   1366
508,6,0,1235,566,0,0,0,1235,28,0,0,0,1235,30,1,0,0,1235,39,0,0,     1263P   1367
0,1235,568,1,0,0,1235,577,0,0;                                      1263P   1368
510,1261,1,0,1263;                                                  1265P   1369
128,1,1,1,1,0,0,1,0,0,-3.556D-1,-3.556D-1,1.81356D1,1.81356D1,      1267P   1370
-7.2522D0,-7.2522D0,1.422D-1,1.422D-1,1D0,1D0,1D0,1D0,-9.2456D0,    1267P   1371
-7.2522D0,4.445D0,9.2456D0,-7.2522D0,4.445D0,-9.2456D0,1.422D-1,    1267P   1372
4.445D0,9.2456D0,1.422D-1,4.445D0,-3.556D-1,1.81356D1,-7.2522D0,    1267P   1373
1.422D-1;                                                           1267P   1374
508,4,0,1235,28,1,0,0,1235,35,1,0,0,1235,17,1,0,0,1235,36,0,0;      1269P   1375
510,1267,1,0,1269;                                                  1271P   1376
128,1,1,1,1,0,0,1,0,0,-3.556D-1,-3.556D-1,1.81356D1,1.81356D1,      1273P   1377
-7.2522D0,-7.2522D0,1.422D-1,1.422D-1,1D0,1D0,1D0,1D0,-9.2456D0,    1273P   1378
-7.2522D0,4.445D0,9.2456D0,-7.2522D0,4.445D0,-9.2456D0,1.422D-1,    1273P   1379
4.445D0,9.2456D0,1.422D-1,4.445D0,-3.556D-1,1.81356D1,-7.2522D0,    1273P   1380
1.422D-1;                                                           1273P   1381
508,8,0,1235,544,1,0,0,1235,545,1,0,0,1235,546,1,0,0,1235,550,0,    1275P   1382
0,0,1235,16,0,0,0,1235,34,1,0,0,1235,29,0,0,0,1235,551,0,0;         1275P   1383
510,1273,1,0,1275;                                                  1277P   1384
128,1,1,1,1,0,0,1,0,0,-1.778D-1,-1.778D-1,9.0678D0,9.0678D0,        1279P   1385
-7.2522D0,-7.2522D0,1.422D-1,1.422D-1,1D0,1D0,1D0,1D0,8.89D0,       1279P   1386
-7.2522D0,4.6228D0,8.89D0,-7.2522D0,-4.6228D0,8.89D0,1.422D-1,      1279P   1387
4.6228D0,8.89D0,1.422D-1,-4.6228D0,-1.778D-1,9.0678D0,-7.2522D0,    1279P   1388
1.422D-1;                                                           1279P   1389
508,4,0,1235,13,0,0,0,1235,17,0,0,0,1235,2,1,0,0,1235,18,1,0;       1281P   1390
510,1279,1,0,1281;                                                  1283P   1391
128,1,1,1,1,0,0,1,0,0,-4.6228D0,-4.6228D0,4.6228D0,4.6228D0,        1285P   1392
-9.2456D0,-9.2456D0,9.2456D0,9.2456D0,1D0,1D0,1D0,1D0,-9.2456D0,    1285P   1393
-7.11D0,-4.6228D0,-9.2456D0,-7.11D0,4.6228D0,9.2456D0,-7.11D0,      1285P   1394
-4.6228D0,9.2456D0,-7.11D0,4.6228D0,-4.6228D0,4.6228D0,             1285P   1395
-9.2456D0,9.2456D0;                                                 1285P   1396
508,12,0,1235,547,1,0,0,1235,548,0,0,0,1235,551,1,0,0,1235,32,1,    1287P   1397
0,0,1235,31,0,0,0,1235,30,0,0,0,1235,36,1,0,0,1235,13,1,0,0,        1287P   1398
1235,14,1,0,0,1235,12,1,0,0,1235,550,1,0,0,1235,549,1,0;            1287P   1399
508,8,0,1235,4,1,0,0,1235,11,1,0,0,1235,10,1,0,0,1235,9,1,0,0,      1289P   1400
1235,8,1,0,0,1235,7,1,0,0,1235,6,1,0,0,1235,5,1,0;                  1289P   1401
510,1285,2,0,1287,1289;                                             1291P   1402
128,1,1,1,1,0,0,1,0,0,-5.34D-2,-5.34D-2,2.7234D0,2.7234D0,          1293P   1403
-2.2032D0,-2.2032D0,4.32D-2,4.32D-2,1D0,1D0,1D0,1D0,-7.4184D0,      1293P   1404
-7.0668D0,3.935D0,-4.6416D0,-7.0668D0,3.935D0,-7.4184D0,            1293P   1405
-9.3132D0,3.935D0,-4.6416D0,-9.3132D0,3.935D0,-5.34D-2,2.7234D0,    1293P   1406
-2.2032D0,4.32D-2;                                                  1293P   1407
508,4,0,1235,19,0,0,0,1235,21,1,0,0,1235,4,0,0,0,1235,22,0,0;       1295P   1408
510,1293,1,0,1295;                                                  1297P   1409
128,1,1,1,1,0,0,1,0,0,-7.6596D0,-7.6596D0,7.6596D0,7.6596D0,        1299P   1410
-4.0721D0,-4.0721D0,3.0571D0,3.0571D0,1D0,1D0,1D0,1D0,-7.6596D0,    1299P   1411
-9.27D0,4.0721D0,7.6596D0,-9.27D0,4.0721D0,-7.6596D0,-9.27D0,       1299P   1412
-3.0571D0,7.6596D0,-9.27D0,-3.0571D0,-7.6596D0,7.6596D0,            1299P   1413
-4.0721D0,3.0571D0;                                                 1299P   1414
508,6,0,1235,41,1,0,0,1235,42,0,0,0,1235,58,1,0,0,1235,19,1,0,0,    1301P   1415
1235,69,0,0,0,1235,57,1,0;                                          1301P   1416
510,1299,1,0,1301;                                                  1303P   1417
128,1,1,1,1,0,0,1,0,0,-7.6596D0,-7.6596D0,7.6596D0,7.6596D0,        1305P   1418
-4.0721D0,-4.0721D0,3.0571D0,3.0571D0,1D0,1D0,1D0,1D0,-7.6596D0,    1305P   1419
-9.27D0,4.0721D0,7.6596D0,-9.27D0,4.0721D0,-7.6596D0,-9.27D0,       1305P   1420
-3.0571D0,7.6596D0,-9.27D0,-3.0571D0,-7.6596D0,7.6596D0,            1305P   1421
-4.0721D0,3.0571D0;                                                 1305P   1422
508,6,0,1235,70,0,0,0,1235,20,1,0,0,1235,55,1,0,0,1235,43,1,0,0,    1307P   1423
1235,44,0,0,0,1235,56,1,0;                                          1307P   1424
510,1305,1,0,1307;                                                  1309P   1425
128,1,1,1,1,0,0,1,0,0,-1.168D-1,-1.168D-1,5.9568D0,5.9568D0,        1311P   1426
-4.096326576375D-1,-4.096326576375D-1,2.963265763746D-2,            1311P   1427
2.963265763746D-2,1D0,1D0,1D0,1D0,-5.495D0,-8.860367342363D0,       1311P   1428
-3.0368D0,-5.495D0,-8.860367342363D0,3.0368D0,-5.495D0,             1311P   1429
-9.299632657637D0,-3.0368D0,-5.495D0,-9.299632657637D0,3.0368D0,    1311P   1430
-1.168D-1,5.9568D0,-4.096326576375D-1,2.963265763746D-2;            1311P   1431
508,4,0,1235,41,0,0,0,1235,49,1,0,0,1235,63,1,0,0,1235,67,0,0;      1313P   1432
510,1311,1,0,1313;                                                  1315P   1433
128,1,1,1,1,0,0,1,0,0,-2.946D-1,-2.946D-1,1.50246D1,1.50246D1,      1317P   1434
-2.2032D0,-2.2032D0,4.32D-2,4.32D-2,1D0,1D0,1D0,1D0,7.6596D0,       1317P   1435
-7.0668D0,-2.92D0,-7.6596D0,-7.0668D0,-2.92D0,7.6596D0,             1317P   1436
-9.3132D0,-2.92D0,-7.6596D0,-9.3132D0,-2.92D0,-2.946D-1,            1317P   1437
1.50246D1,-2.2032D0,4.32D-2;                                        1317P   1438
508,32,0,1235,534,0,0,0,1235,191,1,0,0,1235,186,1,0,0,1235,192,     1319P   1439
1,0,0,1235,533,0,0,0,1235,525,1,0,0,1235,528,0,0,0,1235,51,0,0,     1319P   1440
0,1235,56,0,0,0,1235,52,1,0,0,1235,47,0,0,0,1235,61,1,0,0,1235,     1319P   1441
10,0,0,0,1235,62,0,0,0,1235,48,0,0,0,1235,49,0,0,0,1235,57,0,0,     1319P   1442
0,1235,50,1,0,0,1235,518,0,0,0,1235,515,1,0,0,1235,530,0,0,0,       1319P   1443
1235,176,1,0,0,1235,172,0,0,0,1235,177,1,0,0,1235,529,0,0,0,        1319P   1444
1235,519,1,0,0,1235,532,0,0,0,1235,183,1,0,0,1235,179,1,0,0,        1319P   1445
1235,184,1,0,0,1235,531,0,0,0,1235,522,1,0;                         1319P   1446
510,1317,1,0,1319;                                                  1321P   1447
128,1,1,1,1,0,0,1,0,0,-7.6596D0,-7.6596D0,7.6596D0,7.6596D0,        1323P   1448
-3.0368D0,-3.0368D0,3.0368D0,3.0368D0,1D0,1D0,1D0,1D0,-7.6596D0,    1323P   1449
-8.89D0,-3.0368D0,7.6596D0,-8.89D0,-3.0368D0,-7.6596D0,-8.89D0,     1323P   1450
3.0368D0,7.6596D0,-8.89D0,3.0368D0,-7.6596D0,7.6596D0,-3.0368D0,    1323P   1451
3.0368D0;                                                           1323P   1452
508,4,0,1235,45,0,0,0,1235,47,1,0,0,1235,66,0,0,0,1235,65,0,0;      1325P   1453
510,1323,1,0,1325;                                                  1327P   1454
128,1,1,1,1,0,0,1,0,0,-7.6596D0,-7.6596D0,7.6596D0,7.6596D0,        1329P   1455
-3.0368D0,-3.0368D0,3.0368D0,3.0368D0,1D0,1D0,1D0,1D0,-7.6596D0,    1329P   1456
-8.89D0,-3.0368D0,7.6596D0,-8.89D0,-3.0368D0,-7.6596D0,-8.89D0,     1329P   1457
3.0368D0,7.6596D0,-8.89D0,3.0368D0,-7.6596D0,7.6596D0,-3.0368D0,    1329P   1458
3.0368D0;                                                           1329P   1459
508,4,0,1235,48,1,0,0,1235,53,1,0,0,1235,64,0,0,0,1235,63,0,0;      1331P   1460
510,1329,1,0,1331;                                                  1333P   1461
128,1,1,1,1,0,0,1,0,0,-7.6596D0,-7.6596D0,7.6596D0,7.6596D0,        1335P   1462
-3.0368D0,-3.0368D0,3.0368D0,3.0368D0,1D0,1D0,1D0,1D0,-7.6596D0,    1335P   1463
-8.89D0,-3.0368D0,7.6596D0,-8.89D0,-3.0368D0,-7.6596D0,-8.89D0,     1335P   1464
3.0368D0,7.6596D0,-8.89D0,3.0368D0,-7.6596D0,7.6596D0,-3.0368D0,    1335P   1465
3.0368D0;                                                           1335P   1466
508,4,0,1235,457,1,0,0,1235,510,1,0,0,1235,188,1,0,0,1235,486,0,    1337P   1467
0;                                                                  1337P   1468
508,4,0,1235,165,0,0,0,1235,526,0,0,0,1235,166,1,0,0,1235,527,1,    1339P   1469
0;                                                                  1339P   1470
510,1335,2,0,1337,1339;                                             1341P   1471
128,1,1,1,1,0,0,1,0,0,-7.6596D0,-7.6596D0,7.6596D0,7.6596D0,        1343P   1472
-3.0368D0,-3.0368D0,3.0368D0,3.0368D0,1D0,1D0,1D0,1D0,-7.6596D0,    1343P   1473
-8.89D0,-3.0368D0,7.6596D0,-8.89D0,-3.0368D0,-7.6596D0,-8.89D0,     1343P   1474
3.0368D0,7.6596D0,-8.89D0,3.0368D0,-7.6596D0,7.6596D0,-3.0368D0,    1343P   1475
3.0368D0;                                                           1343P   1476
508,4,0,1235,458,1,0,0,1235,502,1,0,0,1235,187,1,0,0,1235,508,0,    1345P   1477
0;                                                                  1345P   1478
508,4,0,1235,140,0,0,0,1235,523,0,0,0,1235,141,1,0,0,1235,524,1,    1347P   1479
0;                                                                  1347P   1480
510,1343,2,0,1345,1347;                                             1349P   1481
128,1,1,1,1,0,0,1,0,0,-7.6596D0,-7.6596D0,7.6596D0,7.6596D0,        1351P   1482
-3.0368D0,-3.0368D0,3.0368D0,3.0368D0,1D0,1D0,1D0,1D0,-7.6596D0,    1351P   1483
-8.89D0,-3.0368D0,7.6596D0,-8.89D0,-3.0368D0,-7.6596D0,-8.89D0,     1351P   1484
3.0368D0,7.6596D0,-8.89D0,3.0368D0,-7.6596D0,7.6596D0,-3.0368D0,    1351P   1485
3.0368D0;                                                           1351P   1486
508,4,0,1235,459,1,0,0,1235,494,1,0,0,1235,180,1,0,0,1235,500,0,    1353P   1487
0;                                                                  1353P   1488
508,4,0,1235,115,0,0,0,1235,520,0,0,0,1235,116,1,0,0,1235,521,1,    1355P   1489
0;                                                                  1355P   1490
510,1351,2,0,1353,1355;                                             1357P   1491
128,1,1,1,1,0,0,1,0,0,-7.6596D0,-7.6596D0,7.6596D0,7.6596D0,        1359P   1492
-3.0368D0,-3.0368D0,3.0368D0,3.0368D0,1D0,1D0,1D0,1D0,-7.6596D0,    1359P   1493
-8.89D0,-3.0368D0,7.6596D0,-8.89D0,-3.0368D0,-7.6596D0,-8.89D0,     1359P   1494
3.0368D0,7.6596D0,-8.89D0,3.0368D0,-7.6596D0,7.6596D0,-3.0368D0,    1359P   1495
3.0368D0;                                                           1359P   1496
508,4,0,1235,460,1,0,0,1235,483,0,0,0,1235,173,1,0,0,1235,492,0,    1361P   1497
0;                                                                  1361P   1498
508,4,0,1235,90,0,0,0,1235,516,0,0,0,1235,91,1,0,0,1235,517,1,0;    1363P   1499
510,1359,2,0,1361,1363;                                             1365P   1500
128,1,1,1,1,0,0,1,0,0,-7.6596D0,-7.6596D0,7.6596D0,7.6596D0,        1367P   1501
-3.0368D0,-3.0368D0,3.0368D0,3.0368D0,1D0,1D0,1D0,1D0,-7.6596D0,    1367P   1502
-8.89D0,-3.0368D0,7.6596D0,-8.89D0,-3.0368D0,-7.6596D0,-8.89D0,     1367P   1503
3.0368D0,7.6596D0,-8.89D0,3.0368D0,-7.6596D0,7.6596D0,-3.0368D0,    1367P   1504
3.0368D0;                                                           1367P   1505
508,8,0,1235,461,1,0,0,1235,491,0,0,0,1235,530,1,0,0,1235,89,1,     1369P   1506
0,0,1235,193,0,0,0,1235,88,0,0,0,1235,518,1,0,0,1235,484,0,0;       1369P   1507
510,1367,1,0,1369;                                                  1371P   1508
128,1,1,1,1,0,0,1,0,0,-7.6596D0,-7.6596D0,7.6596D0,7.6596D0,        1373P   1509
-3.0368D0,-3.0368D0,3.0368D0,3.0368D0,1D0,1D0,1D0,1D0,-7.6596D0,    1373P   1510
-8.89D0,-3.0368D0,7.6596D0,-8.89D0,-3.0368D0,-7.6596D0,-8.89D0,     1373P   1511
3.0368D0,7.6596D0,-8.89D0,3.0368D0,-7.6596D0,7.6596D0,-3.0368D0,    1373P   1512
3.0368D0;                                                           1373P   1513
508,8,0,1235,462,1,0,0,1235,499,0,0,0,1235,532,1,0,0,1235,114,1,    1375P   1514
0,0,1235,196,0,0,0,1235,113,0,0,0,1235,529,1,0,0,1235,493,1,0;      1375P   1515
510,1373,1,0,1375;                                                  1377P   1516
128,1,1,1,1,0,0,1,0,0,-7.6596D0,-7.6596D0,7.6596D0,7.6596D0,        1379P   1517
-3.0368D0,-3.0368D0,3.0368D0,3.0368D0,1D0,1D0,1D0,1D0,-7.6596D0,    1379P   1518
-8.89D0,-3.0368D0,7.6596D0,-8.89D0,-3.0368D0,-7.6596D0,-8.89D0,     1379P   1519
3.0368D0,7.6596D0,-8.89D0,3.0368D0,-7.6596D0,7.6596D0,-3.0368D0,    1379P   1520
3.0368D0;                                                           1379P   1521
508,8,0,1235,463,1,0,0,1235,507,0,0,0,1235,534,1,0,0,1235,139,1,    1381P   1522
0,0,1235,199,0,0,0,1235,138,0,0,0,1235,531,1,0,0,1235,501,1,0;      1381P   1523
510,1379,1,0,1381;                                                  1383P   1524
128,1,1,1,1,0,0,1,0,0,-7.6596D0,-7.6596D0,7.6596D0,7.6596D0,        1385P   1525
-3.0368D0,-3.0368D0,3.0368D0,3.0368D0,1D0,1D0,1D0,1D0,-7.6596D0,    1385P   1526
-8.89D0,-3.0368D0,7.6596D0,-8.89D0,-3.0368D0,-7.6596D0,-8.89D0,     1385P   1527
3.0368D0,7.6596D0,-8.89D0,3.0368D0,-7.6596D0,7.6596D0,-3.0368D0,    1385P   1528
3.0368D0;                                                           1385P   1529
508,8,0,1235,464,1,0,0,1235,485,0,0,0,1235,528,1,0,0,1235,164,1,    1387P   1530
0,0,1235,202,0,0,0,1235,163,0,0,0,1235,533,1,0,0,1235,509,1,0;      1387P   1531
510,1385,1,0,1387;                                                  1389P   1532
128,1,1,1,1,0,0,1,0,0,-1.371D-1,-1.371D-1,6.9921D0,6.9921D0,        1391P   1533
-2.2032D0,-2.2032D0,4.32D-2,4.32D-2,1D0,1D0,1D0,1D0,7.365D0,        1391P   1534
-7.0668D0,4.0721D0,7.365D0,-7.0668D0,-3.0571D0,7.365D0,             1391P   1535
-9.3132D0,4.0721D0,7.365D0,-9.3132D0,-3.0571D0,-1.371D-1,           1391P   1536
6.9921D0,-2.2032D0,4.32D-2;                                         1391P   1537
508,6,0,1235,45,1,0,0,1235,46,0,0,0,1235,55,0,0,0,1235,24,1,0,0,    1393P   1538
1235,9,0,0,0,1235,61,0,0;                                           1393P   1539
510,1391,1,0,1393;                                                  1395P   1540
128,1,1,1,1,0,0,1,0,0,-3.74D-2,-3.74D-2,1.9074D0,1.9074D0,          1397P   1541
-4.096326576375D-1,-4.096326576375D-1,2.963265763746D-2,            1397P   1542
2.963265763746D-2,1D0,1D0,1D0,1D0,7.4024D0,-8.860367342363D0,       1397P   1543
2.92D0,5.4576D0,-8.860367342363D0,2.92D0,7.4024D0,                  1397P   1544
-9.299632657637D0,2.92D0,5.4576D0,-9.299632657637D0,2.92D0,         1397P   1545
-3.74D-2,1.9074D0,-4.096326576375D-1,2.963265763746D-2;             1397P   1546
508,4,0,1235,43,0,0,0,1235,46,1,0,0,1235,65,1,0,0,1235,68,0,0;      1399P   1547
510,1397,1,0,1399;                                                  1401P   1548
128,1,1,1,1,0,0,1,0,0,-1.168D-1,-1.168D-1,5.9568D0,5.9568D0,        1403P   1549
-4.096326576375D-1,-4.096326576375D-1,2.963265763746D-2,            1403P   1550
2.963265763746D-2,1D0,1D0,1D0,1D0,5.495D0,-8.860367342363D0,        1403P   1551
3.0368D0,5.495D0,-8.860367342363D0,-3.0368D0,5.495D0,               1403P   1552
-9.299632657637D0,3.0368D0,5.495D0,-9.299632657637D0,-3.0368D0,     1403P   1553
-1.168D-1,5.9568D0,-4.096326576375D-1,2.963265763746D-2;            1403P   1554
508,4,0,1235,44,1,0,0,1235,68,1,0,0,1235,66,1,0,0,1235,52,0,0;      1405P   1555
510,1403,1,0,1405;                                                  1407P   1556
128,1,1,1,1,0,0,1,0,0,-5.34D-2,-5.34D-2,2.7234D0,2.7234D0,          1409P   1557
-2.2032D0,-2.2032D0,4.32D-2,4.32D-2,1D0,1D0,1D0,1D0,4.6416D0,       1409P   1558
-7.0668D0,3.935D0,7.4184D0,-7.0668D0,3.935D0,4.6416D0,-9.3132D0,    1409P   1559
3.935D0,7.4184D0,-9.3132D0,3.935D0,-5.34D-2,2.7234D0,-2.2032D0,     1409P   1560
4.32D-2;                                                            1409P   1561
508,4,0,1235,20,0,0,0,1235,23,1,0,0,1235,8,0,0,0,1235,24,0,0;       1411P   1562
510,1409,1,0,1411;                                                  1413P   1563
128,1,1,1,1,0,0,1,0,0,-5.9771D0,-5.9771D0,1.1521D0,1.1521D0,        1415P   1564
-2.2032D0,-2.2032D0,4.32D-2,4.32D-2,1D0,1D0,1D0,1D0,4.695D0,        1415P   1565
-7.0668D0,-3.0571D0,4.695D0,-7.0668D0,4.0721D0,4.695D0,             1415P   1566
-9.3132D0,-3.0571D0,4.695D0,-9.3132D0,4.0721D0,-5.9771D0,           1415P   1567
1.1521D0,-2.2032D0,4.32D-2;                                         1415P   1568
508,10,0,1235,485,1,0,0,1235,511,1,0,0,1235,453,1,0,0,1235,512,     1417P   1569
0,0,0,1235,486,1,0,0,1235,60,1,0,0,1235,7,0,0,0,1235,23,0,0,0,      1417P   1570
1235,70,1,0,0,1235,51,1,0;                                          1417P   1571
510,1415,1,0,1417;                                                  1419P   1572
128,1,1,1,1,0,0,1,0,0,-1.878D-1,-1.878D-1,9.5778D0,9.5778D0,        1421P   1573
-1.53D0,-1.53D0,3D-2,3D-2,1D0,1D0,1D0,1D0,-4.8828D0,-7.74D0,        1421P   1574
-3.9D-1,4.8828D0,-7.74D0,-3.9D-1,-4.8828D0,-9.3D0,-3.9D-1,          1421P   1575
4.8828D0,-9.3D0,-3.9D-1,-1.878D-1,9.5778D0,-1.53D0,3D-2;            1421P   1576
508,16,0,1235,461,0,0,0,1235,514,1,0,0,1235,456,1,0,0,1235,511,     1423P   1577
0,0,0,1235,464,0,0,0,1235,482,0,0,0,1235,480,0,0,0,1235,478,0,0,    1423P   1578
0,1235,463,0,0,0,1235,476,0,0,0,1235,474,0,0,0,1235,472,0,0,0,      1423P   1579
1235,462,0,0,0,1235,470,0,0,0,1235,468,0,0,0,1235,466,0,0;          1423P   1580
510,1421,1,0,1423;                                                  1425P   1581
128,1,1,1,1,0,0,1,0,0,-1.371D-1,-1.371D-1,6.9921D0,6.9921D0,        1427P   1582
-2.2032D0,-2.2032D0,4.32D-2,4.32D-2,1D0,1D0,1D0,1D0,-4.695D0,       1427P   1583
-7.0668D0,4.0721D0,-4.695D0,-7.0668D0,-3.0571D0,-4.695D0,           1427P   1584
-9.3132D0,4.0721D0,-4.695D0,-9.3132D0,-3.0571D0,-1.371D-1,          1427P   1585
6.9921D0,-2.2032D0,4.32D-2;                                         1427P   1586
508,10,0,1235,483,1,0,0,1235,513,1,0,0,1235,455,1,0,0,1235,514,     1429P   1587
0,0,0,1235,484,1,0,0,1235,50,0,0,0,1235,69,1,0,0,1235,22,1,0,0,     1429P   1588
1235,5,0,0,0,1235,59,0,0;                                           1429P   1589
510,1427,1,0,1429;                                                  1431P   1590
128,1,1,1,1,0,0,1,0,0,-1.878D-1,-1.878D-1,9.5778D0,9.5778D0,        1433P   1591
-1.53D0,-1.53D0,3D-2,3D-2,1D0,1D0,1D0,1D0,4.8828D0,-7.74D0,         1433P   1592
3.9D-1,-4.8828D0,-7.74D0,3.9D-1,4.8828D0,-9.3D0,3.9D-1,             1433P   1593
-4.8828D0,-9.3D0,3.9D-1,-1.878D-1,9.5778D0,-1.53D0,3D-2;            1433P   1594
508,16,0,1235,457,0,0,0,1235,512,1,0,0,1235,454,1,0,0,1235,513,     1435P   1595
0,0,0,1235,460,0,0,0,1235,465,1,0,0,1235,467,1,0,0,1235,469,1,0,    1435P   1596
0,1235,459,0,0,0,1235,471,1,0,0,1235,473,1,0,0,1235,475,1,0,0,      1435P   1597
1235,458,0,0,0,1235,477,1,0,0,1235,479,1,0,0,1235,481,1,0;          1435P   1598
510,1433,1,0,1435;                                                  1437P   1599
128,1,1,1,1,0,0,1,0,0,-4.8828D0,-4.8828D0,4.8828D0,4.8828D0,        1439P   1600
-4.196326576375D-1,-4.196326576375D-1,4.196326576375D-1,            1439P   1601
4.196326576375D-1,1D0,1D0,1D0,1D0,-4.8828D0,-7.77D0,                1439P   1602
-4.196326576375D-1,4.8828D0,-7.77D0,-4.196326576375D-1,             1439P   1603
-4.8828D0,-7.77D0,4.196326576375D-1,4.8828D0,-7.77D0,               1439P   1604
4.196326576375D-1,-4.8828D0,4.8828D0,-4.196326576375D-1,            1439P   1605
4.196326576375D-1;                                                  1439P   1606
508,4,0,1235,453,0,0,0,1235,456,0,0,0,1235,455,0,0,0,1235,454,0,    1441P   1607
0;                                                                  1441P   1608
510,1439,1,0,1441;                                                  1443P   1609
128,1,1,1,1,0,0,1,0,0,-2.963265763746D-2,-2.963265763746D-2,        1445P   1610
4.096326576375D-1,4.096326576375D-1,-5.9568D0,-5.9568D0,            1445P   1611
1.168D-1,1.168D-1,1D0,1D0,1D0,1D0,-2.92D0,-8.860367342363D0,        1445P   1612
-3.0368D0,-2.92D0,-9.299632657637D0,-3.0368D0,-2.92D0,              1445P   1613
-8.860367342363D0,3.0368D0,-2.92D0,-9.299632657637D0,3.0368D0,      1445P   1614
-2.963265763746D-2,4.096326576375D-1,-5.9568D0,1.168D-1;            1445P   1615
508,4,0,1235,465,0,0,0,1235,492,1,0,0,1235,174,1,0,0,1235,488,0,    1447P   1616
0;                                                                  1447P   1617
510,1445,1,0,1447;                                                  1449P   1618
128,1,1,1,1,0,0,1,0,0,-2.963265763746D-2,-2.963265763746D-2,        1451P   1619
4.096326576375D-1,4.096326576375D-1,-5.9568D0,-5.9568D0,            1451P   1620
1.168D-1,1.168D-1,1D0,1D0,1D0,1D0,-2.92D0,-8.860367342363D0,        1451P   1621
-3.0368D0,-2.92D0,-9.299632657637D0,-3.0368D0,-2.92D0,              1451P   1622
-8.860367342363D0,3.0368D0,-2.92D0,-9.299632657637D0,3.0368D0,      1451P   1623
-2.963265763746D-2,4.096326576375D-1,-5.9568D0,1.168D-1;            1451P   1624
508,4,0,1235,466,1,0,0,1235,487,0,0,0,1235,176,0,0,0,1235,491,1,    1453P   1625
0;                                                                  1453P   1626
510,1451,1,0,1453;                                                  1455P   1627
128,1,1,1,1,0,0,1,0,0,-1.878D-1,-1.878D-1,9.5778D0,9.5778D0,        1457P   1628
-2.2032D0,-2.2032D0,4.32D-2,4.32D-2,1D0,1D0,1D0,1D0,-4.8828D0,      1457P   1629
-7.0668D0,2.92D0,4.8828D0,-7.0668D0,2.92D0,-4.8828D0,-9.3132D0,     1457P   1630
2.92D0,4.8828D0,-9.3132D0,2.92D0,-1.878D-1,9.5778D0,-2.2032D0,      1457P   1631
4.32D-2;                                                            1457P   1632
508,16,0,1235,188,0,0,0,1235,190,0,0,0,1235,185,0,0,0,1235,189,     1459P   1633
0,0,0,1235,187,0,0,0,1235,182,0,0,0,1235,178,0,0,0,1235,181,0,0,    1459P   1634
0,1235,180,0,0,0,1235,175,0,0,0,1235,171,0,0,0,1235,174,0,0,0,      1459P   1635
1235,173,0,0,0,1235,59,1,0,0,1235,6,0,0,0,1235,60,0,0;              1459P   1636
510,1457,1,0,1459;                                                  1461P   1637
128,1,1,1,1,0,0,1,0,0,-2.963265763746D-2,-2.963265763746D-2,        1463P   1638
4.096326576375D-1,4.096326576375D-1,-5.9568D0,-5.9568D0,            1463P   1639
1.168D-1,1.168D-1,1D0,1D0,1D0,1D0,2.92D0,-9.299632657637D0,         1463P   1640
-3.0368D0,2.92D0,-8.860367342363D0,-3.0368D0,2.92D0,                1463P   1641
-9.299632657637D0,3.0368D0,2.92D0,-8.860367342363D0,3.0368D0,       1463P   1642
-2.963265763746D-2,4.096326576375D-1,-5.9568D0,1.168D-1;            1463P   1643
508,4,0,1235,481,0,0,0,1235,505,0,0,0,1235,190,1,0,0,1235,510,0,    1465P   1644
0;                                                                  1465P   1645
510,1463,1,0,1465;                                                  1467P   1646
128,1,1,1,1,0,0,1,0,0,-2.963265763746D-2,-2.963265763746D-2,        1469P   1647
4.096326576375D-1,4.096326576375D-1,-5.9568D0,-5.9568D0,            1469P   1648
1.168D-1,1.168D-1,1D0,1D0,1D0,1D0,2.92D0,-9.299632657637D0,         1469P   1649
-3.0368D0,2.92D0,-8.860367342363D0,-3.0368D0,2.92D0,                1469P   1650
-9.299632657637D0,3.0368D0,2.92D0,-8.860367342363D0,3.0368D0,       1469P   1651
-2.963265763746D-2,4.096326576375D-1,-5.9568D0,1.168D-1;            1469P   1652
508,4,0,1235,482,1,0,0,1235,509,0,0,0,1235,192,0,0,0,1235,506,0,    1471P   1653
0;                                                                  1471P   1654
510,1469,1,0,1471;                                                  1473P   1655
128,1,1,1,1,0,0,1,0,0,-2.963265763746D-2,-2.963265763746D-2,        1475P   1656
7.896326576375D-1,7.896326576375D-1,-5.9568D0,-5.9568D0,            1475P   1657
1.168D-1,1.168D-1,1D0,1D0,1D0,1D0,2.130367342363D0,-9.27D0,         1475P   1658
-3.0368D0,2.949632657637D0,-9.27D0,-3.0368D0,2.130367342363D0,      1475P   1659
-9.27D0,3.0368D0,2.949632657637D0,-9.27D0,3.0368D0,                 1475P   1660
-2.963265763746D-2,7.896326576375D-1,-5.9568D0,1.168D-1;            1475P   1661
508,4,0,1235,479,0,0,0,1235,503,0,0,0,1235,185,1,0,0,1235,505,1,    1477P   1662
0;                                                                  1477P   1663
510,1475,1,0,1477;                                                  1479P   1664
128,1,1,1,1,0,0,1,0,0,-2.963265763746D-2,-2.963265763746D-2,        1481P   1665
7.896326576375D-1,7.896326576375D-1,-5.9568D0,-5.9568D0,            1481P   1666
1.168D-1,1.168D-1,1D0,1D0,1D0,1D0,2.130367342363D0,-9.27D0,         1481P   1667
-3.0368D0,2.949632657637D0,-9.27D0,-3.0368D0,2.130367342363D0,      1481P   1668
-9.27D0,3.0368D0,2.949632657637D0,-9.27D0,3.0368D0,                 1481P   1669
-2.963265763746D-2,7.896326576375D-1,-5.9568D0,1.168D-1;            1481P   1670
508,4,0,1235,480,1,0,0,1235,506,1,0,0,1235,186,0,0,0,1235,504,0,    1483P   1671
0;                                                                  1483P   1672
510,1481,1,0,1483;                                                  1485P   1673
128,1,1,1,1,0,0,1,0,0,-2.963265763746D-2,-2.963265763746D-2,        1487P   1674
4.096326576375D-1,4.096326576375D-1,-5.9568D0,-5.9568D0,            1487P   1675
1.168D-1,1.168D-1,1D0,1D0,1D0,1D0,2.16D0,-8.860367342363D0,         1487P   1676
-3.0368D0,2.16D0,-9.299632657637D0,-3.0368D0,2.16D0,                1487P   1677
-8.860367342363D0,3.0368D0,2.16D0,-9.299632657637D0,3.0368D0,       1487P   1678
-2.963265763746D-2,4.096326576375D-1,-5.9568D0,1.168D-1;            1487P   1679
508,4,0,1235,477,0,0,0,1235,508,1,0,0,1235,189,1,0,0,1235,503,1,    1489P   1680
0;                                                                  1489P   1681
510,1487,1,0,1489;                                                  1491P   1682
128,1,1,1,1,0,0,1,0,0,-2.963265763746D-2,-2.963265763746D-2,        1493P   1683
4.096326576375D-1,4.096326576375D-1,-5.9568D0,-5.9568D0,            1493P   1684
1.168D-1,1.168D-1,1D0,1D0,1D0,1D0,2.16D0,-8.860367342363D0,         1493P   1685
-3.0368D0,2.16D0,-9.299632657637D0,-3.0368D0,2.16D0,                1493P   1686
-8.860367342363D0,3.0368D0,2.16D0,-9.299632657637D0,3.0368D0,       1493P   1687
-2.963265763746D-2,4.096326576375D-1,-5.9568D0,1.168D-1;            1493P   1688
508,4,0,1235,478,1,0,0,1235,504,1,0,0,1235,191,0,0,0,1235,507,1,    1495P   1689
0;                                                                  1495P   1690
510,1493,1,0,1495;                                                  1497P   1691
128,1,1,1,1,0,0,1,0,0,-2.963265763746D-2,-2.963265763746D-2,        1499P   1692
4.096326576375D-1,4.096326576375D-1,-5.9568D0,-5.9568D0,            1499P   1693
1.168D-1,1.168D-1,1D0,1D0,1D0,1D0,3.8D-1,-9.299632657637D0,         1499P   1694
-3.0368D0,3.8D-1,-8.860367342363D0,-3.0368D0,3.8D-1,                1499P   1695
-9.299632657637D0,3.0368D0,3.8D-1,-8.860367342363D0,3.0368D0,       1499P   1696
-2.963265763746D-2,4.096326576375D-1,-5.9568D0,1.168D-1;            1499P   1697
508,4,0,1235,475,0,0,0,1235,497,0,0,0,1235,182,1,0,0,1235,502,0,    1501P   1698
0;                                                                  1501P   1699
510,1499,1,0,1501;                                                  1503P   1700
128,1,1,1,1,0,0,1,0,0,-2.963265763746D-2,-2.963265763746D-2,        1505P   1701
4.096326576375D-1,4.096326576375D-1,-5.9568D0,-5.9568D0,            1505P   1702
1.168D-1,1.168D-1,1D0,1D0,1D0,1D0,3.8D-1,-9.299632657637D0,         1505P   1703
-3.0368D0,3.8D-1,-8.860367342363D0,-3.0368D0,3.8D-1,                1505P   1704
-9.299632657637D0,3.0368D0,3.8D-1,-8.860367342363D0,3.0368D0,       1505P   1705
-2.963265763746D-2,4.096326576375D-1,-5.9568D0,1.168D-1;            1505P   1706
508,4,0,1235,476,1,0,0,1235,501,0,0,0,1235,184,0,0,0,1235,498,0,    1507P   1707
0;                                                                  1507P   1708
510,1505,1,0,1507;                                                  1509P   1709
128,1,1,1,1,0,0,1,0,0,-2.963265763746D-2,-2.963265763746D-2,        1511P   1710
7.896326576375D-1,7.896326576375D-1,-5.9568D0,-5.9568D0,            1511P   1711
1.168D-1,1.168D-1,1D0,1D0,1D0,1D0,-4.096326576375D-1,-9.27D0,       1511P   1712
-3.0368D0,4.096326576375D-1,-9.27D0,-3.0368D0,                      1511P   1713
-4.096326576375D-1,-9.27D0,3.0368D0,4.096326576375D-1,-9.27D0,      1511P   1714
3.0368D0,-2.963265763746D-2,7.896326576375D-1,-5.9568D0,            1511P   1715
1.168D-1;                                                           1511P   1716
508,4,0,1235,473,0,0,0,1235,495,0,0,0,1235,178,1,0,0,1235,497,1,    1513P   1717
0;                                                                  1513P   1718
510,1511,1,0,1513;                                                  1515P   1719
128,1,1,1,1,0,0,1,0,0,-2.963265763746D-2,-2.963265763746D-2,        1517P   1720
7.896326576375D-1,7.896326576375D-1,-5.9568D0,-5.9568D0,            1517P   1721
1.168D-1,1.168D-1,1D0,1D0,1D0,1D0,-4.096326576375D-1,-9.27D0,       1517P   1722
-3.0368D0,4.096326576375D-1,-9.27D0,-3.0368D0,                      1517P   1723
-4.096326576375D-1,-9.27D0,3.0368D0,4.096326576375D-1,-9.27D0,      1517P   1724
3.0368D0,-2.963265763746D-2,7.896326576375D-1,-5.9568D0,            1517P   1725
1.168D-1;                                                           1517P   1726
508,4,0,1235,474,1,0,0,1235,498,1,0,0,1235,179,0,0,0,1235,496,0,    1519P   1727
0;                                                                  1519P   1728
510,1517,1,0,1519;                                                  1521P   1729
128,1,1,1,1,0,0,1,0,0,-2.963265763746D-2,-2.963265763746D-2,        1523P   1730
4.096326576375D-1,4.096326576375D-1,-5.9568D0,-5.9568D0,            1523P   1731
1.168D-1,1.168D-1,1D0,1D0,1D0,1D0,-3.8D-1,-8.860367342363D0,        1523P   1732
-3.0368D0,-3.8D-1,-9.299632657637D0,-3.0368D0,-3.8D-1,              1523P   1733
-8.860367342363D0,3.0368D0,-3.8D-1,-9.299632657637D0,3.0368D0,      1523P   1734
-2.963265763746D-2,4.096326576375D-1,-5.9568D0,1.168D-1;            1523P   1735
508,4,0,1235,471,0,0,0,1235,500,1,0,0,1235,181,1,0,0,1235,495,1,    1525P   1736
0;                                                                  1525P   1737
510,1523,1,0,1525;                                                  1527P   1738
128,1,1,1,1,0,0,1,0,0,-2.963265763746D-2,-2.963265763746D-2,        1529P   1739
4.096326576375D-1,4.096326576375D-1,-5.9568D0,-5.9568D0,            1529P   1740
1.168D-1,1.168D-1,1D0,1D0,1D0,1D0,-3.8D-1,-8.860367342363D0,        1529P   1741
-3.0368D0,-3.8D-1,-9.299632657637D0,-3.0368D0,-3.8D-1,              1529P   1742
-8.860367342363D0,3.0368D0,-3.8D-1,-9.299632657637D0,3.0368D0,      1529P   1743
-2.963265763746D-2,4.096326576375D-1,-5.9568D0,1.168D-1;            1529P   1744
508,4,0,1235,472,1,0,0,1235,496,1,0,0,1235,183,0,0,0,1235,499,1,    1531P   1745
0;                                                                  1531P   1746
510,1529,1,0,1531;                                                  1533P   1747
128,1,1,1,1,0,0,1,0,0,-2.963265763746D-2,-2.963265763746D-2,        1535P   1748
4.096326576375D-1,4.096326576375D-1,-5.9568D0,-5.9568D0,            1535P   1749
1.168D-1,1.168D-1,1D0,1D0,1D0,1D0,-2.16D0,-9.299632657637D0,        1535P   1750
-3.0368D0,-2.16D0,-8.860367342363D0,-3.0368D0,-2.16D0,              1535P   1751
-9.299632657637D0,3.0368D0,-2.16D0,-8.860367342363D0,3.0368D0,      1535P   1752
-2.963265763746D-2,4.096326576375D-1,-5.9568D0,1.168D-1;            1535P   1753
508,4,0,1235,469,0,0,0,1235,490,1,0,0,1235,175,1,0,0,1235,494,0,    1537P   1754
0;                                                                  1537P   1755
510,1535,1,0,1537;                                                  1539P   1756
128,1,1,1,1,0,0,1,0,0,-2.963265763746D-2,-2.963265763746D-2,        1541P   1757
4.096326576375D-1,4.096326576375D-1,-5.9568D0,-5.9568D0,            1541P   1758
1.168D-1,1.168D-1,1D0,1D0,1D0,1D0,-2.16D0,-9.299632657637D0,        1541P   1759
-3.0368D0,-2.16D0,-8.860367342363D0,-3.0368D0,-2.16D0,              1541P   1760
-9.299632657637D0,3.0368D0,-2.16D0,-8.860367342363D0,3.0368D0,      1541P   1761
-2.963265763746D-2,4.096326576375D-1,-5.9568D0,1.168D-1;            1541P   1762
508,4,0,1235,470,1,0,0,1235,493,0,0,0,1235,177,0,0,0,1235,489,1,    1543P   1763
0;                                                                  1543P   1764
510,1541,1,0,1543;                                                  1545P   1765
128,1,1,1,1,0,0,1,0,0,-2.963265763746D-2,-2.963265763746D-2,        1547P   1766
7.896326576375D-1,7.896326576375D-1,-5.9568D0,-5.9568D0,            1547P   1767
1.168D-1,1.168D-1,1D0,1D0,1D0,1D0,-2.949632657637D0,-9.27D0,        1547P   1768
-3.0368D0,-2.130367342363D0,-9.27D0,-3.0368D0,-2.949632657637D0,    1547P   1769
-9.27D0,3.0368D0,-2.130367342363D0,-9.27D0,3.0368D0,                1547P   1770
-2.963265763746D-2,7.896326576375D-1,-5.9568D0,1.168D-1;            1547P   1771
508,4,0,1235,467,0,0,0,1235,488,1,0,0,1235,171,1,0,0,1235,490,0,    1549P   1772
0;                                                                  1549P   1773
510,1547,1,0,1549;                                                  1551P   1774
128,1,1,1,1,0,0,1,0,0,-2.963265763746D-2,-2.963265763746D-2,        1553P   1775
7.896326576375D-1,7.896326576375D-1,-5.9568D0,-5.9568D0,            1553P   1776
1.168D-1,1.168D-1,1D0,1D0,1D0,1D0,-2.949632657637D0,-9.27D0,        1553P   1777
-3.0368D0,-2.130367342363D0,-9.27D0,-3.0368D0,-2.949632657637D0,    1553P   1778
-9.27D0,3.0368D0,-2.130367342363D0,-9.27D0,3.0368D0,                1553P   1779
-2.963265763746D-2,7.896326576375D-1,-5.9568D0,1.168D-1;            1553P   1780
508,4,0,1235,468,1,0,0,1235,489,0,0,0,1235,172,1,0,0,1235,487,1,    1555P   1781
0;                                                                  1555P   1782
510,1553,1,0,1555;                                                  1557P   1783
128,1,1,1,1,0,0,1,0,0,-1.371D-1,-1.371D-1,6.9921D0,6.9921D0,        1559P   1784
-2.2032D0,-2.2032D0,4.32D-2,4.32D-2,1D0,1D0,1D0,1D0,-7.365D0,       1559P   1785
-7.0668D0,-3.0571D0,-7.365D0,-7.0668D0,4.0721D0,-7.365D0,           1559P   1786
-9.3132D0,-3.0571D0,-7.365D0,-9.3132D0,4.0721D0,-1.371D-1,          1559P   1787
6.9921D0,-2.2032D0,4.32D-2;                                         1559P   1788
508,6,0,1235,53,0,0,0,1235,62,1,0,0,1235,11,0,0,0,1235,21,0,0,0,    1561P   1789
1235,58,0,0,0,1235,54,1,0;                                          1561P   1790
510,1559,1,0,1561;                                                  1563P   1791
128,1,1,1,1,0,0,1,0,0,-3.74D-2,-3.74D-2,1.9074D0,1.9074D0,          1565P   1792
-4.096326576375D-1,-4.096326576375D-1,2.963265763746D-2,            1565P   1793
2.963265763746D-2,1D0,1D0,1D0,1D0,-5.4576D0,-8.860367342363D0,      1565P   1794
2.92D0,-7.4024D0,-8.860367342363D0,2.92D0,-5.4576D0,                1565P   1795
-9.299632657637D0,2.92D0,-7.4024D0,-9.299632657637D0,2.92D0,        1565P   1796
-3.74D-2,1.9074D0,-4.096326576375D-1,2.963265763746D-2;             1565P   1797
508,4,0,1235,42,1,0,0,1235,67,1,0,0,1235,64,1,0,0,1235,54,0,0;      1567P   1798
510,1565,1,0,1567;                                                  1569P   1799
128,1,1,1,1,0,0,1,0,0,-4.957423830967D-2,-4.957423830967D-2,        1571P   1800
2.528286153793D0,2.528286153793D0,-2.963265763746D-2,               1571P   1801
-2.963265763746D-2,6.696326576375D-1,6.696326576375D-1,1D0,1D0,     1571P   1802
1D0,1D0,-4.159632657637D0,-8.840425761690D0,1.593711915483D0,       1571P   1803
-4.159632657637D0,-1.141828615379D1,1.593711915483D0,               1571P   1804
-3.460367342363D0,-8.840425761690D0,1.593711915483D0,               1571P   1805
-3.460367342363D0,-1.141828615379D1,1.593711915483D0,               1571P   1806
-4.957423830967D-2,2.528286153793D0,-2.963265763746D-2,             1571P   1807
6.696326576375D-1;                                                  1571P   1808
508,4,0,1235,90,1,0,0,1235,94,1,0,0,1235,76,0,0,0,1235,92,0,0;      1573P   1809
510,1571,1,0,1573;                                                  1575P   1810
128,1,1,1,1,0,0,1,0,0,-1.760886153793D0,-1.760886153793D0,          1577P   1811
6.932174238310D0,6.932174238310D0,-1.229048615379D1,                1577P   1812
-1.229048615379D1,-7.582257616903D-1,-7.582257616903D-1,1D0,1D0,    1577P   1813
1D0,1D0,-3.49D0,-1.229048615379D1,1.760886153793D0,-3.49D0,         1577P   1814
-1.229048615379D1,-6.932174238310D0,-3.49D0,-7.582257616903D-1,     1577P   1815
1.760886153793D0,-3.49D0,-7.582257616903D-1,-6.932174238310D0,      1577P   1816
-1.760886153793D0,6.932174238310D0,-1.229048615379D1,               1577P   1817
-7.582257616903D-1;                                                 1577P   1818
508,4,0,1235,209,0,0,0,1235,250,0,0,0,1235,83,1,0,0,1235,249,0,     1579P   1819
0;                                                                  1579P   1820
510,1577,1,0,1579;                                                  1581P   1821
128,1,1,1,1,0,0,1,0,0,-1.760886153793D0,-1.760886153793D0,          1583P   1822
6.932174238310D0,6.932174238310D0,-1.229048615379D1,                1583P   1823
-1.229048615379D1,-7.582257616903D-1,-7.582257616903D-1,1D0,1D0,    1583P   1824
1D0,1D0,-3.49D0,-1.229048615379D1,1.760886153793D0,-3.49D0,         1583P   1825
-1.229048615379D1,-6.932174238310D0,-3.49D0,-7.582257616903D-1,     1583P   1826
1.760886153793D0,-3.49D0,-7.582257616903D-1,-6.932174238310D0,      1583P   1827
-1.760886153793D0,6.932174238310D0,-1.229048615379D1,               1583P   1828
-7.582257616903D-1;                                                 1583P   1829
508,4,0,1235,217,0,0,0,1235,248,0,0,0,1235,82,1,0,0,1235,247,0,     1585P   1830
0;                                                                  1585P   1831
510,1583,1,0,1585;                                                  1587P   1832
128,1,1,1,1,0,0,1,0,0,-1.760886153793D0,-1.760886153793D0,          1589P   1833
6.932174238310D0,6.932174238310D0,-1.229048615379D1,                1589P   1834
-1.229048615379D1,-7.582257616903D-1,-7.582257616903D-1,1D0,1D0,    1589P   1835
1D0,1D0,-3.49D0,-1.229048615379D1,1.760886153793D0,-3.49D0,         1589P   1836
-1.229048615379D1,-6.932174238310D0,-3.49D0,-7.582257616903D-1,     1589P   1837
1.760886153793D0,-3.49D0,-7.582257616903D-1,-6.932174238310D0,      1589P   1838
-1.760886153793D0,6.932174238310D0,-1.229048615379D1,               1589P   1839
-7.582257616903D-1;                                                 1589P   1840
508,5,0,1235,225,0,0,0,1235,240,0,0,0,1235,195,0,0,0,1235,89,0,     1591P   1841
0,0,1235,536,0,0;                                                   1591P   1842
510,1589,1,0,1591;                                                  1593P   1843
128,1,1,1,1,0,0,1,0,0,-1.760886153793D0,-1.760886153793D0,          1595P   1844
6.932174238310D0,6.932174238310D0,-1.229048615379D1,                1595P   1845
-1.229048615379D1,-7.582257616903D-1,-7.582257616903D-1,1D0,1D0,    1595P   1846
1D0,1D0,-3.49D0,-1.229048615379D1,1.760886153793D0,-3.49D0,         1595P   1847
-1.229048615379D1,-6.932174238310D0,-3.49D0,-7.582257616903D-1,     1595P   1848
1.760886153793D0,-3.49D0,-7.582257616903D-1,-6.932174238310D0,      1595P   1849
-1.760886153793D0,6.932174238310D0,-1.229048615379D1,               1595P   1850
-7.582257616903D-1;                                                 1595P   1851
508,8,0,1235,233,0,0,0,1235,241,0,0,0,1235,73,0,0,0,1235,94,0,0,    1597P   1852
0,1235,517,0,0,0,1235,95,0,0,0,1235,74,0,0,0,1235,242,0,0;          1597P   1853
510,1595,1,0,1597;                                                  1599P   1854
128,1,1,1,1,0,0,1,0,0,-3.483445731207D-1,-3.483445731207D-1,        1601P   1855
3.483445731207D-1,3.483445731207D-1,-4.123205200005D-1,             1601P   1856
-4.123205200005D-1,4.123205200005D-1,4.123205200005D-1,1D0,1D0,     1601P   1857
1D0,1D0,-3.481095208489D0,-1.008263033928D0,1.623344573121D0,       1601P   1858
-3.481095208489D0,-1.008263033928D0,9.266554268793D-1,              1601P   1859
-3.728904791511D0,-2.217369660723D-1,1.623344573121D0,              1601P   1860
-3.728904791511D0,-2.217369660723D-1,9.266554268793D-1,             1601P   1861
-3.483445731207D-1,3.483445731207D-1,-4.123205200005D-1,            1601P   1862
4.123205200005D-1;                                                  1601P   1863
508,4,0,1235,209,1,0,0,1235,251,0,0,0,1235,210,0,0,0,1235,252,0,    1603P   1864
0;                                                                  1603P   1865
510,1601,1,0,1603;                                                  1605P   1866
128,1,1,1,1,0,0,1,0,0,-3.496326576375D-1,-3.496326576375D-1,        1607P   1867
3.496326576375D-1,3.496326576375D-1,-4.123205200005D-1,             1607P   1868
-4.123205200005D-1,4.123205200005D-1,4.123205200005D-1,1D0,1D0,     1607P   1869
1D0,1D0,-3.460367342363D0,-2.217369660723D-1,1.354807123972D0,      1607P   1870
-4.159632657637D0,-2.217369660723D-1,1.354807123972D0,              1607P   1871
-3.460367342363D0,-1.008263033928D0,1.602616706995D0,               1607P   1872
-4.159632657637D0,-1.008263033928D0,1.602616706995D0,               1607P   1873
-3.496326576375D-1,3.496326576375D-1,-4.123205200005D-1,            1607P   1874
4.123205200005D-1;                                                  1607P   1875
508,4,0,1235,211,0,0,0,1235,251,1,0,0,1235,212,1,0,0,1235,253,1,    1609P   1876
0;                                                                  1609P   1877
510,1607,1,0,1609;                                                  1611P   1878
128,1,1,1,1,0,0,1,0,0,2.003673423625D-1,2.003673423625D-1,          1613P   1879
4.370564886040D-1,4.370564886040D-1,2.003673423625D-1,              1613P   1880
2.003673423625D-1,4.396326576375D-1,4.396326576375D-1,1D0,1D0,      1613P   1881
1D0,1D0,-3.929632657637D0,-2.5D-1,1.156655426879D0,                 1613P   1882
-3.929632657637D0,-2.5D-1,1.393344573121D0,-3.690367342363D0,       1613P   1883
-2.5D-1,1.156655426879D0,-3.690367342363D0,-2.5D-1,                 1613P   1884
1.393344573121D0,2.003673423625D-1,4.370564886040D-1,               1613P   1885
2.003673423625D-1,4.396326576375D-1;                                1613P   1886
508,4,0,1235,205,1,0,0,1235,208,0,0,0,1235,210,1,0,0,1235,211,1,    1615P   1887
0;                                                                  1615P   1888
510,1613,1,0,1615;                                                  1617P   1889
128,1,1,1,1,0,0,1,0,0,-3.483445731207D-1,-3.483445731207D-1,        1619P   1890
3.483445731207D-1,3.483445731207D-1,-4.123205200005D-1,             1619P   1891
-4.123205200005D-1,4.123205200005D-1,4.123205200005D-1,1D0,1D0,     1619P   1892
1D0,1D0,-3.891095208489D0,-2.217369660723D-1,1.623344573121D0,      1619P   1893
-3.891095208489D0,-2.217369660723D-1,9.266554268793D-1,             1619P   1894
-4.138904791511D0,-1.008263033928D0,1.623344573121D0,               1619P   1895
-4.138904791511D0,-1.008263033928D0,9.266554268793D-1,              1619P   1896
-3.483445731207D-1,3.483445731207D-1,-4.123205200005D-1,            1619P   1897
4.123205200005D-1;                                                  1619P   1898
508,4,0,1235,205,0,0,0,1235,253,0,0,0,1235,206,1,0,0,1235,254,0,    1621P   1899
0;                                                                  1621P   1900
510,1619,1,0,1621;                                                  1623P   1901
128,1,1,1,1,0,0,1,0,0,-1.760886153793D0,-1.760886153793D0,          1625P   1902
6.932174238310D0,6.932174238310D0,-1.229048615379D1,                1625P   1903
-1.229048615379D1,-7.582257616903D-1,-7.582257616903D-1,1D0,1D0,    1625P   1904
1D0,1D0,-4.13D0,-1.229048615379D1,1.760886153793D0,-4.13D0,         1625P   1905
-1.229048615379D1,-6.932174238310D0,-4.13D0,-7.582257616903D-1,     1625P   1906
1.760886153793D0,-4.13D0,-7.582257616903D-1,-6.932174238310D0,      1625P   1907
-1.760886153793D0,6.932174238310D0,-1.229048615379D1,               1625P   1908
-7.582257616903D-1;                                                 1625P   1909
508,4,0,1235,206,0,0,0,1235,245,1,0,0,1235,81,0,0,0,1235,246,1,     1627P   1910
0;                                                                  1627P   1911
510,1625,1,0,1627;                                                  1629P   1912
128,1,1,1,1,0,0,1,0,0,-1.760886153793D0,-1.760886153793D0,          1631P   1913
6.932174238310D0,6.932174238310D0,-1.229048615379D1,                1631P   1914
-1.229048615379D1,-7.582257616903D-1,-7.582257616903D-1,1D0,1D0,    1631P   1915
1D0,1D0,-4.13D0,-1.229048615379D1,1.760886153793D0,-4.13D0,         1631P   1916
-1.229048615379D1,-6.932174238310D0,-4.13D0,-7.582257616903D-1,     1631P   1917
1.760886153793D0,-4.13D0,-7.582257616903D-1,-6.932174238310D0,      1631P   1918
-1.760886153793D0,6.932174238310D0,-1.229048615379D1,               1631P   1919
-7.582257616903D-1;                                                 1631P   1920
508,4,0,1235,214,0,0,0,1235,243,1,0,0,1235,80,0,0,0,1235,244,1,     1633P   1921
0;                                                                  1633P   1922
510,1631,1,0,1633;                                                  1635P   1923
128,1,1,1,1,0,0,1,0,0,-1.760886153793D0,-1.760886153793D0,          1637P   1924
6.932174238310D0,6.932174238310D0,-1.229048615379D1,                1637P   1925
-1.229048615379D1,-7.582257616903D-1,-7.582257616903D-1,1D0,1D0,    1637P   1926
1D0,1D0,-4.13D0,-1.229048615379D1,1.760886153793D0,-4.13D0,         1637P   1927
-1.229048615379D1,-6.932174238310D0,-4.13D0,-7.582257616903D-1,     1637P   1928
1.760886153793D0,-4.13D0,-7.582257616903D-1,-6.932174238310D0,      1637P   1929
-1.760886153793D0,6.932174238310D0,-1.229048615379D1,               1637P   1930
-7.582257616903D-1;                                                 1637P   1931
508,5,0,1235,222,0,0,0,1235,535,1,0,0,1235,88,1,0,0,1235,194,1,     1639P   1932
0,0,1235,237,1,0;                                                   1639P   1933
510,1637,1,0,1639;                                                  1641P   1934
128,1,1,1,1,0,0,1,0,0,-1.760886153793D0,-1.760886153793D0,          1643P   1935
6.932174238310D0,6.932174238310D0,-1.229048615379D1,                1643P   1936
-1.229048615379D1,-7.582257616903D-1,-7.582257616903D-1,1D0,1D0,    1643P   1937
1D0,1D0,-4.13D0,-1.229048615379D1,1.760886153793D0,-4.13D0,         1643P   1938
-1.229048615379D1,-6.932174238310D0,-4.13D0,-7.582257616903D-1,     1643P   1939
1.760886153793D0,-4.13D0,-7.582257616903D-1,-6.932174238310D0,      1643P   1940
-1.760886153793D0,6.932174238310D0,-1.229048615379D1,               1643P   1941
-7.582257616903D-1;                                                 1643P   1942
508,8,0,1235,230,0,0,0,1235,239,1,0,0,1235,72,1,0,0,1235,93,1,0,    1645P   1943
0,1235,516,1,0,0,1235,92,1,0,0,1235,71,1,0,0,1235,238,1,0;          1645P   1944
510,1643,1,0,1645;                                                  1647P   1945
128,1,1,1,1,0,0,1,0,0,6.226D-1,6.226D-1,6.2074D0,6.2074D0,          1649P   1946
-2.963265763746D-2,-2.963265763746D-2,6.696326576375D-1,            1649P   1947
6.696326576375D-1,1D0,1D0,1D0,1D0,-4.159632657637D0,-8.726D-1,      1649P   1948
1.593711915483D0,-4.159632657637D0,-6.4574D0,1.593711915483D0,      1649P   1949
-3.460367342363D0,-8.726D-1,1.593711915483D0,-3.460367342363D0,     1649P   1950
-6.4574D0,1.593711915483D0,6.226D-1,6.2074D0,-2.963265763746D-2,    1649P   1951
6.696326576375D-1;                                                  1649P   1952
508,4,0,1235,212,0,0,0,1235,249,1,0,0,1235,86,0,0,0,1235,245,0,     1651P   1953
0;                                                                  1651P   1954
510,1649,1,0,1651;                                                  1653P   1955
128,1,1,1,1,0,0,1,0,0,-7.9248D0,-7.9248D0,7.9248D0,7.9248D0,        1655P   1956
-3.302D0,-3.302D0,3.302D0,3.302D0,1D0,1D0,1D0,1D0,-7.9248D0,        1655P   1957
-6.35D0,3.302D0,7.9248D0,-6.35D0,3.302D0,-7.9248D0,-6.35D0,         1655P   1958
-3.302D0,7.9248D0,-6.35D0,-3.302D0,-7.9248D0,7.9248D0,-3.302D0,     1655P   1959
3.302D0;                                                            1655P   1960
508,6,0,1235,33,1,0,0,1235,37,0,0,0,1235,25,0,0,0,1235,27,0,0,0,    1657P   1961
1235,26,0,0,0,1235,38,0,0;                                          1657P   1962
508,4,0,1235,80,1,0,0,1235,84,1,0,0,1235,82,0,0,0,1235,85,0,0;      1659P   1963
508,4,0,1235,81,1,0,0,1235,86,1,0,0,1235,83,0,0,0,1235,87,0,0;      1661P   1964
508,4,0,1235,105,1,0,0,1235,109,1,0,0,1235,107,0,0,0,1235,110,0,    1663P   1965
0;                                                                  1663P   1966
508,4,0,1235,106,1,0,0,1235,111,1,0,0,1235,108,0,0,0,1235,112,0,    1665P   1967
0;                                                                  1665P   1968
508,4,0,1235,130,1,0,0,1235,134,1,0,0,1235,132,0,0,0,1235,135,0,    1667P   1969
0;                                                                  1667P   1970
508,4,0,1235,131,1,0,0,1235,136,1,0,0,1235,133,0,0,0,1235,137,0,    1669P   1971
0;                                                                  1669P   1972
508,4,0,1235,155,1,0,0,1235,159,1,0,0,1235,157,0,0,0,1235,160,0,    1671P   1973
0;                                                                  1671P   1974
508,4,0,1235,156,1,0,0,1235,161,1,0,0,1235,158,0,0,0,1235,162,0,    1673P   1975
0;                                                                  1673P   1976
510,1655,9,0,1657,1659,1661,1663,1665,1667,1669,1671,1673;          1675P   1977
128,1,1,1,1,0,0,1,0,0,-8.22D-2,-8.22D-2,4.1922D0,4.1922D0,          1677P   1978
-7.139632657637D0,-7.139632657637D0,-6.320367342363D0,              1677P   1979
-6.320367342363D0,1D0,1D0,1D0,1D0,2.1372D0,-7.139632657637D0,       1677P   1980
3.175D0,-2.1372D0,-7.139632657637D0,3.175D0,2.1372D0,               1677P   1981
-6.320367342363D0,3.175D0,-2.1372D0,-6.320367342363D0,3.175D0,      1677P   1982
-8.22D-2,4.1922D0,-7.139632657637D0,-6.320367342363D0;              1677P   1983
508,4,0,1235,31,1,0,0,1235,40,0,0,0,1235,33,0,0,0,1235,39,1,0;      1679P   1984
510,1677,1,0,1679;                                                  1681P   1985
128,1,1,1,1,0,0,1,0,0,-2.963265763746D-2,-2.963265763746D-2,        1683P   1986
1.299632657637D0,1.299632657637D0,-7.2522D0,-7.2522D0,1.422D-1,     1683P   1987
1.422D-1,1D0,1D0,1D0,1D0,-2.055D0,-7.2522D0,3.145367342363D0,       1683P   1988
-2.055D0,-7.2522D0,4.474632657637D0,-2.055D0,1.422D-1,              1683P   1989
3.145367342363D0,-2.055D0,1.422D-1,4.474632657637D0,                1683P   1990
-2.963265763746D-2,1.299632657637D0,-7.2522D0,1.422D-1;             1683P   1991
508,6,0,1235,567,1,0,0,1235,572,0,0,0,1235,569,0,0,0,1235,40,1,     1685P   1992
0,0,1235,32,0,0,0,1235,29,1,0;                                      1685P   1993
510,1683,1,0,1685;                                                  1687P   1994
128,1,1,1,1,0,0,1,0,0,-4.544855733624D-1,-4.544855733624D-1,        1689P   1995
4.544855733624D-1,4.544855733624D-1,-2.9014D0,-2.9014D0,            1689P   1996
3.2814D0,3.2814D0,1D0,1D0,1D0,1D0,-1.9361D0,2.650425473254D-2,      1689P   1997
3.568252127366D0,-1.9361D0,-7.865042547325D-1,3.161747872634D0,     1689P   1998
-8.1189D0,2.650425473254D-2,3.568252127366D0,-8.1189D0,             1689P   1999
-7.865042547325D-1,3.161747872634D0,-4.544855733624D-1,             1689P   2000
4.544855733624D-1,-2.9014D0,3.2814D0;                               1689P   2001
508,4,0,1235,558,0,0,0,1235,572,1,0,0,1235,559,1,0,0,1235,579,0,    1691P   2002
0;                                                                  1691P   2003
510,1689,1,0,1691;                                                  1693P   2004
128,1,1,1,1,0,0,1,0,0,-4.544855733624D-1,-4.544855733624D-1,        1695P   2005
4.544855733624D-1,4.544855733624D-1,-3.6972D0,-3.6972D0,            1695P   2006
3.6972D0,3.6972D0,1D0,1D0,1D0,1D0,-8.013252127366D0,                1695P   2007
2.650425473254D-2,3.6972D0,-7.606747872634D0,-7.865042547325D-1,    1695P   2008
3.6972D0,-8.013252127366D0,2.650425473254D-2,-3.6972D0,             1695P   2009
-7.606747872634D0,-7.865042547325D-1,-3.6972D0,                     1695P   2010
-4.544855733624D-1,4.544855733624D-1,-3.6972D0,3.6972D0;            1695P   2011
508,4,0,1235,573,0,0,0,1235,579,1,0,0,1235,574,1,0,0,1235,578,0,    1697P   2012
0;                                                                  1697P   2013
510,1695,1,0,1697;                                                  1699P   2014
128,1,1,1,1,0,0,1,0,0,-1.27D-1,-1.27D-1,6.477D0,6.477D0,            1701P   2015
-6.4618D0,-6.4618D0,-6.482D-1,-6.482D-1,1D0,1D0,1D0,1D0,-7.62D0,    1701P   2016
-6.4618D0,-3.302D0,-7.62D0,-6.4618D0,3.302D0,-7.62D0,-6.482D-1,     1701P   2017
-3.302D0,-7.62D0,-6.482D-1,3.302D0,-1.27D-1,6.477D0,-6.4618D0,      1701P   2018
-6.482D-1;                                                          1701P   2019
508,4,0,1235,562,1,0,0,1235,25,1,0,0,1235,563,0,0,0,1235,573,1,     1703P   2020
0;                                                                  1703P   2021
510,1701,1,0,1703;                                                  1705P   2022
128,1,1,1,1,0,0,1,0,0,-3.048D-1,-3.048D-1,1.55448D1,1.55448D1,      1707P   2023
-6.4618D0,-6.4618D0,-6.482D-1,-6.482D-1,1D0,1D0,1D0,1D0,            1707P   2024
7.9248D0,-6.4618D0,-3.175D0,-7.9248D0,-6.4618D0,-3.175D0,           1707P   2025
7.9248D0,-6.482D-1,-3.175D0,-7.9248D0,-6.482D-1,-3.175D0,           1707P   2026
-3.048D-1,1.55448D1,-6.4618D0,-6.482D-1;                            1707P   2027
508,4,0,1235,560,1,0,0,1235,565,1,0,0,1235,27,1,0,0,1235,562,0,     1709P   2028
0;                                                                  1709P   2029
510,1707,1,0,1709;                                                  1711P   2030
128,1,1,1,1,0,0,1,0,0,-4.544855733624D-1,-4.544855733624D-1,        1713P   2031
4.544855733624D-1,4.544855733624D-1,-8.32D0,-8.32D0,8.32D0,         1713P   2032
8.32D0,1D0,1D0,1D0,1D0,-8.32D0,2.650425473254D-2,                   1713P   2033
-3.568252127366D0,-8.32D0,-7.865042547325D-1,-3.161747872634D0,     1713P   2034
8.32D0,2.650425473254D-2,-3.568252127366D0,8.32D0,                  1713P   2035
-7.865042547325D-1,-3.161747872634D0,-4.544855733624D-1,            1713P   2036
4.544855733624D-1,-8.32D0,8.32D0;                                   1713P   2037
508,4,0,1235,560,0,0,0,1235,578,1,0,0,1235,561,1,0,0,1235,571,1,    1715P   2038
0;                                                                  1715P   2039
510,1713,1,0,1715;                                                  1717P   2040
128,1,1,1,1,0,0,1,0,0,-4.544855733624D-1,-4.544855733624D-1,        1719P   2041
4.544855733624D-1,4.544855733624D-1,-3.6972D0,-3.6972D0,            1719P   2042
3.6972D0,3.6972D0,1D0,1D0,1D0,1D0,8.013252127366D0,                 1719P   2043
2.650425473254D-2,-3.6972D0,7.606747872634D0,-7.865042547325D-1,    1719P   2044
-3.6972D0,8.013252127366D0,2.650425473254D-2,3.6972D0,              1719P   2045
7.606747872634D0,-7.865042547325D-1,3.6972D0,-4.544855733624D-1,    1719P   2046
4.544855733624D-1,-3.6972D0,3.6972D0;                               1719P   2047
508,4,0,1235,570,0,0,0,1235,576,0,0,0,1235,571,0,0,0,1235,575,1,    1721P   2048
0;                                                                  1721P   2049
510,1719,1,0,1721;                                                  1723P   2050
128,1,1,1,1,0,0,1,0,0,-1.27D-1,-1.27D-1,6.477D0,6.477D0,            1725P   2051
-6.4618D0,-6.4618D0,-6.482D-1,-6.482D-1,1D0,1D0,1D0,1D0,7.62D0,     1725P   2052
-6.4618D0,3.302D0,7.62D0,-6.4618D0,-3.302D0,7.62D0,-6.482D-1,       1725P   2053
3.302D0,7.62D0,-6.482D-1,-3.302D0,-1.27D-1,6.477D0,-6.4618D0,       1725P   2054
-6.482D-1;                                                          1725P   2055
508,4,0,1235,564,1,0,0,1235,26,1,0,0,1235,565,0,0,0,1235,576,1,     1727P   2056
0;                                                                  1727P   2057
510,1725,1,0,1727;                                                  1729P   2058
128,1,1,1,1,0,0,1,0,0,6.226D-1,6.226D-1,6.2074D0,6.2074D0,          1731P   2059
-2.963265763746D-2,-2.963265763746D-2,6.696326576375D-1,            1731P   2060
6.696326576375D-1,1D0,1D0,1D0,1D0,-4.159632657637D0,-8.726D-1,      1731P   2061
-9.462880845167D-1,-4.159632657637D0,-6.4574D0,                     1731P   2062
-9.462880845167D-1,-3.460367342363D0,-8.726D-1,                     1731P   2063
-9.462880845167D-1,-3.460367342363D0,-6.4574D0,                     1731P   2064
-9.462880845167D-1,6.226D-1,6.2074D0,-2.963265763746D-2,            1731P   2065
6.696326576375D-1;                                                  1731P   2066
508,4,0,1235,220,0,0,0,1235,247,1,0,0,1235,84,0,0,0,1235,243,0,     1733P   2067
0;                                                                  1733P   2068
510,1731,1,0,1733;                                                  1735P   2069
128,1,1,1,1,0,0,1,0,0,-3.496326576375D-1,-3.496326576375D-1,        1737P   2070
3.496326576375D-1,3.496326576375D-1,-4.123205200005D-1,             1737P   2071
-4.123205200005D-1,4.123205200005D-1,4.123205200005D-1,1D0,1D0,     1737P   2072
1D0,1D0,-3.460367342363D0,-2.217369660723D-1,-1.185192876028D0,     1737P   2073
-4.159632657637D0,-2.217369660723D-1,-1.185192876028D0,             1737P   2074
-3.460367342363D0,-1.008263033928D0,-9.373832930053D-1,             1737P   2075
-4.159632657637D0,-1.008263033928D0,-9.373832930053D-1,             1737P   2076
-3.496326576375D-1,3.496326576375D-1,-4.123205200005D-1,            1737P   2077
4.123205200005D-1;                                                  1737P   2078
508,4,0,1235,219,0,0,0,1235,255,0,0,0,1235,220,1,0,0,1235,257,1,    1739P   2079
0;                                                                  1739P   2080
510,1737,1,0,1739;                                                  1741P   2081
128,1,1,1,1,0,0,1,0,0,2.003673423625D-1,2.003673423625D-1,          1743P   2082
4.370564886040D-1,4.370564886040D-1,2.003673423625D-1,              1743P   2083
2.003673423625D-1,4.396326576375D-1,4.396326576375D-1,1D0,1D0,      1743P   2084
1D0,1D0,-3.929632657637D0,-2.5D-1,-1.383344573121D0,                1743P   2085
-3.929632657637D0,-2.5D-1,-1.146655426879D0,-3.690367342363D0,      1743P   2086
-2.5D-1,-1.383344573121D0,-3.690367342363D0,-2.5D-1,                1743P   2087
-1.146655426879D0,2.003673423625D-1,4.370564886040D-1,              1743P   2088
2.003673423625D-1,4.396326576375D-1;                                1743P   2089
508,4,0,1235,213,1,0,0,1235,215,0,0,0,1235,218,1,0,0,1235,219,1,    1745P   2090
0;                                                                  1745P   2091
510,1743,1,0,1745;                                                  1747P   2092
128,1,1,1,1,0,0,1,0,0,-3.483445731207D-1,-3.483445731207D-1,        1749P   2093
3.483445731207D-1,3.483445731207D-1,-4.123205200005D-1,             1749P   2094
-4.123205200005D-1,4.123205200005D-1,4.123205200005D-1,1D0,1D0,     1749P   2095
1D0,1D0,-3.891095208489D0,-2.217369660723D-1,-9.166554268793D-1,    1749P   2096
-3.891095208489D0,-2.217369660723D-1,-1.613344573121D0,             1749P   2097
-4.138904791511D0,-1.008263033928D0,-9.166554268793D-1,             1749P   2098
-4.138904791511D0,-1.008263033928D0,-1.613344573121D0,              1749P   2099
-3.483445731207D-1,3.483445731207D-1,-4.123205200005D-1,            1749P   2100
4.123205200005D-1;                                                  1749P   2101
508,4,0,1235,213,0,0,0,1235,257,0,0,0,1235,214,1,0,0,1235,258,1,    1751P   2102
0;                                                                  1751P   2103
510,1749,1,0,1751;                                                  1753P   2104
128,1,1,1,1,0,0,1,0,0,-3.496326576375D-1,-3.496326576375D-1,        1755P   2105
3.496326576375D-1,3.496326576375D-1,-4.123205200005D-1,             1755P   2106
-4.123205200005D-1,4.123205200005D-1,4.123205200005D-1,1D0,1D0,     1755P   2107
1D0,1D0,-3.460367342363D0,-1.008263033928D0,-1.592616706995D0,      1755P   2108
-4.159632657637D0,-1.008263033928D0,-1.592616706995D0,              1755P   2109
-3.460367342363D0,-2.217369660723D-1,-1.344807123972D0,             1755P   2110
-4.159632657637D0,-2.217369660723D-1,-1.344807123972D0,             1755P   2111
-3.496326576375D-1,3.496326576375D-1,-4.123205200005D-1,            1755P   2112
4.123205200005D-1;                                                  1755P   2113
508,4,0,1235,215,1,0,0,1235,258,0,0,0,1235,216,0,0,0,1235,256,1,    1757P   2114
0;                                                                  1757P   2115
510,1755,1,0,1757;                                                  1759P   2116
128,1,1,1,1,0,0,1,0,0,-1.074D-1,-1.074D-1,5.4774D0,5.4774D0,        1761P   2117
-2.963265763746D-2,-2.963265763746D-2,6.696326576375D-1,            1761P   2118
6.696326576375D-1,1D0,1D0,1D0,1D0,-4.159632657637D0,-6.4574D0,      1761P   2119
-1.583711915483D0,-4.159632657637D0,-8.726D-1,-1.583711915483D0,    1761P   2120
-3.460367342363D0,-6.4574D0,-1.583711915483D0,-3.460367342363D0,    1761P   2121
-8.726D-1,-1.583711915483D0,-1.074D-1,5.4774D0,                     1761P   2122
-2.963265763746D-2,6.696326576375D-1;                               1761P   2123
508,4,0,1235,216,1,0,0,1235,244,0,0,0,1235,85,1,0,0,1235,248,1,     1763P   2124
0;                                                                  1763P   2125
510,1761,1,0,1763;                                                  1765P   2126
128,1,1,1,1,0,0,1,0,0,-3.483445731207D-1,-3.483445731207D-1,        1767P   2127
3.483445731207D-1,3.483445731207D-1,-4.123205200005D-1,             1767P   2128
-4.123205200005D-1,4.123205200005D-1,4.123205200005D-1,1D0,1D0,     1767P   2129
1D0,1D0,-3.481095208489D0,-1.008263033928D0,-9.166554268793D-1,     1767P   2130
-3.481095208489D0,-1.008263033928D0,-1.613344573121D0,              1767P   2131
-3.728904791511D0,-2.217369660723D-1,-9.166554268793D-1,            1767P   2132
-3.728904791511D0,-2.217369660723D-1,-1.613344573121D0,             1767P   2133
-3.483445731207D-1,3.483445731207D-1,-4.123205200005D-1,            1767P   2134
4.123205200005D-1;                                                  1767P   2135
508,4,0,1235,217,1,0,0,1235,255,1,0,0,1235,218,0,0,0,1235,256,0,    1769P   2136
0;                                                                  1769P   2137
510,1767,1,0,1769;                                                  1771P   2138
128,1,1,1,1,0,0,1,0,0,-1.074D-1,-1.074D-1,5.4774D0,5.4774D0,        1773P   2139
-2.963265763746D-2,-2.963265763746D-2,6.696326576375D-1,            1773P   2140
6.696326576375D-1,1D0,1D0,1D0,1D0,-4.159632657637D0,-6.4574D0,      1773P   2141
9.562880845167D-1,-4.159632657637D0,-8.726D-1,9.562880845167D-1,    1773P   2142
-3.460367342363D0,-6.4574D0,9.562880845167D-1,-3.460367342363D0,    1773P   2143
-8.726D-1,9.562880845167D-1,-1.074D-1,5.4774D0,                     1773P   2144
-2.963265763746D-2,6.696326576375D-1;                               1773P   2145
508,4,0,1235,207,1,0,0,1235,246,0,0,0,1235,87,1,0,0,1235,250,1,     1775P   2146
0;                                                                  1775P   2147
510,1773,1,0,1775;                                                  1777P   2148
128,1,1,1,1,0,0,1,0,0,-3.496326576375D-1,-3.496326576375D-1,        1779P   2149
3.496326576375D-1,3.496326576375D-1,-4.123205200005D-1,             1779P   2150
-4.123205200005D-1,4.123205200005D-1,4.123205200005D-1,1D0,1D0,     1779P   2151
1D0,1D0,-3.460367342363D0,-1.008263033928D0,9.473832930053D-1,      1779P   2152
-4.159632657637D0,-1.008263033928D0,9.473832930053D-1,              1779P   2153
-3.460367342363D0,-2.217369660723D-1,1.195192876028D0,              1779P   2154
-4.159632657637D0,-2.217369660723D-1,1.195192876028D0,              1779P   2155
-3.496326576375D-1,3.496326576375D-1,-4.123205200005D-1,            1779P   2156
4.123205200005D-1;                                                  1779P   2157
508,4,0,1235,207,0,0,0,1235,252,1,0,0,1235,208,1,0,0,1235,254,1,    1781P   2158
0;                                                                  1781P   2159
510,1779,1,0,1781;                                                  1783P   2160
128,1,1,1,1,0,0,1,0,0,-1.760886153793D0,-1.760886153793D0,          1785P   2161
6.932174238310D0,6.932174238310D0,-1.229048615379D1,                1785P   2162
-1.229048615379D1,-7.582257616903D-1,-7.582257616903D-1,1D0,1D0,    1785P   2163
1D0,1D0,-1.59D0,-1.229048615379D1,1.760886153793D0,-1.59D0,         1785P   2164
-1.229048615379D1,-6.932174238310D0,-1.59D0,-7.582257616903D-1,     1785P   2165
1.760886153793D0,-1.59D0,-7.582257616903D-1,-6.932174238310D0,      1785P   2166
-1.760886153793D0,6.932174238310D0,-1.229048615379D1,               1785P   2167
-7.582257616903D-1;                                                 1785P   2168
508,4,0,1235,268,0,0,0,1235,307,1,0,0,1235,106,0,0,0,1235,308,1,    1787P   2169
0;                                                                  1787P   2170
510,1785,1,0,1787;                                                  1789P   2171
128,1,1,1,1,0,0,1,0,0,-1.760886153793D0,-1.760886153793D0,          1791P   2172
6.932174238310D0,6.932174238310D0,-1.229048615379D1,                1791P   2173
-1.229048615379D1,-7.582257616903D-1,-7.582257616903D-1,1D0,1D0,    1791P   2174
1D0,1D0,-1.59D0,-1.229048615379D1,1.760886153793D0,-1.59D0,         1791P   2175
-1.229048615379D1,-6.932174238310D0,-1.59D0,-7.582257616903D-1,     1791P   2176
1.760886153793D0,-1.59D0,-7.582257616903D-1,-6.932174238310D0,      1791P   2177
-1.760886153793D0,6.932174238310D0,-1.229048615379D1,               1791P   2178
-7.582257616903D-1;                                                 1791P   2179
508,4,0,1235,276,0,0,0,1235,305,1,0,0,1235,105,0,0,0,1235,306,1,    1793P   2180
0;                                                                  1793P   2181
510,1791,1,0,1793;                                                  1795P   2182
128,1,1,1,1,0,0,1,0,0,-1.760886153793D0,-1.760886153793D0,          1797P   2183
6.932174238310D0,6.932174238310D0,-1.229048615379D1,                1797P   2184
-1.229048615379D1,-7.582257616903D-1,-7.582257616903D-1,1D0,1D0,    1797P   2185
1D0,1D0,-1.59D0,-1.229048615379D1,1.760886153793D0,-1.59D0,         1797P   2186
-1.229048615379D1,-6.932174238310D0,-1.59D0,-7.582257616903D-1,     1797P   2187
1.760886153793D0,-1.59D0,-7.582257616903D-1,-6.932174238310D0,      1797P   2188
-1.760886153793D0,6.932174238310D0,-1.229048615379D1,               1797P   2189
-7.582257616903D-1;                                                 1797P   2190
508,5,0,1235,284,0,0,0,1235,537,1,0,0,1235,113,1,0,0,1235,197,1,    1799P   2191
0,0,1235,299,1,0;                                                   1799P   2192
510,1797,1,0,1799;                                                  1801P   2193
128,1,1,1,1,0,0,1,0,0,-1.760886153793D0,-1.760886153793D0,          1803P   2194
6.932174238310D0,6.932174238310D0,-1.229048615379D1,                1803P   2195
-1.229048615379D1,-7.582257616903D-1,-7.582257616903D-1,1D0,1D0,    1803P   2196
1D0,1D0,-1.59D0,-1.229048615379D1,1.760886153793D0,-1.59D0,         1803P   2197
-1.229048615379D1,-6.932174238310D0,-1.59D0,-7.582257616903D-1,     1803P   2198
1.760886153793D0,-1.59D0,-7.582257616903D-1,-6.932174238310D0,      1803P   2199
-1.760886153793D0,6.932174238310D0,-1.229048615379D1,               1803P   2200
-7.582257616903D-1;                                                 1803P   2201
508,8,0,1235,292,0,0,0,1235,301,1,0,0,1235,97,1,0,0,1235,118,1,     1805P   2202
0,0,1235,520,1,0,0,1235,117,1,0,0,1235,96,1,0,0,1235,300,1,0;       1805P   2203
510,1803,1,0,1805;                                                  1807P   2204
128,1,1,1,1,0,0,1,0,0,-3.483445731207D-1,-3.483445731207D-1,        1809P   2205
3.483445731207D-1,3.483445731207D-1,-4.123205200005D-1,             1809P   2206
-4.123205200005D-1,4.123205200005D-1,4.123205200005D-1,1D0,1D0,     1809P   2207
1D0,1D0,-1.351095208489D0,-2.217369660723D-1,1.623344573121D0,      1809P   2208
-1.351095208489D0,-2.217369660723D-1,9.266554268793D-1,             1809P   2209
-1.598904791511D0,-1.008263033928D0,1.623344573121D0,               1809P   2210
-1.598904791511D0,-1.008263033928D0,9.266554268793D-1,              1809P   2211
-3.483445731207D-1,3.483445731207D-1,-4.123205200005D-1,            1809P   2212
4.123205200005D-1;                                                  1809P   2213
508,4,0,1235,267,0,0,0,1235,315,0,0,0,1235,268,1,0,0,1235,316,0,    1811P   2214
0;                                                                  1811P   2215
510,1809,1,0,1811;                                                  1813P   2216
128,1,1,1,1,0,0,1,0,0,2.003673423625D-1,2.003673423625D-1,          1815P   2217
4.370564886040D-1,4.370564886040D-1,2.003673423625D-1,              1815P   2218
2.003673423625D-1,4.396326576375D-1,4.396326576375D-1,1D0,1D0,      1815P   2219
1D0,1D0,-1.389632657637D0,-2.5D-1,1.156655426879D0,                 1815P   2220
-1.389632657637D0,-2.5D-1,1.393344573121D0,-1.150367342363D0,       1815P   2221
-2.5D-1,1.156655426879D0,-1.150367342363D0,-2.5D-1,                 1815P   2222
1.393344573121D0,2.003673423625D-1,4.370564886040D-1,               1815P   2223
2.003673423625D-1,4.396326576375D-1;                                1815P   2224
508,4,0,1235,267,1,0,0,1235,270,0,0,0,1235,272,1,0,0,1235,273,1,    1817P   2225
0;                                                                  1817P   2226
510,1815,1,0,1817;                                                  1819P   2227
128,1,1,1,1,0,0,1,0,0,-3.496326576375D-1,-3.496326576375D-1,        1821P   2228
3.496326576375D-1,3.496326576375D-1,-4.123205200005D-1,             1821P   2229
-4.123205200005D-1,4.123205200005D-1,4.123205200005D-1,1D0,1D0,     1821P   2230
1D0,1D0,-9.203673423625D-1,-1.008263033928D0,9.473832930053D-1,     1821P   2231
-1.619632657637D0,-1.008263033928D0,9.473832930053D-1,              1821P   2232
-9.203673423625D-1,-2.217369660723D-1,1.195192876028D0,             1821P   2233
-1.619632657637D0,-2.217369660723D-1,1.195192876028D0,              1821P   2234
-3.496326576375D-1,3.496326576375D-1,-4.123205200005D-1,            1821P   2235
4.123205200005D-1;                                                  1821P   2236
508,4,0,1235,269,0,0,0,1235,314,1,0,0,1235,270,1,0,0,1235,316,1,    1823P   2237
0;                                                                  1823P   2238
510,1821,1,0,1823;                                                  1825P   2239
128,1,1,1,1,0,0,1,0,0,-1.074D-1,-1.074D-1,5.4774D0,5.4774D0,        1827P   2240
-2.963265763746D-2,-2.963265763746D-2,6.696326576375D-1,            1827P   2241
6.696326576375D-1,1D0,1D0,1D0,1D0,-1.619632657637D0,-6.4574D0,      1827P   2242
9.562880845167D-1,-1.619632657637D0,-8.726D-1,9.562880845167D-1,    1827P   2243
-9.203673423625D-1,-6.4574D0,9.562880845167D-1,                     1827P   2244
-9.203673423625D-1,-8.726D-1,9.562880845167D-1,-1.074D-1,           1827P   2245
5.4774D0,-2.963265763746D-2,6.696326576375D-1;                      1827P   2246
508,4,0,1235,269,1,0,0,1235,308,0,0,0,1235,112,1,0,0,1235,312,1,    1829P   2247
0;                                                                  1829P   2248
510,1827,1,0,1829;                                                  1831P   2249
128,1,1,1,1,0,0,1,0,0,-1.760886153793D0,-1.760886153793D0,          1833P   2250
6.932174238310D0,6.932174238310D0,-1.229048615379D1,                1833P   2251
-1.229048615379D1,-7.582257616903D-1,-7.582257616903D-1,1D0,1D0,    1833P   2252
1D0,1D0,-9.5D-1,-1.229048615379D1,1.760886153793D0,-9.5D-1,         1833P   2253
-1.229048615379D1,-6.932174238310D0,-9.5D-1,-7.582257616903D-1,     1833P   2254
1.760886153793D0,-9.5D-1,-7.582257616903D-1,-6.932174238310D0,      1833P   2255
-1.760886153793D0,6.932174238310D0,-1.229048615379D1,               1833P   2256
-7.582257616903D-1;                                                 1833P   2257
508,4,0,1235,271,0,0,0,1235,312,0,0,0,1235,108,1,0,0,1235,311,0,    1835P   2258
0;                                                                  1835P   2259
510,1833,1,0,1835;                                                  1837P   2260
128,1,1,1,1,0,0,1,0,0,-1.760886153793D0,-1.760886153793D0,          1839P   2261
6.932174238310D0,6.932174238310D0,-1.229048615379D1,                1839P   2262
-1.229048615379D1,-7.582257616903D-1,-7.582257616903D-1,1D0,1D0,    1839P   2263
1D0,1D0,-9.5D-1,-1.229048615379D1,1.760886153793D0,-9.5D-1,         1839P   2264
-1.229048615379D1,-6.932174238310D0,-9.5D-1,-7.582257616903D-1,     1839P   2265
1.760886153793D0,-9.5D-1,-7.582257616903D-1,-6.932174238310D0,      1839P   2266
-1.760886153793D0,6.932174238310D0,-1.229048615379D1,               1839P   2267
-7.582257616903D-1;                                                 1839P   2268
508,4,0,1235,279,0,0,0,1235,310,0,0,0,1235,107,1,0,0,1235,309,0,    1841P   2269
0;                                                                  1841P   2270
510,1839,1,0,1841;                                                  1843P   2271
128,1,1,1,1,0,0,1,0,0,-1.760886153793D0,-1.760886153793D0,          1845P   2272
6.932174238310D0,6.932174238310D0,-1.229048615379D1,                1845P   2273
-1.229048615379D1,-7.582257616903D-1,-7.582257616903D-1,1D0,1D0,    1845P   2274
1D0,1D0,-9.5D-1,-1.229048615379D1,1.760886153793D0,-9.5D-1,         1845P   2275
-1.229048615379D1,-6.932174238310D0,-9.5D-1,-7.582257616903D-1,     1845P   2276
1.760886153793D0,-9.5D-1,-7.582257616903D-1,-6.932174238310D0,      1845P   2277
-1.760886153793D0,6.932174238310D0,-1.229048615379D1,               1845P   2278
-7.582257616903D-1;                                                 1845P   2279
508,5,0,1235,287,0,0,0,1235,302,0,0,0,1235,198,0,0,0,1235,114,0,    1847P   2280
0,0,1235,538,0,0;                                                   1847P   2281
510,1845,1,0,1847;                                                  1849P   2282
128,1,1,1,1,0,0,1,0,0,-1.760886153793D0,-1.760886153793D0,          1851P   2283
6.932174238310D0,6.932174238310D0,-1.229048615379D1,                1851P   2284
-1.229048615379D1,-7.582257616903D-1,-7.582257616903D-1,1D0,1D0,    1851P   2285
1D0,1D0,-9.5D-1,-1.229048615379D1,1.760886153793D0,-9.5D-1,         1851P   2286
-1.229048615379D1,-6.932174238310D0,-9.5D-1,-7.582257616903D-1,     1851P   2287
1.760886153793D0,-9.5D-1,-7.582257616903D-1,-6.932174238310D0,      1851P   2288
-1.760886153793D0,6.932174238310D0,-1.229048615379D1,               1851P   2289
-7.582257616903D-1;                                                 1851P   2290
508,8,0,1235,295,0,0,0,1235,303,0,0,0,1235,98,0,0,0,1235,119,0,     1853P   2291
0,0,1235,521,0,0,0,1235,120,0,0,0,1235,99,0,0,0,1235,304,0,0;       1853P   2292
510,1851,1,0,1853;                                                  1855P   2293
128,1,1,1,1,0,0,1,0,0,-3.483445731207D-1,-3.483445731207D-1,        1857P   2294
3.483445731207D-1,3.483445731207D-1,-4.123205200005D-1,             1857P   2295
-4.123205200005D-1,4.123205200005D-1,4.123205200005D-1,1D0,1D0,     1857P   2296
1D0,1D0,-9.410952084885D-1,-1.008263033928D0,1.623344573121D0,      1857P   2297
-9.410952084885D-1,-1.008263033928D0,9.266554268793D-1,             1857P   2298
-1.188904791511D0,-2.217369660723D-1,1.623344573121D0,              1857P   2299
-1.188904791511D0,-2.217369660723D-1,9.266554268793D-1,             1857P   2300
-3.483445731207D-1,3.483445731207D-1,-4.123205200005D-1,            1857P   2301
4.123205200005D-1;                                                  1857P   2302
508,4,0,1235,271,1,0,0,1235,313,0,0,0,1235,272,0,0,0,1235,314,0,    1859P   2303
0;                                                                  1859P   2304
510,1857,1,0,1859;                                                  1861P   2305
128,1,1,1,1,0,0,1,0,0,-3.496326576375D-1,-3.496326576375D-1,        1863P   2306
3.496326576375D-1,3.496326576375D-1,-4.123205200005D-1,             1863P   2307
-4.123205200005D-1,4.123205200005D-1,4.123205200005D-1,1D0,1D0,     1863P   2308
1D0,1D0,-9.203673423625D-1,-2.217369660723D-1,1.354807123972D0,     1863P   2309
-1.619632657637D0,-2.217369660723D-1,1.354807123972D0,              1863P   2310
-9.203673423625D-1,-1.008263033928D0,1.602616706995D0,              1863P   2311
-1.619632657637D0,-1.008263033928D0,1.602616706995D0,               1863P   2312
-3.496326576375D-1,3.496326576375D-1,-4.123205200005D-1,            1863P   2313
4.123205200005D-1;                                                  1863P   2314
508,4,0,1235,273,0,0,0,1235,313,1,0,0,1235,274,1,0,0,1235,315,1,    1865P   2315
0;                                                                  1865P   2316
510,1863,1,0,1865;                                                  1867P   2317
128,1,1,1,1,0,0,1,0,0,6.226D-1,6.226D-1,6.2074D0,6.2074D0,          1869P   2318
-2.963265763746D-2,-2.963265763746D-2,6.696326576375D-1,            1869P   2319
6.696326576375D-1,1D0,1D0,1D0,1D0,-1.619632657637D0,-8.726D-1,      1869P   2320
1.593711915483D0,-1.619632657637D0,-6.4574D0,1.593711915483D0,      1869P   2321
-9.203673423625D-1,-8.726D-1,1.593711915483D0,                      1869P   2322
-9.203673423625D-1,-6.4574D0,1.593711915483D0,6.226D-1,6.2074D0,    1869P   2323
-2.963265763746D-2,6.696326576375D-1;                               1869P   2324
508,4,0,1235,274,0,0,0,1235,311,1,0,0,1235,111,0,0,0,1235,307,0,    1871P   2325
0;                                                                  1871P   2326
510,1869,1,0,1871;                                                  1873P   2327
128,1,1,1,1,0,0,1,0,0,-3.483445731207D-1,-3.483445731207D-1,        1875P   2328
3.483445731207D-1,3.483445731207D-1,-4.123205200005D-1,             1875P   2329
-4.123205200005D-1,4.123205200005D-1,4.123205200005D-1,1D0,1D0,     1875P   2330
1D0,1D0,-9.410952084885D-1,-1.008263033928D0,-9.166554268793D-1,    1875P   2331
-9.410952084885D-1,-1.008263033928D0,-1.613344573121D0,             1875P   2332
-1.188904791511D0,-2.217369660723D-1,-9.166554268793D-1,            1875P   2333
-1.188904791511D0,-2.217369660723D-1,-1.613344573121D0,             1875P   2334
-3.483445731207D-1,3.483445731207D-1,-4.123205200005D-1,            1875P   2335
4.123205200005D-1;                                                  1875P   2336
508,4,0,1235,279,1,0,0,1235,317,1,0,0,1235,280,0,0,0,1235,318,0,    1877P   2337
0;                                                                  1877P   2338
510,1875,1,0,1877;                                                  1879P   2339
128,1,1,1,1,0,0,1,0,0,-3.496326576375D-1,-3.496326576375D-1,        1881P   2340
3.496326576375D-1,3.496326576375D-1,-4.123205200005D-1,             1881P   2341
-4.123205200005D-1,4.123205200005D-1,4.123205200005D-1,1D0,1D0,     1881P   2342
1D0,1D0,-9.203673423625D-1,-2.217369660723D-1,-1.185192876028D0,    1881P   2343
-1.619632657637D0,-2.217369660723D-1,-1.185192876028D0,             1881P   2344
-9.203673423625D-1,-1.008263033928D0,-9.373832930053D-1,            1881P   2345
-1.619632657637D0,-1.008263033928D0,-9.373832930053D-1,             1881P   2346
-3.496326576375D-1,3.496326576375D-1,-4.123205200005D-1,            1881P   2347
4.123205200005D-1;                                                  1881P   2348
508,4,0,1235,281,0,0,0,1235,317,0,0,0,1235,282,1,0,0,1235,319,1,    1883P   2349
0;                                                                  1883P   2350
510,1881,1,0,1883;                                                  1885P   2351
128,1,1,1,1,0,0,1,0,0,2.003673423625D-1,2.003673423625D-1,          1887P   2352
4.370564886040D-1,4.370564886040D-1,2.003673423625D-1,              1887P   2353
2.003673423625D-1,4.396326576375D-1,4.396326576375D-1,1D0,1D0,      1887P   2354
1D0,1D0,-1.389632657637D0,-2.5D-1,-1.383344573121D0,                1887P   2355
-1.389632657637D0,-2.5D-1,-1.146655426879D0,-1.150367342363D0,      1887P   2356
-2.5D-1,-1.383344573121D0,-1.150367342363D0,-2.5D-1,                1887P   2357
-1.146655426879D0,2.003673423625D-1,4.370564886040D-1,              1887P   2358
2.003673423625D-1,4.396326576375D-1;                                1887P   2359
508,4,0,1235,275,1,0,0,1235,277,0,0,0,1235,280,1,0,0,1235,281,1,    1889P   2360
0;                                                                  1889P   2361
510,1887,1,0,1889;                                                  1891P   2362
128,1,1,1,1,0,0,1,0,0,-3.483445731207D-1,-3.483445731207D-1,        1893P   2363
3.483445731207D-1,3.483445731207D-1,-4.123205200005D-1,             1893P   2364
-4.123205200005D-1,4.123205200005D-1,4.123205200005D-1,1D0,1D0,     1893P   2365
1D0,1D0,-1.351095208489D0,-2.217369660723D-1,-9.166554268793D-1,    1893P   2366
-1.351095208489D0,-2.217369660723D-1,-1.613344573121D0,             1893P   2367
-1.598904791511D0,-1.008263033928D0,-9.166554268793D-1,             1893P   2368
-1.598904791511D0,-1.008263033928D0,-1.613344573121D0,              1893P   2369
-3.483445731207D-1,3.483445731207D-1,-4.123205200005D-1,            1893P   2370
4.123205200005D-1;                                                  1893P   2371
508,4,0,1235,275,0,0,0,1235,319,0,0,0,1235,276,1,0,0,1235,320,1,    1895P   2372
0;                                                                  1895P   2373
510,1893,1,0,1895;                                                  1897P   2374
128,1,1,1,1,0,0,1,0,0,-3.496326576375D-1,-3.496326576375D-1,        1899P   2375
3.496326576375D-1,3.496326576375D-1,-4.123205200005D-1,             1899P   2376
-4.123205200005D-1,4.123205200005D-1,4.123205200005D-1,1D0,1D0,     1899P   2377
1D0,1D0,-9.203673423625D-1,-1.008263033928D0,-1.592616706995D0,     1899P   2378
-1.619632657637D0,-1.008263033928D0,-1.592616706995D0,              1899P   2379
-9.203673423625D-1,-2.217369660723D-1,-1.344807123972D0,            1899P   2380
-1.619632657637D0,-2.217369660723D-1,-1.344807123972D0,             1899P   2381
-3.496326576375D-1,3.496326576375D-1,-4.123205200005D-1,            1899P   2382
4.123205200005D-1;                                                  1899P   2383
508,4,0,1235,277,1,0,0,1235,320,0,0,0,1235,278,0,0,0,1235,318,1,    1901P   2384
0;                                                                  1901P   2385
510,1899,1,0,1901;                                                  1903P   2386
128,1,1,1,1,0,0,1,0,0,-1.074D-1,-1.074D-1,5.4774D0,5.4774D0,        1905P   2387
-2.963265763746D-2,-2.963265763746D-2,6.696326576375D-1,            1905P   2388
6.696326576375D-1,1D0,1D0,1D0,1D0,-1.619632657637D0,-6.4574D0,      1905P   2389
-1.583711915483D0,-1.619632657637D0,-8.726D-1,-1.583711915483D0,    1905P   2390
-9.203673423625D-1,-6.4574D0,-1.583711915483D0,                     1905P   2391
-9.203673423625D-1,-8.726D-1,-1.583711915483D0,-1.074D-1,           1905P   2392
5.4774D0,-2.963265763746D-2,6.696326576375D-1;                      1905P   2393
508,4,0,1235,278,1,0,0,1235,306,0,0,0,1235,110,1,0,0,1235,310,1,    1907P   2394
0;                                                                  1907P   2395
510,1905,1,0,1907;                                                  1909P   2396
128,1,1,1,1,0,0,1,0,0,6.226D-1,6.226D-1,6.2074D0,6.2074D0,          1911P   2397
-2.963265763746D-2,-2.963265763746D-2,6.696326576375D-1,            1911P   2398
6.696326576375D-1,1D0,1D0,1D0,1D0,-1.619632657637D0,-8.726D-1,      1911P   2399
-9.462880845167D-1,-1.619632657637D0,-6.4574D0,                     1911P   2400
-9.462880845167D-1,-9.203673423625D-1,-8.726D-1,                    1911P   2401
-9.462880845167D-1,-9.203673423625D-1,-6.4574D0,                    1911P   2402
-9.462880845167D-1,6.226D-1,6.2074D0,-2.963265763746D-2,            1911P   2403
6.696326576375D-1;                                                  1911P   2404
508,4,0,1235,282,0,0,0,1235,309,1,0,0,1235,109,0,0,0,1235,305,0,    1913P   2405
0;                                                                  1913P   2406
510,1911,1,0,1913;                                                  1915P   2407
128,1,1,1,1,0,0,1,0,0,-3.496326576375D-1,-3.496326576375D-1,        1917P   2408
3.496326576375D-1,3.496326576375D-1,-4.123205200005D-1,             1917P   2409
-4.123205200005D-1,4.123205200005D-1,4.123205200005D-1,1D0,1D0,     1917P   2410
1D0,1D0,-9.410952084885D-1,-8.860367342363D0,-6.736736966072D0,     1917P   2411
-9.410952084885D-1,-9.559632657637D0,-6.736736966072D0,             1917P   2412
-1.188904791511D0,-8.860367342363D0,-7.523263033928D0,              1917P   2413
-1.188904791511D0,-9.559632657637D0,-7.523263033928D0,              1917P   2414
-3.496326576375D-1,3.496326576375D-1,-4.123205200005D-1,            1917P   2415
4.123205200005D-1;                                                  1917P   2416
508,4,0,1235,287,1,0,0,1235,321,0,0,0,1235,288,0,0,0,1235,322,0,    1919P   2417
0;                                                                  1919P   2418
510,1917,1,0,1919;                                                  1921P   2419
128,1,1,1,1,0,0,1,0,0,-3.496326576375D-1,-3.496326576375D-1,        1923P   2420
3.496326576375D-1,3.496326576375D-1,-4.123205200005D-1,             1923P   2421
-4.123205200005D-1,4.123205200005D-1,4.123205200005D-1,1D0,1D0,     1923P   2422
1D0,1D0,-9.203673423625D-1,-9.128904791511D0,-7.523263033928D0,     1923P   2423
-1.619632657637D0,-9.128904791511D0,-7.523263033928D0,              1923P   2424
-9.203673423625D-1,-8.881095208489D0,-6.736736966072D0,             1923P   2425
-1.619632657637D0,-8.881095208489D0,-6.736736966072D0,              1923P   2426
-3.496326576375D-1,3.496326576375D-1,-4.123205200005D-1,            1923P   2427
4.123205200005D-1;                                                  1923P   2428
508,4,0,1235,289,0,0,0,1235,321,1,0,0,1235,290,1,0,0,1235,323,1,    1925P   2429
0;                                                                  1925P   2430
510,1923,1,0,1925;                                                  1927P   2431
128,1,1,1,1,0,0,1,0,0,2.003673423625D-1,2.003673423625D-1,          1929P   2432
4.396326576375D-1,4.396326576375D-1,2.003673423625D-1,              1929P   2433
2.003673423625D-1,4.396326576375D-1,4.396326576375D-1,1D0,1D0,      1929P   2434
1D0,1D0,-1.389632657637D0,-9.329632657637D0,-7.495D0,               1929P   2435
-1.389632657637D0,-9.090367342363D0,-7.495D0,-1.150367342363D0,     1929P   2436
-9.329632657637D0,-7.495D0,-1.150367342363D0,-9.090367342363D0,     1929P   2437
-7.495D0,2.003673423625D-1,4.396326576375D-1,2.003673423625D-1,     1929P   2438
4.396326576375D-1;                                                  1929P   2439
508,4,0,1235,283,1,0,0,1235,286,0,0,0,1235,288,1,0,0,1235,289,1,    1931P   2440
0;                                                                  1931P   2441
510,1929,1,0,1931;                                                  1933P   2442
128,1,1,1,1,0,0,1,0,0,-3.496326576375D-1,-3.496326576375D-1,        1935P   2443
3.496326576375D-1,3.496326576375D-1,-4.123205200005D-1,             1935P   2444
-4.123205200005D-1,4.123205200005D-1,4.123205200005D-1,1D0,1D0,     1935P   2445
1D0,1D0,-1.351095208489D0,-8.860367342363D0,-7.523263033928D0,      1935P   2446
-1.351095208489D0,-9.559632657637D0,-7.523263033928D0,              1935P   2447
-1.598904791511D0,-8.860367342363D0,-6.736736966072D0,              1935P   2448
-1.598904791511D0,-9.559632657637D0,-6.736736966072D0,              1935P   2449
-3.496326576375D-1,3.496326576375D-1,-4.123205200005D-1,            1935P   2450
4.123205200005D-1;                                                  1935P   2451
508,4,0,1235,283,0,0,0,1235,323,0,0,0,1235,284,1,0,0,1235,324,1,    1937P   2452
0;                                                                  1937P   2453
510,1935,1,0,1937;                                                  1939P   2454
128,1,1,1,1,0,0,1,0,0,-3.496326576375D-1,-3.496326576375D-1,        1941P   2455
3.496326576375D-1,3.496326576375D-1,-4.123205200005D-1,             1941P   2456
-4.123205200005D-1,4.123205200005D-1,4.123205200005D-1,1D0,1D0,     1941P   2457
1D0,1D0,-9.203673423625D-1,-9.538904791511D0,-6.736736966072D0,     1941P   2458
-1.619632657637D0,-9.538904791511D0,-6.736736966072D0,              1941P   2459
-9.203673423625D-1,-9.291095208489D0,-7.523263033928D0,             1941P   2460
-1.619632657637D0,-9.291095208489D0,-7.523263033928D0,              1941P   2461
-3.496326576375D-1,3.496326576375D-1,-4.123205200005D-1,            1941P   2462
4.123205200005D-1;                                                  1941P   2463
508,4,0,1235,285,0,0,0,1235,322,1,0,0,1235,286,1,0,0,1235,324,0,    1943P   2464
0;                                                                  1943P   2465
510,1941,1,0,1943;                                                  1945P   2466
128,1,1,1,1,0,0,1,0,0,-1.024257616903D-1,-1.024257616903D-1,        1947P   2467
5.223713846207D0,5.223713846207D0,-2.963265763746D-2,               1947P   2468
-2.963265763746D-2,6.696326576375D-1,6.696326576375D-1,1D0,1D0,     1947P   2469
1D0,1D0,-1.619632657637D0,-9.53D0,-1.541286153793D0,                1947P   2470
-1.619632657637D0,-9.53D0,-6.867425761690D0,-9.203673423625D-1,     1947P   2471
-9.53D0,-1.541286153793D0,-9.203673423625D-1,-9.53D0,               1947P   2472
-6.867425761690D0,-1.024257616903D-1,5.223713846207D0,              1947P   2473
-2.963265763746D-2,6.696326576375D-1;                               1947P   2474
508,4,0,1235,285,1,0,0,1235,299,0,0,0,1235,100,1,0,0,1235,302,1,    1949P   2475
0;                                                                  1949P   2476
510,1947,1,0,1949;                                                  1951P   2477
110,-1.59D0,-8.83D0,-1.643711915483D0,-5.9D-1,-8.83D0,              1953P   2478
-1.643711915483D0;                                                  1953P   2479
110,-1.619632657637D0,-8.83D0,-2.343711915483D0,                    1955P   2480
-9.203673423625D-1,-8.83D0,-2.343711915483D0;                       1955P   2481
120,1953,1955,3.185079876042D0,4.754721348438D0;                    1957P   2482
508,4,0,1235,196,1,0,0,1235,198,1,0,0,1235,100,0,0,0,1235,197,0,    1959P   2483
0;                                                                  1959P   2484
510,1957,1,0,1959;                                                  1961P   2485
128,1,1,1,1,0,0,1,0,0,6.531D-1,6.531D-1,4.6519D0,4.6519D0,          1963P   2486
-2.963265763746D-2,-2.963265763746D-2,6.696326576375D-1,            1963P   2487
6.696326576375D-1,1D0,1D0,1D0,1D0,-1.619632657637D0,-8.89D0,        1963P   2488
-6.8419D0,-1.619632657637D0,-8.89D0,-2.8431D0,                      1963P   2489
-9.203673423625D-1,-8.89D0,-6.8419D0,-9.203673423625D-1,-8.89D0,    1963P   2490
-2.8431D0,6.531D-1,4.6519D0,-2.963265763746D-2,                     1963P   2491
6.696326576375D-1;                                                  1963P   2492
508,4,0,1235,290,0,0,0,1235,538,1,0,0,1235,519,0,0,0,1235,537,0,    1965P   2493
0;                                                                  1965P   2494
510,1963,1,0,1965;                                                  1967P   2495
128,1,1,1,1,0,0,1,0,0,-3.483445731207D-1,-3.483445731207D-1,        1969P   2496
3.483445731207D-1,3.483445731207D-1,-4.123205200005D-1,             1969P   2497
-4.123205200005D-1,4.123205200005D-1,4.123205200005D-1,1D0,1D0,     1969P   2498
1D0,1D0,-9.410952084885D-1,-1.140165542688D1,-6.736736966072D0,     1969P   2499
-9.410952084885D-1,-1.209834457312D1,-6.736736966072D0,             1969P   2500
-1.188904791511D0,-1.140165542688D1,-7.523263033928D0,              1969P   2501
-1.188904791511D0,-1.209834457312D1,-7.523263033928D0,              1969P   2502
-3.483445731207D-1,3.483445731207D-1,-4.123205200005D-1,            1969P   2503
4.123205200005D-1;                                                  1969P   2504
508,4,0,1235,295,1,0,0,1235,325,0,0,0,1235,296,0,0,0,1235,326,0,    1971P   2505
0;                                                                  1971P   2506
510,1969,1,0,1971;                                                  1973P   2507
128,1,1,1,1,0,0,1,0,0,-3.496326576375D-1,-3.496326576375D-1,        1975P   2508
3.496326576375D-1,3.496326576375D-1,-4.123205200005D-1,             1975P   2509
-4.123205200005D-1,4.123205200005D-1,4.123205200005D-1,1D0,1D0,     1975P   2510
1D0,1D0,-9.203673423625D-1,-1.167019287603D1,-7.523263033928D0,     1975P   2511
-1.619632657637D0,-1.167019287603D1,-7.523263033928D0,              1975P   2512
-9.203673423625D-1,-1.142238329301D1,-6.736736966072D0,             1975P   2513
-1.619632657637D0,-1.142238329301D1,-6.736736966072D0,              1975P   2514
-3.496326576375D-1,3.496326576375D-1,-4.123205200005D-1,            1975P   2515
4.123205200005D-1;                                                  1975P   2516
508,4,0,1235,297,0,0,0,1235,325,1,0,0,1235,298,1,0,0,1235,327,1,    1977P   2517
0;                                                                  1977P   2518
510,1975,1,0,1977;                                                  1979P   2519
128,1,1,1,1,0,0,1,0,0,2.003673423625D-1,2.003673423625D-1,          1981P   2520
4.370564886040D-1,4.370564886040D-1,2.003673423625D-1,              1981P   2521
2.003673423625D-1,4.396326576375D-1,4.396326576375D-1,1D0,1D0,      1981P   2522
1D0,1D0,-1.389632657637D0,-1.186834457312D1,-7.495D0,               1981P   2523
-1.389632657637D0,-1.163165542688D1,-7.495D0,-1.150367342363D0,     1981P   2524
-1.186834457312D1,-7.495D0,-1.150367342363D0,-1.163165542688D1,     1981P   2525
-7.495D0,2.003673423625D-1,4.370564886040D-1,2.003673423625D-1,     1981P   2526
4.396326576375D-1;                                                  1981P   2527
508,4,0,1235,291,1,0,0,1235,294,0,0,0,1235,296,1,0,0,1235,297,1,    1983P   2528
0;                                                                  1983P   2529
510,1981,1,0,1983;                                                  1985P   2530
128,1,1,1,1,0,0,1,0,0,-3.483445731207D-1,-3.483445731207D-1,        1987P   2531
3.483445731207D-1,3.483445731207D-1,-4.123205200005D-1,             1987P   2532
-4.123205200005D-1,4.123205200005D-1,4.123205200005D-1,1D0,1D0,     1987P   2533
1D0,1D0,-1.351095208489D0,-1.140165542688D1,-7.523263033928D0,      1987P   2534
-1.351095208489D0,-1.209834457312D1,-7.523263033928D0,              1987P   2535
-1.598904791511D0,-1.140165542688D1,-6.736736966072D0,              1987P   2536
-1.598904791511D0,-1.209834457312D1,-6.736736966072D0,              1987P   2537
-3.483445731207D-1,3.483445731207D-1,-4.123205200005D-1,            1987P   2538
4.123205200005D-1;                                                  1987P   2539
508,4,0,1235,291,0,0,0,1235,327,0,0,0,1235,292,1,0,0,1235,328,1,    1989P   2540
0;                                                                  1989P   2541
510,1987,1,0,1989;                                                  1991P   2542
128,1,1,1,1,0,0,1,0,0,-3.496326576375D-1,-3.496326576375D-1,        1993P   2543
3.496326576375D-1,3.496326576375D-1,-4.123205200005D-1,             1993P   2544
-4.123205200005D-1,4.123205200005D-1,4.123205200005D-1,1D0,1D0,     1993P   2545
1D0,1D0,-9.203673423625D-1,-1.207761670699D1,-6.736736966072D0,     1993P   2546
-1.619632657637D0,-1.207761670699D1,-6.736736966072D0,              1993P   2547
-9.203673423625D-1,-1.182980712397D1,-7.523263033928D0,             1993P   2548
-1.619632657637D0,-1.182980712397D1,-7.523263033928D0,              1993P   2549
-3.496326576375D-1,3.496326576375D-1,-4.123205200005D-1,            1993P   2550
4.123205200005D-1;                                                  1993P   2551
508,4,0,1235,293,0,0,0,1235,326,1,0,0,1235,294,1,0,0,1235,328,0,    1995P   2552
0;                                                                  1995P   2553
510,1993,1,0,1995;                                                  1997P   2554
128,1,1,1,1,0,0,1,0,0,-1.531742383097D-1,-1.531742383097D-1,        1999P   2555
7.811886153793D0,7.811886153793D0,-2.963265763746D-2,               1999P   2556
-2.963265763746D-2,6.696326576375D-1,6.696326576375D-1,1D0,1D0,     1999P   2557
1D0,1D0,-1.619632657637D0,-1.206871191548D1,1.046886153793D0,       1999P   2558
-1.619632657637D0,-1.206871191548D1,-6.918174238310D0,              1999P   2559
-9.203673423625D-1,-1.206871191548D1,1.046886153793D0,              1999P   2560
-9.203673423625D-1,-1.206871191548D1,-6.918174238310D0,             1999P   2561
-1.531742383097D-1,7.811886153793D0,-2.963265763746D-2,             1999P   2562
6.696326576375D-1;                                                  1999P   2563
508,4,0,1235,293,1,0,0,1235,300,0,0,0,1235,102,1,0,0,1235,303,1,    2001P   2564
0;                                                                  2001P   2565
510,1999,1,0,2001;                                                  2003P   2566
110,-1.59D0,-1.136871191548D1,8.937119154832D-1,-5.9D-1,            2005P   2567
-1.136871191548D1,8.937119154832D-1;                                2005P   2568
110,-1.619632657637D0,-1.136871191548D1,1.937119154832D-1,          2007P   2569
-9.203673423625D-1,-1.136871191548D1,1.937119154832D-1;             2007P   2570
120,2005,2007,3.099260285536D0,4.754721348438D0;                    2009P   2571
508,4,0,1235,96,0,0,0,1235,101,1,0,0,1235,98,1,0,0,1235,102,0,0;    2011P   2572
510,2009,1,0,2011;                                                  2013P   2573
128,1,1,1,1,0,0,1,0,0,-4.957423830967D-2,-4.957423830967D-2,        2015P   2574
2.528286153793D0,2.528286153793D0,-2.963265763746D-2,               2015P   2575
-2.963265763746D-2,6.696326576375D-1,6.696326576375D-1,1D0,1D0,     2015P   2576
1D0,1D0,-1.619632657637D0,-8.840425761690D0,1.593711915483D0,       2015P   2577
-1.619632657637D0,-1.141828615379D1,1.593711915483D0,               2015P   2578
-9.203673423625D-1,-8.840425761690D0,1.593711915483D0,              2015P   2579
-9.203673423625D-1,-1.141828615379D1,1.593711915483D0,              2015P   2580
-4.957423830967D-2,2.528286153793D0,-2.963265763746D-2,             2015P   2581
6.696326576375D-1;                                                  2015P   2582
508,4,0,1235,115,1,0,0,1235,119,1,0,0,1235,101,0,0,0,1235,117,0,    2017P   2583
0;                                                                  2017P   2584
510,2015,1,0,2017;                                                  2019P   2585
128,1,1,1,1,0,0,1,0,0,5.768257616903D-1,5.768257616903D-1,          2021P   2586
8.541886153793D0,8.541886153793D0,-2.963265763746D-2,               2021P   2587
-2.963265763746D-2,6.696326576375D-1,6.696326576375D-1,1D0,1D0,     2021P   2588
1D0,1D0,-1.619632657637D0,-1.143128808452D1,-6.918174238310D0,      2021P   2589
-1.619632657637D0,-1.143128808452D1,1.046886153793D0,               2021P   2590
-9.203673423625D-1,-1.143128808452D1,-6.918174238310D0,             2021P   2591
-9.203673423625D-1,-1.143128808452D1,1.046886153793D0,              2021P   2592
5.768257616903D-1,8.541886153793D0,-2.963265763746D-2,              2021P   2593
6.696326576375D-1;                                                  2021P   2594
508,4,0,1235,298,0,0,0,1235,304,1,0,0,1235,103,0,0,0,1235,301,0,    2023P   2595
0;                                                                  2023P   2596
510,2021,1,0,2023;                                                  2025P   2597
110,-1.59D0,-1.136871191548D1,8.937119154832D-1,-5.9D-1,            2027P   2598
-1.136871191548D1,8.937119154832D-1;                                2027P   2599
110,-1.619632657637D0,-1.136871191548D1,8.311357464498D-1,          2029P   2600
-9.203673423625D-1,-1.136871191548D1,8.311357464498D-1;             2029P   2601
120,2027,2029,2.668047243330D0,5.185934390645D0;                    2031P   2602
508,4,0,1235,97,0,0,0,1235,103,1,0,0,1235,99,1,0,0,1235,104,0,0;    2033P   2603
510,2031,1,0,2033;                                                  2035P   2604
128,1,1,1,1,0,0,1,0,0,-4.957423830967D-2,-4.957423830967D-2,        2037P   2605
2.528286153793D0,2.528286153793D0,-2.963265763746D-2,               2037P   2606
-2.963265763746D-2,6.696326576375D-1,6.696326576375D-1,1D0,1D0,     2037P   2607
1D0,1D0,-1.619632657637D0,-1.141828615379D1,9.562880845167D-1,      2037P   2608
-1.619632657637D0,-8.840425761690D0,9.562880845167D-1,              2037P   2609
-9.203673423625D-1,-1.141828615379D1,9.562880845167D-1,             2037P   2610
-9.203673423625D-1,-8.840425761690D0,9.562880845167D-1,             2037P   2611
-4.957423830967D-2,2.528286153793D0,-2.963265763746D-2,             2037P   2612
6.696326576375D-1;                                                  2037P   2613
508,4,0,1235,116,0,0,0,1235,118,0,0,0,1235,104,1,0,0,1235,120,1,    2039P   2614
0;                                                                  2039P   2615
510,2037,1,0,2039;                                                  2041P   2616
128,1,1,1,1,0,0,1,0,0,-1.760886153793D0,-1.760886153793D0,          2043P   2617
6.932174238310D0,6.932174238310D0,-1.229048615379D1,                2043P   2618
-1.229048615379D1,-7.582257616903D-1,-7.582257616903D-1,1D0,1D0,    2043P   2619
1D0,1D0,9.5D-1,-1.229048615379D1,1.760886153793D0,9.5D-1,           2043P   2620
-1.229048615379D1,-6.932174238310D0,9.5D-1,-7.582257616903D-1,      2043P   2621
1.760886153793D0,9.5D-1,-7.582257616903D-1,-6.932174238310D0,       2043P   2622
-1.760886153793D0,6.932174238310D0,-1.229048615379D1,               2043P   2623
-7.582257616903D-1;                                                 2043P   2624
508,4,0,1235,330,0,0,0,1235,369,1,0,0,1235,131,0,0,0,1235,370,1,    2045P   2625
0;                                                                  2045P   2626
510,2043,1,0,2045;                                                  2047P   2627
128,1,1,1,1,0,0,1,0,0,-1.760886153793D0,-1.760886153793D0,          2049P   2628
6.932174238310D0,6.932174238310D0,-1.229048615379D1,                2049P   2629
-1.229048615379D1,-7.582257616903D-1,-7.582257616903D-1,1D0,1D0,    2049P   2630
1D0,1D0,9.5D-1,-1.229048615379D1,1.760886153793D0,9.5D-1,           2049P   2631
-1.229048615379D1,-6.932174238310D0,9.5D-1,-7.582257616903D-1,      2049P   2632
1.760886153793D0,9.5D-1,-7.582257616903D-1,-6.932174238310D0,       2049P   2633
-1.760886153793D0,6.932174238310D0,-1.229048615379D1,               2049P   2634
-7.582257616903D-1;                                                 2049P   2635
508,4,0,1235,338,0,0,0,1235,367,1,0,0,1235,130,0,0,0,1235,368,1,    2051P   2636
0;                                                                  2051P   2637
510,2049,1,0,2051;                                                  2053P   2638
128,1,1,1,1,0,0,1,0,0,-1.760886153793D0,-1.760886153793D0,          2055P   2639
6.932174238310D0,6.932174238310D0,-1.229048615379D1,                2055P   2640
-1.229048615379D1,-7.582257616903D-1,-7.582257616903D-1,1D0,1D0,    2055P   2641
1D0,1D0,9.5D-1,-1.229048615379D1,1.760886153793D0,9.5D-1,           2055P   2642
-1.229048615379D1,-6.932174238310D0,9.5D-1,-7.582257616903D-1,      2055P   2643
1.760886153793D0,9.5D-1,-7.582257616903D-1,-6.932174238310D0,       2055P   2644
-1.760886153793D0,6.932174238310D0,-1.229048615379D1,               2055P   2645
-7.582257616903D-1;                                                 2055P   2646
508,5,0,1235,346,0,0,0,1235,539,1,0,0,1235,138,1,0,0,1235,200,1,    2057P   2647
0,0,1235,361,1,0;                                                   2057P   2648
510,2055,1,0,2057;                                                  2059P   2649
128,1,1,1,1,0,0,1,0,0,-1.760886153793D0,-1.760886153793D0,          2061P   2650
6.932174238310D0,6.932174238310D0,-1.229048615379D1,                2061P   2651
-1.229048615379D1,-7.582257616903D-1,-7.582257616903D-1,1D0,1D0,    2061P   2652
1D0,1D0,9.5D-1,-1.229048615379D1,1.760886153793D0,9.5D-1,           2061P   2653
-1.229048615379D1,-6.932174238310D0,9.5D-1,-7.582257616903D-1,      2061P   2654
1.760886153793D0,9.5D-1,-7.582257616903D-1,-6.932174238310D0,       2061P   2655
-1.760886153793D0,6.932174238310D0,-1.229048615379D1,               2061P   2656
-7.582257616903D-1;                                                 2061P   2657
508,8,0,1235,354,0,0,0,1235,363,1,0,0,1235,122,1,0,0,1235,143,1,    2063P   2658
0,0,1235,523,1,0,0,1235,142,1,0,0,1235,121,1,0,0,1235,362,1,0;      2063P   2659
510,2061,1,0,2063;                                                  2065P   2660
128,1,1,1,1,0,0,1,0,0,-3.483445731207D-1,-3.483445731207D-1,        2067P   2661
3.483445731207D-1,3.483445731207D-1,-4.123205200005D-1,             2067P   2662
-4.123205200005D-1,4.123205200005D-1,4.123205200005D-1,1D0,1D0,     2067P   2663
1D0,1D0,1.188904791511D0,-2.217369660723D-1,1.623344573121D0,       2067P   2664
1.188904791511D0,-2.217369660723D-1,9.266554268793D-1,              2067P   2665
9.410952084885D-1,-1.008263033928D0,1.623344573121D0,               2067P   2666
9.410952084885D-1,-1.008263033928D0,9.266554268793D-1,              2067P   2667
-3.483445731207D-1,3.483445731207D-1,-4.123205200005D-1,            2067P   2668
4.123205200005D-1;                                                  2067P   2669
508,4,0,1235,329,0,0,0,1235,377,0,0,0,1235,330,1,0,0,1235,378,0,    2069P   2670
0;                                                                  2069P   2671
510,2067,1,0,2069;                                                  2071P   2672
128,1,1,1,1,0,0,1,0,0,2.003673423625D-1,2.003673423625D-1,          2073P   2673
4.370564886040D-1,4.370564886040D-1,2.003673423625D-1,              2073P   2674
2.003673423625D-1,4.396326576375D-1,4.396326576375D-1,1D0,1D0,      2073P   2675
1D0,1D0,1.150367342363D0,-2.5D-1,1.156655426879D0,                  2073P   2676
1.150367342363D0,-2.5D-1,1.393344573121D0,1.389632657637D0,         2073P   2677
-2.5D-1,1.156655426879D0,1.389632657637D0,-2.5D-1,                  2073P   2678
1.393344573121D0,2.003673423625D-1,4.370564886040D-1,               2073P   2679
2.003673423625D-1,4.396326576375D-1;                                2073P   2680
508,4,0,1235,329,1,0,0,1235,332,0,0,0,1235,334,1,0,0,1235,335,1,    2075P   2681
0;                                                                  2075P   2682
510,2073,1,0,2075;                                                  2077P   2683
128,1,1,1,1,0,0,1,0,0,-3.496326576375D-1,-3.496326576375D-1,        2079P   2684
3.496326576375D-1,3.496326576375D-1,-4.123205200005D-1,             2079P   2685
-4.123205200005D-1,4.123205200005D-1,4.123205200005D-1,1D0,1D0,     2079P   2686
1D0,1D0,1.619632657637D0,-1.008263033928D0,9.473832930053D-1,       2079P   2687
9.203673423625D-1,-1.008263033928D0,9.473832930053D-1,              2079P   2688
1.619632657637D0,-2.217369660723D-1,1.195192876028D0,               2079P   2689
9.203673423625D-1,-2.217369660723D-1,1.195192876028D0,              2079P   2690
-3.496326576375D-1,3.496326576375D-1,-4.123205200005D-1,            2079P   2691
4.123205200005D-1;                                                  2079P   2692
508,4,0,1235,331,0,0,0,1235,376,1,0,0,1235,332,1,0,0,1235,378,1,    2081P   2693
0;                                                                  2081P   2694
510,2079,1,0,2081;                                                  2083P   2695
128,1,1,1,1,0,0,1,0,0,-1.074D-1,-1.074D-1,5.4774D0,5.4774D0,        2085P   2696
-2.963265763746D-2,-2.963265763746D-2,6.696326576375D-1,            2085P   2697
6.696326576375D-1,1D0,1D0,1D0,1D0,9.203673423625D-1,-6.4574D0,      2085P   2698
9.562880845167D-1,9.203673423625D-1,-8.726D-1,9.562880845167D-1,    2085P   2699
1.619632657637D0,-6.4574D0,9.562880845167D-1,1.619632657637D0,      2085P   2700
-8.726D-1,9.562880845167D-1,-1.074D-1,5.4774D0,                     2085P   2701
-2.963265763746D-2,6.696326576375D-1;                               2085P   2702
508,4,0,1235,331,1,0,0,1235,370,0,0,0,1235,137,1,0,0,1235,374,1,    2087P   2703
0;                                                                  2087P   2704
510,2085,1,0,2087;                                                  2089P   2705
128,1,1,1,1,0,0,1,0,0,-1.760886153793D0,-1.760886153793D0,          2091P   2706
6.932174238310D0,6.932174238310D0,-1.229048615379D1,                2091P   2707
-1.229048615379D1,-7.582257616903D-1,-7.582257616903D-1,1D0,1D0,    2091P   2708
1D0,1D0,1.59D0,-1.229048615379D1,1.760886153793D0,1.59D0,           2091P   2709
-1.229048615379D1,-6.932174238310D0,1.59D0,-7.582257616903D-1,      2091P   2710
1.760886153793D0,1.59D0,-7.582257616903D-1,-6.932174238310D0,       2091P   2711
-1.760886153793D0,6.932174238310D0,-1.229048615379D1,               2091P   2712
-7.582257616903D-1;                                                 2091P   2713
508,4,0,1235,333,0,0,0,1235,374,0,0,0,1235,133,1,0,0,1235,373,0,    2093P   2714
0;                                                                  2093P   2715
510,2091,1,0,2093;                                                  2095P   2716
128,1,1,1,1,0,0,1,0,0,-1.760886153793D0,-1.760886153793D0,          2097P   2717
6.932174238310D0,6.932174238310D0,-1.229048615379D1,                2097P   2718
-1.229048615379D1,-7.582257616903D-1,-7.582257616903D-1,1D0,1D0,    2097P   2719
1D0,1D0,1.59D0,-1.229048615379D1,1.760886153793D0,1.59D0,           2097P   2720
-1.229048615379D1,-6.932174238310D0,1.59D0,-7.582257616903D-1,      2097P   2721
1.760886153793D0,1.59D0,-7.582257616903D-1,-6.932174238310D0,       2097P   2722
-1.760886153793D0,6.932174238310D0,-1.229048615379D1,               2097P   2723
-7.582257616903D-1;                                                 2097P   2724
508,4,0,1235,341,0,0,0,1235,372,0,0,0,1235,132,1,0,0,1235,371,0,    2099P   2725
0;                                                                  2099P   2726
510,2097,1,0,2099;                                                  2101P   2727
128,1,1,1,1,0,0,1,0,0,-1.760886153793D0,-1.760886153793D0,          2103P   2728
6.932174238310D0,6.932174238310D0,-1.229048615379D1,                2103P   2729
-1.229048615379D1,-7.582257616903D-1,-7.582257616903D-1,1D0,1D0,    2103P   2730
1D0,1D0,1.59D0,-1.229048615379D1,1.760886153793D0,1.59D0,           2103P   2731
-1.229048615379D1,-6.932174238310D0,1.59D0,-7.582257616903D-1,      2103P   2732
1.760886153793D0,1.59D0,-7.582257616903D-1,-6.932174238310D0,       2103P   2733
-1.760886153793D0,6.932174238310D0,-1.229048615379D1,               2103P   2734
-7.582257616903D-1;                                                 2103P   2735
508,5,0,1235,349,0,0,0,1235,364,0,0,0,1235,201,0,0,0,1235,139,0,    2105P   2736
0,0,1235,540,0,0;                                                   2105P   2737
510,2103,1,0,2105;                                                  2107P   2738
128,1,1,1,1,0,0,1,0,0,-1.760886153793D0,-1.760886153793D0,          2109P   2739
6.932174238310D0,6.932174238310D0,-1.229048615379D1,                2109P   2740
-1.229048615379D1,-7.582257616903D-1,-7.582257616903D-1,1D0,1D0,    2109P   2741
1D0,1D0,1.59D0,-1.229048615379D1,1.760886153793D0,1.59D0,           2109P   2742
-1.229048615379D1,-6.932174238310D0,1.59D0,-7.582257616903D-1,      2109P   2743
1.760886153793D0,1.59D0,-7.582257616903D-1,-6.932174238310D0,       2109P   2744
-1.760886153793D0,6.932174238310D0,-1.229048615379D1,               2109P   2745
-7.582257616903D-1;                                                 2109P   2746
508,8,0,1235,357,0,0,0,1235,365,0,0,0,1235,123,0,0,0,1235,144,0,    2111P   2747
0,0,1235,524,0,0,0,1235,145,0,0,0,1235,124,0,0,0,1235,366,0,0;      2111P   2748
510,2109,1,0,2111;                                                  2113P   2749
128,1,1,1,1,0,0,1,0,0,-3.483445731207D-1,-3.483445731207D-1,        2115P   2750
3.483445731207D-1,3.483445731207D-1,-4.123205200005D-1,             2115P   2751
-4.123205200005D-1,4.123205200005D-1,4.123205200005D-1,1D0,1D0,     2115P   2752
1D0,1D0,1.598904791511D0,-1.008263033928D0,1.623344573121D0,        2115P   2753
1.598904791511D0,-1.008263033928D0,9.266554268793D-1,               2115P   2754
1.351095208489D0,-2.217369660723D-1,1.623344573121D0,               2115P   2755
1.351095208489D0,-2.217369660723D-1,9.266554268793D-1,              2115P   2756
-3.483445731207D-1,3.483445731207D-1,-4.123205200005D-1,            2115P   2757
4.123205200005D-1;                                                  2115P   2758
508,4,0,1235,333,1,0,0,1235,375,0,0,0,1235,334,0,0,0,1235,376,0,    2117P   2759
0;                                                                  2117P   2760
510,2115,1,0,2117;                                                  2119P   2761
128,1,1,1,1,0,0,1,0,0,-3.496326576375D-1,-3.496326576375D-1,        2121P   2762
3.496326576375D-1,3.496326576375D-1,-4.123205200005D-1,             2121P   2763
-4.123205200005D-1,4.123205200005D-1,4.123205200005D-1,1D0,1D0,     2121P   2764
1D0,1D0,1.619632657637D0,-2.217369660723D-1,1.354807123972D0,       2121P   2765
9.203673423625D-1,-2.217369660723D-1,1.354807123972D0,              2121P   2766
1.619632657637D0,-1.008263033928D0,1.602616706995D0,                2121P   2767
9.203673423625D-1,-1.008263033928D0,1.602616706995D0,               2121P   2768
-3.496326576375D-1,3.496326576375D-1,-4.123205200005D-1,            2121P   2769
4.123205200005D-1;                                                  2121P   2770
508,4,0,1235,335,0,0,0,1235,375,1,0,0,1235,336,1,0,0,1235,377,1,    2123P   2771
0;                                                                  2123P   2772
510,2121,1,0,2123;                                                  2125P   2773
128,1,1,1,1,0,0,1,0,0,6.226D-1,6.226D-1,6.2074D0,6.2074D0,          2127P   2774
-2.963265763746D-2,-2.963265763746D-2,6.696326576375D-1,            2127P   2775
6.696326576375D-1,1D0,1D0,1D0,1D0,9.203673423625D-1,-8.726D-1,      2127P   2776
1.593711915483D0,9.203673423625D-1,-6.4574D0,1.593711915483D0,      2127P   2777
1.619632657637D0,-8.726D-1,1.593711915483D0,1.619632657637D0,       2127P   2778
-6.4574D0,1.593711915483D0,6.226D-1,6.2074D0,-2.963265763746D-2,    2127P   2779
6.696326576375D-1;                                                  2127P   2780
508,4,0,1235,336,0,0,0,1235,373,1,0,0,1235,136,0,0,0,1235,369,0,    2129P   2781
0;                                                                  2129P   2782
510,2127,1,0,2129;                                                  2131P   2783
128,1,1,1,1,0,0,1,0,0,-3.483445731207D-1,-3.483445731207D-1,        2133P   2784
3.483445731207D-1,3.483445731207D-1,-4.123205200005D-1,             2133P   2785
-4.123205200005D-1,4.123205200005D-1,4.123205200005D-1,1D0,1D0,     2133P   2786
1D0,1D0,1.598904791511D0,-1.008263033928D0,-9.166554268793D-1,      2133P   2787
1.598904791511D0,-1.008263033928D0,-1.613344573121D0,               2133P   2788
1.351095208489D0,-2.217369660723D-1,-9.166554268793D-1,             2133P   2789
1.351095208489D0,-2.217369660723D-1,-1.613344573121D0,              2133P   2790
-3.483445731207D-1,3.483445731207D-1,-4.123205200005D-1,            2133P   2791
4.123205200005D-1;                                                  2133P   2792
508,4,0,1235,341,1,0,0,1235,379,1,0,0,1235,342,0,0,0,1235,380,0,    2135P   2793
0;                                                                  2135P   2794
510,2133,1,0,2135;                                                  2137P   2795
128,1,1,1,1,0,0,1,0,0,-3.496326576375D-1,-3.496326576375D-1,        2139P   2796
3.496326576375D-1,3.496326576375D-1,-4.123205200005D-1,             2139P   2797
-4.123205200005D-1,4.123205200005D-1,4.123205200005D-1,1D0,1D0,     2139P   2798
1D0,1D0,1.619632657637D0,-2.217369660723D-1,-1.185192876028D0,      2139P   2799
9.203673423625D-1,-2.217369660723D-1,-1.185192876028D0,             2139P   2800
1.619632657637D0,-1.008263033928D0,-9.373832930053D-1,              2139P   2801
9.203673423625D-1,-1.008263033928D0,-9.373832930053D-1,             2139P   2802
-3.496326576375D-1,3.496326576375D-1,-4.123205200005D-1,            2139P   2803
4.123205200005D-1;                                                  2139P   2804
508,4,0,1235,343,0,0,0,1235,379,0,0,0,1235,344,1,0,0,1235,381,1,    2141P   2805
0;                                                                  2141P   2806
510,2139,1,0,2141;                                                  2143P   2807
128,1,1,1,1,0,0,1,0,0,2.003673423625D-1,2.003673423625D-1,          2145P   2808
4.370564886040D-1,4.370564886040D-1,2.003673423625D-1,              2145P   2809
2.003673423625D-1,4.396326576375D-1,4.396326576375D-1,1D0,1D0,      2145P   2810
1D0,1D0,1.150367342363D0,-2.5D-1,-1.383344573121D0,                 2145P   2811
1.150367342363D0,-2.5D-1,-1.146655426879D0,1.389632657637D0,        2145P   2812
-2.5D-1,-1.383344573121D0,1.389632657637D0,-2.5D-1,                 2145P   2813
-1.146655426879D0,2.003673423625D-1,4.370564886040D-1,              2145P   2814
2.003673423625D-1,4.396326576375D-1;                                2145P   2815
508,4,0,1235,337,1,0,0,1235,339,0,0,0,1235,342,1,0,0,1235,343,1,    2147P   2816
0;                                                                  2147P   2817
510,2145,1,0,2147;                                                  2149P   2818
128,1,1,1,1,0,0,1,0,0,-3.483445731207D-1,-3.483445731207D-1,        2151P   2819
3.483445731207D-1,3.483445731207D-1,-4.123205200005D-1,             2151P   2820
-4.123205200005D-1,4.123205200005D-1,4.123205200005D-1,1D0,1D0,     2151P   2821
1D0,1D0,1.188904791511D0,-2.217369660723D-1,-9.166554268793D-1,     2151P   2822
1.188904791511D0,-2.217369660723D-1,-1.613344573121D0,              2151P   2823
9.410952084885D-1,-1.008263033928D0,-9.166554268793D-1,             2151P   2824
9.410952084885D-1,-1.008263033928D0,-1.613344573121D0,              2151P   2825
-3.483445731207D-1,3.483445731207D-1,-4.123205200005D-1,            2151P   2826
4.123205200005D-1;                                                  2151P   2827
508,4,0,1235,337,0,0,0,1235,381,0,0,0,1235,338,1,0,0,1235,382,1,    2153P   2828
0;                                                                  2153P   2829
510,2151,1,0,2153;                                                  2155P   2830
128,1,1,1,1,0,0,1,0,0,-3.496326576375D-1,-3.496326576375D-1,        2157P   2831
3.496326576375D-1,3.496326576375D-1,-4.123205200005D-1,             2157P   2832
-4.123205200005D-1,4.123205200005D-1,4.123205200005D-1,1D0,1D0,     2157P   2833
1D0,1D0,1.619632657637D0,-1.008263033928D0,-1.592616706995D0,       2157P   2834
9.203673423625D-1,-1.008263033928D0,-1.592616706995D0,              2157P   2835
1.619632657637D0,-2.217369660723D-1,-1.344807123972D0,              2157P   2836
9.203673423625D-1,-2.217369660723D-1,-1.344807123972D0,             2157P   2837
-3.496326576375D-1,3.496326576375D-1,-4.123205200005D-1,            2157P   2838
4.123205200005D-1;                                                  2157P   2839
508,4,0,1235,339,1,0,0,1235,382,0,0,0,1235,340,0,0,0,1235,380,1,    2159P   2840
0;                                                                  2159P   2841
510,2157,1,0,2159;                                                  2161P   2842
128,1,1,1,1,0,0,1,0,0,-1.074D-1,-1.074D-1,5.4774D0,5.4774D0,        2163P   2843
-2.963265763746D-2,-2.963265763746D-2,6.696326576375D-1,            2163P   2844
6.696326576375D-1,1D0,1D0,1D0,1D0,9.203673423625D-1,-6.4574D0,      2163P   2845
-1.583711915483D0,9.203673423625D-1,-8.726D-1,-1.583711915483D0,    2163P   2846
1.619632657637D0,-6.4574D0,-1.583711915483D0,1.619632657637D0,      2163P   2847
-8.726D-1,-1.583711915483D0,-1.074D-1,5.4774D0,                     2163P   2848
-2.963265763746D-2,6.696326576375D-1;                               2163P   2849
508,4,0,1235,340,1,0,0,1235,368,0,0,0,1235,135,1,0,0,1235,372,1,    2165P   2850
0;                                                                  2165P   2851
510,2163,1,0,2165;                                                  2167P   2852
128,1,1,1,1,0,0,1,0,0,6.226D-1,6.226D-1,6.2074D0,6.2074D0,          2169P   2853
-2.963265763746D-2,-2.963265763746D-2,6.696326576375D-1,            2169P   2854
6.696326576375D-1,1D0,1D0,1D0,1D0,9.203673423625D-1,-8.726D-1,      2169P   2855
-9.462880845167D-1,9.203673423625D-1,-6.4574D0,                     2169P   2856
-9.462880845167D-1,1.619632657637D0,-8.726D-1,                      2169P   2857
-9.462880845167D-1,1.619632657637D0,-6.4574D0,                      2169P   2858
-9.462880845167D-1,6.226D-1,6.2074D0,-2.963265763746D-2,            2169P   2859
6.696326576375D-1;                                                  2169P   2860
508,4,0,1235,344,0,0,0,1235,371,1,0,0,1235,134,0,0,0,1235,367,0,    2171P   2861
0;                                                                  2171P   2862
510,2169,1,0,2171;                                                  2173P   2863
128,1,1,1,1,0,0,1,0,0,-3.496326576375D-1,-3.496326576375D-1,        2175P   2864
3.496326576375D-1,3.496326576375D-1,-4.123205200005D-1,             2175P   2865
-4.123205200005D-1,4.123205200005D-1,4.123205200005D-1,1D0,1D0,     2175P   2866
1D0,1D0,1.598904791511D0,-8.860367342363D0,-6.736736966072D0,       2175P   2867
1.598904791511D0,-9.559632657637D0,-6.736736966072D0,               2175P   2868
1.351095208489D0,-8.860367342363D0,-7.523263033928D0,               2175P   2869
1.351095208489D0,-9.559632657637D0,-7.523263033928D0,               2175P   2870
-3.496326576375D-1,3.496326576375D-1,-4.123205200005D-1,            2175P   2871
4.123205200005D-1;                                                  2175P   2872
508,4,0,1235,349,1,0,0,1235,383,0,0,0,1235,350,0,0,0,1235,384,0,    2177P   2873
0;                                                                  2177P   2874
510,2175,1,0,2177;                                                  2179P   2875
128,1,1,1,1,0,0,1,0,0,-3.496326576375D-1,-3.496326576375D-1,        2181P   2876
3.496326576375D-1,3.496326576375D-1,-4.123205200005D-1,             2181P   2877
-4.123205200005D-1,4.123205200005D-1,4.123205200005D-1,1D0,1D0,     2181P   2878
1D0,1D0,1.619632657637D0,-9.128904791511D0,-7.523263033928D0,       2181P   2879
9.203673423625D-1,-9.128904791511D0,-7.523263033928D0,              2181P   2880
1.619632657637D0,-8.881095208489D0,-6.736736966072D0,               2181P   2881
9.203673423625D-1,-8.881095208489D0,-6.736736966072D0,              2181P   2882
-3.496326576375D-1,3.496326576375D-1,-4.123205200005D-1,            2181P   2883
4.123205200005D-1;                                                  2181P   2884
508,4,0,1235,351,0,0,0,1235,383,1,0,0,1235,352,1,0,0,1235,385,1,    2183P   2885
0;                                                                  2183P   2886
510,2181,1,0,2183;                                                  2185P   2887
128,1,1,1,1,0,0,1,0,0,2.003673423625D-1,2.003673423625D-1,          2187P   2888
4.396326576375D-1,4.396326576375D-1,2.003673423625D-1,              2187P   2889
2.003673423625D-1,4.396326576375D-1,4.396326576375D-1,1D0,1D0,      2187P   2890
1D0,1D0,1.150367342363D0,-9.329632657637D0,-7.495D0,                2187P   2891
1.150367342363D0,-9.090367342363D0,-7.495D0,1.389632657637D0,       2187P   2892
-9.329632657637D0,-7.495D0,1.389632657637D0,-9.090367342363D0,      2187P   2893
-7.495D0,2.003673423625D-1,4.396326576375D-1,2.003673423625D-1,     2187P   2894
4.396326576375D-1;                                                  2187P   2895
508,4,0,1235,345,1,0,0,1235,348,0,0,0,1235,350,1,0,0,1235,351,1,    2189P   2896
0;                                                                  2189P   2897
510,2187,1,0,2189;                                                  2191P   2898
128,1,1,1,1,0,0,1,0,0,-3.496326576375D-1,-3.496326576375D-1,        2193P   2899
3.496326576375D-1,3.496326576375D-1,-4.123205200005D-1,             2193P   2900
-4.123205200005D-1,4.123205200005D-1,4.123205200005D-1,1D0,1D0,     2193P   2901
1D0,1D0,1.188904791511D0,-8.860367342363D0,-7.523263033928D0,       2193P   2902
1.188904791511D0,-9.559632657637D0,-7.523263033928D0,               2193P   2903
9.410952084885D-1,-8.860367342363D0,-6.736736966072D0,              2193P   2904
9.410952084885D-1,-9.559632657637D0,-6.736736966072D0,              2193P   2905
-3.496326576375D-1,3.496326576375D-1,-4.123205200005D-1,            2193P   2906
4.123205200005D-1;                                                  2193P   2907
508,4,0,1235,345,0,0,0,1235,385,0,0,0,1235,346,1,0,0,1235,386,1,    2195P   2908
0;                                                                  2195P   2909
510,2193,1,0,2195;                                                  2197P   2910
128,1,1,1,1,0,0,1,0,0,-3.496326576375D-1,-3.496326576375D-1,        2199P   2911
3.496326576375D-1,3.496326576375D-1,-4.123205200005D-1,             2199P   2912
-4.123205200005D-1,4.123205200005D-1,4.123205200005D-1,1D0,1D0,     2199P   2913
1D0,1D0,1.619632657637D0,-9.538904791511D0,-6.736736966072D0,       2199P   2914
9.203673423625D-1,-9.538904791511D0,-6.736736966072D0,              2199P   2915
1.619632657637D0,-9.291095208489D0,-7.523263033928D0,               2199P   2916
9.203673423625D-1,-9.291095208489D0,-7.523263033928D0,              2199P   2917
-3.496326576375D-1,3.496326576375D-1,-4.123205200005D-1,            2199P   2918
4.123205200005D-1;                                                  2199P   2919
508,4,0,1235,347,0,0,0,1235,384,1,0,0,1235,348,1,0,0,1235,386,0,    2201P   2920
0;                                                                  2201P   2921
510,2199,1,0,2201;                                                  2203P   2922
128,1,1,1,1,0,0,1,0,0,-1.024257616903D-1,-1.024257616903D-1,        2205P   2923
5.223713846207D0,5.223713846207D0,-2.963265763746D-2,               2205P   2924
-2.963265763746D-2,6.696326576375D-1,6.696326576375D-1,1D0,1D0,     2205P   2925
1D0,1D0,9.203673423625D-1,-9.53D0,-1.541286153793D0,                2205P   2926
9.203673423625D-1,-9.53D0,-6.867425761690D0,1.619632657637D0,       2205P   2927
-9.53D0,-1.541286153793D0,1.619632657637D0,-9.53D0,                 2205P   2928
-6.867425761690D0,-1.024257616903D-1,5.223713846207D0,              2205P   2929
-2.963265763746D-2,6.696326576375D-1;                               2205P   2930
508,4,0,1235,347,1,0,0,1235,361,0,0,0,1235,125,1,0,0,1235,364,1,    2207P   2931
0;                                                                  2207P   2932
510,2205,1,0,2207;                                                  2209P   2933
110,9.5D-1,-8.83D0,-1.643711915483D0,1.95D0,-8.83D0,                2211P   2934
-1.643711915483D0;                                                  2211P   2935
110,9.203673423625D-1,-8.83D0,-2.343711915483D0,                    2213P   2936
1.619632657637D0,-8.83D0,-2.343711915483D0;                         2213P   2937
120,2211,2213,3.185079876042D0,4.754721348438D0;                    2215P   2938
508,4,0,1235,199,1,0,0,1235,201,1,0,0,1235,125,0,0,0,1235,200,0,    2217P   2939
0;                                                                  2217P   2940
510,2215,1,0,2217;                                                  2219P   2941
128,1,1,1,1,0,0,1,0,0,6.531D-1,6.531D-1,4.6519D0,4.6519D0,          2221P   2942
-2.963265763746D-2,-2.963265763746D-2,6.696326576375D-1,            2221P   2943
6.696326576375D-1,1D0,1D0,1D0,1D0,9.203673423625D-1,-8.89D0,        2221P   2944
-6.8419D0,9.203673423625D-1,-8.89D0,-2.8431D0,1.619632657637D0,     2221P   2945
-8.89D0,-6.8419D0,1.619632657637D0,-8.89D0,-2.8431D0,6.531D-1,      2221P   2946
4.6519D0,-2.963265763746D-2,6.696326576375D-1;                      2221P   2947
508,4,0,1235,352,0,0,0,1235,540,1,0,0,1235,522,0,0,0,1235,539,0,    2223P   2948
0;                                                                  2223P   2949
510,2221,1,0,2223;                                                  2225P   2950
128,1,1,1,1,0,0,1,0,0,-3.483445731207D-1,-3.483445731207D-1,        2227P   2951
3.483445731207D-1,3.483445731207D-1,-4.123205200005D-1,             2227P   2952
-4.123205200005D-1,4.123205200005D-1,4.123205200005D-1,1D0,1D0,     2227P   2953
1D0,1D0,1.598904791511D0,-1.140165542688D1,-6.736736966072D0,       2227P   2954
1.598904791511D0,-1.209834457312D1,-6.736736966072D0,               2227P   2955
1.351095208489D0,-1.140165542688D1,-7.523263033928D0,               2227P   2956
1.351095208489D0,-1.209834457312D1,-7.523263033928D0,               2227P   2957
-3.483445731207D-1,3.483445731207D-1,-4.123205200005D-1,            2227P   2958
4.123205200005D-1;                                                  2227P   2959
508,4,0,1235,357,1,0,0,1235,387,0,0,0,1235,358,0,0,0,1235,388,0,    2229P   2960
0;                                                                  2229P   2961
510,2227,1,0,2229;                                                  2231P   2962
128,1,1,1,1,0,0,1,0,0,-3.496326576375D-1,-3.496326576375D-1,        2233P   2963
3.496326576375D-1,3.496326576375D-1,-4.123205200005D-1,             2233P   2964
-4.123205200005D-1,4.123205200005D-1,4.123205200005D-1,1D0,1D0,     2233P   2965
1D0,1D0,1.619632657637D0,-1.167019287603D1,-7.523263033928D0,       2233P   2966
9.203673423625D-1,-1.167019287603D1,-7.523263033928D0,              2233P   2967
1.619632657637D0,-1.142238329301D1,-6.736736966072D0,               2233P   2968
9.203673423625D-1,-1.142238329301D1,-6.736736966072D0,              2233P   2969
-3.496326576375D-1,3.496326576375D-1,-4.123205200005D-1,            2233P   2970
4.123205200005D-1;                                                  2233P   2971
508,4,0,1235,359,0,0,0,1235,387,1,0,0,1235,360,1,0,0,1235,389,1,    2235P   2972
0;                                                                  2235P   2973
510,2233,1,0,2235;                                                  2237P   2974
128,1,1,1,1,0,0,1,0,0,2.003673423625D-1,2.003673423625D-1,          2239P   2975
4.370564886040D-1,4.370564886040D-1,2.003673423625D-1,              2239P   2976
2.003673423625D-1,4.396326576375D-1,4.396326576375D-1,1D0,1D0,      2239P   2977
1D0,1D0,1.150367342363D0,-1.186834457312D1,-7.495D0,                2239P   2978
1.150367342363D0,-1.163165542688D1,-7.495D0,1.389632657637D0,       2239P   2979
-1.186834457312D1,-7.495D0,1.389632657637D0,-1.163165542688D1,      2239P   2980
-7.495D0,2.003673423625D-1,4.370564886040D-1,2.003673423625D-1,     2239P   2981
4.396326576375D-1;                                                  2239P   2982
508,4,0,1235,353,1,0,0,1235,356,0,0,0,1235,358,1,0,0,1235,359,1,    2241P   2983
0;                                                                  2241P   2984
510,2239,1,0,2241;                                                  2243P   2985
128,1,1,1,1,0,0,1,0,0,-3.483445731207D-1,-3.483445731207D-1,        2245P   2986
3.483445731207D-1,3.483445731207D-1,-4.123205200005D-1,             2245P   2987
-4.123205200005D-1,4.123205200005D-1,4.123205200005D-1,1D0,1D0,     2245P   2988
1D0,1D0,1.188904791511D0,-1.140165542688D1,-7.523263033928D0,       2245P   2989
1.188904791511D0,-1.209834457312D1,-7.523263033928D0,               2245P   2990
9.410952084885D-1,-1.140165542688D1,-6.736736966072D0,              2245P   2991
9.410952084885D-1,-1.209834457312D1,-6.736736966072D0,              2245P   2992
-3.483445731207D-1,3.483445731207D-1,-4.123205200005D-1,            2245P   2993
4.123205200005D-1;                                                  2245P   2994
508,4,0,1235,353,0,0,0,1235,389,0,0,0,1235,354,1,0,0,1235,390,1,    2247P   2995
0;                                                                  2247P   2996
510,2245,1,0,2247;                                                  2249P   2997
128,1,1,1,1,0,0,1,0,0,-3.496326576375D-1,-3.496326576375D-1,        2251P   2998
3.496326576375D-1,3.496326576375D-1,-4.123205200005D-1,             2251P   2999
-4.123205200005D-1,4.123205200005D-1,4.123205200005D-1,1D0,1D0,     2251P   3000
1D0,1D0,1.619632657637D0,-1.207761670699D1,-6.736736966072D0,       2251P   3001
9.203673423625D-1,-1.207761670699D1,-6.736736966072D0,              2251P   3002
1.619632657637D0,-1.182980712397D1,-7.523263033928D0,               2251P   3003
9.203673423625D-1,-1.182980712397D1,-7.523263033928D0,              2251P   3004
-3.496326576375D-1,3.496326576375D-1,-4.123205200005D-1,            2251P   3005
4.123205200005D-1;                                                  2251P   3006
508,4,0,1235,355,0,0,0,1235,388,1,0,0,1235,356,1,0,0,1235,390,0,    2253P   3007
0;                                                                  2253P   3008
510,2251,1,0,2253;                                                  2255P   3009
128,1,1,1,1,0,0,1,0,0,-1.531742383097D-1,-1.531742383097D-1,        2257P   3010
7.811886153793D0,7.811886153793D0,-2.963265763746D-2,               2257P   3011
-2.963265763746D-2,6.696326576375D-1,6.696326576375D-1,1D0,1D0,     2257P   3012
1D0,1D0,9.203673423625D-1,-1.206871191548D1,1.046886153793D0,       2257P   3013
9.203673423625D-1,-1.206871191548D1,-6.918174238310D0,              2257P   3014
1.619632657637D0,-1.206871191548D1,1.046886153793D0,                2257P   3015
1.619632657637D0,-1.206871191548D1,-6.918174238310D0,               2257P   3016
-1.531742383097D-1,7.811886153793D0,-2.963265763746D-2,             2257P   3017
6.696326576375D-1;                                                  2257P   3018
508,4,0,1235,355,1,0,0,1235,362,0,0,0,1235,127,1,0,0,1235,365,1,    2259P   3019
0;                                                                  2259P   3020
510,2257,1,0,2259;                                                  2261P   3021
110,9.5D-1,-1.136871191548D1,8.937119154832D-1,1.95D0,              2263P   3022
-1.136871191548D1,8.937119154832D-1;                                2263P   3023
110,9.203673423625D-1,-1.136871191548D1,1.937119154832D-1,          2265P   3024
1.619632657637D0,-1.136871191548D1,1.937119154832D-1;               2265P   3025
120,2263,2265,3.099260285536D0,4.754721348438D0;                    2267P   3026
508,4,0,1235,121,0,0,0,1235,126,1,0,0,1235,123,1,0,0,1235,127,0,    2269P   3027
0;                                                                  2269P   3028
510,2267,1,0,2269;                                                  2271P   3029
128,1,1,1,1,0,0,1,0,0,-4.957423830967D-2,-4.957423830967D-2,        2273P   3030
2.528286153793D0,2.528286153793D0,-2.963265763746D-2,               2273P   3031
-2.963265763746D-2,6.696326576375D-1,6.696326576375D-1,1D0,1D0,     2273P   3032
1D0,1D0,9.203673423625D-1,-8.840425761690D0,1.593711915483D0,       2273P   3033
9.203673423625D-1,-1.141828615379D1,1.593711915483D0,               2273P   3034
1.619632657637D0,-8.840425761690D0,1.593711915483D0,                2273P   3035
1.619632657637D0,-1.141828615379D1,1.593711915483D0,                2273P   3036
-4.957423830967D-2,2.528286153793D0,-2.963265763746D-2,             2273P   3037
6.696326576375D-1;                                                  2273P   3038
508,4,0,1235,140,1,0,0,1235,144,1,0,0,1235,126,0,0,0,1235,142,0,    2275P   3039
0;                                                                  2275P   3040
510,2273,1,0,2275;                                                  2277P   3041
128,1,1,1,1,0,0,1,0,0,5.768257616903D-1,5.768257616903D-1,          2279P   3042
8.541886153793D0,8.541886153793D0,-2.963265763746D-2,               2279P   3043
-2.963265763746D-2,6.696326576375D-1,6.696326576375D-1,1D0,1D0,     2279P   3044
1D0,1D0,9.203673423625D-1,-1.143128808452D1,-6.918174238310D0,      2279P   3045
9.203673423625D-1,-1.143128808452D1,1.046886153793D0,               2279P   3046
1.619632657637D0,-1.143128808452D1,-6.918174238310D0,               2279P   3047
1.619632657637D0,-1.143128808452D1,1.046886153793D0,                2279P   3048
5.768257616903D-1,8.541886153793D0,-2.963265763746D-2,              2279P   3049
6.696326576375D-1;                                                  2279P   3050
508,4,0,1235,360,0,0,0,1235,366,1,0,0,1235,128,0,0,0,1235,363,0,    2281P   3051
0;                                                                  2281P   3052
510,2279,1,0,2281;                                                  2283P   3053
110,9.5D-1,-1.136871191548D1,8.937119154832D-1,1.95D0,              2285P   3054
-1.136871191548D1,8.937119154832D-1;                                2285P   3055
110,9.203673423625D-1,-1.136871191548D1,8.311357464498D-1,          2287P   3056
1.619632657637D0,-1.136871191548D1,8.311357464498D-1;               2287P   3057
120,2285,2287,2.668047243330D0,5.185934390645D0;                    2289P   3058
508,4,0,1235,122,0,0,0,1235,128,1,0,0,1235,124,1,0,0,1235,129,0,    2291P   3059
0;                                                                  2291P   3060
510,2289,1,0,2291;                                                  2293P   3061
128,1,1,1,1,0,0,1,0,0,-4.957423830967D-2,-4.957423830967D-2,        2295P   3062
2.528286153793D0,2.528286153793D0,-2.963265763746D-2,               2295P   3063
-2.963265763746D-2,6.696326576375D-1,6.696326576375D-1,1D0,1D0,     2295P   3064
1D0,1D0,9.203673423625D-1,-1.141828615379D1,9.562880845167D-1,      2295P   3065
9.203673423625D-1,-8.840425761690D0,9.562880845167D-1,              2295P   3066
1.619632657637D0,-1.141828615379D1,9.562880845167D-1,               2295P   3067
1.619632657637D0,-8.840425761690D0,9.562880845167D-1,               2295P   3068
-4.957423830967D-2,2.528286153793D0,-2.963265763746D-2,             2295P   3069
6.696326576375D-1;                                                  2295P   3070
508,4,0,1235,141,0,0,0,1235,143,0,0,0,1235,129,1,0,0,1235,145,1,    2297P   3071
0;                                                                  2297P   3072
510,2295,1,0,2297;                                                  2299P   3073
128,1,1,1,1,0,0,1,0,0,-1.760886153793D0,-1.760886153793D0,          2301P   3074
6.932174238310D0,6.932174238310D0,-1.229048615379D1,                2301P   3075
-1.229048615379D1,-7.582257616903D-1,-7.582257616903D-1,1D0,1D0,    2301P   3076
1D0,1D0,3.49D0,-1.229048615379D1,1.760886153793D0,3.49D0,           2301P   3077
-1.229048615379D1,-6.932174238310D0,3.49D0,-7.582257616903D-1,      2301P   3078
1.760886153793D0,3.49D0,-7.582257616903D-1,-6.932174238310D0,       2301P   3079
-1.760886153793D0,6.932174238310D0,-1.229048615379D1,               2301P   3080
-7.582257616903D-1;                                                 2301P   3081
508,4,0,1235,392,0,0,0,1235,431,1,0,0,1235,156,0,0,0,1235,432,1,    2303P   3082
0;                                                                  2303P   3083
510,2301,1,0,2303;                                                  2305P   3084
128,1,1,1,1,0,0,1,0,0,-1.760886153793D0,-1.760886153793D0,          2307P   3085
6.932174238310D0,6.932174238310D0,-1.229048615379D1,                2307P   3086
-1.229048615379D1,-7.582257616903D-1,-7.582257616903D-1,1D0,1D0,    2307P   3087
1D0,1D0,3.49D0,-1.229048615379D1,1.760886153793D0,3.49D0,           2307P   3088
-1.229048615379D1,-6.932174238310D0,3.49D0,-7.582257616903D-1,      2307P   3089
1.760886153793D0,3.49D0,-7.582257616903D-1,-6.932174238310D0,       2307P   3090
-1.760886153793D0,6.932174238310D0,-1.229048615379D1,               2307P   3091
-7.582257616903D-1;                                                 2307P   3092
508,4,0,1235,400,0,0,0,1235,429,1,0,0,1235,155,0,0,0,1235,430,1,    2309P   3093
0;                                                                  2309P   3094
510,2307,1,0,2309;                                                  2311P   3095
128,1,1,1,1,0,0,1,0,0,-1.760886153793D0,-1.760886153793D0,          2313P   3096
6.932174238310D0,6.932174238310D0,-1.229048615379D1,                2313P   3097
-1.229048615379D1,-7.582257616903D-1,-7.582257616903D-1,1D0,1D0,    2313P   3098
1D0,1D0,3.49D0,-1.229048615379D1,1.760886153793D0,3.49D0,           2313P   3099
-1.229048615379D1,-6.932174238310D0,3.49D0,-7.582257616903D-1,      2313P   3100
1.760886153793D0,3.49D0,-7.582257616903D-1,-6.932174238310D0,       2313P   3101
-1.760886153793D0,6.932174238310D0,-1.229048615379D1,               2313P   3102
-7.582257616903D-1;                                                 2313P   3103
508,5,0,1235,408,0,0,0,1235,541,1,0,0,1235,163,1,0,0,1235,203,1,    2315P   3104
0,0,1235,423,1,0;                                                   2315P   3105
510,2313,1,0,2315;                                                  2317P   3106
128,1,1,1,1,0,0,1,0,0,-1.760886153793D0,-1.760886153793D0,          2319P   3107
6.932174238310D0,6.932174238310D0,-1.229048615379D1,                2319P   3108
-1.229048615379D1,-7.582257616903D-1,-7.582257616903D-1,1D0,1D0,    2319P   3109
1D0,1D0,3.49D0,-1.229048615379D1,1.760886153793D0,3.49D0,           2319P   3110
-1.229048615379D1,-6.932174238310D0,3.49D0,-7.582257616903D-1,      2319P   3111
1.760886153793D0,3.49D0,-7.582257616903D-1,-6.932174238310D0,       2319P   3112
-1.760886153793D0,6.932174238310D0,-1.229048615379D1,               2319P   3113
-7.582257616903D-1;                                                 2319P   3114
508,8,0,1235,416,0,0,0,1235,425,1,0,0,1235,147,1,0,0,1235,168,1,    2321P   3115
0,0,1235,526,1,0,0,1235,167,1,0,0,1235,146,1,0,0,1235,424,1,0;      2321P   3116
510,2319,1,0,2321;                                                  2323P   3117
128,1,1,1,1,0,0,1,0,0,-3.483445731207D-1,-3.483445731207D-1,        2325P   3118
3.483445731207D-1,3.483445731207D-1,-4.123205200005D-1,             2325P   3119
-4.123205200005D-1,4.123205200005D-1,4.123205200005D-1,1D0,1D0,     2325P   3120
1D0,1D0,3.728904791511D0,-2.217369660723D-1,1.623344573121D0,       2325P   3121
3.728904791511D0,-2.217369660723D-1,9.266554268793D-1,              2325P   3122
3.481095208489D0,-1.008263033928D0,1.623344573121D0,                2325P   3123
3.481095208489D0,-1.008263033928D0,9.266554268793D-1,               2325P   3124
-3.483445731207D-1,3.483445731207D-1,-4.123205200005D-1,            2325P   3125
4.123205200005D-1;                                                  2325P   3126
508,4,0,1235,391,0,0,0,1235,439,0,0,0,1235,392,1,0,0,1235,440,0,    2327P   3127
0;                                                                  2327P   3128
510,2325,1,0,2327;                                                  2329P   3129
128,1,1,1,1,0,0,1,0,0,2.003673423625D-1,2.003673423625D-1,          2331P   3130
4.370564886040D-1,4.370564886040D-1,2.003673423625D-1,              2331P   3131
2.003673423625D-1,4.396326576375D-1,4.396326576375D-1,1D0,1D0,      2331P   3132
1D0,1D0,3.690367342363D0,-2.5D-1,1.156655426879D0,                  2331P   3133
3.690367342363D0,-2.5D-1,1.393344573121D0,3.929632657637D0,         2331P   3134
-2.5D-1,1.156655426879D0,3.929632657637D0,-2.5D-1,                  2331P   3135
1.393344573121D0,2.003673423625D-1,4.370564886040D-1,               2331P   3136
2.003673423625D-1,4.396326576375D-1;                                2331P   3137
508,4,0,1235,391,1,0,0,1235,394,0,0,0,1235,396,1,0,0,1235,397,1,    2333P   3138
0;                                                                  2333P   3139
510,2331,1,0,2333;                                                  2335P   3140
128,1,1,1,1,0,0,1,0,0,-3.496326576375D-1,-3.496326576375D-1,        2337P   3141
3.496326576375D-1,3.496326576375D-1,-4.123205200005D-1,             2337P   3142
-4.123205200005D-1,4.123205200005D-1,4.123205200005D-1,1D0,1D0,     2337P   3143
1D0,1D0,4.159632657637D0,-1.008263033928D0,9.473832930053D-1,       2337P   3144
3.460367342363D0,-1.008263033928D0,9.473832930053D-1,               2337P   3145
4.159632657637D0,-2.217369660723D-1,1.195192876028D0,               2337P   3146
3.460367342363D0,-2.217369660723D-1,1.195192876028D0,               2337P   3147
-3.496326576375D-1,3.496326576375D-1,-4.123205200005D-1,            2337P   3148
4.123205200005D-1;                                                  2337P   3149
508,4,0,1235,393,0,0,0,1235,438,1,0,0,1235,394,1,0,0,1235,440,1,    2339P   3150
0;                                                                  2339P   3151
510,2337,1,0,2339;                                                  2341P   3152
128,1,1,1,1,0,0,1,0,0,-1.074D-1,-1.074D-1,5.4774D0,5.4774D0,        2343P   3153
-2.963265763746D-2,-2.963265763746D-2,6.696326576375D-1,            2343P   3154
6.696326576375D-1,1D0,1D0,1D0,1D0,3.460367342363D0,-6.4574D0,       2343P   3155
9.562880845167D-1,3.460367342363D0,-8.726D-1,9.562880845167D-1,     2343P   3156
4.159632657637D0,-6.4574D0,9.562880845167D-1,4.159632657637D0,      2343P   3157
-8.726D-1,9.562880845167D-1,-1.074D-1,5.4774D0,                     2343P   3158
-2.963265763746D-2,6.696326576375D-1;                               2343P   3159
508,4,0,1235,393,1,0,0,1235,432,0,0,0,1235,162,1,0,0,1235,436,1,    2345P   3160
0;                                                                  2345P   3161
510,2343,1,0,2345;                                                  2347P   3162
128,1,1,1,1,0,0,1,0,0,-1.760886153793D0,-1.760886153793D0,          2349P   3163
6.932174238310D0,6.932174238310D0,-1.229048615379D1,                2349P   3164
-1.229048615379D1,-7.582257616903D-1,-7.582257616903D-1,1D0,1D0,    2349P   3165
1D0,1D0,4.13D0,-1.229048615379D1,1.760886153793D0,4.13D0,           2349P   3166
-1.229048615379D1,-6.932174238310D0,4.13D0,-7.582257616903D-1,      2349P   3167
1.760886153793D0,4.13D0,-7.582257616903D-1,-6.932174238310D0,       2349P   3168
-1.760886153793D0,6.932174238310D0,-1.229048615379D1,               2349P   3169
-7.582257616903D-1;                                                 2349P   3170
508,4,0,1235,395,0,0,0,1235,436,0,0,0,1235,158,1,0,0,1235,435,0,    2351P   3171
0;                                                                  2351P   3172
510,2349,1,0,2351;                                                  2353P   3173
128,1,1,1,1,0,0,1,0,0,-1.760886153793D0,-1.760886153793D0,          2355P   3174
6.932174238310D0,6.932174238310D0,-1.229048615379D1,                2355P   3175
-1.229048615379D1,-7.582257616903D-1,-7.582257616903D-1,1D0,1D0,    2355P   3176
1D0,1D0,4.13D0,-1.229048615379D1,1.760886153793D0,4.13D0,           2355P   3177
-1.229048615379D1,-6.932174238310D0,4.13D0,-7.582257616903D-1,      2355P   3178
1.760886153793D0,4.13D0,-7.582257616903D-1,-6.932174238310D0,       2355P   3179
-1.760886153793D0,6.932174238310D0,-1.229048615379D1,               2355P   3180
-7.582257616903D-1;                                                 2355P   3181
508,4,0,1235,403,0,0,0,1235,434,0,0,0,1235,157,1,0,0,1235,433,0,    2357P   3182
0;                                                                  2357P   3183
510,2355,1,0,2357;                                                  2359P   3184
128,1,1,1,1,0,0,1,0,0,-1.760886153793D0,-1.760886153793D0,          2361P   3185
6.932174238310D0,6.932174238310D0,-1.229048615379D1,                2361P   3186
-1.229048615379D1,-7.582257616903D-1,-7.582257616903D-1,1D0,1D0,    2361P   3187
1D0,1D0,4.13D0,-1.229048615379D1,1.760886153793D0,4.13D0,           2361P   3188
-1.229048615379D1,-6.932174238310D0,4.13D0,-7.582257616903D-1,      2361P   3189
1.760886153793D0,4.13D0,-7.582257616903D-1,-6.932174238310D0,       2361P   3190
-1.760886153793D0,6.932174238310D0,-1.229048615379D1,               2361P   3191
-7.582257616903D-1;                                                 2361P   3192
508,5,0,1235,411,0,0,0,1235,426,0,0,0,1235,204,0,0,0,1235,164,0,    2363P   3193
0,0,1235,542,0,0;                                                   2363P   3194
510,2361,1,0,2363;                                                  2365P   3195
128,1,1,1,1,0,0,1,0,0,-1.760886153793D0,-1.760886153793D0,          2367P   3196
6.932174238310D0,6.932174238310D0,-1.229048615379D1,                2367P   3197
-1.229048615379D1,-7.582257616903D-1,-7.582257616903D-1,1D0,1D0,    2367P   3198
1D0,1D0,4.13D0,-1.229048615379D1,1.760886153793D0,4.13D0,           2367P   3199
-1.229048615379D1,-6.932174238310D0,4.13D0,-7.582257616903D-1,      2367P   3200
1.760886153793D0,4.13D0,-7.582257616903D-1,-6.932174238310D0,       2367P   3201
-1.760886153793D0,6.932174238310D0,-1.229048615379D1,               2367P   3202
-7.582257616903D-1;                                                 2367P   3203
508,8,0,1235,419,0,0,0,1235,427,0,0,0,1235,148,0,0,0,1235,169,0,    2369P   3204
0,0,1235,527,0,0,0,1235,170,0,0,0,1235,149,0,0,0,1235,428,0,0;      2369P   3205
510,2367,1,0,2369;                                                  2371P   3206
128,1,1,1,1,0,0,1,0,0,-3.483445731207D-1,-3.483445731207D-1,        2373P   3207
3.483445731207D-1,3.483445731207D-1,-4.123205200005D-1,             2373P   3208
-4.123205200005D-1,4.123205200005D-1,4.123205200005D-1,1D0,1D0,     2373P   3209
1D0,1D0,4.138904791511D0,-1.008263033928D0,1.623344573121D0,        2373P   3210
4.138904791511D0,-1.008263033928D0,9.266554268793D-1,               2373P   3211
3.891095208489D0,-2.217369660723D-1,1.623344573121D0,               2373P   3212
3.891095208489D0,-2.217369660723D-1,9.266554268793D-1,              2373P   3213
-3.483445731207D-1,3.483445731207D-1,-4.123205200005D-1,            2373P   3214
4.123205200005D-1;                                                  2373P   3215
508,4,0,1235,395,1,0,0,1235,437,0,0,0,1235,396,0,0,0,1235,438,0,    2375P   3216
0;                                                                  2375P   3217
510,2373,1,0,2375;                                                  2377P   3218
128,1,1,1,1,0,0,1,0,0,-3.496326576375D-1,-3.496326576375D-1,        2379P   3219
3.496326576375D-1,3.496326576375D-1,-4.123205200005D-1,             2379P   3220
-4.123205200005D-1,4.123205200005D-1,4.123205200005D-1,1D0,1D0,     2379P   3221
1D0,1D0,4.159632657637D0,-2.217369660723D-1,1.354807123972D0,       2379P   3222
3.460367342363D0,-2.217369660723D-1,1.354807123972D0,               2379P   3223
4.159632657637D0,-1.008263033928D0,1.602616706995D0,                2379P   3224
3.460367342363D0,-1.008263033928D0,1.602616706995D0,                2379P   3225
-3.496326576375D-1,3.496326576375D-1,-4.123205200005D-1,            2379P   3226
4.123205200005D-1;                                                  2379P   3227
508,4,0,1235,397,0,0,0,1235,437,1,0,0,1235,398,1,0,0,1235,439,1,    2381P   3228
0;                                                                  2381P   3229
510,2379,1,0,2381;                                                  2383P   3230
128,1,1,1,1,0,0,1,0,0,6.226D-1,6.226D-1,6.2074D0,6.2074D0,          2385P   3231
-2.963265763746D-2,-2.963265763746D-2,6.696326576375D-1,            2385P   3232
6.696326576375D-1,1D0,1D0,1D0,1D0,3.460367342363D0,-8.726D-1,       2385P   3233
1.593711915483D0,3.460367342363D0,-6.4574D0,1.593711915483D0,       2385P   3234
4.159632657637D0,-8.726D-1,1.593711915483D0,4.159632657637D0,       2385P   3235
-6.4574D0,1.593711915483D0,6.226D-1,6.2074D0,-2.963265763746D-2,    2385P   3236
6.696326576375D-1;                                                  2385P   3237
508,4,0,1235,398,0,0,0,1235,435,1,0,0,1235,161,0,0,0,1235,431,0,    2387P   3238
0;                                                                  2387P   3239
510,2385,1,0,2387;                                                  2389P   3240
128,1,1,1,1,0,0,1,0,0,-3.483445731207D-1,-3.483445731207D-1,        2391P   3241
3.483445731207D-1,3.483445731207D-1,-4.123205200005D-1,             2391P   3242
-4.123205200005D-1,4.123205200005D-1,4.123205200005D-1,1D0,1D0,     2391P   3243
1D0,1D0,4.138904791511D0,-1.008263033928D0,-9.166554268793D-1,      2391P   3244
4.138904791511D0,-1.008263033928D0,-1.613344573121D0,               2391P   3245
3.891095208489D0,-2.217369660723D-1,-9.166554268793D-1,             2391P   3246
3.891095208489D0,-2.217369660723D-1,-1.613344573121D0,              2391P   3247
-3.483445731207D-1,3.483445731207D-1,-4.123205200005D-1,            2391P   3248
4.123205200005D-1;                                                  2391P   3249
508,4,0,1235,403,1,0,0,1235,441,1,0,0,1235,404,0,0,0,1235,442,0,    2393P   3250
0;                                                                  2393P   3251
510,2391,1,0,2393;                                                  2395P   3252
128,1,1,1,1,0,0,1,0,0,-3.496326576375D-1,-3.496326576375D-1,        2397P   3253
3.496326576375D-1,3.496326576375D-1,-4.123205200005D-1,             2397P   3254
-4.123205200005D-1,4.123205200005D-1,4.123205200005D-1,1D0,1D0,     2397P   3255
1D0,1D0,4.159632657637D0,-2.217369660723D-1,-1.185192876028D0,      2397P   3256
3.460367342363D0,-2.217369660723D-1,-1.185192876028D0,              2397P   3257
4.159632657637D0,-1.008263033928D0,-9.373832930053D-1,              2397P   3258
3.460367342363D0,-1.008263033928D0,-9.373832930053D-1,              2397P   3259
-3.496326576375D-1,3.496326576375D-1,-4.123205200005D-1,            2397P   3260
4.123205200005D-1;                                                  2397P   3261
508,4,0,1235,405,0,0,0,1235,441,0,0,0,1235,406,1,0,0,1235,443,1,    2399P   3262
0;                                                                  2399P   3263
510,2397,1,0,2399;                                                  2401P   3264
128,1,1,1,1,0,0,1,0,0,2.003673423625D-1,2.003673423625D-1,          2403P   3265
4.370564886040D-1,4.370564886040D-1,2.003673423625D-1,              2403P   3266
2.003673423625D-1,4.396326576375D-1,4.396326576375D-1,1D0,1D0,      2403P   3267
1D0,1D0,3.690367342363D0,-2.5D-1,-1.383344573121D0,                 2403P   3268
3.690367342363D0,-2.5D-1,-1.146655426879D0,3.929632657637D0,        2403P   3269
-2.5D-1,-1.383344573121D0,3.929632657637D0,-2.5D-1,                 2403P   3270
-1.146655426879D0,2.003673423625D-1,4.370564886040D-1,              2403P   3271
2.003673423625D-1,4.396326576375D-1;                                2403P   3272
508,4,0,1235,399,1,0,0,1235,401,0,0,0,1235,404,1,0,0,1235,405,1,    2405P   3273
0;                                                                  2405P   3274
510,2403,1,0,2405;                                                  2407P   3275
128,1,1,1,1,0,0,1,0,0,-3.483445731207D-1,-3.483445731207D-1,        2409P   3276
3.483445731207D-1,3.483445731207D-1,-4.123205200005D-1,             2409P   3277
-4.123205200005D-1,4.123205200005D-1,4.123205200005D-1,1D0,1D0,     2409P   3278
1D0,1D0,3.728904791511D0,-2.217369660723D-1,-9.166554268793D-1,     2409P   3279
3.728904791511D0,-2.217369660723D-1,-1.613344573121D0,              2409P   3280
3.481095208489D0,-1.008263033928D0,-9.166554268793D-1,              2409P   3281
3.481095208489D0,-1.008263033928D0,-1.613344573121D0,               2409P   3282
-3.483445731207D-1,3.483445731207D-1,-4.123205200005D-1,            2409P   3283
4.123205200005D-1;                                                  2409P   3284
508,4,0,1235,399,0,0,0,1235,443,0,0,0,1235,400,1,0,0,1235,444,1,    2411P   3285
0;                                                                  2411P   3286
510,2409,1,0,2411;                                                  2413P   3287
128,1,1,1,1,0,0,1,0,0,-3.496326576375D-1,-3.496326576375D-1,        2415P   3288
3.496326576375D-1,3.496326576375D-1,-4.123205200005D-1,             2415P   3289
-4.123205200005D-1,4.123205200005D-1,4.123205200005D-1,1D0,1D0,     2415P   3290
1D0,1D0,4.159632657637D0,-1.008263033928D0,-1.592616706995D0,       2415P   3291
3.460367342363D0,-1.008263033928D0,-1.592616706995D0,               2415P   3292
4.159632657637D0,-2.217369660723D-1,-1.344807123972D0,              2415P   3293
3.460367342363D0,-2.217369660723D-1,-1.344807123972D0,              2415P   3294
-3.496326576375D-1,3.496326576375D-1,-4.123205200005D-1,            2415P   3295
4.123205200005D-1;                                                  2415P   3296
508,4,0,1235,401,1,0,0,1235,444,0,0,0,1235,402,0,0,0,1235,442,1,    2417P   3297
0;                                                                  2417P   3298
510,2415,1,0,2417;                                                  2419P   3299
128,1,1,1,1,0,0,1,0,0,-1.074D-1,-1.074D-1,5.4774D0,5.4774D0,        2421P   3300
-2.963265763746D-2,-2.963265763746D-2,6.696326576375D-1,            2421P   3301
6.696326576375D-1,1D0,1D0,1D0,1D0,3.460367342363D0,-6.4574D0,       2421P   3302
-1.583711915483D0,3.460367342363D0,-8.726D-1,-1.583711915483D0,     2421P   3303
4.159632657637D0,-6.4574D0,-1.583711915483D0,4.159632657637D0,      2421P   3304
-8.726D-1,-1.583711915483D0,-1.074D-1,5.4774D0,                     2421P   3305
-2.963265763746D-2,6.696326576375D-1;                               2421P   3306
508,4,0,1235,402,1,0,0,1235,430,0,0,0,1235,160,1,0,0,1235,434,1,    2423P   3307
0;                                                                  2423P   3308
510,2421,1,0,2423;                                                  2425P   3309
128,1,1,1,1,0,0,1,0,0,6.226D-1,6.226D-1,6.2074D0,6.2074D0,          2427P   3310
-2.963265763746D-2,-2.963265763746D-2,6.696326576375D-1,            2427P   3311
6.696326576375D-1,1D0,1D0,1D0,1D0,3.460367342363D0,-8.726D-1,       2427P   3312
-9.462880845167D-1,3.460367342363D0,-6.4574D0,                      2427P   3313
-9.462880845167D-1,4.159632657637D0,-8.726D-1,                      2427P   3314
-9.462880845167D-1,4.159632657637D0,-6.4574D0,                      2427P   3315
-9.462880845167D-1,6.226D-1,6.2074D0,-2.963265763746D-2,            2427P   3316
6.696326576375D-1;                                                  2427P   3317
508,4,0,1235,406,0,0,0,1235,433,1,0,0,1235,159,0,0,0,1235,429,0,    2429P   3318
0;                                                                  2429P   3319
510,2427,1,0,2429;                                                  2431P   3320
128,1,1,1,1,0,0,1,0,0,-3.496326576375D-1,-3.496326576375D-1,        2433P   3321
3.496326576375D-1,3.496326576375D-1,-4.123205200005D-1,             2433P   3322
-4.123205200005D-1,4.123205200005D-1,4.123205200005D-1,1D0,1D0,     2433P   3323
1D0,1D0,4.138904791511D0,-8.860367342363D0,-6.736736966072D0,       2433P   3324
4.138904791511D0,-9.559632657637D0,-6.736736966072D0,               2433P   3325
3.891095208489D0,-8.860367342363D0,-7.523263033928D0,               2433P   3326
3.891095208489D0,-9.559632657637D0,-7.523263033928D0,               2433P   3327
-3.496326576375D-1,3.496326576375D-1,-4.123205200005D-1,            2433P   3328
4.123205200005D-1;                                                  2433P   3329
508,4,0,1235,411,1,0,0,1235,445,0,0,0,1235,412,0,0,0,1235,446,0,    2435P   3330
0;                                                                  2435P   3331
510,2433,1,0,2435;                                                  2437P   3332
128,1,1,1,1,0,0,1,0,0,-3.496326576375D-1,-3.496326576375D-1,        2439P   3333
3.496326576375D-1,3.496326576375D-1,-4.123205200005D-1,             2439P   3334
-4.123205200005D-1,4.123205200005D-1,4.123205200005D-1,1D0,1D0,     2439P   3335
1D0,1D0,4.159632657637D0,-9.128904791511D0,-7.523263033928D0,       2439P   3336
3.460367342363D0,-9.128904791511D0,-7.523263033928D0,               2439P   3337
4.159632657637D0,-8.881095208489D0,-6.736736966072D0,               2439P   3338
3.460367342363D0,-8.881095208489D0,-6.736736966072D0,               2439P   3339
-3.496326576375D-1,3.496326576375D-1,-4.123205200005D-1,            2439P   3340
4.123205200005D-1;                                                  2439P   3341
508,4,0,1235,413,0,0,0,1235,445,1,0,0,1235,414,1,0,0,1235,447,1,    2441P   3342
0;                                                                  2441P   3343
510,2439,1,0,2441;                                                  2443P   3344
128,1,1,1,1,0,0,1,0,0,2.003673423625D-1,2.003673423625D-1,          2445P   3345
4.396326576375D-1,4.396326576375D-1,2.003673423625D-1,              2445P   3346
2.003673423625D-1,4.396326576375D-1,4.396326576375D-1,1D0,1D0,      2445P   3347
1D0,1D0,3.690367342363D0,-9.329632657637D0,-7.495D0,                2445P   3348
3.690367342363D0,-9.090367342363D0,-7.495D0,3.929632657637D0,       2445P   3349
-9.329632657637D0,-7.495D0,3.929632657637D0,-9.090367342363D0,      2445P   3350
-7.495D0,2.003673423625D-1,4.396326576375D-1,2.003673423625D-1,     2445P   3351
4.396326576375D-1;                                                  2445P   3352
508,4,0,1235,407,1,0,0,1235,410,0,0,0,1235,412,1,0,0,1235,413,1,    2447P   3353
0;                                                                  2447P   3354
510,2445,1,0,2447;                                                  2449P   3355
128,1,1,1,1,0,0,1,0,0,-3.496326576375D-1,-3.496326576375D-1,        2451P   3356
3.496326576375D-1,3.496326576375D-1,-4.123205200005D-1,             2451P   3357
-4.123205200005D-1,4.123205200005D-1,4.123205200005D-1,1D0,1D0,     2451P   3358
1D0,1D0,3.728904791511D0,-8.860367342363D0,-7.523263033928D0,       2451P   3359
3.728904791511D0,-9.559632657637D0,-7.523263033928D0,               2451P   3360
3.481095208489D0,-8.860367342363D0,-6.736736966072D0,               2451P   3361
3.481095208489D0,-9.559632657637D0,-6.736736966072D0,               2451P   3362
-3.496326576375D-1,3.496326576375D-1,-4.123205200005D-1,            2451P   3363
4.123205200005D-1;                                                  2451P   3364
508,4,0,1235,407,0,0,0,1235,447,0,0,0,1235,408,1,0,0,1235,448,1,    2453P   3365
0;                                                                  2453P   3366
510,2451,1,0,2453;                                                  2455P   3367
128,1,1,1,1,0,0,1,0,0,-3.496326576375D-1,-3.496326576375D-1,        2457P   3368
3.496326576375D-1,3.496326576375D-1,-4.123205200005D-1,             2457P   3369
-4.123205200005D-1,4.123205200005D-1,4.123205200005D-1,1D0,1D0,     2457P   3370
1D0,1D0,4.159632657637D0,-9.538904791511D0,-6.736736966072D0,       2457P   3371
3.460367342363D0,-9.538904791511D0,-6.736736966072D0,               2457P   3372
4.159632657637D0,-9.291095208489D0,-7.523263033928D0,               2457P   3373
3.460367342363D0,-9.291095208489D0,-7.523263033928D0,               2457P   3374
-3.496326576375D-1,3.496326576375D-1,-4.123205200005D-1,            2457P   3375
4.123205200005D-1;                                                  2457P   3376
508,4,0,1235,409,0,0,0,1235,446,1,0,0,1235,410,1,0,0,1235,448,0,    2459P   3377
0;                                                                  2459P   3378
510,2457,1,0,2459;                                                  2461P   3379
128,1,1,1,1,0,0,1,0,0,-1.024257616903D-1,-1.024257616903D-1,        2463P   3380
5.223713846207D0,5.223713846207D0,-2.963265763746D-2,               2463P   3381
-2.963265763746D-2,6.696326576375D-1,6.696326576375D-1,1D0,1D0,     2463P   3382
1D0,1D0,3.460367342363D0,-9.53D0,-1.541286153793D0,                 2463P   3383
3.460367342363D0,-9.53D0,-6.867425761690D0,4.159632657637D0,        2463P   3384
-9.53D0,-1.541286153793D0,4.159632657637D0,-9.53D0,                 2463P   3385
-6.867425761690D0,-1.024257616903D-1,5.223713846207D0,              2463P   3386
-2.963265763746D-2,6.696326576375D-1;                               2463P   3387
508,4,0,1235,409,1,0,0,1235,423,0,0,0,1235,150,1,0,0,1235,426,1,    2465P   3388
0;                                                                  2465P   3389
510,2463,1,0,2465;                                                  2467P   3390
110,3.49D0,-8.83D0,-1.643711915483D0,4.49D0,-8.83D0,                2469P   3391
-1.643711915483D0;                                                  2469P   3392
110,3.460367342363D0,-8.83D0,-2.343711915483D0,4.159632657637D0,    2471P   3393
-8.83D0,-2.343711915483D0;                                          2471P   3394
120,2469,2471,3.185079876042D0,4.754721348438D0;                    2473P   3395
508,4,0,1235,202,1,0,0,1235,204,1,0,0,1235,150,0,0,0,1235,203,0,    2475P   3396
0;                                                                  2475P   3397
510,2473,1,0,2475;                                                  2477P   3398
128,1,1,1,1,0,0,1,0,0,6.531D-1,6.531D-1,4.6519D0,4.6519D0,          2479P   3399
-2.963265763746D-2,-2.963265763746D-2,6.696326576375D-1,            2479P   3400
6.696326576375D-1,1D0,1D0,1D0,1D0,3.460367342363D0,-8.89D0,         2479P   3401
-6.8419D0,3.460367342363D0,-8.89D0,-2.8431D0,4.159632657637D0,      2479P   3402
-8.89D0,-6.8419D0,4.159632657637D0,-8.89D0,-2.8431D0,6.531D-1,      2479P   3403
4.6519D0,-2.963265763746D-2,6.696326576375D-1;                      2479P   3404
508,4,0,1235,414,0,0,0,1235,542,1,0,0,1235,525,0,0,0,1235,541,0,    2481P   3405
0;                                                                  2481P   3406
510,2479,1,0,2481;                                                  2483P   3407
128,1,1,1,1,0,0,1,0,0,-3.483445731207D-1,-3.483445731207D-1,        2485P   3408
3.483445731207D-1,3.483445731207D-1,-4.123205200005D-1,             2485P   3409
-4.123205200005D-1,4.123205200005D-1,4.123205200005D-1,1D0,1D0,     2485P   3410
1D0,1D0,4.138904791511D0,-1.140165542688D1,-6.736736966072D0,       2485P   3411
4.138904791511D0,-1.209834457312D1,-6.736736966072D0,               2485P   3412
3.891095208489D0,-1.140165542688D1,-7.523263033928D0,               2485P   3413
3.891095208489D0,-1.209834457312D1,-7.523263033928D0,               2485P   3414
-3.483445731207D-1,3.483445731207D-1,-4.123205200005D-1,            2485P   3415
4.123205200005D-1;                                                  2485P   3416
508,4,0,1235,419,1,0,0,1235,449,0,0,0,1235,420,0,0,0,1235,450,0,    2487P   3417
0;                                                                  2487P   3418
510,2485,1,0,2487;                                                  2489P   3419
128,1,1,1,1,0,0,1,0,0,-3.496326576375D-1,-3.496326576375D-1,        2491P   3420
3.496326576375D-1,3.496326576375D-1,-4.123205200005D-1,             2491P   3421
-4.123205200005D-1,4.123205200005D-1,4.123205200005D-1,1D0,1D0,     2491P   3422
1D0,1D0,4.159632657637D0,-1.167019287603D1,-7.523263033928D0,       2491P   3423
3.460367342363D0,-1.167019287603D1,-7.523263033928D0,               2491P   3424
4.159632657637D0,-1.142238329301D1,-6.736736966072D0,               2491P   3425
3.460367342363D0,-1.142238329301D1,-6.736736966072D0,               2491P   3426
-3.496326576375D-1,3.496326576375D-1,-4.123205200005D-1,            2491P   3427
4.123205200005D-1;                                                  2491P   3428
508,4,0,1235,421,0,0,0,1235,449,1,0,0,1235,422,1,0,0,1235,451,1,    2493P   3429
0;                                                                  2493P   3430
510,2491,1,0,2493;                                                  2495P   3431
128,1,1,1,1,0,0,1,0,0,2.003673423625D-1,2.003673423625D-1,          2497P   3432
4.370564886040D-1,4.370564886040D-1,2.003673423625D-1,              2497P   3433
2.003673423625D-1,4.396326576375D-1,4.396326576375D-1,1D0,1D0,      2497P   3434
1D0,1D0,3.690367342363D0,-1.186834457312D1,-7.495D0,                2497P   3435
3.690367342363D0,-1.163165542688D1,-7.495D0,3.929632657637D0,       2497P   3436
-1.186834457312D1,-7.495D0,3.929632657637D0,-1.163165542688D1,      2497P   3437
-7.495D0,2.003673423625D-1,4.370564886040D-1,2.003673423625D-1,     2497P   3438
4.396326576375D-1;                                                  2497P   3439
508,4,0,1235,415,1,0,0,1235,418,0,0,0,1235,420,1,0,0,1235,421,1,    2499P   3440
0;                                                                  2499P   3441
510,2497,1,0,2499;                                                  2501P   3442
128,1,1,1,1,0,0,1,0,0,-3.483445731207D-1,-3.483445731207D-1,        2503P   3443
3.483445731207D-1,3.483445731207D-1,-4.123205200005D-1,             2503P   3444
-4.123205200005D-1,4.123205200005D-1,4.123205200005D-1,1D0,1D0,     2503P   3445
1D0,1D0,3.728904791511D0,-1.140165542688D1,-7.523263033928D0,       2503P   3446
3.728904791511D0,-1.209834457312D1,-7.523263033928D0,               2503P   3447
3.481095208489D0,-1.140165542688D1,-6.736736966072D0,               2503P   3448
3.481095208489D0,-1.209834457312D1,-6.736736966072D0,               2503P   3449
-3.483445731207D-1,3.483445731207D-1,-4.123205200005D-1,            2503P   3450
4.123205200005D-1;                                                  2503P   3451
508,4,0,1235,415,0,0,0,1235,451,0,0,0,1235,416,1,0,0,1235,452,1,    2505P   3452
0;                                                                  2505P   3453
510,2503,1,0,2505;                                                  2507P   3454
128,1,1,1,1,0,0,1,0,0,-3.496326576375D-1,-3.496326576375D-1,        2509P   3455
3.496326576375D-1,3.496326576375D-1,-4.123205200005D-1,             2509P   3456
-4.123205200005D-1,4.123205200005D-1,4.123205200005D-1,1D0,1D0,     2509P   3457
1D0,1D0,4.159632657637D0,-1.207761670699D1,-6.736736966072D0,       2509P   3458
3.460367342363D0,-1.207761670699D1,-6.736736966072D0,               2509P   3459
4.159632657637D0,-1.182980712397D1,-7.523263033928D0,               2509P   3460
3.460367342363D0,-1.182980712397D1,-7.523263033928D0,               2509P   3461
-3.496326576375D-1,3.496326576375D-1,-4.123205200005D-1,            2509P   3462
4.123205200005D-1;                                                  2509P   3463
508,4,0,1235,417,0,0,0,1235,450,1,0,0,1235,418,1,0,0,1235,452,0,    2511P   3464
0;                                                                  2511P   3465
510,2509,1,0,2511;                                                  2513P   3466
128,1,1,1,1,0,0,1,0,0,-1.531742383097D-1,-1.531742383097D-1,        2515P   3467
7.811886153793D0,7.811886153793D0,-2.963265763746D-2,               2515P   3468
-2.963265763746D-2,6.696326576375D-1,6.696326576375D-1,1D0,1D0,     2515P   3469
1D0,1D0,3.460367342363D0,-1.206871191548D1,1.046886153793D0,        2515P   3470
3.460367342363D0,-1.206871191548D1,-6.918174238310D0,               2515P   3471
4.159632657637D0,-1.206871191548D1,1.046886153793D0,                2515P   3472
4.159632657637D0,-1.206871191548D1,-6.918174238310D0,               2515P   3473
-1.531742383097D-1,7.811886153793D0,-2.963265763746D-2,             2515P   3474
6.696326576375D-1;                                                  2515P   3475
508,4,0,1235,417,1,0,0,1235,424,0,0,0,1235,152,1,0,0,1235,427,1,    2517P   3476
0;                                                                  2517P   3477
510,2515,1,0,2517;                                                  2519P   3478
110,3.49D0,-1.136871191548D1,8.937119154832D-1,4.49D0,              2521P   3479
-1.136871191548D1,8.937119154832D-1;                                2521P   3480
110,3.460367342363D0,-1.136871191548D1,1.937119154832D-1,           2523P   3481
4.159632657637D0,-1.136871191548D1,1.937119154832D-1;               2523P   3482
120,2521,2523,3.099260285536D0,4.754721348438D0;                    2525P   3483
508,4,0,1235,146,0,0,0,1235,151,1,0,0,1235,148,1,0,0,1235,152,0,    2527P   3484
0;                                                                  2527P   3485
510,2525,1,0,2527;                                                  2529P   3486
128,1,1,1,1,0,0,1,0,0,-4.957423830967D-2,-4.957423830967D-2,        2531P   3487
2.528286153793D0,2.528286153793D0,-2.963265763746D-2,               2531P   3488
-2.963265763746D-2,6.696326576375D-1,6.696326576375D-1,1D0,1D0,     2531P   3489
1D0,1D0,3.460367342363D0,-8.840425761690D0,1.593711915483D0,        2531P   3490
3.460367342363D0,-1.141828615379D1,1.593711915483D0,                2531P   3491
4.159632657637D0,-8.840425761690D0,1.593711915483D0,                2531P   3492
4.159632657637D0,-1.141828615379D1,1.593711915483D0,                2531P   3493
-4.957423830967D-2,2.528286153793D0,-2.963265763746D-2,             2531P   3494
6.696326576375D-1;                                                  2531P   3495
508,4,0,1235,165,1,0,0,1235,169,1,0,0,1235,151,0,0,0,1235,167,0,    2533P   3496
0;                                                                  2533P   3497
510,2531,1,0,2533;                                                  2535P   3498
128,1,1,1,1,0,0,1,0,0,5.768257616903D-1,5.768257616903D-1,          2537P   3499
8.541886153793D0,8.541886153793D0,-2.963265763746D-2,               2537P   3500
-2.963265763746D-2,6.696326576375D-1,6.696326576375D-1,1D0,1D0,     2537P   3501
1D0,1D0,3.460367342363D0,-1.143128808452D1,-6.918174238310D0,       2537P   3502
3.460367342363D0,-1.143128808452D1,1.046886153793D0,                2537P   3503
4.159632657637D0,-1.143128808452D1,-6.918174238310D0,               2537P   3504
4.159632657637D0,-1.143128808452D1,1.046886153793D0,                2537P   3505
5.768257616903D-1,8.541886153793D0,-2.963265763746D-2,              2537P   3506
6.696326576375D-1;                                                  2537P   3507
508,4,0,1235,422,0,0,0,1235,428,1,0,0,1235,153,0,0,0,1235,425,0,    2539P   3508
0;                                                                  2539P   3509
510,2537,1,0,2539;                                                  2541P   3510
110,3.49D0,-1.136871191548D1,8.937119154832D-1,4.49D0,              2543P   3511
-1.136871191548D1,8.937119154832D-1;                                2543P   3512
110,3.460367342363D0,-1.136871191548D1,8.311357464498D-1,           2545P   3513
4.159632657637D0,-1.136871191548D1,8.311357464498D-1;               2545P   3514
120,2543,2545,2.668047243330D0,5.185934390645D0;                    2547P   3515
508,4,0,1235,147,0,0,0,1235,153,1,0,0,1235,149,1,0,0,1235,154,0,    2549P   3516
0;                                                                  2549P   3517
510,2547,1,0,2549;                                                  2551P   3518
128,1,1,1,1,0,0,1,0,0,-4.957423830967D-2,-4.957423830967D-2,        2553P   3519
2.528286153793D0,2.528286153793D0,-2.963265763746D-2,               2553P   3520
-2.963265763746D-2,6.696326576375D-1,6.696326576375D-1,1D0,1D0,     2553P   3521
1D0,1D0,3.460367342363D0,-1.141828615379D1,9.562880845167D-1,       2553P   3522
3.460367342363D0,-8.840425761690D0,9.562880845167D-1,               2553P   3523
4.159632657637D0,-1.141828615379D1,9.562880845167D-1,               2553P   3524
4.159632657637D0,-8.840425761690D0,9.562880845167D-1,               2553P   3525
-4.957423830967D-2,2.528286153793D0,-2.963265763746D-2,             2553P   3526
6.696326576375D-1;                                                  2553P   3527
508,4,0,1235,166,0,0,0,1235,168,0,0,0,1235,154,1,0,0,1235,170,1,    2555P   3528
0;                                                                  2555P   3529
510,2553,1,0,2555;                                                  2557P   3530
128,1,1,1,1,0,0,1,0,0,-3.496326576375D-1,-3.496326576375D-1,        2559P   3531
3.496326576375D-1,3.496326576375D-1,-4.123205200005D-1,             2559P   3532
-4.123205200005D-1,4.123205200005D-1,4.123205200005D-1,1D0,1D0,     2559P   3533
1D0,1D0,-3.891095208489D0,-8.860367342363D0,-7.523263033928D0,      2559P   3534
-3.891095208489D0,-9.559632657637D0,-7.523263033928D0,              2559P   3535
-4.138904791511D0,-8.860367342363D0,-6.736736966072D0,              2559P   3536
-4.138904791511D0,-9.559632657637D0,-6.736736966072D0,              2559P   3537
-3.496326576375D-1,3.496326576375D-1,-4.123205200005D-1,            2559P   3538
4.123205200005D-1;                                                  2559P   3539
508,4,0,1235,221,0,0,0,1235,261,0,0,0,1235,222,1,0,0,1235,262,1,    2561P   3540
0;                                                                  2561P   3541
510,2559,1,0,2561;                                                  2563P   3542
128,1,1,1,1,0,0,1,0,0,2.003673423625D-1,2.003673423625D-1,          2565P   3543
4.396326576375D-1,4.396326576375D-1,2.003673423625D-1,              2565P   3544
2.003673423625D-1,4.396326576375D-1,4.396326576375D-1,1D0,1D0,      2565P   3545
1D0,1D0,-3.929632657637D0,-9.329632657637D0,-7.495D0,               2565P   3546
-3.929632657637D0,-9.090367342363D0,-7.495D0,-3.690367342363D0,     2565P   3547
-9.329632657637D0,-7.495D0,-3.690367342363D0,-9.090367342363D0,     2565P   3548
-7.495D0,2.003673423625D-1,4.396326576375D-1,2.003673423625D-1,     2565P   3549
4.396326576375D-1;                                                  2565P   3550
508,4,0,1235,221,1,0,0,1235,224,0,0,0,1235,226,1,0,0,1235,227,1,    2567P   3551
0;                                                                  2567P   3552
510,2565,1,0,2567;                                                  2569P   3553
128,1,1,1,1,0,0,1,0,0,-3.496326576375D-1,-3.496326576375D-1,        2571P   3554
3.496326576375D-1,3.496326576375D-1,-4.123205200005D-1,             2571P   3555
-4.123205200005D-1,4.123205200005D-1,4.123205200005D-1,1D0,1D0,     2571P   3556
1D0,1D0,-3.460367342363D0,-9.538904791511D0,-6.736736966072D0,      2571P   3557
-4.159632657637D0,-9.538904791511D0,-6.736736966072D0,              2571P   3558
-3.460367342363D0,-9.291095208489D0,-7.523263033928D0,              2571P   3559
-4.159632657637D0,-9.291095208489D0,-7.523263033928D0,              2571P   3560
-3.496326576375D-1,3.496326576375D-1,-4.123205200005D-1,            2571P   3561
4.123205200005D-1;                                                  2571P   3562
508,4,0,1235,223,0,0,0,1235,260,1,0,0,1235,224,1,0,0,1235,262,0,    2573P   3563
0;                                                                  2573P   3564
510,2571,1,0,2573;                                                  2575P   3565
128,1,1,1,1,0,0,1,0,0,-1.024257616903D-1,-1.024257616903D-1,        2577P   3566
5.223713846207D0,5.223713846207D0,-2.963265763746D-2,               2577P   3567
-2.963265763746D-2,6.696326576375D-1,6.696326576375D-1,1D0,1D0,     2577P   3568
1D0,1D0,-4.159632657637D0,-9.53D0,-1.541286153793D0,                2577P   3569
-4.159632657637D0,-9.53D0,-6.867425761690D0,-3.460367342363D0,      2577P   3570
-9.53D0,-1.541286153793D0,-3.460367342363D0,-9.53D0,                2577P   3571
-6.867425761690D0,-1.024257616903D-1,5.223713846207D0,              2577P   3572
-2.963265763746D-2,6.696326576375D-1;                               2577P   3573
508,4,0,1235,223,1,0,0,1235,237,0,0,0,1235,75,1,0,0,1235,240,1,     2579P   3574
0;                                                                  2579P   3575
510,2577,1,0,2579;                                                  2581P   3576
110,-4.13D0,-8.83D0,-1.643711915483D0,-3.13D0,-8.83D0,              2583P   3577
-1.643711915483D0;                                                  2583P   3578
110,-4.159632657637D0,-8.83D0,-2.343711915483D0,                    2585P   3579
-3.460367342363D0,-8.83D0,-2.343711915483D0;                        2585P   3580
120,2583,2585,3.185079876042D0,4.754721348438D0;                    2587P   3581
508,4,0,1235,193,1,0,0,1235,195,1,0,0,1235,75,0,0,0,1235,194,0,     2589P   3582
0;                                                                  2589P   3583
510,2587,1,0,2589;                                                  2591P   3584
128,1,1,1,1,0,0,1,0,0,-3.496326576375D-1,-3.496326576375D-1,        2593P   3585
3.496326576375D-1,3.496326576375D-1,-4.123205200005D-1,             2593P   3586
-4.123205200005D-1,4.123205200005D-1,4.123205200005D-1,1D0,1D0,     2593P   3587
1D0,1D0,-3.481095208489D0,-8.860367342363D0,-6.736736966072D0,      2593P   3588
-3.481095208489D0,-9.559632657637D0,-6.736736966072D0,              2593P   3589
-3.728904791511D0,-8.860367342363D0,-7.523263033928D0,              2593P   3590
-3.728904791511D0,-9.559632657637D0,-7.523263033928D0,              2593P   3591
-3.496326576375D-1,3.496326576375D-1,-4.123205200005D-1,            2593P   3592
4.123205200005D-1;                                                  2593P   3593
508,4,0,1235,225,1,0,0,1235,259,0,0,0,1235,226,0,0,0,1235,260,0,    2595P   3594
0;                                                                  2595P   3595
510,2593,1,0,2595;                                                  2597P   3596
128,1,1,1,1,0,0,1,0,0,-3.496326576375D-1,-3.496326576375D-1,        2599P   3597
3.496326576375D-1,3.496326576375D-1,-4.123205200005D-1,             2599P   3598
-4.123205200005D-1,4.123205200005D-1,4.123205200005D-1,1D0,1D0,     2599P   3599
1D0,1D0,-3.460367342363D0,-9.128904791511D0,-7.523263033928D0,      2599P   3600
-4.159632657637D0,-9.128904791511D0,-7.523263033928D0,              2599P   3601
-3.460367342363D0,-8.881095208489D0,-6.736736966072D0,              2599P   3602
-4.159632657637D0,-8.881095208489D0,-6.736736966072D0,              2599P   3603
-3.496326576375D-1,3.496326576375D-1,-4.123205200005D-1,            2599P   3604
4.123205200005D-1;                                                  2599P   3605
508,4,0,1235,227,0,0,0,1235,259,1,0,0,1235,228,1,0,0,1235,261,1,    2601P   3606
0;                                                                  2601P   3607
510,2599,1,0,2601;                                                  2603P   3608
128,1,1,1,1,0,0,1,0,0,6.531D-1,6.531D-1,4.6519D0,4.6519D0,          2605P   3609
-2.963265763746D-2,-2.963265763746D-2,6.696326576375D-1,            2605P   3610
6.696326576375D-1,1D0,1D0,1D0,1D0,-4.159632657637D0,-8.89D0,        2605P   3611
-6.8419D0,-4.159632657637D0,-8.89D0,-2.8431D0,-3.460367342363D0,    2605P   3612
-8.89D0,-6.8419D0,-3.460367342363D0,-8.89D0,-2.8431D0,6.531D-1,     2605P   3613
4.6519D0,-2.963265763746D-2,6.696326576375D-1;                      2605P   3614
508,4,0,1235,228,0,0,0,1235,536,1,0,0,1235,515,0,0,0,1235,535,0,    2607P   3615
0;                                                                  2607P   3616
510,2605,1,0,2607;                                                  2609P   3617
128,1,1,1,1,0,0,1,0,0,-3.483445731207D-1,-3.483445731207D-1,        2611P   3618
3.483445731207D-1,3.483445731207D-1,-4.123205200005D-1,             2611P   3619
-4.123205200005D-1,4.123205200005D-1,4.123205200005D-1,1D0,1D0,     2611P   3620
1D0,1D0,-3.891095208489D0,-1.140165542688D1,-7.523263033928D0,      2611P   3621
-3.891095208489D0,-1.209834457312D1,-7.523263033928D0,              2611P   3622
-4.138904791511D0,-1.140165542688D1,-6.736736966072D0,              2611P   3623
-4.138904791511D0,-1.209834457312D1,-6.736736966072D0,              2611P   3624
-3.483445731207D-1,3.483445731207D-1,-4.123205200005D-1,            2611P   3625
4.123205200005D-1;                                                  2611P   3626
508,4,0,1235,229,0,0,0,1235,265,0,0,0,1235,230,1,0,0,1235,266,1,    2613P   3627
0;                                                                  2613P   3628
510,2611,1,0,2613;                                                  2615P   3629
128,1,1,1,1,0,0,1,0,0,2.003673423625D-1,2.003673423625D-1,          2617P   3630
4.370564886040D-1,4.370564886040D-1,2.003673423625D-1,              2617P   3631
2.003673423625D-1,4.396326576375D-1,4.396326576375D-1,1D0,1D0,      2617P   3632
1D0,1D0,-3.929632657637D0,-1.186834457312D1,-7.495D0,               2617P   3633
-3.929632657637D0,-1.163165542688D1,-7.495D0,-3.690367342363D0,     2617P   3634
-1.186834457312D1,-7.495D0,-3.690367342363D0,-1.163165542688D1,     2617P   3635
-7.495D0,2.003673423625D-1,4.370564886040D-1,2.003673423625D-1,     2617P   3636
4.396326576375D-1;                                                  2617P   3637
508,4,0,1235,229,1,0,0,1235,232,0,0,0,1235,234,1,0,0,1235,235,1,    2619P   3638
0;                                                                  2619P   3639
510,2617,1,0,2619;                                                  2621P   3640
128,1,1,1,1,0,0,1,0,0,-3.496326576375D-1,-3.496326576375D-1,        2623P   3641
3.496326576375D-1,3.496326576375D-1,-4.123205200005D-1,             2623P   3642
-4.123205200005D-1,4.123205200005D-1,4.123205200005D-1,1D0,1D0,     2623P   3643
1D0,1D0,-3.460367342363D0,-1.207761670699D1,-6.736736966072D0,      2623P   3644
-4.159632657637D0,-1.207761670699D1,-6.736736966072D0,              2623P   3645
-3.460367342363D0,-1.182980712397D1,-7.523263033928D0,              2623P   3646
-4.159632657637D0,-1.182980712397D1,-7.523263033928D0,              2623P   3647
-3.496326576375D-1,3.496326576375D-1,-4.123205200005D-1,            2623P   3648
4.123205200005D-1;                                                  2623P   3649
508,4,0,1235,231,0,0,0,1235,264,1,0,0,1235,232,1,0,0,1235,266,0,    2625P   3650
0;                                                                  2625P   3651
510,2623,1,0,2625;                                                  2627P   3652
128,1,1,1,1,0,0,1,0,0,-1.531742383097D-1,-1.531742383097D-1,        2629P   3653
7.811886153793D0,7.811886153793D0,-2.963265763746D-2,               2629P   3654
-2.963265763746D-2,6.696326576375D-1,6.696326576375D-1,1D0,1D0,     2629P   3655
1D0,1D0,-4.159632657637D0,-1.206871191548D1,1.046886153793D0,       2629P   3656
-4.159632657637D0,-1.206871191548D1,-6.918174238310D0,              2629P   3657
-3.460367342363D0,-1.206871191548D1,1.046886153793D0,               2629P   3658
-3.460367342363D0,-1.206871191548D1,-6.918174238310D0,              2629P   3659
-1.531742383097D-1,7.811886153793D0,-2.963265763746D-2,             2629P   3660
6.696326576375D-1;                                                  2629P   3661
508,4,0,1235,231,1,0,0,1235,238,0,0,0,1235,77,1,0,0,1235,241,1,     2631P   3662
0;                                                                  2631P   3663
510,2629,1,0,2631;                                                  2633P   3664
110,-4.13D0,-1.136871191548D1,8.937119154832D-1,-3.13D0,            2635P   3665
-1.136871191548D1,8.937119154832D-1;                                2635P   3666
110,-4.159632657637D0,-1.136871191548D1,1.937119154832D-1,          2637P   3667
-3.460367342363D0,-1.136871191548D1,1.937119154832D-1;              2637P   3668
120,2635,2637,3.099260285536D0,4.754721348438D0;                    2639P   3669
508,4,0,1235,71,0,0,0,1235,76,1,0,0,1235,73,1,0,0,1235,77,0,0;      2641P   3670
510,2639,1,0,2641;                                                  2643P   3671
128,1,1,1,1,0,0,1,0,0,-3.483445731207D-1,-3.483445731207D-1,        2645P   3672
3.483445731207D-1,3.483445731207D-1,-4.123205200005D-1,             2645P   3673
-4.123205200005D-1,4.123205200005D-1,4.123205200005D-1,1D0,1D0,     2645P   3674
1D0,1D0,-3.481095208489D0,-1.140165542688D1,-6.736736966072D0,      2645P   3675
-3.481095208489D0,-1.209834457312D1,-6.736736966072D0,              2645P   3676
-3.728904791511D0,-1.140165542688D1,-7.523263033928D0,              2645P   3677
-3.728904791511D0,-1.209834457312D1,-7.523263033928D0,              2645P   3678
-3.483445731207D-1,3.483445731207D-1,-4.123205200005D-1,            2645P   3679
4.123205200005D-1;                                                  2645P   3680
508,4,0,1235,233,1,0,0,1235,263,0,0,0,1235,234,0,0,0,1235,264,0,    2647P   3681
0;                                                                  2647P   3682
510,2645,1,0,2647;                                                  2649P   3683
128,1,1,1,1,0,0,1,0,0,-3.496326576375D-1,-3.496326576375D-1,        2651P   3684
3.496326576375D-1,3.496326576375D-1,-4.123205200005D-1,             2651P   3685
-4.123205200005D-1,4.123205200005D-1,4.123205200005D-1,1D0,1D0,     2651P   3686
1D0,1D0,-3.460367342363D0,-1.167019287603D1,-7.523263033928D0,      2651P   3687
-4.159632657637D0,-1.167019287603D1,-7.523263033928D0,              2651P   3688
-3.460367342363D0,-1.142238329301D1,-6.736736966072D0,              2651P   3689
-4.159632657637D0,-1.142238329301D1,-6.736736966072D0,              2651P   3690
-3.496326576375D-1,3.496326576375D-1,-4.123205200005D-1,            2651P   3691
4.123205200005D-1;                                                  2651P   3692
508,4,0,1235,235,0,0,0,1235,263,1,0,0,1235,236,1,0,0,1235,265,1,    2653P   3693
0;                                                                  2653P   3694
510,2651,1,0,2653;                                                  2655P   3695
128,1,1,1,1,0,0,1,0,0,5.768257616903D-1,5.768257616903D-1,          2657P   3696
8.541886153793D0,8.541886153793D0,-2.963265763746D-2,               2657P   3697
-2.963265763746D-2,6.696326576375D-1,6.696326576375D-1,1D0,1D0,     2657P   3698
1D0,1D0,-4.159632657637D0,-1.143128808452D1,-6.918174238310D0,      2657P   3699
-4.159632657637D0,-1.143128808452D1,1.046886153793D0,               2657P   3700
-3.460367342363D0,-1.143128808452D1,-6.918174238310D0,              2657P   3701
-3.460367342363D0,-1.143128808452D1,1.046886153793D0,               2657P   3702
5.768257616903D-1,8.541886153793D0,-2.963265763746D-2,              2657P   3703
6.696326576375D-1;                                                  2657P   3704
508,4,0,1235,236,0,0,0,1235,242,1,0,0,1235,78,0,0,0,1235,239,0,     2659P   3705
0;                                                                  2659P   3706
510,2657,1,0,2659;                                                  2661P   3707
110,-4.13D0,-1.136871191548D1,8.937119154832D-1,-3.13D0,            2663P   3708
-1.136871191548D1,8.937119154832D-1;                                2663P   3709
110,-4.159632657637D0,-1.136871191548D1,8.311357464498D-1,          2665P   3710
-3.460367342363D0,-1.136871191548D1,8.311357464498D-1;              2665P   3711
120,2663,2665,2.668047243330D0,5.185934390645D0;                    2667P   3712
508,4,0,1235,72,0,0,0,1235,78,1,0,0,1235,74,1,0,0,1235,79,0,0;      2669P   3713
510,2667,1,0,2669;                                                  2671P   3714
128,1,1,1,1,0,0,1,0,0,-4.957423830967D-2,-4.957423830967D-2,        2673P   3715
2.528286153793D0,2.528286153793D0,-2.963265763746D-2,               2673P   3716
-2.963265763746D-2,6.696326576375D-1,6.696326576375D-1,1D0,1D0,     2673P   3717
1D0,1D0,-4.159632657637D0,-1.141828615379D1,9.562880845167D-1,      2673P   3718
-4.159632657637D0,-8.840425761690D0,9.562880845167D-1,              2673P   3719
-3.460367342363D0,-1.141828615379D1,9.562880845167D-1,              2673P   3720
-3.460367342363D0,-8.840425761690D0,9.562880845167D-1,              2673P   3721
-4.957423830967D-2,2.528286153793D0,-2.963265763746D-2,             2673P   3722
6.696326576375D-1;                                                  2673P   3723
508,4,0,1235,91,0,0,0,1235,93,0,0,0,1235,79,1,0,0,1235,95,1,0;      2675P   3724
510,2673,1,0,2675;                                                  2677P   3725
128,1,1,1,1,0,0,1,0,0,-4.319632657637D0,-4.319632657637D0,          2679P   3726
-3.260367342363D0,-3.260367342363D0,-7.1812D0,-7.1812D0,            2679P   3727
-3.4788D0,-3.4788D0,1D0,1D0,1D0,1D0,-4.319632657637D0,-7.1812D0,    2679P   3728
4.395D0,-3.260367342363D0,-7.1812D0,4.395D0,-4.319632657637D0,      2679P   3729
-3.4788D0,4.395D0,-3.260367342363D0,-3.4788D0,4.395D0,              2679P   3730
-4.319632657637D0,-3.260367342363D0,-7.1812D0,-3.4788D0;            2679P   3731
508,4,0,1235,547,0,0,0,1235,553,0,0,0,1235,543,0,0,0,1235,552,0,    2681P   3732
0;                                                                  2681P   3733
510,2679,1,0,2681;                                                  2683P   3734
128,1,1,1,1,0,0,1,0,0,-6.676406218917D-2,-6.676406218917D-2,        2685P   3735
3.404967171648D0,3.404967171648D0,-7.963265763746D-2,               2685P   3736
-7.963265763746D-2,2.963265763746D-2,2.963265763746D-2,1D0,1D0,     2685P   3737
1D0,1D0,-4.034279841741D0,-3.714648966504D0,4.365367342363D0,       2685P   3738
-4.295014120750D0,-7.176575510461D0,4.365367342363D0,               2685P   3739
-4.034279841741D0,-3.714648966504D0,4.474632657637D0,               2685P   3740
-4.295014120750D0,-7.176575510461D0,4.474632657637D0,               2685P   3741
-6.676406218917D-2,3.404967171648D0,-7.963265763746D-2,             2685P   3742
2.963265763746D-2;                                                  2685P   3743
508,4,0,1235,546,0,0,0,1235,555,1,0,0,1235,553,1,0,0,1235,549,0,    2687P   3744
0;                                                                  2687P   3745
510,2685,1,0,2687;                                                  2689P   3746
110,-3.79D0,-3.8D0,4.445D0,-3.79D0,-3.8D0,5.445D0;                  2691P   3747
110,-3.54D0,-3.8D0,4.365367342363D0,-3.54D0,-3.8D0,                 2693P   3748
4.474632657637D0;                                                   2693P   3749
120,2691,2693,-4.335775858763D-2,3.184950412177D0;                  2695P   3750
508,4,0,1235,545,0,0,0,1235,554,1,0,0,1235,543,1,0,0,1235,555,0,    2697P   3751
0;                                                                  2697P   3752
510,2695,1,0,2697;                                                  2699P   3753
128,1,1,1,1,0,0,1,0,0,-6.676406218917D-2,-6.676406218917D-2,        2701P   3754
3.404967171648D0,3.404967171648D0,-7.963265763746D-2,               2701P   3755
-7.963265763746D-2,2.963265763746D-2,2.963265763746D-2,1D0,1D0,     2701P   3756
1D0,1D0,-3.284985879250D0,-7.176575510461D0,4.365367342363D0,       2701P   3757
-3.545720158259D0,-3.714648966504D0,4.365367342363D0,               2701P   3758
-3.284985879250D0,-7.176575510461D0,4.474632657637D0,               2701P   3759
-3.545720158259D0,-3.714648966504D0,4.474632657637D0,               2701P   3760
-6.676406218917D-2,3.404967171648D0,-7.963265763746D-2,             2701P   3761
2.963265763746D-2;                                                  2701P   3762
508,4,0,1235,544,0,0,0,1235,548,1,0,0,1235,552,1,0,0,1235,554,0,    2703P   3763
0;                                                                  2703P   3764
510,2701,1,0,2703;                                                  2705P   3765
128,1,1,1,1,0,0,1,0,0,-3.556D-1,-3.556D-1,1.81356D1,1.81356D1,      2707P   3766
-7.2522D0,-7.2522D0,1.422D-1,1.422D-1,1D0,1D0,1D0,1D0,9.2456D0,     2707P   3767
-7.2522D0,-4.445D0,-9.2456D0,-7.2522D0,-4.445D0,9.2456D0,           2707P   3768
1.422D-1,-4.445D0,-9.2456D0,1.422D-1,-4.445D0,-3.556D-1,            2707P   3769
1.81356D1,-7.2522D0,1.422D-1;                                       2707P   3770
508,4,0,1235,14,0,0,0,1235,18,0,0,0,1235,3,1,0,0,1235,15,1,0;       2709P   3771
510,2707,1,0,2709;                                                  2711P   3772
128,1,1,1,1,0,0,1,0,0,-1.778D-1,-1.778D-1,9.0678D0,9.0678D0,        2713P   3773
-7.2522D0,-7.2522D0,1.422D-1,1.422D-1,1D0,1D0,1D0,1D0,-8.89D0,      2713P   3774
-7.2522D0,-4.6228D0,-8.89D0,-7.2522D0,4.6228D0,-8.89D0,1.422D-1,    2713P   3775
-4.6228D0,-8.89D0,1.422D-1,4.6228D0,-1.778D-1,9.0678D0,             2713P   3776
-7.2522D0,1.422D-1;                                                 2713P   3777
508,4,0,1235,12,0,0,0,1235,15,0,0,0,1235,1,1,0,0,1235,16,1,0;       2715P   3778
510,2713,1,0,2715;                                                  2717P   3779
514,234,1241,1,1247,1,1253,0,1259,0,1265,0,1271,1,1277,1,1283,1,    2719P   3780
1291,0,1297,0,1303,0,1309,0,1315,0,1321,0,1327,1,1333,1,1341,1,     2719P   3781
1349,1,1357,1,1365,1,1371,1,1377,1,1383,1,1389,1,1395,0,1401,0,     2719P   3782
1407,0,1413,0,1419,0,1425,0,1431,0,1437,0,1443,1,1449,1,1455,1,     2719P   3783
1461,0,1467,1,1473,1,1479,1,1485,1,1491,1,1497,1,1503,1,1509,1,     2719P   3784
1515,1,1521,1,1527,1,1533,1,1539,1,1545,1,1551,1,1557,1,1563,0,     2719P   3785
1569,0,1575,1,1581,1,1587,1,1593,1,1599,1,1605,1,1611,1,1617,1,     2719P   3786
1623,1,1629,0,1635,0,1641,0,1647,0,1653,1,1675,1,1681,0,1687,0,     2719P   3787
1693,1,1699,1,1705,0,1711,0,1717,1,1723,1,1729,0,1735,1,1741,1,     2719P   3788
1747,1,1753,1,1759,1,1765,1,1771,1,1777,1,1783,1,1789,0,1795,0,     2719P   3789
1801,0,1807,0,1813,1,1819,1,1825,1,1831,1,1837,1,1843,1,1849,1,     2719P   3790
1855,1,1861,1,1867,1,1873,1,1879,1,1885,1,1891,1,1897,1,1903,1,     2719P   3791
1909,1,1915,1,1921,1,1927,1,1933,1,1939,1,1945,1,1951,1,1961,1,     2719P   3792
1967,1,1973,1,1979,1,1985,1,1991,1,1997,1,2003,1,2013,1,2019,1,     2719P   3793
2025,1,2035,0,2041,1,2047,0,2053,0,2059,0,2065,0,2071,1,2077,1,     2719P   3794
2083,1,2089,1,2095,1,2101,1,2107,1,2113,1,2119,1,2125,1,2131,1,     2719P   3795
2137,1,2143,1,2149,1,2155,1,2161,1,2167,1,2173,1,2179,1,2185,1,     2719P   3796
2191,1,2197,1,2203,1,2209,1,2219,1,2225,1,2231,1,2237,1,2243,1,     2719P   3797
2249,1,2255,1,2261,1,2271,1,2277,1,2283,1,2293,0,2299,1,2305,0,     2719P   3798
2311,0,2317,0,2323,0,2329,1,2335,1,2341,1,2347,1,2353,1,2359,1,     2719P   3799
2365,1,2371,1,2377,1,2383,1,2389,1,2395,1,2401,1,2407,1,2413,1,     2719P   3800
2419,1,2425,1,2431,1,2437,1,2443,1,2449,1,2455,1,2461,1,2467,1,     2719P   3801
2477,1,2483,1,2489,1,2495,1,2501,1,2507,1,2513,1,2519,1,2529,1,     2719P   3802
2535,1,2541,1,2551,0,2557,1,2563,1,2569,1,2575,1,2581,1,2591,1,     2719P   3803
2597,1,2603,1,2609,1,2615,1,2621,1,2627,1,2633,1,2643,1,2649,1,     2719P   3804
2655,1,2661,1,2671,0,2677,1,2683,1,2689,0,2699,0,2705,0,2711,1,     2719P   3805
2717,1;                                                             2719P   3806
186,2719,1,0;                                                       2721P   3807
124,-1D0,0D0,0D0,-3.81D0,0D0,1D0,0D0,-9.21D0,0D0,0D0,-1D0,          2723P   3808
-4.445D0;                                                           2723P   3809
100,0D0,0D0,0D0,5.7D-1,0D0,-5.7D-1,0D0;                             2725P   3810
124,1D0,0D0,0D0,-3.81D0,0D0,-1D0,0D0,-9.21D0,0D0,0D0,-1D0,          2727P   3811
-4.445D0;                                                           2727P   3812
100,0D0,0D0,0D0,5.7D-1,0D0,-5.7D-1,0D0;                             2729P   3813
102,2,2725,2729;                                                    2731P   3814
124,-1D0,0D0,0D0,-3.81D0,0D0,1D0,0D0,-1.175D1,0D0,0D0,-1D0,         2733P   3815
-4.445D0;                                                           2733P   3816
100,0D0,0D0,0D0,5.7D-1,0D0,-5.7D-1,0D0;                             2735P   3817
124,1D0,0D0,0D0,-3.81D0,0D0,-1D0,0D0,-1.175D1,0D0,0D0,-1D0,         2737P   3818
-4.445D0;                                                           2737P   3819
100,0D0,0D0,0D0,5.7D-1,0D0,-5.7D-1,0D0;                             2739P   3820
102,2,2735,2739;                                                    2741P   3821
124,-1D0,0D0,0D0,-1.27D0,0D0,1D0,0D0,-9.21D0,0D0,0D0,-1D0,          2743P   3822
-4.445D0;                                                           2743P   3823
100,0D0,0D0,0D0,5.7D-1,0D0,-5.7D-1,0D0;                             2745P   3824
124,1D0,0D0,0D0,-1.27D0,0D0,-1D0,0D0,-9.21D0,0D0,0D0,-1D0,          2747P   3825
-4.445D0;                                                           2747P   3826
100,0D0,0D0,0D0,5.7D-1,0D0,-5.7D-1,0D0;                             2749P   3827
102,2,2745,2749;                                                    2751P   3828
124,-1D0,0D0,0D0,-1.27D0,0D0,1D0,0D0,-1.175D1,0D0,0D0,-1D0,         2753P   3829
-4.445D0;                                                           2753P   3830
100,0D0,0D0,0D0,5.7D-1,0D0,-5.7D-1,0D0;                             2755P   3831
124,1D0,0D0,0D0,-1.27D0,0D0,-1D0,0D0,-1.175D1,0D0,0D0,-1D0,         2757P   3832
-4.445D0;                                                           2757P   3833
100,0D0,0D0,0D0,5.7D-1,0D0,-5.7D-1,0D0;                             2759P   3834
102,2,2755,2759;                                                    2761P   3835
124,-1D0,0D0,0D0,1.27D0,0D0,1D0,0D0,-9.21D0,0D0,0D0,-1D0,           2763P   3836
-4.445D0;                                                           2763P   3837
100,0D0,0D0,0D0,5.7D-1,0D0,-5.7D-1,0D0;                             2765P   3838
124,1D0,0D0,0D0,1.27D0,0D0,-1D0,0D0,-9.21D0,0D0,0D0,-1D0,           2767P   3839
-4.445D0;                                                           2767P   3840
100,0D0,0D0,0D0,5.7D-1,0D0,-5.7D-1,0D0;                             2769P   3841
102,2,2765,2769;                                                    2771P   3842
124,-1D0,0D0,0D0,1.27D0,0D0,1D0,0D0,-1.175D1,0D0,0D0,-1D0,          2773P   3843
-4.445D0;                                                           2773P   3844
100,0D0,0D0,0D0,5.7D-1,0D0,-5.7D-1,0D0;                             2775P   3845
124,1D0,0D0,0D0,1.27D0,0D0,-1D0,0D0,-1.175D1,0D0,0D0,-1D0,          2777P   3846
-4.445D0;                                                           2777P   3847
100,0D0,0D0,0D0,5.7D-1,0D0,-5.7D-1,0D0;                             2779P   3848
102,2,2775,2779;                                                    2781P   3849
124,-1D0,0D0,0D0,3.81D0,0D0,1D0,0D0,-9.21D0,0D0,0D0,-1D0,           2783P   3850
-4.445D0;                                                           2783P   3851
100,0D0,0D0,0D0,5.7D-1,0D0,-5.7D-1,0D0;                             2785P   3852
124,1D0,0D0,0D0,3.81D0,0D0,-1D0,0D0,-9.21D0,0D0,0D0,-1D0,           2787P   3853
-4.445D0;                                                           2787P   3854
100,0D0,0D0,0D0,5.7D-1,0D0,-5.7D-1,0D0;                             2789P   3855
102,2,2785,2789;                                                    2791P   3856
124,-1D0,0D0,0D0,3.81D0,0D0,1D0,0D0,-1.175D1,0D0,0D0,-1D0,          2793P   3857
-4.445D0;                                                           2793P   3858
100,0D0,0D0,0D0,5.7D-1,0D0,-5.7D-1,0D0;                             2795P   3859
124,1D0,0D0,0D0,3.81D0,0D0,-1D0,0D0,-1.175D1,0D0,0D0,-1D0,          2797P   3860
-4.445D0;                                                           2797P   3861
100,0D0,0D0,0D0,5.7D-1,0D0,-5.7D-1,0D0;                             2799P   3862
102,2,2795,2799;                                                    2801P   3863
S      1G      4D   2802P   3863                                        T      1
